reTau,imTau,coneDeficit,margin
0,1.01872,4.44089e-15,0.00132606
0,0.7286466,1.77636e-15,0.00215134
0,4.291694,8.65086e-13,0.000289965
0,2.502569,1.77636e-15,0.000729348
0,5.528198,9.76996e-15,0.00156961
0,1.016858,1.77636e-15,0.000926711
0,3.721005,3.55271e-15,0.00233349
0,7.083873,1.24345e-14,0.000970838
0,2.253658,9.76996e-15,0.00275508
0,1.027062,3.55271e-15,0.00111143
0,1.02496,2.66454e-15,0.000942240
0,3.694392,8.88178e-15,0.00249662
0,1.022116,1.77636e-15,0.00165899
0,3.086302,6.21725e-15,0.00352520
0,7.566747,8.88178e-15,0.000783712
0,3.037094,7.10543e-15,0.00169063
0,4.491276,1.15463e-14,0.00128695
0,1.024445,8.61533e-14,0.00191113
0,5.292601,2.13163e-14,0.000802637
0,3.798605,7.99361e-15,0.00152707
0,9.456075,3.00204e-13,0.00147020
0,2.721075,3.10862e-14,0.00118403
0,5.769211,2.71783e-13,0.000447579
0,2.584599,2.66454e-15,0.000451760
0,1.645122,2.66454e-15,0.00195468
0,1.63811,3.55271e-15,0.00264943
0,1.017418,1.77636e-15,0.00111072
0,1.006944,1.77636e-15,0.000656816
0,1.296815,3.55271e-15,0.00289168
0,1.013781,7.10543e-15,0.000168546
0,1.013377,6.21725e-15,0.00160771
0,1.723116,3.55271e-15,0.00304798
0,2.559405,2.66454e-15,0.00272389
0,2.651854,2.66454e-15,0.00185066
0,10.72014,1.24345e-14,0.00103669
0,1.013283,4.77840e-13,0.000109159
0,4.24676,1.20792e-13,0.000867127
0,4.36972,5.32907e-15,0.00175077
0,1.915894,7.63833e-14,0.0000853963
0,1.012115,4.44089e-15,0.000303753
0,2.745847,2.57572e-14,0.00243323
0,4.530929,7.10543e-15,0.00192941
0,3.036907,1.77636e-15,0.00260779
0,2.795212,1.77636e-15,0.000747407
0,1.018858,2.66454e-15,0.000918258
0,2.570098,3.55271e-15,0.00194612
0,2.156859,2.66454e-15,0.00271785
0,4.557712,5.32907e-15,0.00311945
0,1.011793,9.76996e-15,0.00123932
0,3.453067,1.77636e-15,0.00132988
0,5.384499,3.55271e-15,0.00216293
0,2.019488,2.66454e-15,0.00281793
0,5.53852,3.55271e-15,0.000694393
0,1.912457,3.55271e-15,0.00184913
0,2.396505,4.44089e-15,0.00346054
0,15.4302,6.12843e-14,0.000955081
0,1.281581,6.03961e-14,0.00194840
0,6.693867,1.24345e-14,0.000884072
0,1.626876,4.44089e-15,0.00269020
0,1.328055,2.66454e-15,0.00166400
0,4.03664,7.10543e-15,0.00195594
0,3.43034,5.32907e-15,0.00218157
0,2.409089,1.77636e-15,0.000382928
0,2.216846,3.55271e-15,0.000574039
0,1.009091,7.86926e-13,0.00177519
0,1.192579,1.77636e-15,0.000943901
0,3.646194,3.55271e-15,0.000281549
0,2.420013,5.32907e-15,0.00298615
0,1.703434,2.66454e-15,0.00130259
0,16.19746,1.42109e-14,0.000836599
0,4.183883,3.55271e-15,0.00297853
0,3.547309,4.44089e-15,0.000406062
0,2.341733,2.04281e-14,0.00184828
0,4.179582,1.90070e-13,0.000796659
0,1.028267,1.77636e-15,0.00111274
0,8.937885,1.06581e-14,0.000437410
0,2.145446,9.76996e-15,0.000840816
0,4.209323,5.32907e-15,0.00100528
0,4.231212,9.76996e-15,0.00105000
0,1.586698,1.77636e-15,0.00152527
0,1.805935,4.44089e-15,0.000777344
0,5.463623,8.88178e-15,0.00125768
0,3.881035,2.46025e-13,0.000179359
0,5.869419,1.15463e-14,0.000872508
0,5.954475,9.68114e-14,0.00102167
0,1.013342,1.42109e-14,0.000627391
0,1.007813,3.98792e-13,0.000399071
0,4.152385,6.16396e-13,0.000664189
0,4.831701,1.15463e-14,0.00201104
0,3.740946,2.66454e-15,0.00360034
0,0.7398386,2.13163e-14,0.00116391
0,1.566758,3.55271e-15,0.00150719
0,1.033154,1.77636e-15,0.00120719
0,1.288534,1.36779e-13,0.00171565
0,2.652526,1.06581e-14,0.000225739
0,2.177419,9.88543e-13,0.000114388
0,1.017077,9.76996e-15,0.00161794
0,14.15835,2.48690e-14,0.00109857
0,17.66619,1.86517e-14,0.000897824
0,1.018369,2.93099e-14,0.00144734
0,1.014311,3.01981e-13,0.00121899
0,1.023671,1.77636e-15,0.000699096
0,1.001277,1.77636e-15,0.00112737
0,6.697356,7.10543e-15,0.000595541
0,1.017479,2.66454e-15,0.000185502
0,5.777102,4.44089e-15,0.000625856
0,2.158044,6.21725e-15,0.00297023
0,1.314378,9.76996e-15,0.00196246
0,1.779642,1.77636e-15,0.00191050
0,1.002873,2.66454e-15,0.000199366
0,1.020074,2.66454e-15,0.00185708
0,3.251699,4.44089e-15,0.00292164
0,3.673663,3.55271e-15,0.000137835
0,2.974486,7.10543e-15,0.000715002
0,3.697427,7.10543e-15,0.000599336
0,2.836848,1.77636e-15,0.00256898
0,1.588443,1.77636e-15,0.00273944
0,4.698589,1.77636e-15,0.00104721
0,3.642855,4.44089e-15,0.00174085
0,7.771492,4.44089e-15,0.00130553
0,1.730528,1.77636e-15,0.00243837
0,2.319014,2.66454e-15,0.00344173
0,1.820071,5.32907e-15,0.00197796
0,4.680893,5.43565e-13,0.00176930
0,1.928317,9.85878e-14,0.00207458
0,1.010142,5.32907e-15,0.000146161
0,6.312787,7.10543e-15,0.00148282
0,1.015439,1.86517e-13,0.000621815
0,6.171102,6.21725e-15,0.000580782
0,1.051609,2.75335e-14,0.000451480
0,1.02092,5.32907e-15,0.000368710
0,3.94685,2.66454e-15,0.00221026
0,1.013158,2.22045e-14,0.000381379
0,2.053399,3.55271e-15,0.00345351
0,11.84843,1.77636e-14,0.000684603
0,1.012761,1.77636e-15,0.000192193
0,1.018649,5.15143e-14,0.00159729
0,11.86527,7.10543e-15,0.000511792
0,1.014283,2.10498e-13,0.000734457
0,1.741939,1.68754e-14,0.00358540
0,1.010408,1.77636e-15,0.0000672853
0,17.94072,1.95399e-14,0.000130480
0,3.060964,3.55271e-15,0.00287017
0,1.018844,2.75335e-14,0.000609492
0,4.490078,5.32907e-15,0.000349414
0,3.317703,4.81393e-13,0.00298067
0,1.893088,3.55271e-15,0.00265364
0,1.012088,8.88178e-16,0.00124404
0,4.612373,5.32907e-15,0.000819875
0,1.034413,1.33227e-14,0.000455134
0,1.013254,4.44089e-15,0.000496884
0,1.012833,8.08242e-14,0.00148672
0,1.013448,2.66454e-15,0.000479960
0,5.682268,1.68754e-14,0.00117448
0,1.825331,2.66454e-15,0.0000658279
0,0.9957816,5.32907e-15,0.000737764
0,2.882288,5.32907e-15,0.000322797
0,9.856803,1.06581e-14,0.00128064
0,2.168359,6.21725e-15,0.00231354
0,1.014361,1.50990e-14,0.00100426
0,5.606881,7.99361e-15,0.00248726
0,4.220085,6.21725e-15,0.000642866
0,1.019944,2.66454e-15,0.00164246
0,6.063502,2.68230e-13,0.00134626
0,3.060614,7.10543e-15,0.00153155
0,1.007167,5.40901e-13,0.000201141
0,1.051968,3.55271e-15,0.000623270
0,0.999467,2.66454e-15,0.000235106
0,5.440774,1.06581e-14,0.000834478
0,5.372278,1.42109e-14,0.00130892
0,3.618965,3.55271e-15,0.00260021
0,6.530089,6.21725e-15,0.000778347
0,1.020643,5.32907e-15,0.000502697
0,3.556946,3.93463e-13,0.00245762
0,7.577491,3.39284e-13,0.000206134
0,1.480067,2.66454e-15,0.00273422
0,2.915764,3.55271e-15,0.000717037
0,8.572032,7.99361e-15,0.0000853557
0,4.896383,2.84217e-14,0.00269947
0,1.839505,4.97380e-14,0.000427009
0,2.777853,8.88178e-15,0.00132266
0,1.03177,2.48690e-14,0.000245358
0,1.015936,7.99361e-14,0.000865231
0,2.966304,3.55271e-15,0.000852524
0,1.02555,1.77636e-15,0.000944990
0,1.018042,1.77636e-15,0.000909218
0,2.070775,5.32907e-15,0.00238077
0,1.882292,2.66454e-15,0.00141326
0,3.227353,4.44089e-15,0.00303491
0,2.068799,2.66454e-15,0.00114715
0,0.996319,2.66454e-15,0.000396429
0,5.488449,5.32907e-15,0.000324232
0,1.020255,1.37668e-13,0.000603799
0,2.430277,4.44089e-15,0.00297471
0,1.018089,7.38964e-13,0.000870049
0,1.014994,8.88178e-16,0.000184917
0,3.877459,3.55271e-15,0.00235283
0,1.026823,2.66454e-15,0.000864146
0,3.964594,6.21725e-15,0.000282614
0,3.844699,2.66454e-15,0.00252574
0,1.017813,5.32907e-15,0.00178216
0,2.327659,3.55271e-15,0.00324607
0,1.011913,1.77636e-15,0.000521211
0,1.017993,1.94511e-13,0.00170082
0,2.703207,1.77636e-15,0.000565681
0,2.879969,7.10543e-15,0.000106573
0,5.227278,1.42109e-14,0.00121484
0,1.025133,2.66454e-15,0.00145044
0,1.781046,1.77636e-15,0.00166146
0,2.444046,9.59233e-14,0.000398317
0,1.02875,3.73035e-14,0.00192807
0,1.121768,2.66454e-15,0.00186050
0,8.87459,1.77636e-14,0.000691049
0,1.003755,1.77636e-15,0.000455661
0,1.020933,7.99361e-15,0.00141433
0,3.308372,5.32907e-15,0.00199487
0,1.027725,2.66454e-15,0.00121111
0,1.023604,1.77636e-15,0.000827621
0,11.42051,4.61853e-14,0.00167897
0,1.937149,6.22613e-13,0.0000725970
0,4.635156,7.01661e-14,0.000511907
0,11.28903,8.79297e-14,0.000634835
0,5.587241,7.10543e-15,0.00189707
0,2.608489,5.32907e-15,0.00311767
0,4.601513,4.44089e-15,0.00159918
0,12.8051,2.30926e-14,0.00157322
0,1.005692,3.22409e-13,0.00108920
0,4.347715,3.19744e-14,0.00145774
0,1.017935,5.32907e-15,0.00124367
0,1.007694,2.73559e-13,0.00149575
0,3.706028,1.06581e-14,0.00170894
0,1.019996,2.66454e-15,0.000128574
0,1.012852,3.90799e-14,0.000967307
0,5.57358,4.58300e-13,0.000691343
0,3.419154,7.10543e-15,0.000259147
0,3.764459,4.44089e-15,0.00226935
0,1.018311,1.77636e-15,0.00157185
0,3.914666,5.32907e-15,0.00158281
0,1.021996,3.55271e-15,0.000770031
0,4.923562,9.76996e-15,0.000914959
0,4.997954,7.10543e-15,0.00174907
0,1.021393,3.55271e-15,0.000587474
0,1.021343,2.66454e-15,0.0000788649
0,2.794241,3.55271e-15,0.00100315
0,4.378004,1.36779e-13,0.00141932
0,2.194713,3.55271e-15,0.00173533
0,1.014177,1.77636e-15,0.000624798
0,1.002958,2.66454e-15,0.000200550
0,1.009921,3.55271e-15,0.000708508
0,2.463719,1.06581e-14,0.00141820
0,2.000902,5.69322e-13,0.000434977
0,1.013557,2.66454e-15,0.000125155
0,5.507442,6.09290e-13,0.00169377
0,1.241653,9.05942e-14,0.00109359
0,3.9647,5.32907e-15,0.00229524
0,1.029276,1.77636e-15,0.000906000
0,2.729385,3.55271e-15,0.00162153
0,1.010106,4.35207e-14,0.000679278
0,6.132774,7.10543e-15,0.00257651
0,1.008857,3.55271e-15,0.000856124
0,2.633634,1.77636e-15,0.00158705
0,5.012826,1.15463e-14,0.00173085
0,2.52215,5.32907e-15,0.00303922
0,3.55649,6.21725e-15,0.00314127
0,4.572563,5.32907e-15,0.00151200
0,8.48726,1.24345e-14,0.000668327
0,1.02349,1.24345e-14,0.00119147
0,1.015846,2.66454e-15,0.000870129
0,1.02175,1.77636e-15,0.000902161
0,8.355048,1.86517e-13,0.000686554
0,2.972773,2.66454e-15,0.00190056
0,5.298286,1.06581e-14,0.00206876
0,2.197067,3.55271e-15,0.000648345
0,3.538169,1.15463e-13,0.00380487
0,8.045129,4.44089e-15,0.00126369
0,2.760117,2.22045e-14,0.000710036
0,1.019587,3.55271e-15,0.000831252
0,3.381858,3.25073e-13,0.00203376
0,4.77432,1.24345e-14,0.000119984
0,1.028414,3.55271e-15,0.00144951
0,1.040258,4.44089e-15,0.00106233
0,1.01637,2.66454e-15,0.000432919
0,1.021738,6.11955e-13,0.000660047
0,1.018819,3.60600e-13,0.00106061
0,3.800453,3.90799e-14,0.00118964
0,1.999504,3.55271e-15,0.000499605
0,12.6718,3.01981e-14,0.000875272
0,4.151539,1.06581e-14,0.00225454
0,1.018787,1.77636e-15,0.000768084
0,1.020612,3.55271e-14,0.000177499
0,6.086655,1.24345e-14,0.000918585
0,4.033713,1.06581e-14,0.00269726
0,3.193278,7.10543e-15,0.00254360
0,1.019436,2.91323e-13,0.000334317
0,2.237276,4.29878e-13,0.000421820
0,1.009964,2.66454e-15,0.000515707
0,2.094085,1.77636e-15,0.000314987
0,1.016673,5.32907e-15,0.000257868
0,3.458858,4.44089e-15,0.00201419
0,1.652255,3.55271e-15,0.0000138113
0,6.098553,1.42109e-14,0.000877605
0,1.540565,4.97380e-14,0.00113428
0,8.603392,5.32907e-15,0.000476485
0,1.015254,3.98792e-13,0.00162063
0,2.480783,1.78524e-13,0.00313089
0,21.88259,8.61533e-13,0.000943077
0,0.9965166,5.32907e-15,0.000580706
0,1.012791,1.42109e-14,0.00143808
0,1.730697,1.77636e-15,0.00306940
0,5.697909,2.30926e-14,0.000697839
0,22.12187,2.84217e-14,0.00143008
0,4.24788,3.55271e-15,0.000327382
0,1.027916,4.44089e-15,0.000261141
0,2.50673,1.77636e-15,0.00250074
0,1.30224,1.77636e-15,0.00277630
0,1.845712,3.55271e-15,0.000966960
0,1.006449,1.42109e-14,0.000623818
0,1.697594,3.55271e-15,0.00260436
0,4.514818,5.32907e-15,0.00204310
0,13.30612,2.39808e-14,0.00106592
0,8.37437,2.30926e-14,0.0000752231
0,2.216456,3.55271e-15,0.00345174
0,9.467671,4.17444e-14,0.00127028
0,1.024801,4.44089e-15,0.00194005
0,1.021616,1.42109e-14,0.000258980
0,1.024566,1.77636e-15,0.00115654
0,5.159317,8.88178e-15,0.00164755
0,1.008904,3.55271e-15,0.00104381
0,1.006425,3.64153e-14,0.000844695
0,1.777211,3.41949e-13,0.00308643
0,2.950279,5.32907e-15,0.00166514
0,4.879478,2.66454e-15,0.00120351
0,1.010643,7.10543e-14,0.00000449256
0,13.48386,1.86517e-14,0.000450477
0,1.031862,8.08242e-14,0.000453242
0,2.06992,7.10543e-15,0.00143283
0,3.714235,4.08562e-14,0.00257320
0,3.918008,3.55271e-15,0.000333755
0,5.015577,1.06581e-14,0.000910582
0,3.569593,4.44089e-15,0.000958622
0,4.570731,4.44089e-15,0.00257130
0,1.008406,1.77636e-15,0.000464271
0,3.975343,4.44089e-15,0.00285671
0,4.10784,1.27898e-13,0.00112251
0,0.7231192,8.08242e-14,0.00136711
0,2.488212,5.32907e-15,0.00298816
0,1.991517,3.55271e-15,0.000815107
0,3.438266,7.10543e-15,0.00301107
0,4.337198,7.10543e-15,0.00227053
0,2.398485,4.44089e-15,0.000770923
0,3.990054,3.55271e-15,0.000873843
0,1.016199,2.89546e-13,0.00201634
0,1.020075,8.88178e-16,0.000307955
0,0.7183559,2.66454e-15,0.00191600
0,3.764891,7.10543e-15,0.00110302
0,1.017023,3.55271e-15,0.000801212
0,1.018226,3.96128e-13,0.00108791
0,1.031599,8.88178e-16,0.00177696
0,1.023947,4.79616e-14,0.00113065
0,6.849665,1.15463e-14,0.00205289
0,1.009839,3.55271e-15,0.00134886
0,8.647181,1.17240e-13,0.00148232
0,4.1062,1.06581e-14,0.000719096
0,1.015718,7.86926e-13,0.000447149
0,3.392142,4.44089e-15,0.00317667
0,2.084767,3.55271e-15,0.00182904
0,1.806033,8.88178e-16,0.000186269
0,4.544196,5.32907e-15,0.00249797
0,1.684513,1.77636e-15,0.000590984
0,1.014543,3.55271e-15,0.00157096
0,3.726871,7.10543e-15,0.000655540
0,2.506671,3.55271e-15,0.000131685
0,1.010636,3.55271e-15,0.000569025
0,1.018762,5.32907e-15,0.000168909
0,13.1802,1.50990e-14,0.000121996
0,5.336499,1.15463e-14,0.00153248
0,3.961315,7.10543e-15,0.000530914
0,1.008697,3.55271e-15,0.00189518
0,1.017561,7.10543e-15,0.000351437
0,0.9886582,9.32587e-14,0.000586953
0,1.019554,4.44089e-15,0.00149790
0,1.024564,1.77636e-15,0.000596309
0,3.87276,6.92779e-14,0.000828369
0,0.9934988,1.77636e-15,0.000236674
0,1.018122,1.06581e-14,0.000424233
0,9.260711,1.42109e-14,0.000160116
0,2.891973,4.44089e-15,0.00148041
0,1.008093,3.55271e-15,0.00161706
0,2.655224,4.44089e-15,0.000887255
0,0.9842862,1.77636e-15,0.000580375
0,1.012652,1.77636e-15,0.000396926
0,3.470526,4.44089e-15,0.00281171
0,1.019589,1.77636e-15,0.00115481
0,1.003863,1.77636e-15,0.000643383
0,1.016868,3.55271e-15,0.000263410
0,3.17467,2.13163e-14,0.00361871
0,1.013245,3.64153e-14,0.000749798
0,1.858068,1.77636e-15,0.00120214
0,6.549126,8.88178e-15,0.00204673
0,0.8857367,2.66454e-15,0.00127177
0,3.092078,1.39444e-13,0.00239639
0,1.01467,7.72715e-14,0.000639407
0,3.914358,7.10543e-15,0.00331253
0,4.688543,1.59872e-13,0.00230608
0,1.009639,3.55271e-15,0.000759407
0,2.53425,5.42677e-13,0.0000709906
0,1.017417,5.32907e-15,0.00124327
0,1.023032,8.44658e-13,0.00155133
0,3.043935,4.06786e-13,0.00255872
0,1.017903,4.44089e-15,0.000128189
0,2.093431,5.32907e-15,0.000596104
0,1.464342,4.44089e-15,0.00168314
0,4.05706,5.32907e-15,0.00112226
0,1.008139,8.95284e-13,0.00167329
0,2.271491,3.55271e-15,0.00158482
0,1.034857,8.20677e-13,0.00108055
0,2.280774,2.66454e-15,0.00334159
0,3.607472,3.03757e-13,0.000932171
0,2.629494,2.66454e-15,0.00137144
0,1.666399,1.77636e-15,0.000235169
0,7.467642,7.10543e-15,0.000407758
0,9.034814,1.59872e-14,0.000839364
0,2.439639,1.86517e-14,0.000328613
0,1.020382,4.44089e-15,0.00185139
0,1.019477,3.55271e-15,0.000765302
0,1.011774,1.86517e-14,0.000910111
0,1.028372,1.77636e-15,0.000304465
0,3.277704,3.55271e-15,0.0000865198
0,2.914787,7.99361e-15,0.00190942
0,1.010263,2.66454e-15,0.00115141
0,1.039734,1.58096e-13,0.000195693
0,1.022649,3.10862e-14,0.00153181
0,3.835015,3.55271e-15,0.00240611
0,2.574016,2.04281e-14,0.00382388
0,7.604918,3.28626e-14,0.000589603
0,2.474405,1.08358e-13,0.00245002
0,3.308426,7.99361e-15,0.00235147
0,1.016259,3.55271e-15,0.000259629
0,3.022332,2.66454e-15,0.000274563
0,1.016786,5.32907e-15,0.000931514
0,1.020719,5.84421e-13,0.000716960
0,4.608583,3.55271e-15,0.00103119
0,12.28616,2.39808e-14,0.00123101
0,4.603308,7.99361e-15,0.000619649
0,9.288657,2.39808e-14,0.000559943
0,3.235495,1.92735e-13,0.00359691
0,1.018902,5.32907e-15,0.000266855
0,1.024144,5.32907e-14,0.0000427794
0,1.016027,7.99361e-15,0.000433796
0,13.64146,1.42109e-14,0.00129711
0,2.605598,7.10543e-15,0.00107922
0,1.00518,5.32907e-14,0.000570365
0,5.369437,9.76996e-15,0.00217007
0,2.813681,3.55271e-15,0.000143597
0,7.277499,1.24345e-14,0.000748146
0,1.028715,1.77636e-15,0.000135112
0,4.019738,5.32907e-15,0.00289978
0,5.772675,1.59872e-14,0.00183157
0,1.259504,1.77636e-15,0.000860496
0,1.026531,3.55271e-15,0.000812197
0,1.011257,1.77636e-15,0.00118230
0,1.015482,5.32907e-15,0.000907447
0,6.635337,6.21725e-15,0.00132479
0,3.640772,3.55271e-15,0.000199699
0,1.016573,8.88178e-15,0.00136588
0,2.77019,4.44089e-15,0.00109935
0,3.275744,3.37508e-14,0.00262390
0,1.041613,2.66454e-15,0.000988183
0,1.021524,1.77636e-15,0.000642845
0,1.018361,2.20268e-13,0.00128646
0,1.653117,1.03029e-13,0.00270311
0,1.023475,7.51399e-13,0.00111317
0,1.020112,1.77636e-15,0.000941615
0,1.009229,1.95399e-14,0.00150920
0,5.33308,2.06057e-13,0.000895116
0,1.023251,5.32907e-15,0.000743675
0,1.000915,1.77636e-15,0.000470047
0,6.629633,1.59872e-14,0.0000134497
0,4.172519,5.32907e-15,0.000900261
0,1.024702,3.55271e-15,0.00146883
0,1.017903,2.66454e-15,0.000420222
0,1.472193,3.55271e-15,0.00238009
0,1.018146,1.15463e-14,0.00123264
0,1.012373,1.50990e-14,0.00101144
0,2.630192,3.46390e-13,0.00228685
0,1.029758,2.48690e-14,0.00193588
0,1.01725,3.55271e-15,0.00000417048
0,1.014712,1.06581e-14,0.00149312
0,10.75406,1.68754e-14,0.000147373
0,5.559191,6.21725e-15,0.00212062
0,5.460308,7.10543e-15,0.00117669
0,4.84603,1.15463e-14,0.00170883
0,2.658627,2.66454e-15,0.00325863
0,1.019299,4.88498e-14,0.000235221
0,2.84786,7.10543e-15,0.00122423
0,6.106402,8.88178e-15,0.00113599
0,1.262756,3.55271e-15,0.000758056
0,5.594302,1.15463e-14,0.00149911
0,11.0477,5.32907e-15,0.000899356
0,4.31516,7.99361e-15,0.00147595
0,2.542437,1.77636e-15,0.00100439
0,5.501487,5.32907e-15,0.000578326
0,1.020501,1.77636e-15,0.000247575
0,2.939274,7.10543e-15,0.00382774
0,1.01253,5.32907e-15,0.000662235
0,1.022481,5.32907e-15,0.0000588461
0,4.409159,4.44089e-15,0.00236037
0,4.363011,7.10543e-15,0.00217702
0,17.05293,1.06581e-14,0.00000750869
0,1.030017,3.43725e-13,0.000590987
0,1.023159,8.88178e-16,0.00146684
0,0.7382272,4.44089e-15,0.00136210
0,1.018992,4.44089e-15,0.00120331
0,5.633455,6.21725e-15,0.00197983
0,5.420502,7.10543e-15,0.00106537
0,1.027787,8.88178e-16,0.0000661139
0,3.696099,3.55271e-15,0.000600215
0,1.058893,1.77636e-15,0.000379919
0,6.22148,1.24345e-14,0.00251650
0,12.671,2.46914e-13,0.000149238
0,1.021696,5.24913e-13,0.000374386
0,2.07621,8.88178e-15,0.00119094
0,1.984326,3.41061e-13,0.000388317
0,1.022348,2.66454e-15,0.00144453
0,3.067723,5.32907e-15,0.000700299
0,1.023669,2.66454e-15,0.000615257
0,1.022378,3.55271e-15,0.000920524
0,2.293855,5.32907e-15,0.00353739
0,1.016763,3.55271e-15,0.000300430
0,3.98843,3.55271e-15,0.00139239
0,4.079809,5.32907e-15,0.00109050
0,1.016932,1.77636e-15,0.00146190
0,1.039085,1.33227e-14,0.00171072
0,1.018771,1.68754e-14,0.000257778
0,3.150744,3.55271e-15,0.00133730
0,3.584632,1.24345e-14,0.00216995
0,1.022605,1.77636e-15,0.00168796
0,1.043636,1.06581e-14,0.00149089
0,8.039572,7.10543e-15,0.000220081
0,1.192243,3.55271e-15,0.00162820
0,1.02337,2.66454e-14,0.000750032
0,4.502694,1.50990e-14,0.000920359
0,6.077151,5.32907e-15,0.000179864
0,5.227442,5.32907e-15,0.0000125922
0,5.643542,8.88178e-15,0.0000615702
0,4.485416,4.44089e-14,0.00149891
0,4.815987,3.55271e-15,0.000163127
0,5.027856,3.55271e-15,0.00207589
0,1.021587,1.51879e-13,0.00100601
0,1.024726,2.66454e-15,0.0000102446
0,1.020355,2.66454e-15,0.00149070
0,0.7145904,4.44089e-15,0.000768619
0,3.358867,2.66454e-15,0.00358222
0,4.102782,1.15463e-14,0.000715254
0,1.019367,3.55271e-15,0.000788808
0,1.02825,8.97060e-14,0.000693086
0,1.011714,1.19016e-13,0.000426947
0,4.315534,1.24345e-14,0.00161605
0,1.019723,2.66454e-15,0.00101410
0,2.413052,1.77636e-15,0.00284571
0,4.404512,6.21725e-15,0.00214978
0,1.015284,4.79616e-14,0.000412669
0,6.074231,2.93099e-14,0.0000490845
0,1.024694,7.10543e-15,0.000686465
0,3.868969,1.22569e-13,0.000330314
0,2.112396,1.77636e-15,0.00319703
0,21.00344,1.95399e-14,0.0000117710
0,1.026707,1.77636e-15,0.00152178
0,9.566116,7.10543e-15,0.00195687
0,1.022299,7.01661e-14,0.00176307
0,1.017891,1.77636e-15,0.000904647
0,1.010722,2.93099e-13,0.00183714
0,5.933856,1.27898e-13,0.00110924
0,6.651108,1.06581e-14,0.00115456
0,1.021527,2.66454e-15,0.000721100
0,1.602937,7.10543e-15,0.000534236
0,7.516523,7.10543e-15,0.000232934
0,3.029644,4.44089e-15,0.00266594
0,3.246857,1.15463e-14,0.00136790
0,3.748481,7.10543e-15,0.000756211
0,4.553999,1.79412e-13,0.00297587
0,3.214565,9.32587e-14,0.000849750
0,1.021228,1.77636e-15,0.00149826
0,1.019721,5.08038e-13,0.000526296
0,2.573039,7.10543e-15,0.00294464
0,3.704432,2.66454e-15,0.00204637
0,5.042313,4.44089e-15,0.00238926
0,1.014302,4.44089e-15,0.000576992
0,1.013317,5.32907e-15,0.00123390
0,7.202103,1.50990e-14,0.00160582
0,1.011986,6.35048e-13,0.000357338
0,8.459191,1.68754e-14,0.000313060
0,1.022474,7.10543e-14,0.000233774
0,9.742965,9.46798e-13,0.000380495
0,6.717794,1.06581e-14,0.000696883
0,0.957202,4.44089e-15,0.00110951
0,4.624121,3.55271e-15,0.00252222
0,1.015563,7.10543e-15,0.000390382
0,4.11947,1.06581e-14,0.000310496
0,1.020034,5.77316e-14,0.000882940
0,3.635465,7.10543e-15,0.00292738
0,1.013468,8.88178e-16,0.000851268
0,3.265618,4.44089e-15,0.00287697
0,6.37562,7.10543e-15,0.000691796
0,11.50859,1.42109e-14,0.0000122231
0,4.614171,3.55271e-14,0.000771232
0,1.020759,1.77636e-15,0.00127326
0,2.739134,5.32907e-15,0.00249738
0,3.788549,1.40332e-13,0.00226024
0,1.02304,7.99361e-15,0.000443483
0,1.009205,3.67706e-13,0.00175082
0,1.016022,1.06581e-14,0.000311239
0,5.366422,1.22569e-13,0.00132465
0,2.436923,5.32907e-15,0.00303686
0,1.031804,3.55271e-15,0.000614877
0,6.121525,3.55271e-15,0.00187214
0,1.019455,3.55271e-15,0.0000555663
0,1.660996,1.77636e-15,0.00292269
0,8.935531,1.06581e-14,0.00131061
0,9.118575,1.50990e-14,0.00139155
0,3.278961,6.03961e-14,0.00265543
0,1.038225,2.66454e-15,0.000185648
0,1.014855,4.44089e-15,0.00114352
0,3.746636,5.77316e-14,0.00172892
0,0.7434539,2.66454e-15,0.00186285
0,3.504135,5.32907e-15,0.00211938
0,0.853463,9.05942e-14,0.000378022
0,1.020839,1.99840e-13,0.00177068
0,3.289723,5.32907e-15,0.00153110
0,6.75292,7.37188e-14,0.000933497
0,1.013992,4.44089e-15,0.00131826
0,1.022958,3.03757e-13,0.00133830
0,1.298691,3.55271e-15,0.000504873
0,6.17009,1.06581e-14,0.00179771
0,2.914456,1.19016e-13,0.00144193
0,10.79501,1.59872e-14,0.000983377
0,2.161668,1.77636e-15,0.00124778
0,1.018637,1.77636e-15,0.000829970
0,3.856125,3.55271e-15,0.00114123
0,2.995405,3.55271e-15,0.000800765
0,4.271532,4.44089e-15,0.000219807
0,1.015062,1.06581e-14,0.000363629
0,6.340688,9.32587e-14,0.000844248
0,1.023522,2.66454e-15,0.00152133
0,5.673523,1.06581e-14,0.00159766
0,5.435855,7.99361e-15,0.00133486
0,8.551638,1.15463e-14,3.74317e-7
0,5.091719,1.06581e-14,0.00191735
0,3.806991,2.13163e-14,0.00313856
0,7.727026,7.99361e-15,0.00125084
0,23.0227,2.66454e-14,0.0000154231
0,1.025253,1.33227e-14,0.00113597
0,1.807216,2.66454e-15,0.000619495
0,4.846154,3.80140e-13,0.00155754
0,2.39099,2.66454e-15,0.00329251
0,10.80848,1.59872e-14,0.000449888
0,15.36818,1.42109e-14,0.000102765
0,3.498119,1.77636e-15,0.000292641
0,1.013337,8.88178e-15,0.000514801
0,3.265119,1.77636e-15,0.000167135
0,3.02527,4.44089e-15,0.00132322
0,1.6269,1.77636e-15,0.00257126
0,1.773906,1.77636e-15,0.00249589
0,5.328778,1.59872e-14,0.000116653
0,1.024914,5.32907e-15,0.00130272
0,1.014886,5.32907e-15,0.00149654
0,7.472527,7.99361e-15,0.000119454
0,4.574365,7.99361e-15,0.00172393
0,6.333245,1.50990e-14,0.00154602
0,5.223566,3.01981e-14,0.000470614
0,1.019124,5.32907e-15,0.00185756
0,3.21778,1.77636e-15,0.000205672
0,15.08247,2.66454e-14,0.0000155441
0,0.7343008,3.55271e-15,0.00236959
0,0.6993354,5.52447e-13,0.000783512
0,4.318621,7.10543e-15,0.00125876
0,1.25073,1.77636e-15,0.00154917
0,1.036434,4.20997e-13,0.000322088
0,2.907529,2.66454e-15,0.00187550
0,1.019986,5.32907e-15,0.00148765
0,2.464777,3.55271e-15,0.000730031
0,21.77,3.46390e-14,0.0000949149
0,2.597637,4.44089e-15,0.00181099
0,21.4384,3.37508e-14,0.00145132
0,2.750497,6.03961e-14,0.00134318
0,4.383002,8.88178e-15,0.000953292
0,2.734703,4.44089e-15,0.00293688
0,1.795052,7.10543e-15,0.00344587
0,2.872539,8.88178e-15,0.000354350
0,7.262889,6.21725e-15,0.000350117
0,7.370907,1.37668e-13,0.00103986
0,4.170001,1.20792e-13,0.00206781
0,2.751864,3.55271e-15,0.00270695
0,1.023823,2.66454e-15,0.000376164
0,11.18674,1.77636e-14,0.000562074
0,1.88172,1.37668e-13,0.000514890
0,4.752135,3.55271e-15,0.00226600
0,1.00543,2.66454e-15,0.000829261
0,5.674706,1.77636e-14,0.00202534
0,0.8651868,4.44089e-15,0.000697659
0,3.751898,7.10543e-15,0.00219191
0,1.939642,1.77636e-15,0.00130957
0,1.003477,1.77636e-15,0.000492594
0,10.62583,1.95399e-14,0.000296266
0,7.458104,5.32907e-15,0.000681850
0,5.415801,1.86517e-14,0.00131659
0,5.377424,8.88178e-15,0.000456052
0,1.980979,1.77636e-15,0.00290763
0,23.45165,1.33227e-14,0.000606203
0,4.485195,7.10543e-15,0.00251920
0,2.221532,5.32907e-15,0.00116115
0,4.379168,5.32907e-15,0.000863694
0,9.841909,1.15463e-14,0.000660931
0,3.298866,4.44089e-15,0.000469371
0,1.576838,1.77636e-15,0.00109158
0,1.018551,5.32907e-15,0.00164635
0,1.016007,6.03961e-14,0.000595324
0,1.016725,7.99361e-14,0.00175335
0,4.146702,5.32907e-15,0.000896987
0,1.29118,5.32907e-15,0.00320269
0,12.27876,2.04281e-14,0.000567441
0,6.422569,7.10543e-15,0.000618711
0,1.01977,2.66454e-15,0.00156706
0,4.837261,4.44089e-15,0.00109445
0,1.020569,3.55271e-15,0.00166642
0,0.7379727,3.55271e-15,0.00117893
0,0.8862449,1.15463e-14,0.000411672
0,5.02177,6.21725e-15,0.00139254
0,12.26499,9.76996e-15,0.000337177
0,6.612795,7.10543e-15,0.000593295
0,1.029041,1.42109e-14,0.000937685
0,3.354505,4.44089e-15,0.00226648
0,2.248716,7.10543e-15,0.00251649
0,3.818758,9.32587e-14,0.00113573
0,1.025051,1.77636e-15,0.000610115
0,1.016138,2.66454e-15,0.00176874
0,10.49659,1.24345e-14,0.00164506
0,2.613952,2.22045e-14,0.00337786
0,1.026995,7.99361e-15,0.000831965
0,1.740585,4.44089e-15,0.00218050
0,5.372941,7.99361e-15,0.000689690
0,1.017288,3.55271e-15,0.00170779
0,1.00715,9.13047e-13,0.000782038
0,1.967586,3.55271e-15,0.00193740
0,2.483838,3.55271e-15,0.00224287
0,1.020611,2.66454e-15,0.000253321
0,6.53199,1.06581e-14,0.00107146
0,1.697532,1.77636e-15,0.00216786
0,2.004571,3.85469e-13,0.00337024
0,4.284238,2.22045e-13,0.00106390
0,5.845211,5.32907e-15,0.00111239
0,9.343973,1.59872e-14,0.000439139
0,2.933548,3.55271e-15,0.00261316
0,1.021438,4.61853e-14,0.000495733
0,2.120327,3.55271e-15,0.000676117
0,3.024547,3.79252e-13,0.000732523
0,4.37229,6.21725e-15,0.000993465
0,7.482725,1.42109e-14,0.000122253
0,1.022639,1.77636e-15,0.000600635
0,2.873078,9.41469e-14,0.00201717
0,3.673439,7.10543e-15,0.00234714
0,2.397612,7.10543e-15,0.00271677
0,1.493533,5.68434e-14,0.00141185
0,6.935547,2.22045e-14,0.000902721
0,4.447188,2.13163e-14,0.00188219
0,1.005514,1.77636e-15,0.00191838
0,6.128692,5.32907e-15,0.0000549098
0,7.285799,1.24345e-14,0.000603873
0,1.018877,3.55271e-15,0.00133880
0,3.800753,7.99361e-15,0.00173417
0,1.906259,4.44089e-15,0.00106485
0,1.025117,4.44089e-15,0.000419464
0,2.719237,1.64313e-13,0.000943086
0,2.307608,2.66454e-15,0.000726128
0,2.639607,3.10862e-14,0.00246138
0,1.028334,5.32907e-15,0.000770269
0,4.233668,8.88178e-15,0.000339275
0,1.01902,1.06581e-14,0.0000813398
0,1.020491,3.55271e-15,0.000538732
0,2.257719,3.55271e-15,0.00372252
0,3.926299,8.88178e-15,0.000358150
0,4.254883,5.32907e-15,0.00170682
0,1.03021,3.55271e-15,0.000101131
0,5.880108,8.88178e-15,0.00224338
0,1.017669,1.77636e-15,0.000870094
0,1.022779,8.68638e-13,0.00140732
0,1.012435,6.21725e-15,0.0000608285
0,15.11329,1.68754e-14,0.000181287
0,4.152128,6.21725e-15,0.00154502
0,3.545602,4.44089e-15,0.00279148
0,3.935591,8.88178e-15,0.000494172
0,1.030371,3.55271e-15,0.00175106
0,1.008303,1.95399e-14,0.00104095
0,1.031312,3.55271e-15,0.000654375
0,1.021655,1.77636e-15,0.00157651
0,1.628841,1.77636e-15,0.000430165
0,1.010538,6.27054e-13,0.00106823
0,3.322412,2.66454e-15,0.0000635283
0,1.025985,1.58096e-13,0.000825772
0,1.041837,1.77636e-15,0.00154923
0,16.18862,9.85878e-14,0.000106751
0,1.013331,5.32907e-15,0.00175555
0,2.01954,7.10543e-15,0.000518918
0,1.905259,2.66454e-15,0.00142913
0,5.95688,5.32907e-15,0.000302780
0,1.018166,2.66454e-15,0.000838249
0,15.69859,2.30926e-14,0.000285192
0,1.016853,4.44089e-15,0.000474559
0,1.024559,4.98268e-13,0.00201094
0,1.07254,4.85834e-13,0.00206630
0,4.558612,4.44089e-15,0.00130819
0,1.020934,3.55271e-15,0.00129387
0,1.916217,6.58140e-13,0.00225688
0,8.781735,6.21725e-15,0.000444146
0,3.168868,5.32907e-15,0.00213002
0,2.421836,3.55271e-15,0.00154866
0,1.013846,7.10543e-15,0.000170154
0,1.018276,1.06581e-13,0.00113261
0,3.083897,4.44089e-15,0.00221695
0,4.793521,8.88178e-14,0.00227550
0,1.013444,1.77636e-15,0.000448555
0,7.097329,1.06581e-14,0.000921398
0,1.026649,3.55271e-15,0.000681341
0,1.014895,3.55271e-15,0.00190749
0,6.964781,1.59872e-14,0.00228858
0,1.027795,2.59348e-13,0.000263311
0,3.181001,5.32907e-15,0.000962698
0,9.692263,8.88178e-15,0.00118039
0,2.681184,5.32907e-15,0.00300156
0,1.02515,2.66454e-15,0.00150175
0,6.542393,7.99361e-15,0.0000848876
0,4.11924,3.55271e-15,0.00261593
0,6.33898,5.32907e-15,0.00153240
0,5.088747,6.21725e-15,0.00225281
0,2.781838,2.22045e-14,0.00142626
0,6.978948,2.04281e-14,0.000351846
0,2.269936,3.55271e-15,0.000359778
0,3.577949,3.55271e-15,0.00264563
0,8.777817,1.06581e-14,0.0000860499
0,4.519531,6.30607e-14,0.00221799
0,1.020747,3.55271e-15,0.000434284
0,6.570466,7.10543e-15,0.000298699
0,3.537948,5.32907e-15,0.00291884
0,4.283821,7.10543e-15,0.000322057
0,1.014826,8.88178e-16,0.0000652643
0,6.961114,3.19744e-14,0.000265666
0,1.018901,1.50102e-13,0.000359022
0,1.020409,2.66454e-15,0.000511805
0,1.020283,1.77636e-15,0.00171354
0,2.726286,6.92779e-14,0.00269935
0,1.02398,2.66454e-15,0.00175076
0,1.031057,1.77636e-15,0.000566052
0,5.122034,5.32907e-15,0.000636339
0,1.020211,7.10543e-15,0.00192347
0,1.014747,5.32907e-15,0.00168768
0,6.972331,1.33227e-14,0.000664840
0,1.018197,2.66454e-15,0.000458374
0,1.550594,6.21725e-15,0.000544207
0,1.022436,3.25961e-13,0.000153427
0,3.476077,5.32907e-15,0.000741692
0,8.994861,1.24345e-14,0.00207050
0,1.02038,3.55271e-15,0.000381959
0,1.021606,6.21725e-15,0.000992282
0,2.713468,3.55271e-15,0.000938293
0,21.44478,6.12843e-14,0.000187788
0,1.815244,1.77636e-15,0.000989785
0,1.846995,3.55271e-15,0.00329505
0,1.670936,4.79616e-14,0.00373436
0,5.246799,1.42109e-14,0.000555060
0,1.451815,3.55271e-15,0.00115008
0,2.037064,2.66454e-15,0.000710458
0,1.019206,2.66454e-15,0.000276464
0,2.070461,2.01617e-13,0.00319377
0,19.84361,3.10862e-14,0.000344041
0,2.734502,1.77636e-15,0.00273055
0,1.045707,3.55271e-15,0.000374569
0,1.018299,1.77636e-15,0.000170032
0,3.999797,7.99361e-15,0.000590030
0,4.812504,6.21725e-15,0.000294082
0,1.016618,5.84421e-13,0.00117050
0,2.273195,3.55271e-15,0.00152997
0,1.026563,9.59233e-14,0.0000230838
0,1.013908,3.55271e-15,0.00148077
0,6.559814,1.17240e-13,0.000147977
0,11.41225,1.86517e-14,0.000432354
0,19.83171,4.79616e-14,0.000312870
0,1.019929,7.10543e-15,0.00122519
0,1.646087,3.55271e-15,0.00233273
0,2.292272,3.55271e-15,0.00261289
0,1.011923,1.77636e-15,0.000260740
0,2.507223,2.66454e-15,0.000206337
0,3.054325,3.55271e-15,0.000941196
0,9.550932,6.19060e-13,0.000231132
0,1.02115,1.90958e-13,0.000472662
0,4.632041,5.32907e-15,0.00246933
0,1.480714,2.93987e-13,0.00269608
0,4.821641,6.92779e-14,0.000432399
0,1.007982,8.79297e-14,0.000859201
0,1.924728,3.55271e-15,0.00182696
0,7.35169,9.76996e-15,0.00147069
0,1.039321,1.77636e-15,0.00103380
0,5.928299,3.55271e-15,0.00101826
0,1.095801,2.66454e-15,0.0000575374
0,4.204783,5.32907e-15,0.00147539
0,1.025593,1.77636e-15,0.000398809
0,1.019896,7.58504e-13,0.000178419
0,2.012804,4.44089e-15,0.00320104
0,1.003442,7.99361e-15,0.00000495142
0,1.010484,1.77636e-15,0.00109982
0,0.9971263,3.55271e-15,0.000149448
0,7.279301,8.88178e-15,0.00150809
0,3.260253,5.32907e-15,0.000189532
0,4.677962,5.32907e-15,0.00211222
0,3.334199,2.75335e-14,0.00261251
0,1.024949,5.32907e-15,0.000562536
0,5.744304,9.76996e-15,0.000780112
0,2.732489,4.44089e-15,0.000701597
0,1.810097,1.77636e-15,0.0000422846
0,1.025945,6.92779e-14,0.00115360
0,1.011235,3.55271e-15,0.000993751
0,6.0467,1.33227e-14,0.00218756
0,4.210867,6.21725e-15,0.00110985
0,1.189847,1.77636e-15,0.000889406
0,5.718306,1.06581e-14,0.00252880
0,1.005531,1.77636e-15,0.000965203
0,0.7398334,1.95399e-14,0.00171295
0,1.011135,3.55271e-15,0.000315891
0,2.896271,1.24345e-14,0.000514363
0,6.958958,1.06581e-14,0.00185604
0,1.027328,9.32587e-14,0.00145811
0,8.16209,2.84217e-14,0.0000631835
0,2.220373,3.55271e-15,0.00323918
0,1.32379,8.88178e-15,0.0000973784
0,1.009745,3.48166e-13,0.00157346
0,4.819123,3.55271e-15,0.00202477
0,1.055268,1.77636e-15,0.000151289
0,22.49253,3.46390e-14,0.000142937
0,1.010068,3.55271e-15,0.0000755484
0,1.014375,2.84217e-14,0.0000220372
0,5.456501,1.42109e-14,0.00194614
0,8.735207,1.77636e-14,0.00168758
0,1.621608,1.77636e-15,0.00125981
0,11.98106,4.26326e-14,0.000267309
0,1.012554,3.57048e-13,0.000356267
0,4.24767,4.44089e-15,0.000127471
0,6.532257,8.88178e-15,0.000193445
0,6.064585,7.10543e-15,0.00108807
0,3.255185,3.55271e-15,0.000690972
0,0.8933731,2.66454e-15,0.000146472
0,1.014355,3.55271e-15,0.00106177
0,5.156462,8.88178e-15,0.000346591
0,7.01094,5.32907e-15,0.00142065
0,5.62804,9.76996e-15,0.00201826
0,1.025212,2.66454e-15,0.00156023
0,3.360702,5.32907e-15,0.00132554
0,6.050772,5.32907e-15,0.000721233
0,6.754811,5.32907e-15,0.00109967
0,5.682052,1.23457e-13,0.00201241
0,1.01891,2.66454e-15,0.00182526
0,1.024231,2.66454e-15,0.00189753
0,0.9902462,2.66454e-15,0.000215022
0,1.559099,2.66454e-15,0.00241099
0,3.439805,8.88178e-15,0.00139026
0,1.021627,1.77636e-15,0.000103265
0,1.010398,2.57572e-14,0.000189810
0,1.029248,5.32907e-15,0.000899088
0,1.006785,7.10543e-15,0.000868705
0,1.587053,3.55271e-15,0.00194872
0,1.02481,2.66454e-15,0.00194952
0,1.017982,1.77636e-15,0.0000137948
0,1.013988,1.24345e-14,0.000429287
0,10.80405,1.50990e-14,0.000863110
0,3.212881,3.55271e-15,0.00249245
0,1.018828,2.66454e-15,0.00124180
0,3.641572,2.84217e-14,0.00270532
0,1.01515,3.55271e-15,0.0000396454
0,4.300654,1.24345e-14,0.00165805
0,1.022474,7.10543e-15,0.00184017
0,13.42685,1.50990e-14,0.000198531
0,1.017893,5.59552e-14,0.000874404
0,1.021243,1.77636e-15,0.000792541
0,1.02638,1.77636e-15,0.00131684
0,11.27067,1.50990e-14,0.000676058
0,2.0267,1.77636e-15,0.00290883
0,1.026523,4.44089e-15,0.0000791852
0,4.595712,7.99361e-15,0.00168362
0,1.014003,1.86517e-14,0.000789759
0,4.48195,8.88178e-15,0.000591827
0,1.02001,2.66454e-15,0.00105738
0,15.29885,8.88178e-15,0.000145527
0,9.449048,2.30926e-14,0.000631549
0,4.795701,5.32907e-15,0.000518357
0,1.997546,1.77636e-15,0.00180078
0,1.023231,2.66454e-15,0.000911942
0,5.567634,1.68754e-14,0.0000602787
0,1.652975,3.55271e-15,0.0000657856
0,9.392817,1.33227e-14,0.00148050
0,1.634758,4.44089e-15,0.000578140
0,13.14994,1.68754e-14,0.00125996
0,1.025127,9.32587e-13,0.000903905
0,3.2773,5.32907e-15,0.00288946
0,1.038551,3.55271e-15,0.000199479
0,5.122478,9.76996e-15,0.00112542
0,1.01868,5.32907e-15,0.000308733
0,1.016046,4.84057e-13,0.00125113
0,1.031482,2.66454e-15,0.000258494
0,1.032671,3.55271e-15,0.00129422
0,1.020893,1.77636e-15,0.00180850
0,3.713795,5.32907e-15,0.00167844
0,10.71678,1.33227e-14,0.00116780
0,1.046688,3.55271e-15,0.000259332
0,1.021767,1.77636e-15,0.00166267
0,1.015053,5.32907e-15,0.0000991728
0,4.806642,9.76996e-15,0.00117214
0,1.021698,3.55271e-15,0.000944889
0,3.709515,1.93623e-13,0.0000792426
0,4.161217,8.88178e-15,0.0000691776
0,1.030852,1.59872e-14,0.00183155
0,1.022318,3.55271e-15,0.00107496
0,1.037697,1.77636e-15,0.00162705
0,1.020909,2.61124e-13,0.00185899
0,1.01736,2.66454e-15,0.00150650
0,3.390205,1.77636e-15,0.00230893
0,1.027085,7.81597e-14,0.00189820
0,4.48999,3.55271e-15,0.00237745
0,1.0294,6.21725e-15,0.00125806
0,2.850935,4.44089e-15,0.00208617
0,12.07339,2.66454e-14,0.0000817258
0,3.542591,1.24345e-14,0.00227137
0,1.021933,6.12843e-14,0.000251949
0,1.012564,3.55271e-15,0.00154848
0,3.60904,7.10543e-15,0.00178421
0,1.021004,2.66454e-15,0.000124550
0,1.015932,1.08358e-13,0.000208487
0,3.393591,7.10543e-15,0.00226081
0,1.022335,5.32907e-15,0.00127591
0,2.06988,7.10543e-15,0.00274839
0,2.028534,1.77636e-15,0.00180851
0,6.051384,1.15463e-14,0.00128631
0,9.802128,1.77636e-14,0.000783581
0,14.48427,1.42109e-14,0.000777178
0,1.023638,2.30926e-14,0.000718129
0,1.013347,1.77636e-15,0.00114162
0,7.128714,8.88178e-15,0.0000925894
0,1.030731,3.71259e-13,0.000713379
0,3.68366,3.55271e-15,0.0000762179
0,2.084996,1.77636e-15,0.00299651
0,4.833121,8.88178e-15,0.00105304
0,1.018716,6.21725e-15,0.000801630
0,1.907598,2.66454e-15,0.00302597
0,1.0207,9.26370e-13,0.000534287
0,1.75275,1.77636e-15,0.00276837
0,1.017829,4.35207e-14,0.000239854
0,1.024531,6.21725e-15,0.00120091
0,3.819226,1.06581e-14,0.000589244
0,4.176151,6.21725e-15,0.000616045
0,11.06194,8.88178e-15,0.00109183
0,1.005801,1.77636e-15,0.000381647
0,1.017708,3.55271e-15,0.0000460037
0,1.086872,3.55271e-15,0.000279037
0,3.909886,4.44089e-15,0.00140542
0,1.009938,1.77636e-15,0.00000639260
0,1.015573,4.44089e-15,0.00168673
0,1.017255,7.10543e-15,0.00107923
0,1.175227,5.32907e-15,0.000842742
0,1.021895,7.46070e-14,0.000427552
0,1.752772,3.55271e-15,0.00345245
0,4.321242,9.76996e-15,0.00166464
0,0.8722627,1.77636e-15,0.00155883
0,5.370933,7.10543e-15,0.00105254
0,1.489778,3.55271e-15,0.00260617
0,2.526359,4.44089e-15,0.00123911
0,1.903141,2.75335e-14,0.00134601
0,2.168505,1.77636e-15,0.00332562
0,2.762897,8.88178e-15,0.000673079
0,9.995692,3.81917e-14,0.000184308
0,3.020531,7.10543e-15,0.000356506
0,1.013762,4.44089e-15,0.000866354
0,1.02059,1.77636e-15,0.000997712
0,10.8308,1.77636e-14,0.000884807
0,5.386022,6.41265e-13,0.000445453
0,5.76687,4.44089e-15,0.00233931
0,1.02315,5.32907e-15,0.000379188
0,8.306209,2.39808e-14,0.00143394
0,9.770475,9.76996e-15,0.00147570
0,11.56036,2.57572e-14,0.000861187
0,1.01923,4.44089e-15,0.00115393
0,3.120548,5.32907e-15,0.00281009
0,1.026489,7.10543e-15,0.00132859
0,1.019673,3.55271e-15,0.000702375
0,2.104585,2.66454e-15,0.00159603
0,2.008951,5.32907e-15,0.00291460
0,6.048981,1.24345e-14,0.00190425
0,1.003383,2.66454e-15,0.000225358
0,1.024498,5.32907e-15,0.000468822
0,2.721634,2.66454e-15,0.00175638
0,5.809137,1.06581e-14,0.000824468
0,7.332315,3.48166e-13,0.00191056
0,7.343899,7.99361e-15,0.000420514
0,1.018172,3.55271e-15,0.000807202
0,13.01026,1.59872e-14,0.000473924
0,1.095941,2.66454e-15,0.000679825
0,1.063244,3.55271e-15,0.000723515
0,8.432347,1.42109e-14,0.000687543
0,1.052205,1.77636e-15,0.000459811
0,1.026012,7.10543e-15,0.000591788
0,1.012549,2.66454e-15,0.000624550
0,2.574961,3.55271e-15,0.00282537
0,1.071503,3.55271e-15,0.00124955
0,1.011127,5.32907e-15,0.000516720
0,1.01782,3.55271e-15,0.000305546
0,2.145891,2.66454e-15,0.000630796
0,15.77675,7.99361e-15,0.000329017
0,16.12626,1.68754e-14,0.000254418
0,17.92128,2.84217e-14,0.000152745
0,8.309234,6.21725e-15,0.000172078
0,1.274731,3.37508e-14,0.00275127
0,2.096843,2.55795e-13,0.00360879
0,1.01669,5.32907e-15,0.0000773145
0,4.518846,7.10543e-15,0.00229627
0,3.193101,3.55271e-15,0.000867418
0,12.48872,7.10543e-15,0.000398012
0,2.493795,4.44089e-15,0.00187068
0,1.921569,1.50990e-14,0.00269117
0,1.018532,3.00204e-13,0.00104859
0,4.241937,3.55271e-15,0.000723266
0,10.29612,1.59872e-14,0.000742372
0,1.087067,3.55271e-15,0.000426700
0,2.667048,4.44089e-15,0.00264161
0,2.95471,4.44089e-15,0.00252122
0,7.839448,5.32907e-15,0.000542750
0,15.83865,1.86517e-14,0.000209274
0,6.883449,6.21725e-15,0.000342824
0,1.278425,3.55271e-15,0.00120919
0,3.652513,1.69642e-13,0.000801229
0,17.98164,4.35207e-14,0.000829280
0,7.737447,7.99361e-15,0.00110103
0,4.693196,7.10543e-15,0.0000639602
0,6.815312,7.10543e-15,0.00190216
0,1.666547,5.32907e-15,0.00251180
0,5.585335,6.21725e-15,0.00241583
0,1.556053,4.44089e-15,0.00212554
0,1.021402,2.66454e-15,0.00139388
0,2.693641,7.25642e-13,0.000814417
0,12.23442,1.59872e-14,0.00126537
0,3.484456,3.55271e-15,0.00239719
0,1.022324,1.95399e-14,0.00128109
0,1.025829,1.77636e-15,0.00161335
0,1.018663,1.77636e-15,0.0000533714
0,0.7227991,1.24345e-14,0.00200248
0,3.157382,1.81188e-13,0.00272805
0,1.020277,3.55271e-15,0.000245410
0,5.607383,1.24345e-14,0.000777315
0,2.922662,7.19425e-14,0.00173937
0,2.739553,3.55271e-15,0.00373958
0,2.034425,2.66454e-15,0.00245147
0,1.011301,1.77636e-15,0.0000773259
0,8.510092,8.88178e-15,0.000730331
0,15.8256,2.57572e-14,0.000855347
0,3.817556,7.10543e-15,0.00123811
0,2.332123,7.99361e-15,0.00268736
0,6.518341,6.21725e-15,0.00119904
0,2.11381,8.64198e-13,0.00271563
0,2.915529,2.66454e-15,0.00139827
0,5.431766,3.19744e-14,0.000192516
0,9.05487,8.88178e-15,0.00122876
0,1.020947,2.57572e-14,0.000322408
0,4.812698,1.15463e-14,0.00152167
0,2.5835,7.10543e-15,0.00239521
0,1.021782,1.77636e-15,0.00169330
0,1.02516,2.41585e-13,0.00204185
0,2.855307,1.24345e-14,0.00251834
0,2.737295,3.19744e-14,0.00345627
0,1.025378,3.55271e-15,0.00172058
0,4.084701,3.55271e-15,0.00157369
0,1.990495,1.77636e-15,0.00354983
0,1.01612,1.77636e-15,0.000707610
0,2.634621,7.10543e-15,0.00126285
0,1.046974,1.95399e-14,0.00168942
0,2.925213,2.66454e-15,0.00221070
0,1.021796,3.55271e-15,0.00140758
0,8.298483,5.32907e-15,0.000505161
0,1.000694,4.44089e-15,0.000751942
0,1.027253,8.55316e-13,0.000541571
0,1.022828,6.21725e-15,0.000492474
0,12.0435,1.68754e-13,0.000190943
0,4.182323,1.77636e-15,0.000583559
0,2.463538,4.44089e-15,0.00140665
0,1.029467,1.77636e-15,0.00124376
0,1.452963,3.55271e-15,0.000278696
0,1.036119,4.70735e-14,0.00125815
0,1.890352,1.77636e-15,0.000461627
0,1.025481,8.52651e-14,0.000410810
0,3.623279,4.56524e-13,0.000508955
0,12.31313,1.95399e-14,0.000345286
0,0.9994885,5.32907e-15,0.000219007
0,8.25411,6.92779e-14,0.0000478484
0,3.83037,6.21725e-15,0.00108822
0,1.010907,3.55271e-15,0.000629310
0,4.080313,8.88178e-15,0.00240647
0,13.70414,9.76996e-15,0.00120499
0,4.972907,7.10543e-15,0.00229754
0,14.42072,1.50990e-14,0.000451553
0,1.018595,3.55271e-15,0.00131204
0,2.557598,3.55271e-15,0.000365953
0,9.701751,1.50990e-14,0.000122148
0,1.027768,2.66454e-15,0.00152324
0,5.367765,1.06581e-14,0.00190915
0,1.027076,1.77636e-15,0.000414820
0,9.43038,7.46070e-14,0.00179929
0,1.016657,2.66454e-15,0.00164531
0,1.026461,1.77636e-15,0.00116525
0,7.468368,1.95399e-14,0.000152728
0,6.364502,6.21725e-15,0.00101858
0,1.024142,8.70415e-14,0.000559130
0,1.019716,2.66454e-14,0.000240875
0,5.856551,4.44089e-15,0.00171296
0,1.022313,8.88178e-14,0.00115423
0,2.458149,8.88178e-16,0.00286180
0,1.023887,5.32907e-15,0.000673641
0,1.006621,7.10543e-15,0.00125805
0,15.56854,1.95399e-14,0.000365329
0,2.931135,1.77636e-15,0.0000319192
0,1.500447,3.55271e-15,0.00155938
0,2.115477,3.55271e-15,0.00319208
0,10.89134,9.76996e-15,0.00105912
0,2.990969,3.55271e-15,0.00250753
0,6.582052,2.66454e-14,0.000558298
0,2.0293,1.77636e-15,0.00100444
0,3.396265,7.99361e-15,0.00106351
0,1.029309,1.77636e-15,0.000249209
0,0.6973668,6.83897e-14,0.00263622
0,1.015339,8.90843e-13,0.0000319095
0,1.022292,1.16351e-13,0.000962268
0,5.846556,9.76996e-15,0.000218876
0,18.70835,1.95399e-14,0.000496063
0,4.18051,7.10543e-15,0.000419464
0,1.026719,7.10543e-15,0.0000842851
0,2.047217,2.66454e-15,0.0000354477
0,5.340711,5.32907e-15,0.00127353
0,2.428809,4.44089e-15,0.000237160
0,1.016218,7.10543e-15,0.000822512
0,1.030046,1.77636e-15,0.000555818
0,1.010753,3.46390e-14,0.00149158
0,3.255512,8.88178e-15,0.00159508
0,2.906568,4.44089e-15,0.00320893
0,5.763225,1.15463e-14,0.000976691
0,2.335348,5.32907e-15,0.00265834
0,1.027143,1.77636e-15,0.00163412
0,2.428848,1.77636e-15,0.000346447
0,1.018622,2.66454e-15,0.000698605
0,1.008036,3.55271e-15,0.000801348
0,5.088976,7.10543e-15,0.000107729
0,2.662514,4.44089e-15,0.00165621
0,3.212373,2.66454e-15,0.00290583
0,1.018858,1.77636e-15,0.00108532
0,1.075683,5.32907e-15,0.00132370
0,1.595274,1.77636e-15,0.00201485
0,2.588966,3.55271e-15,0.00331195
0,5.248124,5.32907e-15,0.00197955
0,1.016159,7.10543e-15,0.00162606
0,1.024619,1.77636e-15,0.000101588
0,1.023187,4.97380e-14,0.00116680
0,1.099851,2.04281e-14,0.000791634
0,1.017894,8.88178e-16,0.00133685
0,1.294699,8.88178e-16,0.00145358
0,2.439293,5.32907e-15,0.000379608
0,4.115596,6.21725e-15,0.00224027
0,1.014381,3.10862e-14,0.00168005
0,1.008524,4.10338e-13,0.000721869
0,1.02963,7.99361e-15,0.00177704
0,9.44253,2.48690e-14,0.00172771
0,1.01541,2.66454e-15,0.00169113
0,1.812384,3.55271e-15,0.00273468
0,1.027592,1.77636e-15,0.000777677
0,1.009078,3.55271e-15,0.000694761
0,1.025558,1.33227e-14,0.000777755
0,1.029312,7.46070e-14,0.000261698
0,13.2363,1.03029e-13,0.000277629
0,1.017966,5.32907e-15,0.000434785
0,3.057115,4.44089e-15,0.00131535
0,1.021572,3.55271e-15,0.000841432
0,13.0633,3.19744e-14,0.00119698
0,5.224494,8.88178e-15,0.00112966
0,4.381024,2.48690e-14,0.00227512
0,3.104351,1.24345e-14,0.00248440
0,1.018659,2.66454e-15,0.00137724
0,1.917622,6.21725e-15,0.00117089
0,1.018078,7.01661e-14,0.000813879
0,1.016501,7.10543e-15,0.00144630
0,0.8843897,1.77636e-15,0.00133105
0,1.009514,5.32907e-15,0.000797330
0,1.034516,7.10543e-13,0.0000823906
0,4.662596,5.32907e-15,0.000749222
0,1.005152,3.55271e-15,0.000282580
0,9.536166,1.06581e-14,0.000852647
0,1.019748,1.33227e-14,0.0000347812
0,2.641378,6.21725e-15,0.00250097
0,4.683556,8.88178e-15,0.00234571
0,2.367004,2.66454e-14,0.00167603
0,5.086029,9.76996e-15,0.00233068
0,1.913312,4.01457e-13,0.00200132
0,1.018026,5.32907e-15,0.000690191
0,1.021644,3.55271e-15,0.00141528
0,2.867451,4.44089e-15,0.00269453
0,11.47554,1.42109e-14,0.00127771
0,1.032694,5.87974e-13,0.00172906
0,1.011192,3.55271e-15,0.000154436
0,1.019409,7.10543e-15,0.00108086
0,3.281172,6.57252e-14,0.00180928
0,3.209829,5.82645e-13,0.0000952954
0,1.014156,3.55271e-15,0.00135859
0,9.801915,5.32907e-15,0.000866567
0,1.096664,2.30926e-14,0.000186310
0,3.077577,2.48690e-14,0.00242356
0,2.98852,5.32907e-15,0.00248082
0,4.400177,5.32907e-15,0.000123251
0,4.303951,4.44089e-15,0.00118095
0,2.295369,3.55271e-15,0.000682426
0,1.024666,3.55271e-15,0.000446261
0,1.021212,2.61124e-13,0.00130997
0,3.054497,8.88178e-15,0.000982019
0,1.000998,3.55271e-15,0.000257351
0,4.901544,6.21725e-15,0.000160883
0,1.020287,5.32907e-15,0.00166098
0,7.874013,1.95399e-14,0.000587177
0,1.015025,1.06581e-14,0.000246365
0,1.011915,1.41220e-13,0.0000207049
0,5.769123,2.48690e-14,0.000265255
0,1.64888,3.55271e-15,0.00257310
0,1.989116,3.55271e-15,0.00360695
0,1.02504,1.77636e-15,0.00122801
0,3.895692,6.75016e-13,0.00355450
0,1.013709,3.55271e-15,0.000874019
0,3.104791,9.76996e-15,0.00181271
0,1.0244,3.64153e-14,0.00143464
0,1.031347,3.55271e-15,0.00113745
0,0.9964202,4.44089e-15,0.000278115
0,7.508234,8.88178e-15,0.00108255
0,3.598679,5.32907e-15,0.00128173
0,1.033818,1.77636e-15,0.00180982
0,3.126057,4.44089e-15,0.000972753
0,2.898476,1.77636e-15,0.00191137
0,4.013412,3.55271e-15,0.00248169
0,1.019337,5.32907e-15,0.00140018
0,2.119599,6.21725e-14,0.00111142
0,1.016089,3.55271e-15,0.000344399
0,0.7229072,2.66454e-15,0.000562392
0,1.024742,5.68434e-13,0.000243723
0,20.88919,7.99361e-14,0.000410860
0,1.006735,1.50990e-14,0.000497272
0,1.856419,2.66454e-15,0.000605333
0,1.021481,5.32907e-15,0.00109316
0,12.74604,1.33227e-14,0.000381959
0,3.589199,1.24345e-14,0.00239571
0,3.587829,2.66454e-15,0.000326503
0,5.16119,6.75016e-14,0.000714336
0,1.562177,2.39808e-14,0.000538284
0,3.089702,3.55271e-15,0.00154290
0,4.098022,7.10543e-14,0.00105295
0,2.492396,1.33227e-14,0.00321391
0,1.02162,5.32907e-15,0.000640715
0,0.740273,6.21725e-15,0.00290895
0,1.022538,8.88178e-15,0.00167977
0,1.671396,3.55271e-15,0.00182908
0,1.02898,2.66454e-15,0.00113370
0,1.016654,1.50990e-14,0.00108163
0,1.021392,2.66454e-15,0.00122520
0,1.015455,3.55271e-15,0.000255245
0,2.399758,6.21725e-15,0.00234970
0,1.757616,1.77636e-15,0.00282973
0,1.023383,3.55271e-15,0.000818981
0,1.90814,1.77636e-15,0.00252717
0,2.011315,6.21725e-15,0.00289390
0,1.015501,5.32907e-15,0.000488899
0,1.023424,3.31291e-13,0.00153047
0,3.368297,3.55271e-15,0.00354460
0,1.011608,6.39488e-14,0.00187494
0,0.9787003,7.10543e-15,0.000806158
0,1.003919,2.66454e-15,0.000610904
0,1.018061,2.66454e-15,0.000671536
0,4.335576,2.66454e-15,0.000988597
0,1.011951,3.55271e-15,0.000549023
0,1.016624,3.55271e-15,0.000310219
0,1.895147,3.55271e-15,0.00110012
0,1.037922,2.66454e-15,0.000462938
0,1.925077,3.80140e-13,0.00324475
0,2.541406,2.66454e-15,0.00283159
0,1.022181,6.92779e-14,0.000558955
0,1.018574,1.77636e-15,0.000252333
0,3.311463,4.44089e-15,0.000617646
0,2.396186,2.75335e-14,0.000697615
0,2.470422,3.55271e-15,0.00127684
0,1.018186,4.44089e-15,0.000892314
0,5.202025,1.06581e-14,0.00256120
0,3.902503,3.03757e-13,0.00160749
0,1.208476,1.77636e-15,0.00134381
0,1.014315,1.77636e-15,0.000930878
0,7.386598,9.62785e-13,0.00135970
0,3.787406,5.32907e-14,0.00220520
0,1.883222,2.13163e-14,0.00370546
0,1.018048,5.32907e-15,0.00106391
0,1.02431,3.55271e-15,0.0000390555
0,5.681258,7.10543e-15,0.00103097
0,1.024204,5.32907e-15,0.000259008
0,9.984031,1.06581e-14,0.00133716
0,1.025799,1.24345e-14,0.00144956
0,1.017773,2.66454e-14,0.00143235
0,2.155417,3.55271e-15,0.00161257
0,7.732786,6.21725e-15,0.000993418
0,6.219182,5.32907e-15,0.000651519
0,4.145148,1.45661e-13,0.00161352
0,1.022731,2.66454e-15,0.00146513
0,2.832569,5.32907e-15,0.000803124
0,5.306089,6.21725e-15,0.00222557
0,1.037834,1.77636e-15,0.000425009
0,4.486124,1.59872e-14,0.00146228
0,1.019901,1.44773e-13,0.000914485
0,1.011602,5.32907e-15,0.00102623
0,5.312116,7.99361e-15,0.00173634
0,3.959129,3.55271e-15,0.0000583047
0,5.155256,8.88178e-15,0.00208048
0,1.63049,3.55271e-15,0.00348326
0,1.433126,1.77636e-15,0.00351805
0,12.1563,2.30926e-13,0.000975885
0,8.624854,7.10543e-15,0.000291947
0,1.003564,2.06057e-13,0.0000261615
0,2.264306,1.77636e-15,0.00159793
0,1.020006,3.55271e-15,0.000936762
0,1.019403,5.32907e-15,0.00108432
0,2.591452,5.32907e-15,0.000633491
0,1.023407,2.66454e-15,0.000602013
0,2.842508,6.21725e-15,0.00195112
0,6.959124,6.83897e-14,0.000814837
0,1.625435,1.77636e-15,0.000661407
0,4.459415,6.21725e-15,0.00224146
0,1.01847,2.66454e-15,0.00149969
0,6.480698,3.81917e-14,0.00148763
0,8.041691,8.88178e-15,0.00122938
0,0.7314657,6.21725e-15,0.000886490
0,2.581281,3.55271e-15,0.00334617
0,2.88166,8.88178e-16,0.00103237
0,7.658229,1.24345e-14,0.000715960
0,1.029592,2.66454e-15,0.00153682
0,1.003301,8.88178e-16,0.000205658
0,2.584498,1.77636e-15,0.00282623
0,5.373687,5.32907e-15,0.00175354
0,0.9977627,1.75859e-13,0.00183904
0,1.019377,5.32907e-15,0.000137556
0,2.817553,3.55271e-15,0.00267984
0,2.997253,3.55271e-15,0.00241717
0,1.011072,1.24345e-14,0.000502791
0,1.018702,2.66454e-15,0.00117392
0,1.008416,1.77636e-15,0.000556812
0,1.808634,3.55271e-15,0.000203167
0,2.709216,6.21725e-15,0.00325219
0,13.76672,5.32907e-15,0.000868488
0,1.016938,7.10543e-15,0.0000518443
0,3.015161,6.21725e-15,0.0000803717
0,2.749594,4.44089e-15,0.00241542
0,1.028124,1.77636e-14,0.00100790
0,1.023617,1.77636e-15,0.00149044
0,4.134521,5.32907e-15,0.000657973
0,1.018331,7.10543e-15,0.00141788
0,1.011969,8.79297e-14,0.000174612
0,1.026994,7.10543e-15,0.000432807
0,1.354861,7.70051e-13,0.00146935
0,7.204289,7.99361e-15,0.000733177
0,2.495781,2.66454e-15,0.00158670
0,10.01063,1.42109e-14,0.000989267
0,3.525308,1.77636e-15,0.00176867
0,1.016956,1.42109e-14,0.00145633
0,21.07751,1.68754e-14,0.000702741
0,3.705404,5.32907e-15,0.00229669
0,2.422704,8.88178e-15,0.00149557
0,1.023565,1.77636e-15,0.0000368756
0,5.829596,6.21725e-15,0.000275006
0,1.026282,5.32907e-15,0.000124013
0,1.017639,1.77636e-15,0.00135911
0,1.023675,2.66454e-15,0.00137205
0,9.385134,8.88178e-15,0.000591894
0,14.26719,1.59872e-14,0.000192891
0,1.802388,1.77636e-15,0.000712686
0,6.270955,1.59872e-14,0.00245014
0,5.513876,1.86517e-14,0.00191965
0,1.017847,7.81597e-14,0.0000227245
0,1.025326,1.24345e-14,0.00108347
0,3.761412,5.32907e-15,0.00000676876
0,3.651303,9.76996e-15,0.000769834
0,1.036402,6.21725e-15,0.000902602
0,4.967967,7.99361e-15,0.000111185
0,4.514541,4.44089e-15,0.0000101148
0,1.803257,3.55271e-15,0.000307547
0,1.016187,6.66134e-14,0.00150359
0,4.528616,4.03233e-13,0.00156317
0,5.985515,1.15463e-14,0.000361248
0,1.020249,1.08358e-13,0.000732948
0,3.625503,3.55271e-15,0.00219187
0,3.100901,7.10543e-15,0.000621244
0,7.214097,1.59872e-14,0.000114606
0,1.894167,2.66454e-15,0.00303695
0,3.385269,4.44089e-15,0.00193530
0,1.65175,5.32907e-15,0.000872878
0,27.291,4.26326e-14,0.000153147
0,1.023814,1.77636e-15,0.000466396
0,2.555825,3.55271e-15,0.00314107
0,4.546525,6.21725e-15,0.00215437
0,1.010478,1.77636e-15,0.000442539
0,24.38101,1.86517e-14,0.0000241244
0,6.57032,3.46390e-14,0.000342529
0,2.382998,2.66454e-15,0.00106611
0,5.495639,9.76996e-15,0.00212850
0,4.981792,1.15463e-14,0.00139221
0,1.024261,4.44089e-15,0.000645091
0,7.143368,1.24345e-14,0.000651162
0,1.024278,1.77636e-15,0.00171117
0,9.894896,1.01252e-13,0.00101106
0,3.185173,3.55271e-15,0.00184667
0,3.48469,8.88178e-15,0.000818389
0,1.671609,4.44089e-15,0.000988551
0,1.020661,4.44089e-15,0.00149739
0,1.01992,2.87770e-13,0.00149712
0,10.37952,1.24345e-14,0.00153806
0,6.449226,8.88178e-15,0.00155276
0,6.937621,1.24345e-14,0.00153249
0,11.17107,2.13163e-14,0.000239219
0,1.023731,3.55271e-15,0.00108236
0,1.010126,1.77636e-15,0.00105439
0,1.810872,1.77636e-15,0.00197311
0,2.466489,6.21725e-15,0.00371490
0,1.292559,3.55271e-15,0.000734621
0,1.017359,5.32907e-15,0.000178649
0,2.526948,2.66454e-15,0.00313606
0,1.767573,2.66454e-15,0.00104463
0,0.8789739,3.55271e-15,0.000172314
0,2.792651,3.55271e-15,0.00153897
0,1.032606,2.00728e-13,0.000476847
0,1.521444,1.77636e-15,0.000902750
0,1.015401,1.77636e-15,0.0000379984
0,1.003519,2.75335e-14,0.000840448
0,1.023952,2.38032e-13,0.000348877
0,1.027207,1.02141e-13,0.00134548
0,2.474881,3.55271e-15,0.00277651
0,11.3559,2.04281e-14,0.000637988
0,1.031677,1.04805e-13,0.000685432
0,1.738773,2.66454e-15,0.00116064
0,7.229301,1.33227e-14,0.000333983
0,2.859398,7.99361e-15,0.000966749
0,1.018045,1.77636e-15,0.000577757
0,4.148117,3.55271e-15,0.000943533
0,1.01189,4.44089e-15,0.0000339384
0,1.021522,5.32907e-15,0.000144178
0,5.798327,6.21725e-15,0.00163683
0,1.016827,2.66454e-15,0.00132681
0,1.003783,3.55271e-15,0.000634905
0,1.958753,3.55271e-15,0.00247256
0,2.893715,8.88178e-15,0.000768217
0,9.22009,2.66454e-14,0.00200103
0,3.411743,3.55271e-15,0.00151427
0,8.236587,6.21725e-15,0.000970690
0,16.96503,3.73035e-14,0.000846632
0,4.252937,1.95399e-14,0.00101404
0,1.011966,4.44089e-15,0.000835074
0,1.015768,4.44089e-15,0.000383923
0,7.669473,1.59872e-14,0.000458929
0,1.024105,3.55271e-15,0.00111811
0,3.946644,7.10543e-15,0.00133042
0,1.016238,3.81917e-14,0.000657073
0,7.776107,9.76996e-15,0.00112342
0,1.03116,1.77636e-15,0.000735700
0,1.015266,2.39808e-14,0.00133493
0,14.3626,2.30926e-14,0.000498368
0,1.019389,7.10543e-15,0.000624037
0,1.038226,4.44089e-15,0.000875456
0,3.587688,8.88178e-15,0.00262633
0,3.413213,4.61853e-14,0.00203196
0,7.921724,1.95399e-14,0.000806573
0,1.016581,2.66454e-15,0.000865395
0,3.076155,1.77636e-15,0.00130525
0,8.518097,1.15463e-14,0.0000718431
0,0.7079107,4.79616e-14,0.000788191
0,2.976973,2.88658e-13,0.000737792
0,2.803886,1.77636e-15,0.00231963
0,4.567276,4.44089e-15,0.000137142
0,3.758825,3.55271e-15,0.00307410
0,2.084854,8.79297e-14,0.00178016
0,8.637379,1.42109e-14,0.000856729
0,3.200395,5.09814e-13,0.00162933
0,1.021909,1.77636e-15,0.000122238
0,6.563189,7.99361e-15,0.000816216
0,2.186207,3.55271e-15,0.00270644
0,5.325114,7.10543e-15,0.00208427
0,2.830255,2.66454e-15,0.00183270
0,4.282178,2.93099e-14,0.000607278
0,3.532147,7.81597e-14,0.00253708
0,1.687319,8.88178e-15,0.00202340
0,12.57415,3.80140e-13,0.000471199
0,3.776052,4.44089e-15,0.00226781
0,1.027094,1.77636e-15,0.00197141
0,10.41904,1.77636e-14,0.00112364
0,1.015348,2.66454e-15,0.000708153
0,0.8775153,1.93623e-13,0.00178966
0,2.297419,1.06581e-14,0.0000139521
0,5.024321,7.10543e-15,0.000151219
0,7.419235,1.77636e-14,0.00120406
0,9.036871,1.42109e-14,0.000549878
0,1.022801,1.77636e-15,0.000763483
0,1.028207,1.77636e-15,0.000946659
0,2.229549,6.21725e-15,0.00296779
0,1.024066,4.29878e-13,0.00115875
0,6.091189,6.21725e-15,0.00130793
0,1.005904,5.32907e-15,0.000582238
0,1.011268,4.44089e-15,0.00162737
0,1.430681,1.50990e-13,0.00175604
0,1.012316,1.77636e-15,0.000860962
0,7.986842,7.99361e-15,0.000492264
0,8.007418,1.06581e-14,0.000641321
0,1.012804,7.99361e-15,0.000677999
0,1.57029,1.77636e-15,0.00241302
0,1.006636,2.66454e-15,0.00110934
0,1.018877,2.66454e-15,0.000708397
0,1.600927,3.55271e-15,0.00279375
0,2.231469,7.99361e-15,0.000633336
0,1.018863,1.77636e-15,0.000365052
0,1.020185,2.13163e-14,0.000313416
0,5.620028,1.95399e-14,0.00165379
0,1.017867,3.55271e-15,0.000518555
0,1.012644,6.21725e-15,0.000485225
0,2.64066,4.44089e-15,0.000312024
0,2.600973,5.32907e-15,0.00227278
0,1.011854,1.57208e-13,0.0000329487
0,8.29721,8.88178e-15,0.000936963
0,2.223126,3.55271e-15,0.00391146
0,1.015504,1.77636e-15,0.000301074
0,3.110646,4.44089e-15,0.00315095
0,1.024255,3.55271e-15,0.000134361
0,2.820766,7.10543e-15,0.00224645
0,1.015823,5.32907e-15,0.0000586970
0,4.88003,1.86517e-14,0.00301494
0,8.291384,1.06581e-14,0.000493552
0,1.01919,1.77636e-15,0.000151347
0,8.250839,1.42109e-14,0.000225350
0,7.039618,2.55795e-13,0.0000949758
0,5.332032,1.01252e-13,0.00175212
0,5.452694,5.32907e-15,0.00174571
0,6.35855,4.44089e-15,0.0000984523
0,1.017883,7.10543e-15,0.00116549
0,1.549722,3.55271e-15,0.00104101
0,1.018154,6.21725e-15,0.000415358
0,1.028276,3.55271e-15,0.00137761
0,1.021166,4.44089e-14,0.0000642604
0,1.759729,1.77636e-15,0.00276300
0,1.024932,6.39488e-14,0.00144501
0,1.026015,6.21725e-15,0.00152934
0,4.80763,1.33227e-14,0.00249416
0,1.021576,4.44089e-15,0.000238261
0,1.02267,3.55271e-15,0.00201170
0,3.981937,1.33227e-14,0.00157266
0,5.732358,1.84741e-13,0.00111170
0,1.015321,1.77636e-15,0.000929277
0,1.01168,6.21725e-15,0.00157427
0,1.024253,7.10543e-15,0.00149711
0,9.248443,2.22045e-14,0.00152467
0,5.092116,4.44089e-15,0.00129956
0,1.020888,8.61533e-14,0.00178076
0,1.30409,1.66978e-13,0.00107827
0,17.95555,1.59872e-14,0.000180825
0,4.854806,7.10543e-15,0.00175892
0,9.761305,1.06581e-14,0.000134291
0,6.448283,7.99361e-15,0.00103577
0,1.041369,1.90070e-13,0.000883271
0,1.053483,6.21725e-15,0.000687250
0,1.02344,3.55271e-15,0.000548352
0,2.936,1.77636e-15,0.00161474
0,5.879521,6.21725e-14,0.00253833
0,1.05355,3.55271e-15,0.000264778
0,4.016301,4.44089e-15,0.00220145
0,3.313789,5.32907e-15,0.00303741
0,3.78634,5.32907e-15,0.00346770
0,1.470672,2.45137e-13,0.00138848
0,31.73246,4.26326e-14,0.000480622
0,7.568514,1.06581e-14,0.000266500
0,9.032344,9.76996e-15,0.000253303
0,1.014639,1.24345e-14,0.0000655753
0,1.01097,2.22045e-14,0.000429568
0,3.368303,5.32907e-15,0.00303731
0,2.223704,3.55271e-15,0.000917523
0,1.030567,1.77636e-15,0.000920563
0,1.005752,2.57572e-14,0.00113882
0,1.078645,9.10383e-13,0.000357028
0,1.619209,3.46390e-14,0.00144698
0,9.897776,8.88178e-15,0.000467907
0,1.003462,1.77636e-15,0.00117464
0,17.55361,2.66454e-14,0.0000742422
0,3.542462,8.88178e-15,0.000352296
0,0.7161828,6.21725e-15,0.00212543
0,10.87241,1.50990e-14,0.000279707
0,4.227957,7.10543e-15,0.00253310
0,1.013674,1.77636e-15,0.0000859726
0,3.596466,4.44089e-15,0.00148565
0,2.836667,1.51879e-13,0.00133007
0,1.013042,1.35003e-13,0.00130050
0,3.870881,5.32907e-15,0.000710350
0,1.017759,1.24345e-13,0.000761436
0,2.842862,7.99361e-15,0.00140188
0,10.45998,1.06581e-14,0.000710827
0,1.021397,6.66134e-14,0.00133595
0,6.216452,7.99361e-15,0.000649267
0,4.013464,5.32907e-15,0.00267773
0,1.018913,4.88498e-14,0.000935880
0,2.801175,3.55271e-15,0.000899147
0,2.708578,1.95399e-14,0.00220145
0,1.023503,3.83693e-13,0.00129902
0,1.042765,1.77636e-15,0.00191109
0,3.891407,3.55271e-15,0.00110150
0,1.019801,9.76996e-15,0.00141538
0,1.051211,2.00728e-13,0.000476140
0,1.014238,1.77636e-15,0.000764463
0,1.013773,3.70370e-13,0.000617160
0,1.020938,6.77680e-13,0.000721476
0,4.237595,2.39808e-14,0.00242700
0,1.024519,3.55271e-15,0.000984621
0,1.024571,5.32907e-15,0.00104787
0,1.020776,2.66454e-15,0.000857564
0,1.030849,2.66454e-15,0.000932466
0,1.014428,2.66454e-15,0.000604071
0,2.156708,3.55271e-15,0.00147903
0,1.009628,2.66454e-15,0.00127764
0,2.927381,6.92779e-14,0.00212116
0,1.028316,4.44089e-15,0.000564347
0,1.204989,2.66454e-15,0.00259458
0,1.021004,1.77636e-15,0.00144837
0,5.351419,1.06581e-14,0.00104370
0,1.361215,1.77636e-15,0.00226860
0,1.70929,2.66454e-15,0.00255329
0,13.47581,2.39808e-14,0.000149619
0,1.715619,7.10543e-15,0.00142011
0,1.014884,1.77636e-15,0.000115250
0,1.015469,2.04281e-14,0.00140378
0,1.473558,4.44089e-15,0.00186298
0,1.016514,2.66454e-15,0.000954390
0,2.290141,7.81597e-14,0.00127807
0,1.022168,3.73035e-14,0.000546661
0,1.018594,6.11955e-13,0.000486688
0,4.232943,1.27010e-13,0.00276150
0,3.063949,2.66454e-15,0.000569316
0,1.875716,7.19425e-14,0.00312891
0,3.697507,4.44089e-15,0.000139617
0,3.170403,1.77636e-15,0.00162872
0,1.003935,1.77636e-15,0.00146864
0,4.421019,7.10543e-15,0.00201029
0,2.382824,1.62537e-13,0.000783224
0,6.331127,8.88178e-15,0.00163061
0,2.554722,5.32907e-15,0.00118881
0,1.033106,1.77636e-15,0.00161251
0,2.460924,3.55271e-15,0.000696049
0,1.023833,3.55271e-15,0.000474599
0,1.021871,3.99680e-14,0.000555098
0,1.020647,7.81597e-14,0.00121460
0,1.02457,1.77636e-15,0.000489599
0,1.018452,4.95604e-13,0.000474963
0,5.559005,7.10543e-15,0.00258993
0,1.019765,4.28102e-13,0.000186677
0,4.820692,8.88178e-15,0.000747552
0,6.640683,1.82965e-13,0.000930308
0,11.81632,7.10543e-15,0.000803071
0,1.010658,3.55271e-15,0.00104324
0,2.520286,2.66454e-15,0.00253345
0,1.026993,1.26121e-13,0.000357053
0,3.207263,3.55271e-15,0.000445102
0,1.995645,2.66454e-15,0.00131958
0,1.911733,2.66454e-15,0.00209639
0,3.67096,3.55271e-15,0.000790891
0,1.019335,5.32907e-15,0.000793922
0,3.427688,3.55271e-15,0.00296678
0,1.024881,1.04805e-13,0.00112998
0,1.021557,5.24025e-14,0.000673394
0,9.079781,2.22045e-14,0.000154116
0,2.84821,5.32907e-15,0.00250478
0,5.46563,2.64677e-13,0.000518786
0,3.650896,6.21725e-15,0.00102401
0,1.016214,4.26326e-13,0.00195190
0,1.02567,1.77636e-15,0.00158944
0,2.287015,6.21725e-15,0.00267653
0,2.521106,2.66454e-15,0.00122688
0,1.022566,3.73035e-14,0.000144817
0,3.500864,4.44089e-15,0.00162008
0,1.306784,8.34888e-14,0.00216396
0,1.019545,1.77636e-15,0.000306426
0,1.017104,1.77636e-15,0.000709365
0,2.494328,8.88178e-15,0.00160419
0,3.002007,5.32907e-15,0.00107025
0,5.716276,7.10543e-15,0.00104898
0,1.037901,3.55271e-15,0.000801549
0,5.21928,7.99361e-14,0.00172948
0,1.433859,4.44089e-15,0.000439107
0,1.026508,3.89022e-13,0.000223849
0,1.024916,2.66454e-15,0.000268611
0,1.023467,4.44089e-15,0.00172853
0,1.016779,1.77636e-15,0.000485637
0,1.013838,1.24345e-14,0.000133425
0,4.683246,5.32907e-15,0.00278331
0,1.018725,1.77636e-15,0.000353092
0,1.023266,2.66454e-15,0.000956189
0,1.021561,5.84421e-13,0.000953381
0,3.295686,2.66454e-15,0.00171777
0,2.456119,6.21725e-15,0.000230518
0,1.019108,3.55271e-15,0.00101191
0,3.110226,1.77636e-15,0.000615264
0,5.366956,3.55271e-15,0.000744916
0,1.040148,2.66454e-15,0.000813247
0,1.013958,3.55271e-15,0.000230941
0,4.630461,7.10543e-15,0.00121678
0,1.02114,2.66454e-15,0.00148959
0,2.56885,3.55271e-15,0.00240254
0,2.630573,1.77636e-15,0.000567108
0,1.03625,5.32907e-15,0.00195277
0,1.497922,1.77636e-15,0.000299690
0,1.014406,7.10543e-15,0.00130955
0,3.020899,7.10543e-15,0.00180345
0,1.015574,1.47438e-13,0.000851770
0,2.710863,3.55271e-15,0.00256785
0,1.02187,1.77636e-15,0.00134230
0,1.014942,3.55271e-15,0.00177054
0,1.023981,1.77636e-15,0.000204582
0,1.019652,3.55271e-15,0.000325868
0,6.784047,1.15463e-14,0.00138984
0,3.189013,1.99840e-13,0.00253587
0,2.777634,4.44089e-15,0.00233433
0,1.020079,7.46070e-14,0.000820762
0,5.637398,1.24345e-14,0.000660057
0,1.01266,1.23457e-13,0.000414677
0,3.701909,3.55271e-15,0.000458285
0,2.142707,2.68230e-13,0.00165794
0,1.746258,1.77636e-15,0.00119301
0,6.671349,7.99361e-15,0.00185939
0,1.789507,2.66454e-15,0.00112360
0,1.023067,3.55271e-15,0.000360699
0,1.576131,9.41469e-14,0.00203943
0,1.023205,5.32907e-15,0.000789974
0,1.008762,4.44089e-15,0.00114704
0,3.406856,3.55271e-15,0.00130238
0,1.017585,2.66454e-15,0.000637761
0,8.42245,1.77636e-14,0.0000744889
0,1.020727,1.77636e-15,0.000231319
0,5.024403,3.55271e-15,0.00112271
0,1.027592,1.95399e-14,0.000311924
0,1.018485,6.21725e-15,0.00126491
0,1.017383,1.06581e-14,0.00144565
0,5.062188,3.64153e-13,0.00225506
0,2.36581,2.66454e-15,0.00113734
0,1.452225,3.55271e-15,0.00126562
0,1.019245,1.50990e-13,0.00124338
0,2.193167,3.55271e-15,0.00266928
0,5.53063,5.32907e-15,0.000983198
0,3.399792,5.68434e-14,0.00301656
0,1.753403,7.10543e-15,0.000506473
0,1.911734,1.77636e-15,0.00339132
0,1.012956,1.46549e-13,0.000366368
0,0.9940401,2.66454e-15,0.0000176760
0,1.017814,1.58096e-13,0.00158005
0,5.640224,2.93099e-14,0.00154084
0,1.799935,1.77636e-15,0.00273173
0,1.01549,6.21725e-15,0.000559567
0,4.09911,1.24345e-14,0.000373702
0,2.412908,1.77636e-15,0.00288257
0,1.017223,7.99361e-15,0.00150145
0,1.01268,2.66454e-15,0.000151250
0,1.005389,3.55271e-15,0.00136118
0,2.741661,6.21725e-15,0.00326216
0,5.553439,5.32907e-15,0.00106672
0,2.645972,3.55271e-15,0.00107590
0,4.152,5.32907e-15,0.00299691
0,4.682263,5.32907e-15,0.00222350
0,3.463366,8.88178e-15,0.00360803
0,4.3039,5.32907e-15,0.000102899
0,2.641803,2.66454e-15,0.00237825
0,1.00431,7.81597e-14,0.00176803
0,4.292097,5.32907e-15,0.000113103
0,1.022943,1.59872e-14,0.00119700
0,2.524751,4.44089e-15,0.00327843
0,3.148865,5.32907e-15,0.00358138
0,1.026348,3.55271e-15,0.000159887
0,1.020446,3.55271e-15,0.00134750
0,17.69499,2.57572e-14,0.000130831
0,1.013677,2.66454e-15,0.000675624
0,3.817878,5.32907e-15,0.00274545
0,3.828797,2.66454e-15,0.00204905
0,1.016704,3.28626e-13,0.00176991
0,1.018026,3.55271e-15,0.00134215
0,5.395763,1.15463e-14,0.000348977
0,5.874672,7.10543e-15,0.000224495
0,2.653649,3.55271e-15,0.00266123
0,1.011867,1.77636e-15,0.000214113
0,1.015305,8.88178e-16,0.000228222
0,3.473457,3.55271e-15,0.00214892
0,15.9462,1.50990e-14,0.000938001
0,1.846509,2.66454e-15,0.00267802
0,2.504024,1.77636e-15,0.00272408
0,1.019508,1.15463e-14,0.000440127
0,1.022322,2.39808e-14,0.00133051
0,4.308141,3.55271e-15,0.00170591
0,1.013345,3.55271e-15,0.00161769
0,3.705103,3.55271e-15,0.00300588
0,1.026337,2.66454e-15,0.000265242
0,1.016454,3.55271e-15,0.00201250
0,5.082139,7.10543e-15,0.000611224
0,2.528652,1.24345e-14,0.00338810
0,1.846158,3.55271e-15,0.00138486
0,10.44403,8.88178e-15,0.00108181
0,1.101059,8.88178e-15,0.00128950
0,2.673057,5.32907e-15,0.000679194
0,1.020492,1.77636e-15,0.000857000
0,18.55505,5.77316e-14,0.000217270
0,2.396027,6.94556e-13,0.00409914
0,1.027706,1.24345e-14,0.00187591
0,1.012613,4.44089e-15,0.00155085
0,2.674877,4.44089e-15,0.00225802
0,1.007245,1.77636e-15,0.000627638
0,1.028639,1.77636e-15,0.000512253
0,6.721712,1.33227e-14,0.00107269
0,5.840441,1.77636e-14,0.00263753
0,1.031589,1.95399e-14,0.00160149
0,3.218149,3.55271e-15,0.00140662
0,1.017684,1.77636e-15,0.00165706
0,1.021418,6.21725e-15,0.000777754
0,1.023,4.44089e-15,0.000578288
0,2.690385,3.55271e-15,0.00114073
0,1.023125,1.73195e-13,0.000503255
0,1.516662,1.77636e-15,0.00212710
0,1.014013,6.21725e-15,0.00160597
0,1.078145,3.55271e-15,0.00192829
0,1.655449,2.66454e-15,0.00144992
0,4.207162,7.10543e-15,0.00129587
0,1.038683,1.77636e-15,0.00104921
0,6.923866,1.24345e-14,0.0000656483
0,9.613485,9.76996e-15,0.000691209
0,18.32304,2.30926e-14,0.000909296
0,11.87867,2.22045e-14,0.00106911
0,4.076781,7.99361e-15,0.000491241
0,1.024529,1.77636e-15,0.00138519
0,1.016945,2.66454e-15,0.000397253
0,1.004396,1.77636e-15,0.000861786
0,3.900952,1.06581e-14,0.00163387
0,8.871795,1.40332e-13,0.0000813001
0,17.72234,1.24345e-14,0.00123414
0,1.023124,4.44089e-15,0.000576020
0,1.099107,3.55271e-15,0.000866047
0,1.022343,9.76996e-15,0.000916207
0,5.416699,4.70735e-14,0.00195932
0,1.023705,2.66454e-15,0.000903589
0,1.026771,7.22977e-13,0.00156885
0,0.9967633,2.66454e-15,0.000443258
0,3.622059,1.73195e-13,0.00174568
0,1.026489,1.77636e-15,0.00188259
0,3.469404,2.66454e-15,0.00177010
0,1.028566,2.66454e-15,0.000909375
0,2.366591,1.77636e-15,0.00115563
0,5.777434,1.06581e-14,0.00107319
0,2.134481,3.55271e-15,0.00305616
0,14.18585,1.77636e-14,0.000926661
0,1.629358,3.55271e-15,0.00225919
0,0.9988581,2.66454e-15,0.00131860
0,1.887899,2.66454e-15,0.000974142
0,2.929851,4.44089e-15,0.00243469
0,3.716364,4.44089e-15,0.000977509
0,2.421775,3.55271e-15,0.00409443
0,5.403435,5.32907e-15,0.00179306
0,1.023887,2.66454e-15,0.000611589
0,1.065919,3.55271e-13,0.00150140
0,2.769496,2.66454e-15,0.000878797
0,5.552306,7.10543e-15,0.00000924212
0,1.789121,2.66454e-15,0.000132391
0,1.187738,2.13163e-14,0.00174929
0,2.594102,1.76748e-13,0.00127261
0,1.013527,3.55271e-15,0.000935477
0,5.521907,9.76996e-15,0.000287884
0,1.023681,3.55271e-15,0.00109769
0,1.025351,2.66454e-15,0.000290543
0,0.7221391,2.49578e-13,0.00230625
0,4.504446,3.55271e-15,0.00223290
0,9.847412,2.57572e-14,0.000532239
0,1.986042,3.55271e-15,0.00328781
0,1.43755,7.17648e-13,0.00313146
0,1.005361,2.66454e-15,0.00183563
0,2.497253,3.55271e-15,0.00233663
0,1.030816,1.24345e-14,0.000441227
0,5.645249,1.77636e-14,0.00177461
0,3.145283,8.88178e-15,0.00255342
0,1.011687,1.77636e-15,0.00175604
0,1.026603,6.57252e-14,0.00179353
0,18.20676,7.01661e-14,0.000974884
0,1.019382,1.77636e-15,0.00100798
0,4.104194,1.02141e-13,0.00154490
0,4.568502,7.99361e-15,0.000156278
0,1.033713,1.17240e-13,0.00160339
0,1.000483,1.77636e-15,0.000408017
0,2.963221,3.55271e-15,0.00167592
0,1.030892,1.77636e-15,0.000837697
0,1.030181,7.10543e-15,0.000878477
0,1.007672,1.77636e-15,0.000953600
0,12.64933,1.68754e-14,0.000716638
0,3.964693,1.06581e-14,0.00240935
0,12.18627,2.84217e-14,0.000724981
0,4.766748,7.10543e-15,0.00141039
0,5.98274,7.10543e-15,0.000400111
0,3.723082,1.24345e-14,0.0000314753
0,2.477293,8.88178e-15,0.00159495
0,9.27007,7.99361e-15,0.000892955
0,1.014465,4.44089e-15,0.00167380
0,4.259953,2.66454e-15,0.000961500
0,4.161034,1.24345e-14,0.0000245541
0,2.432437,3.55271e-15,0.00247331
0,3.707359,4.44089e-15,0.00313816
0,3.514724,7.10543e-15,0.00264917
0,1.023837,3.55271e-15,0.0000199981
0,1.014532,2.66454e-15,0.000411148
0,3.392297,3.55271e-15,0.00249482
0,4.219443,8.88178e-15,0.00237854
0,1.014912,8.88178e-16,0.000453005
0,16.68182,1.68754e-14,0.000722836
0,3.953718,8.88178e-15,0.000418083
0,4.869437,5.32907e-15,0.000344955
0,1.023715,1.77636e-15,0.00191815
0,6.774611,1.59872e-14,0.00223275
0,6.787929,1.42109e-14,0.000844157
0,7.288634,2.22045e-14,0.0000366050
0,1.0255,4.74287e-13,0.000262045
0,1.011019,3.55271e-15,0.00166083
0,1.221778,1.77636e-15,0.00164412
0,5.138417,1.15463e-14,0.00115770
0,1.023391,6.83897e-13,0.00190888
0,1.016009,1.50990e-14,0.00110733
0,10.25121,1.06581e-14,0.000797688
0,6.973952,1.68754e-14,0.000288856
0,1.519235,8.88178e-15,0.00203891
0,2.766316,2.66454e-15,0.000229272
0,8.595972,7.99361e-15,0.00131769
0,2.412141,5.32907e-15,0.00305772
0,1.018407,2.66454e-15,0.000677542
0,11.74832,1.50990e-14,0.000601134
0,1.30497,5.32907e-15,0.00248760
0,2.013974,2.66454e-15,0.000149189
0,2.985927,5.32907e-15,0.00166766
0,1.031662,1.77636e-15,0.000391257
0,1.565445,1.77636e-15,0.0000603229
0,14.91269,1.95399e-14,0.000193738
0,1.026258,3.55271e-15,0.00168397
0,1.011067,1.77636e-14,0.000309865
0,14.04931,1.33227e-14,0.000151898
0,4.281244,2.30926e-14,0.00129388
0,1.199636,2.66454e-15,0.000643452
0,3.627239,2.66454e-15,0.00221918
0,1.014869,3.55271e-15,0.000671448
0,1.472242,1.10134e-13,0.00115267
0,1.022439,7.76268e-13,0.000924286
0,1.013914,1.77636e-15,0.000385848
0,1.021266,1.77636e-15,0.000531500
0,13.84306,3.81917e-14,0.00154309
0,1.016429,6.21725e-13,0.000335648
0,1.014579,5.95080e-14,0.000883424
0,16.27482,4.88498e-14,0.00108226
0,2.884132,4.24549e-13,0.00219120
0,4.918705,5.32907e-15,0.00210267
0,14.8729,1.33227e-14,0.000240063
0,4.533352,8.88178e-15,0.00122740
0,1.006287,1.77636e-15,0.000267341
0,1.016263,1.77636e-15,0.00163478
0,4.172649,5.32907e-15,0.00234791
0,1.01995,6.21725e-15,0.00107697
0,1.033862,1.77636e-15,0.00115311
0,4.933455,5.32907e-15,0.00188640
0,3.37274,3.55271e-15,0.00257533
0,3.403811,6.21725e-15,0.000967977
0,3.517979,8.88178e-15,0.00107488
0,3.690287,5.32907e-15,0.00195376
0,5.505375,6.21725e-15,0.000812302
0,4.803575,4.44089e-15,0.00227519
0,18.9747,1.24345e-14,0.000754904
0,1.018484,7.99361e-15,0.00127592
0,1.021629,3.74811e-13,0.000251135
0,5.090715,8.88178e-15,0.00143889
0,4.279197,3.55271e-15,0.00222301
0,1.019728,1.15463e-14,0.000345084
0,1.818451,1.77636e-15,0.00292176
0,1.0135,2.66454e-15,0.000707692
0,1.022031,7.99361e-15,0.00109653
0,1.015491,8.88178e-16,0.000848001
0,2.157265,1.68754e-14,0.00158758
0,3.863784,1.77636e-15,0.00310217
0,4.559753,1.06581e-14,0.00216562
0,1.010721,4.44089e-15,0.000833562
0,7.306614,1.06581e-14,0.00130379
0,3.847513,7.99361e-15,0.000858550
0,5.425129,5.32907e-15,0.00232839
0,1.032988,5.32907e-15,0.000608228
0,3.225946,5.88862e-13,0.00240611
0,1.715871,3.55271e-15,0.000536626
0,1.770637,4.44089e-15,0.00306450
0,1.021559,3.57936e-13,0.000848413
0,1.98121,3.55271e-15,0.00203861
0,1.075218,2.66454e-15,0.0000658214
0,1.021284,3.55271e-15,0.000175370
0,1.033046,1.77636e-15,0.00112484
0,1.016351,5.32907e-15,0.000337105
0,13.23351,3.99680e-14,0.000898883
0,8.706984,1.77636e-14,0.000347077
0,2.619906,8.79297e-14,0.00294388
0,4.132624,1.68754e-14,0.000272697
0,1.016659,1.77636e-15,0.000450571
0,1.01501,6.21725e-15,0.000253803
0,1.574492,4.44089e-15,0.000298253
0,8.152834,3.39284e-13,0.00175702
0,1.715548,5.82645e-13,0.000344453
0,4.680388,9.76996e-15,0.00247340
0,1.615275,3.55271e-15,0.000517619
0,2.042704,2.66454e-15,0.00327926
0,3.598466,4.44089e-15,0.00300974
0,1.0432,3.27738e-13,0.00197761
0,1.022492,3.14415e-13,0.00102083
0,3.20454,3.21521e-13,0.00200721
0,2.695112,6.21725e-15,0.000815982
0,1.594319,2.66454e-15,0.00240293
0,1.542525,2.13163e-14,0.000981395
0,1.022553,1.06581e-14,0.000512332
0,1.01632,3.10862e-14,0.00181038
0,4.092684,1.33227e-14,0.000508473
0,4.154589,5.32907e-15,0.00171849
0,1.032866,3.55271e-15,0.000320212
0,20.71614,3.28626e-14,0.000121519
0,3.800572,4.44089e-15,0.00164280
0,1.016754,3.55271e-15,0.00143546
0,1.021204,3.90799e-14,0.000962087
0,1.020083,3.55271e-15,0.000751158
0,1.048834,3.55271e-15,0.00165722
0,5.545817,5.32907e-15,0.000866978
0,1.027472,1.77636e-15,0.000940279
0,6.753995,6.21725e-15,0.00153528
0,2.085518,4.44089e-15,0.00288716
0,2.351524,5.32907e-15,0.00357409
0,1.014758,4.44089e-15,0.00103585
0,1.972359,2.66454e-15,0.00216175
0,1.64315,1.77636e-15,0.00315724
0,3.899033,8.88178e-15,0.00182220
0,0.7325876,2.45137e-13,0.00230231
0,1.023873,2.66454e-15,0.000236514
0,21.73078,3.19744e-14,0.000431278
0,4.914193,5.32907e-15,0.00224711
0,3.72475,1.95399e-14,0.00181111
0,1.031217,2.66454e-15,0.00143666
0,1.015676,1.24345e-14,0.000785769
0,1.021156,4.44089e-15,0.00134461
0,1.011511,3.55271e-15,0.000440203
0,4.38945,3.55271e-15,0.000919938
0,18.12881,4.44089e-14,0.000298928
0,1.022727,8.88178e-16,0.00183556
0,1.0304,5.95080e-14,0.00000704587
0,1.01423,3.55271e-15,0.000196393
0,1.010615,8.88178e-16,0.00115462
0,7.708996,7.10543e-15,0.000112668
0,3.308722,2.93099e-14,0.00226719
0,19.098,3.46390e-14,0.000664953
0,2.979675,1.77636e-15,0.00286410
0,2.76375,1.77636e-15,0.00232697
0,1.020536,3.55271e-15,0.000856113
0,2.356564,5.32907e-15,0.000871672
0,1.012658,1.68754e-14,0.00144791
0,6.538027,7.81597e-14,0.00115826
0,1.036558,5.32907e-15,0.0000758467
0,1.002664,1.42109e-14,0.000979742
0,1.024739,1.77636e-15,0.000960718
0,4.734384,4.44089e-15,0.00111000
0,1.002083,4.44089e-15,0.0000630422
0,1.026846,2.30926e-14,0.00178949
0,1.037929,3.55271e-15,0.00137627
0,3.120473,4.44089e-15,0.00104538
0,1.040699,1.77636e-15,0.000610285
0,1.018677,3.55271e-15,0.000156588
0,1.015175,6.21725e-15,0.0000827032
0,4.31376,3.55271e-15,0.00175605
0,4.363319,1.77636e-15,0.000225037
0,2.688219,3.55271e-15,0.000427416
0,1.862577,3.55271e-15,0.00291998
0,1.02674,1.35891e-13,0.00140480
0,11.83861,1.50990e-14,0.000611511
0,5.100184,2.66454e-15,0.00167998
0,1.032484,1.15463e-14,0.00117380
0,0.9966115,1.77636e-15,0.00114907
0,1.023143,2.66454e-15,0.000730424
0,5.917234,7.10543e-15,0.00129395
0,1.021877,3.55271e-15,0.000824477
0,15.87435,5.06262e-14,0.000574311
0,1.351235,2.66454e-15,0.000637566
0,2.400625,4.44089e-15,0.00331340
0,2.819829,1.06581e-14,0.00244172
0,2.898558,3.55271e-15,0.00152988
0,10.25632,1.15463e-14,0.00121971
0,6.372856,1.68754e-14,0.00119573
0,1.023188,6.21725e-15,0.00118725
0,19.09077,3.01981e-14,0.000375124
0,1.020836,9.37028e-13,0.000852433
0,5.106213,1.06581e-14,0.000480555
0,3.269925,6.21725e-15,0.000978528
0,4.127847,2.11386e-13,0.00328299
0,23.36903,2.30926e-14,0.000432673
0,3.184941,3.55271e-15,0.00349310
0,1.022231,1.77636e-15,0.00111587
0,1.012267,1.77636e-15,0.000135792
0,12.44764,1.95399e-14,0.00141292
0,1.025768,2.66454e-15,0.00160497
0,1.017011,3.55271e-15,0.000565373
0,2.64057,1.59872e-14,0.000911128
0,13.79513,2.66454e-14,0.0000620684
0,4.000207,4.44089e-15,0.000894063
0,1.021378,6.21725e-15,0.00174771
0,1.203805,4.44089e-15,0.000770964
0,8.186465,1.24345e-14,0.000835209
0,5.425915,5.32907e-15,0.00158288
0,3.472296,1.24345e-14,0.00297299
0,1.003574,7.10543e-15,0.000761731
0,6.9461,1.06581e-14,0.00215815
0,1.022412,1.63425e-13,0.000332899
0,5.403686,9.76996e-15,0.00203091
0,1.030563,6.57252e-14,0.000275823
0,1.003703,5.32907e-15,0.000271243
0,32.57378,1.11910e-13,0.0000655629
0,2.634825,2.57572e-14,0.000154107
0,7.195197,2.39808e-14,0.00183616
0,5.387799,1.33227e-14,0.00227551
0,1.018089,2.66454e-15,0.00155270
0,1.807142,1.77636e-15,0.00258132
0,15.74071,2.66454e-14,0.00000496759
0,2.787655,5.32907e-15,0.00198634
0,6.264381,1.59872e-14,0.00171591
0,3.61696,5.32907e-15,0.00177486
0,6.809809,5.86198e-14,0.00113811
0,1.024732,1.77636e-15,0.000278327
0,1.016333,7.10543e-15,0.00165420
0,1.019712,2.66454e-15,0.000892098
0,1.018282,3.64153e-14,0.00105622
0,1.015626,1.77636e-15,0.00169713
0,1.032755,2.66454e-14,0.000770503
0,9.069462,1.77636e-14,0.000533666
0,1.015406,7.10543e-14,0.000421301
0,4.200216,5.32907e-15,0.00175164
0,8.701126,6.21725e-15,0.000645599
0,3.777185,2.66454e-15,0.00231025
0,3.050031,3.55271e-15,0.000832889
0,1.016134,2.66454e-15,0.00152787
0,1.016118,2.66454e-15,0.00100420
0,1.037297,1.77636e-15,0.000494638
0,1.023103,9.39693e-13,0.00149854
0,3.915453,5.32907e-15,0.00174546
0,2.473382,5.32907e-15,0.000102368
0,9.711795,6.48370e-14,0.000119966
0,3.292358,2.66454e-15,0.00316863
0,1.01698,2.41585e-13,0.000639676
0,1.020145,4.44089e-15,0.000919856
0,3.428873,4.92051e-13,0.00186996
0,6.041004,1.06581e-14,0.000300106
0,5.827104,8.88178e-15,0.000977702
0,1.019405,5.32907e-15,0.00104216
0,1.021238,2.46025e-13,0.000605004
0,1.016153,5.16920e-13,0.00116051
0,6.208478,8.88178e-15,0.00225116
0,1.018456,2.75335e-14,0.00157205
0,1.012189,1.77636e-15,0.000290651
0,1.013581,3.55271e-13,0.000753964
0,4.34752,1.24345e-14,0.00269878
0,1.01363,8.88178e-15,0.00167524
0,1.013024,2.66454e-15,0.000629193
0,5.244118,7.10543e-15,0.00152885
0,5.89639,8.88178e-15,0.00137058
0,3.48049,5.32907e-15,0.00113342
0,2.372541,2.11386e-13,0.00317740
0,1.018546,3.30402e-13,0.000315755
0,1.513164,2.66454e-15,0.00264536
0,1.011863,1.59872e-14,0.00126353
0,1.017823,3.55271e-15,0.00171545
0,1.033778,1.46549e-13,0.000678825
0,1.011084,2.66454e-15,0.000297619
0,6.84007,7.10543e-15,0.00133206
0,1.020681,1.77636e-15,0.00106453
0,1.47197,3.55271e-15,0.00310920
0,34.39126,3.19744e-14,0.0000123495
0,0.9923166,8.88178e-16,0.000469358
0,1.011177,7.99361e-15,0.000723027
0,4.171452,7.10543e-15,0.00224519
0,6.945431,2.66454e-14,0.000951073
0,1.027391,4.15668e-13,0.000461823
0,1.594984,2.48690e-14,0.00350997
0,2.921514,1.15463e-14,0.00320034
0,5.812594,1.24345e-14,0.00186874
0,1.0198,5.32907e-15,0.00194133
0,1.007906,2.94875e-13,0.000109203
0,1.017168,1.77636e-15,0.00113891
0,6.738324,1.79412e-13,0.000814486
0,3.31387,2.66454e-15,0.00149347
0,1.010498,1.24345e-14,0.00107151
0,4.521194,3.55271e-15,0.00239128
0,2.239638,3.03757e-13,0.00142944
0,1.019628,2.66454e-15,0.00126341
0,1.023672,8.88178e-16,0.000376738
0,1.023418,4.63629e-13,0.000158602
0,2.457624,2.38920e-13,0.00337796
0,1.020902,2.66454e-15,0.000553580
0,1.821097,3.55271e-15,0.00208937
0,1.510915,2.66454e-15,0.00269693
0,1.455011,2.52243e-13,0.00176984
0,5.466237,7.81597e-14,0.00100096
0,1.019104,6.21725e-15,0.00126906
0,1.018512,6.21725e-15,0.000450046
0,1.011028,7.81597e-14,0.000634630
0,1.767401,1.77636e-15,0.00345164
0,1.795949,2.66454e-15,0.00222448
0,4.685023,4.44089e-15,0.000723547
0,1.018642,7.63833e-14,0.000783932
0,10.01003,8.88178e-15,0.0000879470
0,5.354846,2.66454e-15,0.000961920
0,5.56644,5.32907e-15,0.00142130
0,2.680975,5.24025e-14,0.000741977
0,3.809808,1.95399e-14,0.000557082
0,3.349036,1.59872e-14,0.00242775
0,1.016718,2.66454e-15,0.000806306
0,1.021638,8.88178e-16,0.000825306
0,1.025544,4.44089e-15,0.00103734
0,1.558554,6.21725e-15,0.00148703
0,0.9943338,1.77636e-15,0.000109555
0,17.28653,2.39808e-14,0.000617397
0,3.547196,8.88178e-15,0.00207814
0,1.025545,2.66454e-15,0.000824017
0,3.350481,1.77636e-15,0.00258177
0,1.015915,1.27010e-13,0.000264047
0,1.023152,9.76996e-15,0.000897819
0,1.040103,1.77636e-15,0.000912856
0,2.261311,3.55271e-15,0.00313002
0,2.093558,1.24345e-14,0.00260945
0,0.7109523,9.76996e-15,0.00211997
0,1.618479,3.55271e-15,0.000597500
0,1.027509,1.77636e-15,0.000997096
0,10.98356,3.19744e-14,0.000828805
0,1.017462,1.77636e-15,0.00167679
0,11.74562,8.88178e-15,0.000337457
0,4.504586,6.21725e-15,0.00174480
0,3.128738,4.44089e-15,0.00318568
0,11.20115,1.33227e-14,0.00182897
0,1.020611,6.48370e-14,0.00104344
0,6.573283,7.99361e-15,0.000315920
0,1.020263,5.32907e-15,0.00120295
0,4.004697,4.44089e-15,0.000757224
0,1.022316,1.77636e-15,0.0000571188
0,2.194954,2.66454e-15,0.000378976
0,1.025129,1.07470e-13,0.00130187
0,1.024474,1.77636e-15,0.00152959
0,4.196109,5.32907e-15,0.00111960
0,3.83432,8.88178e-15,0.00248314
0,3.236893,6.21725e-15,0.00163497
0,16.10225,3.99680e-14,0.000184817
0,1.00895,3.55271e-15,0.000152051
0,1.016685,7.99361e-15,0.00120857
0,1.0053,1.77636e-15,0.000643593
0,1.029077,1.87406e-13,0.00172596
0,1.025142,1.77636e-15,0.000684475
0,1.018916,4.04121e-13,0.000438591
0,1.016655,1.77636e-15,0.000629772
0,3.78556,4.44089e-15,0.000408472
0,1.013742,7.99361e-15,0.000501674
0,5.367875,1.59872e-14,0.000144123
0,2.53048,2.66454e-15,0.000463218
0,1.010375,1.50102e-13,0.000856446
0,1.01933,1.77636e-15,0.000646893
0,2.193581,5.86198e-14,0.00378634
0,1.024633,4.44089e-14,0.00143486
0,1.927053,8.88178e-16,0.00260456
0,0.9966551,2.66454e-15,0.000237944
0,1.021584,3.55271e-15,0.00123495
0,1.020183,6.30607e-14,0.00162547
0,4.65145,8.88178e-15,0.00211583
0,1.016865,7.10543e-14,0.00173481
0,1.022397,7.10543e-15,0.00147001
0,2.441549,3.55271e-15,0.00220425
0,2.940861,4.44089e-15,0.00326557
0,1.864246,1.77636e-15,0.00209494
0,1.01776,1.77636e-15,0.000878271
0,1.018283,3.22409e-13,0.000487070
0,5.20661,7.10543e-15,0.00117707
0,1.020716,4.44089e-15,0.00146818
0,17.72987,1.68754e-14,0.000415253
0,1.018624,1.33227e-14,0.00101110
0,2.676615,1.77636e-15,0.000791710
0,1.029925,6.21725e-15,0.00182793
0,3.199079,3.55271e-15,0.00340610
0,3.065335,5.32907e-15,0.000188409
0,1.024383,1.50990e-13,0.000596044
0,1.69692,1.77636e-15,0.00239996
0,0.9855801,4.44089e-15,0.0000506882
0,1.026756,2.66454e-15,0.00167180
0,1.004881,5.34683e-13,0.000241864
0,7.540796,1.24345e-14,0.000800029
0,1.01704,3.55271e-15,0.000437437
0,2.105714,4.44089e-15,0.00123407
0,10.64638,9.76996e-15,0.000481695
0,1.514025,6.57252e-14,0.00350375
0,22.33884,2.57572e-14,0.000695392
0,15.65766,1.86517e-14,0.000460842
0,12.27333,1.06581e-14,0.0000992865
0,1.014516,2.66454e-15,0.00137328
0,1.024162,1.77636e-15,0.000653768
0,1.030868,1.77636e-15,0.0000915148
0,2.6788,7.99361e-15,0.000117394
0,2.790998,4.44089e-15,0.00287232
0,3.800793,3.55271e-15,0.0000977674
0,3.97922,3.55271e-15,0.000420912
0,1.021287,4.60076e-13,0.00155574
0,1.4474,2.66454e-15,0.00224923
0,1.468537,3.78364e-13,0.00253561
0,2.967421,2.66454e-15,0.00246015
0,1.627665,3.55271e-15,0.0000516739
0,1.014098,3.55271e-15,0.00131545
0,1.01693,8.13571e-13,0.000310389
0,1.005892,9.32587e-14,0.000234332
0,4.957895,1.50990e-14,0.00259658
0,23.1904,4.79616e-14,0.000549244
0,1.017451,4.44089e-15,0.00122053
0,8.353564,4.44089e-15,0.00153755
0,1.018872,2.74447e-13,0.000534847
0,1.014395,2.94875e-13,0.000883157
0,3.908644,6.21725e-15,0.00141619
0,1.969666,3.55271e-15,0.000936345
0,5.007212,7.85150e-13,0.000291611
0,5.964612,9.76996e-15,0.000952009
0,1.018642,7.63833e-14,0.000580263
0,2.743838,2.66454e-15,0.00358796
0,10.8305,1.95399e-14,0.000686493
0,1.01934,2.66454e-15,0.0000984720
0,1.014508,2.73559e-13,0.000571500
0,1.009688,6.39488e-13,0.00140119
0,5.602154,8.88178e-15,0.000252570
0,1.027019,3.55271e-15,0.000790841
0,16.77183,2.04281e-14,0.000446282
0,10.56116,9.76996e-15,0.000325046
0,5.898929,1.15463e-14,0.00136679
0,38.84755,3.73035e-14,0.0000476513
0,1.023541,5.32907e-14,0.000211764
0,1.009924,4.08562e-14,0.00000876315
0,3.065516,1.23457e-13,0.000771321
0,5.607715,7.99361e-15,0.00168148
0,15.028,1.59872e-14,0.0000458455
0,1.064191,1.77636e-15,0.0000469880
0,6.946552,1.42109e-14,0.000250116
0,11.16893,1.86517e-14,0.000728656
0,4.079967,1.68754e-14,0.000993708
0,1.295357,4.44089e-15,0.00207101
0,2.002536,1.77636e-15,0.00178452
0,1.800796,5.32907e-15,0.000479709
0,13.91931,2.22045e-14,0.000677042
0,3.028543,3.55271e-15,0.00295020
0,1.001944,1.77636e-15,0.00169591
0,1.013035,4.44089e-15,0.00127854
0,1.015216,3.55271e-15,0.000939770
0,4.220261,4.44089e-15,0.00151502
0,1.02546,5.32907e-15,0.000144184
0,7.961038,1.42109e-14,0.00187536
0,1.007734,3.55271e-15,0.000500575
0,2.056962,9.76996e-15,0.00182975
0,3.272966,6.30607e-14,0.00206336
0,1.015621,2.66454e-15,0.000413512
0,1.018361,2.66454e-15,0.00158683
0,1.020474,3.55271e-15,0.000876596
0,1.036005,2.66454e-15,0.000597128
0,2.284962,2.13163e-14,0.00104762
0,1.022976,2.13163e-14,0.000719375
0,3.362965,5.32907e-15,0.000586488
0,1.02731,5.59552e-14,0.000427477
0,1.011551,5.68434e-13,0.00140417
0,1.018697,5.32907e-15,0.00116683
0,0.8735781,2.36255e-13,0.000150712
0,4.679698,4.44089e-15,0.000230317
0,4.655552,3.65930e-13,0.0000162211
0,1.015918,3.55271e-15,0.000386318
0,3.190951,5.86198e-14,0.00280371
0,1.469516,3.55271e-15,0.00247556
0,0.8807327,2.66454e-15,0.000419045
0,1.024208,4.44089e-14,0.000214128
0,1.013097,8.88178e-15,0.000538898
0,2.901218,3.55271e-15,0.00271916
0,1.018137,3.55271e-15,0.00148895
0,1.018815,1.77636e-15,0.000169175
0,1.0073,5.32907e-15,0.000252984
0,1.019262,2.70006e-13,0.00143742
0,4.775425,5.32907e-15,0.000474565
0,2.322812,3.55271e-15,0.00309355
0,25.58569,3.01981e-14,0.000386612
0,5.440404,5.32907e-15,0.000343289
0,7.907849,1.15463e-14,0.000500052
0,4.643373,5.32907e-15,0.000104584
0,1.016726,5.32907e-15,0.00119599
0,1.020811,7.10543e-15,0.00144643
0,3.03698,3.55271e-15,0.00227892
0,2.551866,1.77636e-15,0.00202665
0,3.748009,4.44089e-15,0.00248124
0,1.012861,1.77636e-15,0.0000148000
0,7.158764,4.44089e-15,0.00103155
0,3.537552,3.55271e-15,0.00347395
0,1.006969,3.88134e-13,0.000231537
0,2.374234,1.77636e-15,0.00297322
0,2.42676,4.44089e-15,0.00269951
0,1.021835,5.32907e-15,0.00138670
0,3.178835,1.77636e-15,0.00253734
0,2.634919,8.88178e-15,0.00149853
0,1.015996,3.64153e-14,0.00185084
0,2.762753,3.55271e-15,0.00240071
0,1.021962,1.77636e-15,0.00204226
0,5.845047,8.61533e-14,0.00181358
0,3.027595,7.10543e-15,0.000217900
0,1.023808,1.77636e-15,0.000660409
0,3.35328,2.66454e-15,0.00142166
0,1.018148,7.72715e-14,0.000726558
0,1.827936,5.32907e-15,0.00322799
0,1.016735,5.32907e-15,0.0000525325
0,2.869992,7.10543e-15,0.00105318
0,4.577197,7.19425e-14,0.00186887
0,1.045662,1.77636e-15,0.00172147
0,2.657389,5.32907e-15,0.000761868
0,8.053333,4.85834e-13,0.000750089
0,1.715473,1.77636e-15,0.00175025
0,1.010896,7.10543e-15,0.000316352
0,2.442618,6.03961e-14,0.00277438
0,1.468003,8.17124e-14,0.000458473
0,5.947678,1.42109e-14,0.000461365
0,3.50548,6.21725e-15,0.00292725
0,2.481674,3.55271e-15,0.00284346
0,1.011484,2.66454e-15,0.000786445
0,1.01477,1.03917e-13,0.000828626
0,1.019514,2.57572e-14,0.000519988
0,1.013437,7.18536e-13,0.00115477
0,1.013929,1.77636e-15,0.000751741
0,2.2467,1.77636e-15,0.000532950
0,8.465438,7.83373e-13,0.0000225449
0,1.016381,1.77636e-15,0.00128071
0,1.021095,4.08562e-14,0.0000929367
0,9.702327,1.42109e-14,0.000952066
0,1.941746,3.55271e-15,0.00179911
0,1.881651,1.77636e-15,0.00181075
0,2.756826,2.76223e-13,0.00323500
0,5.897133,5.32907e-15,0.000308589
0,1.01524,2.66454e-15,0.000693008
0,13.20814,4.36984e-13,0.000878287
0,1.048021,6.43929e-13,0.000186755
0,4.7357,4.44089e-15,0.00130572
0,7.448817,1.33227e-14,0.000660105
0,6.805779,8.52651e-14,0.00117590
0,4.112263,7.10543e-15,0.00211365
0,4.33255,5.32907e-15,0.00316504
0,9.13554,5.32907e-15,0.000615311
0,1.016087,1.77636e-15,0.00179362
0,1.026385,1.77636e-15,0.00114673
0,1.020743,1.04805e-13,0.00175091
0,11.56885,1.06581e-14,0.000463819
0,1.025023,3.55271e-15,0.0000739572
0,15.45674,1.42109e-14,0.000876216
0,1.985724,2.66454e-15,0.00273567
0,4.849075,1.15463e-14,0.00160406
0,1.024069,1.77636e-15,0.000370407
0,1.021481,7.10543e-15,0.000176312
0,1.021522,5.32907e-15,0.000405097
0,0.715426,3.55271e-15,0.00215377
0,1.013316,1.77636e-15,0.000277794
0,4.591889,7.10543e-15,0.000884007
0,2.302819,5.32907e-15,0.00159870
0,1.024474,1.77636e-15,0.00133089
0,2.896349,7.10543e-15,0.00347036
0,1.006681,8.88178e-16,0.0000969819
0,1.022498,2.66454e-15,0.000847449
0,1.029326,2.66454e-15,0.0000296337
0,1.01863,1.40332e-13,0.0000800484
0,1.018584,1.77636e-15,0.00100663
0,2.403298,3.55271e-15,0.00104642
0,1.018513,3.55271e-15,0.00168152
0,1.039564,1.77636e-14,0.000207607
0,3.531112,8.88178e-15,0.00133305
0,6.171516,1.42109e-14,0.00130881
0,12.94416,1.33227e-14,0.000421150
0,1.014598,2.66454e-15,0.000254656
0,1.031061,1.77636e-15,0.000846316
0,6.025044,7.10543e-15,0.00190454
0,3.222135,3.55271e-15,0.00273847
0,8.582657,1.97176e-13,0.000634932
0,1.02049,5.32907e-15,0.000921253
0,1.882903,1.50990e-14,0.000883120
0,1.022255,1.77636e-15,0.000157757
0,4.339592,2.66454e-15,0.00239887
0,4.44517,4.44089e-15,0.00222349
0,16.61658,6.03961e-14,0.000701259
0,1.746521,1.59872e-14,0.00298095
0,1.02228,2.19380e-13,0.000826243
0,1.880592,3.55271e-15,0.00120681
0,1.088905,6.21725e-15,0.00109694
0,1.665075,8.88178e-15,0.00142993
0,6.749937,9.76996e-15,0.000302743
0,8.461303,5.32907e-14,0.000731758
0,1.969687,2.66454e-15,0.00249151
0,1.005502,7.99361e-15,0.000218364
0,14.77004,2.39808e-14,0.0000304939
0,4.447497,7.10543e-15,0.000440778
0,9.761214,6.69687e-13,0.000498980
0,10.70183,1.77636e-14,0.000479405
0,4.647293,3.55271e-15,0.000798221
0,3.186125,8.88178e-15,0.000631454
0,1.523464,2.66454e-15,0.00133730
0,1.883796,1.06581e-14,0.00286967
0,0.9964776,1.77636e-15,0.000529353
0,2.081565,8.72191e-13,0.00271974
0,9.368075,1.06581e-14,0.00150868
0,1.0248,2.66454e-15,0.0000380357
0,3.855719,2.78000e-13,0.00231852
0,2.649737,5.32907e-15,0.00168932
0,3.399381,1.77636e-15,0.00133809
0,1.012736,8.88178e-16,0.000900697
0,21.23466,4.35207e-14,0.000823544
0,12.08464,1.06581e-14,0.000664794
0,2.406076,7.10543e-15,0.00201409
0,1.021705,2.48690e-14,0.00111247
0,2.602994,3.55271e-15,0.000426897
0,6.775955,8.88178e-15,0.000932784
0,3.979447,3.55271e-15,0.00284215
0,4.666714,6.92779e-13,0.000289285
0,7.672627,1.68754e-14,0.00148138
0,1.024692,6.21725e-15,0.000385962
0,1.011031,3.55271e-15,0.00152012
0,2.330958,5.32019e-13,0.00274058
0,2.155485,4.44089e-15,0.00225372
0,1.008323,1.77636e-15,0.00151291
0,1.585252,1.77636e-15,0.00204540
0,1.022777,6.57252e-14,0.00108413
0,1.01937,2.66454e-15,0.00203795
0,1.022494,8.88178e-15,0.00111929
0,9.682077,1.24345e-14,0.000642795
0,12.58049,1.24345e-14,0.000607667
0,4.875524,2.62013e-13,0.00196635
0,1.015544,5.32907e-15,0.00197287
0,2.187198,3.55271e-15,0.00245738
0,5.159319,9.76996e-15,0.000294498
0,1.035964,3.55271e-15,0.000415191
0,1.023628,5.95080e-14,0.00107778
0,44.51989,4.44089e-14,0.000230955
0,3.13959,1.86517e-14,0.00229567
0,1.018154,8.88178e-15,0.000236972
0,16.12763,3.90799e-14,0.000173518
0,4.582167,7.10543e-15,0.000731844
0,7.986892,7.99361e-15,0.000588365
0,1.294691,9.76996e-15,0.00189595
0,10.78584,2.04281e-14,0.000472204
0,1.008208,6.21725e-14,0.000276387
0,2.2805,2.66454e-15,0.00307787
0,1.028093,2.66454e-15,0.000490243
0,3.630073,6.21725e-15,0.00200157
0,1.035109,2.66454e-15,0.00188135
0,6.106104,7.10543e-15,0.00111268
0,1.014972,5.32907e-15,0.000992513
0,18.79193,1.42109e-14,0.0000368128
0,2.077321,5.32907e-15,0.000626308
0,3.800957,7.10543e-15,0.00149275
0,1.026948,1.62537e-13,0.000874835
0,1.021061,8.97060e-14,0.0000419560
0,4.079054,6.21725e-15,0.00123043
0,3.984335,2.66454e-15,0.000898237
0,1.017104,4.44089e-15,0.00103607
0,3.783535,7.99361e-15,0.00241856
0,3.046384,7.10543e-15,0.00204139
0,1.01228,2.66454e-15,0.00111524
0,8.212157,8.88178e-15,0.000284073
0,1.011797,7.10543e-15,0.00135615
0,3.097438,2.04281e-14,0.000459434
0,0.9950852,5.79092e-13,0.000141364
0,4.09008,3.78364e-13,0.00279194
0,3.188786,3.55271e-15,0.00102147
0,1.708629,1.77636e-15,0.00224963
0,1.029822,3.55271e-15,0.000196743
0,11.24702,1.59872e-14,0.00134413
0,1.018319,1.77636e-15,0.000414004
0,1.029619,3.55271e-15,0.000826780
0,1.016639,9.59233e-14,0.000664010
0,1.013463,7.72715e-14,0.00138964
0,1.014189,1.77636e-15,0.000337639
0,1.019619,2.66454e-15,0.00189201
0,18.38871,1.77636e-14,0.0000451930
0,2.371951,1.77636e-15,0.00138496
0,4.218252,5.32907e-15,0.00226234
0,1.022001,1.95399e-13,0.00129793
0,1.045759,3.55271e-15,0.0000855129
0,2.644021,2.66454e-15,0.00212356
0,1.282278,3.55271e-15,0.000501729
0,0.998125,2.29150e-13,0.00145307
0,1.017491,8.88178e-15,0.00109784
0,7.055878,3.55271e-15,0.00126171
0,1.021125,1.77636e-15,0.00185329
0,3.940496,5.32907e-15,0.000833657
0,1.020905,4.44089e-15,0.000270261
0,1.019514,6.03961e-14,0.00105730
0,4.984678,7.99361e-15,0.000713464
0,1.006445,2.66454e-15,0.000760953
0,1.022911,1.77636e-15,0.00120792
0,1.017427,2.32703e-13,0.00153992
0,1.012076,1.77636e-15,0.00148653
0,8.932566,1.06581e-14,0.000739940
0,5.468491,5.32907e-15,0.00306387
0,3.375837,3.55271e-15,0.00309253
0,5.700794,7.99361e-15,0.00196858
0,1.018292,1.77636e-15,0.000962442
0,1.016465,1.77636e-15,0.00110936
0,1.583466,7.99361e-15,0.00325886
0,2.665464,5.68434e-13,0.00187384
0,1.031041,2.66454e-15,0.000804908
0,1.29115,9.76996e-15,0.00222347
0,2.323795,4.44089e-15,0.000944664
0,1.020163,5.32907e-15,0.000333686
0,5.398562,1.33227e-14,0.00152991
0,1.024349,1.77636e-15,0.00119915
0,5.456559,2.30926e-14,0.000350014
0,4.263684,1.06581e-14,0.00226519
0,5.142724,1.33227e-14,0.00220374
0,4.675938,3.55271e-15,0.00191138
0,6.452222,2.48690e-13,0.000326188
0,4.439871,8.88178e-15,0.00154274
0,8.477728,5.95080e-14,0.000332043
0,1.021804,3.55271e-15,0.000187331
0,4.405123,8.72191e-13,0.00200002
0,4.827954,4.44089e-15,0.00102846
0,6.991186,1.68754e-14,0.000987999
0,2.950068,2.66454e-15,0.000921745
0,1.018449,1.18128e-13,0.000255788
0,6.858594,8.88178e-15,0.000202485
0,1.013799,3.55271e-15,0.00186288
0,1.031982,3.55271e-15,0.000323923
0,1.015047,2.84217e-14,0.00102700
0,1.002904,3.55271e-15,0.00106611
0,9.844132,1.86517e-14,0.00106734
0,45.1764,5.95080e-14,0.0000863778
0,2.236799,1.77636e-15,0.000206844
0,9.494275,7.10543e-15,0.000888127
0,5.020297,7.10543e-15,0.00134896
0,1.029459,7.99361e-15,0.00173079
0,1.027443,9.43245e-13,0.000485633
0,6.58269,7.99361e-15,0.000845692
0,1.013134,1.77636e-15,0.000552364
0,1.025879,3.55271e-15,0.00105245
0,2.601668,3.55271e-15,0.00276959
0,1.000973,1.77636e-15,0.00129720
0,1.400076,3.55271e-15,0.000261629
0,1.031354,6.21725e-14,0.000836417
0,1.019834,1.43885e-13,0.00116664
0,6.186136,8.88178e-15,0.00168867
0,1.826701,6.21725e-14,0.00313260
0,1.015823,5.62217e-13,0.000120574
0,1.01733,2.66454e-15,0.000136152
0,1.024647,1.77636e-15,0.000252987
0,3.699266,6.21725e-15,0.000350402
0,1.00237,1.77636e-15,0.000219243
0,1.020596,2.66454e-15,0.000376352
0,3.869647,6.21725e-15,0.00252201
0,1.886622,1.77636e-15,0.00200776
0,6.629693,7.10543e-15,0.00184614
0,1.022135,3.55271e-15,0.000322554
0,1.295312,1.95399e-14,0.00222867
0,1.024146,1.35003e-13,0.000212537
0,1.019878,1.77636e-15,0.00104098
0,1.330524,3.55271e-15,0.00240254
0,1.019664,1.77636e-15,0.00100283
0,5.657152,9.76996e-15,0.000598238
0,1.972355,5.32907e-15,0.00284934
0,1.019256,1.77636e-15,0.00172925
0,1.012043,6.97220e-13,0.000184088
0,2.076377,1.86517e-13,0.00186921
0,1.014781,7.10543e-15,0.00119148
0,5.426926,5.32907e-15,0.00130855
0,2.19073,1.77636e-15,0.000315677
0,1.228597,3.55271e-15,0.00163860
0,1.01604,3.55271e-15,0.000327957
0,3.307439,5.32907e-15,0.00122768
0,2.068178,5.32907e-15,0.00122585
0,4.701799,1.24345e-14,0.00261386
0,1.808181,7.81597e-14,0.00273312
0,1.020772,1.77636e-15,0.00120011
0,0.988883,2.66454e-15,0.00113194
0,9.148012,1.42109e-14,0.000353330
0,9.063845,1.42109e-14,0.00134075
0,5.022616,4.44089e-15,0.00122815
0,0.9893304,1.77636e-15,0.000233644
0,1.01329,3.55271e-15,0.00115623
0,3.786135,6.21725e-15,0.00164330
0,1.015208,5.41789e-14,0.000632362
0,1.01896,2.31815e-13,0.00164274
0,7.836102,1.06581e-14,0.000212296
0,2.661808,1.77636e-15,0.00228157
0,4.717747,3.99680e-14,0.00170897
0,10.80184,2.84217e-14,0.000619099
0,8.31514,1.50990e-14,0.00108971
0,3.181343,8.88178e-15,0.00101145
0,1.730175,4.24549e-13,0.00418888
0,1.021498,1.77636e-15,0.0000378596
0,1.018648,3.55271e-15,0.00130438
0,1.019209,1.77636e-15,0.00167072
0,3.864065,4.44089e-15,0.00185959
0,1.720702,5.32907e-15,0.00191702
0,1.029294,1.77636e-15,0.00108873
0,12.95354,4.17444e-14,0.000739720
0,1.032599,4.31655e-13,0.00107217
0,3.631444,5.32907e-15,0.00134468
0,4.646464,7.99361e-15,0.00207695
0,1.025468,1.95399e-14,0.00117795
0,13.30521,2.48690e-14,0.0000595312
0,1.661233,2.66454e-15,0.000132203
0,8.866567,1.15463e-14,0.000428111
0,8.142084,7.10543e-15,0.00136331
0,1.018658,7.99361e-15,0.000988339
0,1.085467,5.32019e-13,0.00177862
0,1.023451,1.77636e-15,0.00123616
0,7.828162,7.99361e-15,0.000166483
0,1.034442,2.13163e-13,0.000708581
0,3.789043,6.21725e-15,0.00128814
0,3.637417,4.61853e-13,0.00284884
0,1.509037,1.77636e-15,0.00204883
0,7.531312,3.64153e-13,0.000364340
0,3.043276,1.50990e-14,0.000861312
0,7.885584,8.88178e-15,0.00147474
0,8.238265,1.15463e-14,0.00171914
0,3.732991,5.32907e-15,0.00289031
0,7.195136,1.59872e-14,0.00150991
0,1.010491,2.66454e-15,0.00165868
0,1.018473,3.55271e-15,0.000862650
0,2.952537,3.55271e-15,0.00174274
0,1.01616,1.24345e-14,0.000851207
0,1.030128,3.65041e-13,0.00167302
0,1.018334,1.55431e-13,0.0000706858
0,3.118945,1.06581e-14,0.00114364
0,4.723349,6.03961e-14,0.00102353
0,1.01726,1.77636e-15,0.000879298
0,2.613907,5.32907e-15,0.00215681
0,1.018194,2.66454e-15,0.000965793
0,1.027055,1.03029e-13,0.000864618
0,6.10881,6.21725e-15,0.000969385
0,1.021054,1.77636e-15,0.00187569
0,5.347965,6.21725e-15,0.000671977
0,10.98207,2.57572e-14,0.000129141
0,3.776102,7.10543e-15,0.000381765
0,5.31689,1.42109e-14,0.00175030
0,5.615088,7.10543e-15,0.000475663
0,1.023107,1.07470e-13,0.000930025
0,8.930796,8.88178e-15,0.00101624
0,1.016629,1.95399e-14,0.00111193
0,1.022527,1.77636e-15,0.000144808
0,1.019345,2.66454e-15,0.000932632
0,2.388249,6.21725e-13,0.00369699
0,1.03685,1.80300e-13,0.00161557
0,1.00853,3.84581e-13,0.000337243
0,1.944172,1.15463e-13,0.00322486
0,3.778281,5.32907e-15,0.00198866
0,2.797896,7.99361e-15,0.00100199
0,1.018308,1.77636e-15,0.00189255
0,4.762899,8.88178e-15,0.00156127
0,10.604,1.59872e-14,0.000440661
0,1.017758,5.32907e-15,0.00164784
0,4.254614,6.21725e-15,0.000187660
0,1.9492,2.66454e-15,0.00203705
0,3.851758,6.21725e-15,0.00226277
0,4.834378,7.10543e-15,0.00187275
0,6.792157,1.42109e-14,0.00220515
0,3.006789,3.55271e-15,0.00149503
0,17.57515,3.55271e-14,0.000331054
0,1.011888,4.44089e-15,0.000745250
0,15.59846,2.36255e-13,0.000202448
0,7.956577,8.88178e-15,0.000658891
0,1.017134,3.55271e-15,0.000615524
0,1.018098,1.68754e-13,0.000986906
0,1.011776,1.77636e-15,0.000793451
0,5.652248,7.10543e-15,0.00193874
0,4.871985,5.32907e-15,0.00134276
0,1.021712,7.99361e-15,0.000223596
0,1.0172,2.66454e-15,0.00114769
0,2.219929,5.32907e-15,0.0000775082
0,1.019779,1.47438e-13,0.00165324
0,1.01791,6.57252e-14,0.000655312
0,3.981867,1.33227e-14,0.00121145
0,1.026227,1.77636e-15,0.000803094
0,1.017312,1.77636e-15,0.000803270
0,1.01391,3.55271e-15,0.000793855
0,7.558536,7.99361e-15,0.000862192
0,1.067469,6.21725e-15,0.000708401
0,1.026274,2.66454e-15,0.000488796
0,11.13791,1.50990e-14,0.000226023
0,4.11945,1.15463e-14,0.00207054
0,16.62231,3.19744e-14,0.000915750
0,1.342456,8.88178e-16,0.000594601
0,1.017242,1.77636e-15,0.000873834
0,4.581777,9.23706e-14,0.00162977
0,5.310676,8.88178e-15,0.000466360
0,1.621665,4.44089e-15,0.000773279
0,1.356142,7.10543e-15,0.00113477
0,1.034854,1.77636e-15,0.000777828
0,2.094194,1.77636e-15,0.00105258
0,1.012713,4.88498e-13,0.000810118
0,12.70997,2.30926e-14,0.000893405
0,2.822775,3.55271e-15,0.00211166
0,1.012722,4.35207e-14,0.000543285
0,1.035243,5.50671e-14,0.000386332
0,1.01694,2.66454e-15,0.00155051
0,1.020601,6.30607e-14,0.00138744
0,1.020112,8.10907e-13,0.000971411
0,1.025723,1.77636e-15,0.00141822
0,1.020806,7.10543e-15,0.00140128
0,4.696248,7.10543e-15,0.00209464
0,14.74865,8.88178e-15,0.000596374
0,1.009007,2.66454e-15,0.000772489
0,1.018511,4.44089e-15,0.000681232
0,5.613176,9.76996e-15,0.00117249
0,3.278987,4.44089e-15,0.00301884
0,1.024925,2.66454e-15,0.000218650
0,1.021504,7.13207e-13,0.000487878
0,2.560758,8.88178e-15,0.00307181
0,0.7326501,2.62013e-13,0.000354283
0,1.021714,1.77636e-15,0.000841562
0,1.035145,5.32907e-15,0.000632693
0,1.012168,3.55271e-15,0.00164776
0,1.01486,1.77636e-15,0.000471417
0,1.025477,5.32907e-15,0.000467154
0,5.078926,7.99361e-15,0.00138346
0,5.249059,1.24345e-14,0.000448035
0,3.108585,4.44089e-15,0.00226647
0,7.229293,1.06581e-14,0.000382295
0,1.025575,3.28626e-14,0.000377459
0,1.016033,7.99361e-15,0.00116433
0,1.028265,8.88178e-16,0.00168444
0,6.526769,1.24345e-14,0.000284583
0,1.317593,7.19425e-14,0.000235853
0,1.022181,8.88178e-16,0.000830646
0,2.507163,5.32907e-15,0.00352731
0,1.020493,2.66454e-15,0.000711551
0,1.022013,1.77636e-15,0.0000146491
0,11.49877,1.68754e-14,0.000759714
0,1.014408,3.55271e-15,0.000568105
0,1.023066,9.76996e-15,0.00184382
0,1.02607,5.34683e-13,0.000750870
0,6.342521,1.06581e-14,0.000603636
0,1.009342,3.55271e-15,0.000752489
0,4.89427,7.10543e-15,0.00166013
0,1.007834,9.76996e-15,0.000656437
0,1.02281,4.44089e-15,0.0000211432
0,3.240445,2.57572e-14,0.00303001
0,5.757587,5.32907e-15,0.00122450
0,1.019853,1.77636e-15,0.000326642
0,1.022211,1.77636e-15,0.000130175
0,1.021693,5.32907e-15,0.000507944
0,1.029821,1.77636e-15,0.000422126
0,7.839096,3.28626e-14,0.000417538
0,1.016215,3.55271e-15,0.00102211
0,2.238516,4.44089e-15,0.00280165
0,14.50876,5.32907e-15,0.000237618
0,3.32799,5.32907e-15,0.00148793
0,1.008823,5.32907e-15,0.000587052
0,1.019051,2.74447e-13,0.00159131
0,1.016648,3.55271e-15,0.000790302
0,1.015786,1.77636e-15,0.000677859
0,1.232957,4.44089e-15,0.00191664
0,1.025994,7.63833e-14,0.0000761773
0,7.535915,1.39444e-13,0.00193705
0,1.019185,1.77636e-15,0.00111099
0,3.968639,7.10543e-15,0.00218496
0,2.97698,4.44089e-15,0.000896191
0,8.125647,9.76996e-15,0.00152032
0,5.966473,3.81917e-14,0.000206253
0,1.331361,1.88294e-13,0.00277647
0,1.80605,1.59872e-13,0.00273743
0,5.522896,4.44089e-15,0.00154550
0,1.023018,3.55271e-15,0.00142303
0,2.055203,2.66454e-15,0.00296713
0,4.707081,7.10543e-15,0.00100334
0,1.015258,4.52971e-13,0.00144142
0,1.407264,5.07150e-13,0.00163255
0,1.030053,3.55271e-15,0.0000148147
0,1.020493,4.61853e-14,0.00171631
0,5.226492,7.10543e-15,0.000731441
0,1.049966,4.44089e-15,0.000932354
0,2.030123,2.66454e-15,0.00120098
0,5.898712,1.77636e-14,0.00248010
0,8.949887,2.39808e-14,0.000672415
0,7.894324,8.88178e-15,0.00105257
0,1.021348,3.55271e-15,0.000875164
0,2.37788,2.66454e-15,0.00132228
0,1.018517,3.55271e-15,0.00169154
0,3.688964,2.93099e-14,0.000901437
0,4.10273,3.55271e-15,0.000166396
0,1.019336,1.77636e-15,0.000120345
0,3.3958,5.32907e-15,0.00220661
0,1.021836,4.44089e-15,0.000203085
0,1.008282,3.28626e-14,0.000298843
0,1.029175,2.66454e-15,0.000298964
0,1.004642,2.22045e-14,0.0000832615
0,1.019401,7.10543e-15,0.000191338
0,12.5189,7.10543e-15,0.000158201
0,3.64526,5.32907e-15,0.00328406
0,1.027392,1.58984e-13,0.00163104
0,1.027404,1.68754e-14,0.000813100
0,2.01337,3.55271e-15,0.00169315
0,1.860258,6.21725e-15,0.00310326
0,4.603336,5.32907e-15,0.00175494
0,4.603323,7.10543e-15,0.00160586
0,3.517457,8.88178e-15,0.00317126
0,1.715904,1.77636e-15,0.00363528
0,1.045336,8.27782e-13,0.0000491225
0,6.288716,7.10543e-15,0.00147426
0,0.735284,1.50990e-14,0.00146304
0,1.005261,9.76996e-15,0.000464006
0,18.66383,4.97380e-14,0.000916703
0,1.028377,1.77636e-14,0.00156500
0,1.025754,3.55271e-15,0.00156253
0,1.017599,2.66454e-15,0.00127853
0,2.298183,4.44089e-15,0.00406312
0,1.028764,1.20792e-13,0.00157836
0,1.018366,4.44089e-15,0.000639652
0,4.651877,7.99361e-15,0.000667431
0,1.0147,3.10862e-14,0.000595823
0,4.353949,1.77636e-15,0.00222073
0,1.037987,1.50102e-13,0.00150613
0,9.224798,6.59917e-13,0.000353141
0,1.017387,3.55271e-15,0.000819096
0,1.02018,8.88178e-15,0.000240573
0,8.041669,1.95399e-14,0.000353013
0,3.144629,4.44089e-15,0.00109144
0,1.087667,1.38556e-13,0.00172176
0,1.015022,1.77636e-15,0.000764962
0,7.207262,7.81597e-14,0.000905143
0,9.151664,1.77636e-14,0.0000303269
0,1.029991,2.27374e-13,0.00157936
0,1.028041,4.09450e-13,0.000191530
0,1.840971,1.95399e-14,0.00278857
0,1.789406,1.77636e-15,0.00201467
0,7.723142,8.88178e-15,0.000507468
0,1.016119,4.44089e-15,0.00148517
0,6.81828,1.59872e-14,0.00140317
0,8.950966,7.10543e-15,0.000723917
0,1.028045,1.77636e-13,0.000653146
0,8.731816,8.88178e-15,0.000578119
0,1.012955,3.55271e-15,0.00126399
0,1.024602,1.77636e-15,0.00174121
0,1.017597,3.91687e-13,0.00156036
0,3.712335,7.10543e-15,0.00179324
0,1.013091,7.10543e-15,0.000152568
0,2.17919,1.42109e-14,0.00102474
0,0.9948099,1.77636e-15,0.0000200341
0,1.024977,2.84217e-14,0.000889305
0,1.025196,4.79616e-14,0.000145756
0,1.007211,2.66454e-15,0.00151870
0,5.811643,5.32907e-15,0.00136830
0,1.021256,3.55271e-15,0.000656662
0,1.013756,7.10543e-15,0.00120950
0,1.022126,5.32907e-15,0.00188082
0,6.868424,7.10543e-15,0.000938692
0,6.64533,6.92779e-14,0.00197240
0,4.422857,3.10862e-14,0.00257124
0,4.359784,8.88178e-15,0.000133705
0,1.044903,1.77636e-15,0.00138379
0,1.015586,3.55271e-15,0.000948331
0,4.614895,9.76996e-15,0.000781784
0,1.024435,1.77636e-15,0.0000849358
0,1.473029,2.04281e-13,0.00249277
0,1.022341,2.66454e-15,0.00142604
0,2.631777,1.95399e-14,0.00334957
0,1.025321,2.66454e-15,0.00171581
0,4.499044,6.03961e-14,0.000263344
0,18.47538,1.95399e-14,0.000262346
0,10.72526,1.42109e-14,0.00113366
0,1.017863,4.44089e-15,0.000375275
0,3.184609,4.44089e-15,0.00208324
0,1.019827,2.39808e-14,0.00131441
0,1.016422,7.99361e-15,0.00107791
0,10.87524,7.01661e-14,0.000124621
0,1.030595,2.66454e-15,0.00131015
0,2.682582,2.66454e-15,0.00198157
0,1.01963,4.44089e-15,0.000759561
0,2.620488,4.08562e-14,0.000818146
0,1.044298,2.66454e-15,0.000109110
0,1.524074,5.32907e-15,0.00280160
0,1.900219,2.66454e-15,0.000989646
0,1.022407,2.66454e-15,0.00154816
0,1.014722,4.44089e-15,0.000953705
0,4.222709,3.55271e-15,0.00251006
0,5.960754,4.44089e-15,0.0000289979
0,1.464828,1.77636e-14,0.00285726
0,1.02317,1.65201e-13,0.000417687
0,2.165006,7.10543e-15,0.00211497
0,10.39493,2.66454e-14,0.00101709
0,2.068172,1.77636e-15,0.00249986
0,9.28791,6.21725e-15,0.00127841
0,1.018121,7.99361e-15,0.00140617
0,1.027566,1.42109e-14,0.00155031
0,1.020248,3.55271e-15,0.000254187
0,1.483526,1.77636e-15,0.00186934
0,1.017462,2.84217e-14,0.00183658
0,5.992995,1.95399e-14,0.00134749
0,39.02647,3.73035e-14,0.000180130
0,2.214028,7.99361e-15,0.00238170
0,1.023065,2.66454e-15,0.00136140
0,1.021415,3.55271e-15,0.00163345
0,7.780765,8.88178e-15,0.000263921
0,1.028021,7.10543e-15,0.00177948
0,1.019857,1.77636e-15,0.00104398
0,4.343367,7.10543e-15,0.00164056
0,2.671796,1.95399e-14,0.00169405
0,1.03124,1.77636e-15,0.000226793
0,4.116397,1.06581e-14,0.00189248
0,3.271796,4.44089e-15,0.000147539
0,1.005932,2.66454e-15,0.000893736
0,1.305334,1.77636e-15,0.000560202
0,8.418975,2.48690e-14,0.00156682
0,1.022853,3.55271e-15,0.00187518
0,1.026128,1.77636e-15,0.0000879977
0,1.362542,1.46549e-13,0.00192504
0,1.016224,1.77636e-15,0.00119729
0,1.020357,6.21725e-15,0.000938722
0,5.621079,1.33227e-14,0.000699064
0,1.82555,5.32907e-15,0.00277138
0,2.129561,8.88178e-15,0.000402305
0,3.622389,2.12275e-13,0.00218003
0,1.015869,8.88178e-15,0.000461973
0,1.021455,1.77636e-15,0.00158460
0,1.021558,1.77636e-15,0.0000380116
0,1.018694,9.76996e-15,0.000973884
0,1.017172,5.59552e-14,0.00124125
0,1.020612,3.55271e-15,0.000784051
0,1.026893,3.55271e-15,0.000395560
0,1.021404,1.77636e-15,0.000250935
0,1.026896,1.75859e-13,0.00185173
0,4.020126,5.32907e-15,0.00123953
0,2.393679,1.24345e-14,0.00118384
0,1.014099,4.44089e-15,0.000253255
0,10.82098,2.13163e-14,0.000600415
0,6.973459,9.76996e-15,0.000280628
0,1.09346,1.77636e-15,0.000907682
0,2.500693,2.66454e-15,0.00217241
0,5.055243,1.29674e-13,0.00263829
0,1.018459,2.66454e-15,0.00113029
0,1.017913,1.77636e-15,0.000331385
0,1.02824,2.66454e-15,0.00138156
0,1.020157,7.10543e-14,0.0000248588
0,1.023181,1.77636e-15,0.000313179
0,1.019363,7.10543e-15,0.000262369
0,11.47322,1.50990e-14,0.000878613
0,4.785776,1.06581e-14,0.000294916
0,2.925202,7.10543e-15,0.000211651
0,1.01255,3.55271e-15,0.000872901
0,38.92429,5.77316e-14,0.000238270
0,1.022884,6.03961e-14,0.00181625
0,4.547502,3.55271e-15,0.00307586
0,6.256075,7.10543e-15,0.000115325
0,12.47875,1.77636e-14,0.000430661
0,1.011967,2.66454e-15,0.0000208965
0,1.020392,1.73195e-13,0.00142330
0,1.012692,1.63425e-13,0.000317344
0,2.362196,6.21725e-15,0.00221782
0,1.025294,2.66454e-15,0.00141779
0,1.027643,8.88178e-16,0.0000489938
0,4.826687,1.15463e-14,0.00249013
0,15.03811,1.77636e-14,0.000169628
0,2.647294,4.61853e-14,0.00117299
0,1.007013,1.42109e-14,0.000933688
0,4.898658,1.15463e-14,0.00111823
0,3.364794,8.88178e-15,0.00158680
0,4.282791,4.44089e-15,0.00201337
0,1.506657,3.55271e-15,0.000742458
0,1.451832,7.10543e-15,0.00218850
0,1.01134,3.37508e-14,0.00105564
0,2.690078,3.55271e-15,0.00284491
0,1.01068,5.32907e-15,0.000253650
0,2.506063,5.32907e-15,0.00431983
0,0.9982473,1.77636e-15,0.000303534
0,1.022447,2.44249e-13,0.0000942962
0,11.28794,8.88178e-15,0.000654747
0,3.390749,7.10543e-14,0.00301874
0,4.816725,4.44089e-15,0.00226732
0,1.457836,4.44089e-15,0.00316275
0,2.011831,1.74083e-13,0.00161112
0,13.50265,1.24345e-14,0.000907321
0,1.024157,3.55271e-15,0.00156459
0,1.021147,2.66454e-15,0.000194063
0,4.782907,4.49418e-13,0.000656381
0,1.361445,1.06581e-14,0.00180743
0,1.01486,2.39808e-14,0.00141941
0,2.428191,5.32907e-15,0.00220773
0,1.011775,2.84217e-14,0.000551825
0,1.446141,1.77636e-15,0.00132471
0,1.800913,1.77636e-15,0.000885006
0,1.278774,6.03961e-14,0.000163663
0,1.033939,3.55271e-14,0.000232018
0,1.022066,1.77636e-15,0.000795220
0,1.018823,1.77636e-15,0.000762877
0,1.019357,6.21725e-15,0.00135700
0,1.016161,8.88178e-14,0.00117243
0,10.55048,2.30926e-14,0.000846944
0,17.57963,3.01981e-14,0.000410835
0,4.892219,1.50990e-14,0.00258785
0,1.5808,1.77636e-15,0.00344676
0,4.469031,6.21725e-15,0.00290544
0,1.013877,1.77636e-15,0.000315336
0,2.998599,1.77636e-15,0.00338099
0,4.121018,1.20792e-13,0.00259694
0,2.005109,2.13163e-14,0.00385163
0,1.594018,6.14619e-13,0.00219974
0,1.012106,5.32907e-15,0.000275353
0,13.26584,2.22045e-14,0.000577681
0,1.02498,5.68434e-14,0.000231768
0,1.019576,5.32907e-13,0.000988497
0,1.023125,6.21725e-15,0.000881170
0,27.30949,3.01981e-14,0.0000369490
0,1.034789,1.24345e-14,0.00120311
0,2.373937,3.55271e-15,0.00182077
0,2.242094,4.44089e-15,0.00270444
0,1.883011,1.77636e-15,0.00264283
0,5.808367,3.65041e-13,0.00212008
0,3.157491,6.21725e-15,0.00295434
0,1.021341,1.77636e-15,0.000621742
0,9.064772,6.15508e-13,0.00163311
0,1.012703,1.77636e-15,0.000444054
0,1.813213,4.44089e-15,0.00288675
0,6.079269,6.21725e-15,0.00118829
0,1.006169,3.55271e-15,0.00120717
0,1.016518,3.73035e-14,0.00104817
0,1.018816,2.04281e-14,0.000859034
0,1.027489,8.97060e-14,0.000679441
0,9.107528,1.59872e-14,0.000804594
0,1.010436,1.59872e-14,0.000408807
0,1.013057,2.30926e-14,0.000543854
0,1.024121,3.01981e-14,0.00104792
0,1.021488,4.44089e-15,0.00131697
0,2.725207,6.21725e-15,0.00244448
0,1.02015,2.66454e-15,0.00143724
0,1.022844,1.77636e-15,0.000291559
0,1.018309,2.13163e-13,0.00186970
0,36.80013,4.35207e-14,0.0000116153
0,8.094246,7.10543e-15,0.00255830
0,2.215211,3.55271e-15,0.00191862
0,1.01984,5.32907e-15,0.000385581
0,1.079483,1.77636e-15,0.000485594
0,10.8155,7.99361e-15,0.00101029
0,20.27044,2.39808e-14,0.000591585
0,2.673196,9.79661e-13,0.00204524
0,1.018359,3.55271e-15,0.000427578
0,1.021093,3.55271e-15,0.000754275
0,11.82079,1.68754e-14,0.000347129
0,1.003874,1.06581e-14,0.00158019
0,2.753461,1.23457e-13,0.000787544
0,1.010848,6.39488e-14,0.00163179
0,2.02893,4.44089e-15,0.000498465
0,1.026968,8.88178e-15,0.000248259
0,1.013877,3.28626e-14,0.000587760
0,3.371705,2.48690e-14,0.0000529616
0,2.686318,1.52767e-13,0.00311697
0,2.589152,1.77636e-14,0.00212126
0,11.23446,1.68754e-14,0.000890205
0,9.887671,1.15463e-14,0.000477465
0,1.015949,4.44089e-15,0.000479077
0,6.985925,1.06581e-14,0.000168256
0,5.753059,1.06581e-14,0.00200065
0,3.387054,2.04281e-14,0.00219560
0,18.49499,2.39808e-14,0.0000776879
0,4.657487,5.32907e-15,0.00164908
0,1.30492,8.34888e-14,0.00301237
0,1.01057,5.32907e-15,0.000477304
0,2.6201,3.55271e-15,0.00116462
0,4.83875,6.39488e-14,0.000443366
0,1.021414,7.10543e-15,0.00177151
0,1.020627,3.55271e-15,0.000594670
0,3.284415,3.01981e-14,0.00196610
0,2.759334,1.93623e-13,0.000953053
0,1.015866,1.59872e-14,0.00118062
0,3.054672,9.76996e-15,0.00266851
0,1.083488,1.77636e-15,0.00132936
0,1.031773,3.55271e-15,0.000235076
0,1.602174,1.77636e-15,0.000125066
0,1.860527,3.55271e-15,0.00315739
0,1.017809,1.77636e-15,0.000933224
0,8.725187,2.04281e-14,0.000630785
0,3.385225,1.95399e-14,0.00335625
0,5.344648,7.10543e-15,0.00125889
0,1.023629,8.34888e-14,0.00172013
0,1.861816,2.66454e-15,0.000763205
0,7.607855,8.88178e-15,0.00145345
0,1.033002,3.55271e-15,0.00170211
0,9.365259,4.44089e-15,0.000115896
0,8.329805,1.24345e-14,0.00212113
0,1.029015,1.77636e-15,0.000171500
0,9.254756,2.57572e-14,0.0000474426
0,3.016004,3.63265e-13,0.00326707
0,1.009738,1.86517e-14,0.00114866
0,1.019953,8.88178e-16,0.00131167
0,1.014747,3.55271e-15,0.0000556095
0,1.017857,6.21725e-15,0.000881155
0,1.014967,1.77636e-15,0.00101536
0,1.024387,2.57572e-14,0.00133753
0,5.90104,6.50147e-13,0.00141279
0,3.978041,6.92779e-14,0.00178250
0,1.029139,1.13687e-13,0.00107521
0,1.019502,1.59872e-14,0.000420840
0,12.90381,1.24345e-14,0.000903652
0,4.754312,4.26326e-14,0.00284738
0,1.063416,6.51923e-13,0.000287414
0,1.027123,1.15463e-14,0.000362343
0,3.149623,8.88178e-15,0.000137945
0,17.8681,3.19744e-14,0.000455590
0,4.434202,1.06581e-14,0.00241877
0,1.015206,3.55271e-15,0.000843415
0,8.212268,1.24345e-14,0.00124776
0,3.587753,7.99361e-15,0.00176353
0,4.482734,5.32907e-15,0.00228521
0,10.57805,1.50990e-14,0.000305393
0,1.017317,1.77636e-15,0.000374793
0,8.681743,2.30926e-14,0.00165330
0,5.320358,2.30926e-14,0.000496577
0,2.475311,6.21725e-15,0.00185516
0,3.823083,7.10543e-15,0.00331673
0,1.019076,3.55271e-15,0.000682044
0,5.684717,6.21725e-15,0.00256321
0,2.361999,2.66454e-15,0.00158629
0,6.346429,1.50990e-14,0.000824555
0,1.02551,1.77636e-15,0.000832811
0,1.042974,7.10543e-15,0.00171543
0,1.014849,1.44773e-13,0.00150670
0,1.685778,3.55271e-15,0.00149305
0,3.866059,3.55271e-15,0.000835364
0,21.35923,3.10862e-14,0.000116167
0,2.941243,6.21725e-15,0.00254211
0,10.1835,1.59872e-14,0.000991496
0,1.015129,3.55271e-15,0.00115107
0,9.760588,2.75335e-14,0.000907503
0,1.016468,8.88178e-16,0.00120367
0,19.58723,2.22045e-14,0.000898906
0,1.018957,1.77636e-15,0.000451088
0,1.015716,2.66454e-15,0.00126296
0,2.601879,7.10543e-15,0.00328979
0,1.015667,5.32907e-15,0.00128688
0,1.565226,2.66454e-15,0.00204167
0,1.028678,2.30926e-14,0.00134200
0,3.279107,7.10543e-15,0.00108974
0,5.279606,1.59872e-14,0.00196896
0,5.818648,4.61853e-14,0.00102130
0,3.37711,1.00364e-13,0.00137234
0,1.02776,1.77636e-15,0.0000603338
0,1.014969,1.24345e-14,0.000942070
0,1.020527,3.55271e-15,0.0000190388
0,1.547099,8.88178e-16,0.000519916
0,4.300916,5.32907e-15,0.00238288
0,12.33977,7.10543e-15,0.00136255
0,8.319877,1.42109e-14,0.00191153
0,9.201634,1.50990e-14,0.00149757
0,2.698539,2.66454e-15,0.00114919
0,1.024633,7.10543e-15,0.000822388
0,2.27851,5.32907e-15,0.000273612
0,30.43719,2.13163e-14,0.000587504
0,1.697108,3.16192e-13,0.00397438
0,4.203178,1.15463e-14,0.00104182
0,1.023211,1.77636e-15,0.000313810
0,7.982334,1.06581e-14,0.00205627
0,5.36128,7.10543e-15,0.000822281
0,1.020904,8.88178e-16,0.00102456
0,1.024218,4.44089e-15,0.000560410
0,2.211037,3.55271e-15,0.00382963
0,3.916913,1.24345e-14,0.00163331
0,1.025704,6.90115e-13,0.000936488
0,1.012655,1.91847e-13,0.000669432
0,3.888361,3.55271e-15,0.000971949
0,2.769207,1.77636e-15,0.00222945
0,1.003683,2.66454e-15,0.00130694
0,1.010563,2.84217e-14,0.000541373
0,1.016866,3.46390e-14,0.000870103
0,1.015204,1.77636e-14,0.000225518
0,1.01617,4.52971e-14,0.000914130
0,1.011994,3.42837e-13,0.00144992
0,1.016705,3.55271e-15,0.000745907
0,13.5193,3.36620e-13,0.00113709
0,1.023051,1.77636e-15,0.00168819
0,1.333824,5.32907e-15,0.000233277
0,6.02617,1.59872e-14,0.000986501
0,1.022346,1.17240e-13,0.000671607
0,5.966171,3.90799e-14,0.000170880
0,1.022671,3.55271e-15,0.000372287
0,6.858513,3.55271e-15,0.000592105
0,2.602133,7.19425e-14,0.00280717
0,1.023526,6.21725e-15,0.00171437
0,2.302595,7.99361e-15,0.00259531
0,1.017405,5.95080e-14,0.00167639
0,4.326183,8.88178e-15,0.00245410
0,3.809024,5.32907e-15,0.000833016
0,1.011565,1.77636e-15,0.000916357
0,0.9924737,1.77636e-15,0.00151567
0,1.01729,6.21725e-15,0.000289144
0,8.912621,1.33227e-14,0.000180609
0,1.005103,1.77636e-15,0.000101415
0,1.029689,2.66454e-15,0.00160793
0,1.016068,2.57572e-14,0.00152219
0,7.576242,8.88178e-15,0.0000300163
0,1.265156,6.21725e-15,0.000955205
0,2.486039,8.88178e-15,0.00166072
0,1.027862,1.77636e-15,0.000723682
0,1.02399,7.10543e-15,0.00138867
0,3.74498,3.55271e-15,0.00130575
0,12.64821,1.15463e-14,0.00122441
0,9.907357,2.84217e-14,0.00130129
0,3.883419,5.32907e-15,0.00228710
0,10.60981,1.24345e-14,0.000812792
0,1.019181,1.24345e-14,0.00127326
0,1.012948,6.75016e-14,0.000894839
0,1.018574,5.32907e-15,0.000943840
0,2.294793,5.32907e-15,0.00255115
0,1.014667,9.64562e-13,0.00161317
0,8.058869,3.37508e-13,0.00151678
0,1.015993,4.44089e-15,0.00115145
0,1.026588,2.75335e-14,0.00118495
0,3.297385,3.55271e-15,0.00253222
0,4.731558,2.66454e-15,0.000309267
0,1.01999,2.66454e-15,0.00143502
0,3.993259,1.95399e-14,0.00284489
0,1.025804,3.55271e-15,0.00168150
0,1.022688,3.55271e-15,0.000941234
0,3.11746,5.32907e-15,0.000989382
0,7.880925,1.24345e-14,0.000335437
0,1.029523,2.66454e-15,0.000849793
0,1.017101,6.75016e-14,0.00112714
0,4.58831,8.88178e-15,0.00297500
0,1.018379,3.55271e-15,0.000648344
0,1.021475,1.77636e-15,0.00130078
0,5.561412,7.10543e-15,0.0000801075
0,5.74737,4.44089e-15,0.000973890
0,10.45565,1.06581e-14,0.00164145
0,3.597699,3.55271e-15,0.00175629
0,2.036509,3.55271e-15,0.00371228
0,1.031397,1.77636e-15,0.000326276
0,1.012332,1.77636e-15,0.0000488719
0,13.36949,2.39808e-14,0.000446458
0,1.023922,2.66454e-15,0.00126925
0,6.522971,4.97380e-14,0.00243654
0,1.625469,3.55271e-15,0.00177624
0,1.01531,5.98632e-13,0.0000810710
0,4.987484,5.32907e-15,0.000925787
0,1.018953,7.01661e-14,0.000626865
0,4.642593,9.76996e-15,0.00108167
0,7.285007,2.66454e-14,0.0000207826
0,1.021958,4.44089e-15,0.00156622
0,4.831622,6.21725e-15,0.00191654
0,1.022051,6.21725e-14,0.00173561
0,9.306206,7.10543e-15,0.0000196378
0,6.098968,2.67342e-13,0.000286830
0,1.014964,4.44089e-15,0.000260457
0,1.019397,1.86517e-14,0.00169223
0,1.014332,3.55271e-15,0.000884309
0,1.0207,6.14619e-13,0.000848952
0,3.983337,3.21521e-13,0.00200639
0,1.016997,8.88178e-16,0.00110671
0,4.43551,5.32907e-15,0.000558837
0,7.396456,2.39808e-14,0.000877712
0,9.787165,1.24345e-14,0.00101715
0,1.020205,3.55271e-15,0.000315740
0,1.024457,4.13891e-13,0.00101512
0,1.014563,1.77636e-15,0.00122855
0,1.030857,1.31450e-13,0.000399379
0,1.012976,1.77636e-15,0.0000425160
0,9.808189,1.15463e-14,0.000603320
0,1.015952,2.26485e-13,0.00162367
0,4.338263,7.10543e-15,0.00152673
0,1.027439,1.68754e-14,0.00189379
0,4.598239,7.99361e-15,0.000589284
0,1.011674,1.77636e-15,0.00100868
0,1.032383,3.55271e-15,0.000573042
0,1.015784,4.52971e-14,0.00118076
0,1.015033,1.31450e-13,0.000147926
0,1.658193,3.55271e-15,0.00245749
0,8.511133,1.24345e-14,0.00213838
0,12.97467,1.33227e-14,0.00127315
0,20.09404,9.76996e-15,0.00110767
0,1.016858,5.32907e-15,0.0000785676
0,1.025334,4.56524e-13,0.000495532
0,1.033088,5.32907e-14,0.000814109
0,1.020379,2.93987e-13,0.0000953647
0,20.29507,6.39488e-14,0.00104917
0,2.224537,1.77636e-15,0.000493798
0,1.011924,1.77636e-14,0.0000455750
0,1.018293,3.55271e-15,0.000585684
0,1.031653,4.44089e-15,0.000777001
0,3.133422,3.55271e-15,0.000317147
0,1.020133,5.32907e-15,0.000569607
0,2.433207,8.88178e-15,0.000969492
0,5.36633,1.50990e-14,0.00138022
0,3.007842,3.55271e-15,0.00279694
0,1.015119,1.59872e-14,0.00143890
0,5.945382,1.68754e-14,0.000823422
0,5.468108,4.44089e-15,0.00133946
0,2.452665,1.77636e-15,0.00309875
0,1.013122,3.55271e-15,0.00124012
0,1.018445,3.41061e-13,0.00176892
0,0.9965405,2.66454e-15,0.000349406
0,9.06104,1.06581e-14,0.000876809
0,4.15344,5.32907e-15,0.00357139
0,15.5831,3.19744e-14,0.00135305
0,6.236959,8.88178e-15,0.000360139
0,1.046599,1.77636e-15,0.00123917
0,2.051691,3.55271e-15,0.00334993
0,10.01331,3.19744e-14,0.00112641
0,2.307454,5.06262e-14,0.00279183
0,1.912015,6.21725e-15,0.00213127
0,4.560678,8.88178e-15,0.00222290
0,1.013545,1.95399e-14,0.00138709
0,1.024898,1.26121e-13,0.000889509
0,1.011155,4.44089e-15,0.000107192
0,3.971831,5.32907e-15,0.000201617
0,1.023421,3.55271e-15,0.00160950
0,1.012149,3.55271e-15,0.000417480
0,3.308887,2.88658e-13,0.00242196
0,1.028802,4.79616e-14,0.00138041
0,8.707639,1.06581e-14,0.000668157
0,1.018876,2.21156e-13,0.000353501
0,1.027822,3.55271e-15,0.00116707
0,1.024492,7.01661e-14,0.000668946
0,6.889648,9.36140e-13,0.00151306
0,1.013841,3.55271e-15,0.000994483
0,1.003635,1.77636e-15,0.000413845
0,1.027334,1.42109e-14,0.00109970
0,4.090332,7.10543e-15,0.00118324
0,1.02684,1.77636e-15,0.000569483
0,1.022059,4.44089e-15,0.0000230160
0,6.192811,1.15463e-14,0.00236205
0,4.656283,9.76996e-15,0.00110472
0,1.559743,1.77636e-15,0.000921405
0,1.86292,3.55271e-15,0.00288577
0,1.014388,1.79412e-13,0.000645724
0,10.35922,1.68754e-14,0.000302814
0,1.017867,1.77636e-15,0.00132856
0,1.019416,3.73035e-14,0.000583597
0,1.039486,5.70211e-13,0.000711950
0,1.870299,1.03029e-13,0.00369279
0,4.482248,7.99361e-15,0.00267146
0,1.010753,1.77636e-15,0.00101413
0,1.021368,3.55271e-15,0.000207900
0,1.008778,1.77636e-15,0.00104353
0,0.9846476,1.73195e-13,0.00114701
0,2.465989,1.77636e-15,0.00264652
0,3.831019,7.10543e-15,0.00266240
0,1.022398,1.77636e-15,0.000889334
0,3.251236,2.66454e-15,0.000709958
0,14.69088,1.59872e-14,0.000529736
0,6.805097,7.99361e-15,0.00155837
0,14.33463,1.15463e-14,0.000627432
0,1.019524,7.99361e-15,0.000347980
0,1.028151,9.76996e-15,0.000891587
0,1.008351,7.10543e-15,0.00129699
0,1.018467,3.55271e-15,0.00168738
0,4.134231,8.88178e-15,0.00218952
0,3.088985,1.59872e-14,0.00107753
0,2.343771,3.33067e-13,0.00219821
0,1.021235,5.29354e-13,0.000827197
0,1.021859,1.77636e-15,0.000327719
0,2.057818,3.55271e-15,0.000930343
0,2.373629,2.66454e-15,0.00152751
0,3.450532,5.32907e-15,0.0000138890
0,1.023414,2.10498e-13,0.000881798
0,1.014079,3.55271e-15,0.000115946
0,6.635394,7.99361e-15,0.000995460
0,1.015598,3.64153e-14,0.000330652
0,1.028616,7.10543e-15,0.00115624
0,6.498568,1.06581e-14,0.00187929
0,1.017437,1.77636e-15,0.00113787
0,4.638858,6.21725e-15,0.00139452
0,1.014558,1.77636e-15,0.00159780
0,1.020426,2.66454e-15,0.00108253
0,7.869805,8.88178e-15,0.00160912
0,1.011285,1.77636e-15,0.000375675
0,1.022583,3.55271e-15,0.00181272
0,1.481947,1.77636e-15,0.00135320
0,1.01653,1.15463e-14,0.000523514
0,1.024258,1.77636e-15,0.000713467
0,1.012588,3.87246e-13,0.000458305
0,11.34717,6.21725e-15,0.000287175
0,2.01471,6.21725e-15,0.00264743
0,2.300605,1.77636e-15,0.00288497
0,1.029736,2.69118e-13,0.000203230
0,9.138796,1.15463e-14,0.00108010
0,1.018483,5.32907e-15,0.00134084
0,1.021278,1.77636e-15,0.000264760
0,1.035185,1.06581e-13,0.000354758
0,1.017922,4.44089e-15,0.000465545
0,1.015687,2.99316e-13,0.000827700
0,3.199692,1.77636e-13,0.00193465
0,5.649786,1.06581e-14,0.00183414
0,3.31555,3.55271e-15,0.00144151
0,1.010705,2.66454e-15,0.00131031
0,6.185738,1.77636e-14,0.00191251
0,1.016295,4.44089e-15,0.000430731
0,14.72585,1.27898e-13,0.000558692
0,1.021716,3.55271e-15,0.000593770
0,2.184515,6.21725e-15,0.00318258
0,1.010502,2.66454e-15,0.00119422
0,3.947231,5.32907e-15,0.00172601
0,1.013307,4.44089e-15,0.000305428
0,1.021651,2.46025e-13,0.000691836
0,1.016698,1.77636e-15,0.00120702
0,4.135087,6.21725e-15,0.00290832
0,3.196374,3.55271e-15,0.00328606
0,18.91176,1.59872e-14,0.000430811
0,2.915325,9.94760e-14,0.00185153
0,1.01487,2.02505e-13,0.000536080
0,1.025077,2.66454e-15,0.000890810
0,7.523927,2.22045e-14,0.00157884
0,1.014952,1.77636e-15,0.000103699
0,4.079696,8.88178e-15,0.00135268
0,5.963364,7.54952e-14,0.0000401412
0,1.016385,2.66454e-15,0.00146729
0,1.015054,4.44089e-15,0.00107089
0,1.023992,9.13936e-13,0.000227907
0,1.03045,1.77636e-15,0.000971957
0,1.020397,3.55271e-15,0.000325276
0,1.024145,2.04281e-14,0.000708222
0,5.696774,8.88178e-15,0.000448728
0,1.005453,3.55271e-15,0.000615942
0,1.019936,1.77636e-15,0.000372279
0,1.016921,1.77636e-15,0.000273358
0,1.02018,2.66454e-15,0.000824052
0,1.028615,6.21725e-15,0.00186048
0,1.613364,6.21725e-15,0.00197410
0,3.275652,3.37508e-14,0.00147986
0,3.366783,2.39808e-14,0.000660351
0,1.025836,1.77636e-15,0.0000920820
0,1.01687,7.99361e-15,0.00153969
0,1.047489,1.43885e-13,0.00149418
0,1.011606,3.81917e-14,0.000212031
0,1.015689,5.24025e-13,0.00173671
0,1.728191,1.26121e-13,0.00229592
0,3.266883,1.77636e-15,0.00195884
0,1.023014,3.55271e-15,0.00143317
0,2.37543,3.55271e-15,0.00169729
0,1.020875,1.77636e-15,0.00191577
0,8.022577,5.32907e-15,0.000592526
0,1.184633,3.55271e-15,0.000530595
0,9.887158,6.21725e-15,0.000212962
0,2.430124,1.50990e-13,0.000451551
0,2.296912,3.55271e-15,0.00129344
0,1.244896,4.61853e-14,0.00212554
0,1.02386,9.94760e-14,0.000355676
0,2.179108,1.77636e-15,0.00190045
0,7.31088,7.10543e-15,0.000398282
0,1.013634,1.77636e-15,0.000767522
0,1.023337,1.77636e-15,0.00180596
0,1.024263,2.66454e-15,0.00102572
0,3.539048,1.06581e-14,0.00206329
0,1.017274,2.30926e-14,0.00114918
0,4.566218,5.32907e-15,0.00133455
0,0.9972929,5.09814e-13,0.000169999
0,6.801836,8.88178e-15,0.000741040
0,1.023494,1.06581e-14,0.00139681
0,2.003326,1.77636e-15,0.00232571
0,1.024005,2.66454e-15,0.00121049
0,1.016852,1.77636e-15,0.000421237
0,1.024982,3.55271e-15,0.000105028
0,1.032078,2.66454e-15,0.000288946
0,1.013133,2.75335e-14,0.000754151
0,2.292854,8.88178e-16,0.00187457
0,1.014044,1.77636e-15,0.000810627
0,1.020454,4.61853e-14,0.000738930
0,1.250218,7.10543e-15,0.00146566
0,5.18708,3.28626e-14,0.00178885
0,1.00778,1.47438e-13,0.00177361
0,1.638841,3.55271e-15,0.00327683
0,1.028857,9.76996e-15,0.000714278
0,1.018798,1.77636e-15,0.000500480
0,7.943386,1.24345e-14,0.000293472
0,15.66012,3.19744e-14,0.000365609
0,1.016003,5.00933e-13,0.000946891
0,1.020106,3.55271e-15,0.0000123227
0,4.74112,1.68754e-14,0.00109994
0,2.566791,7.10543e-14,0.00161091
0,1.018495,3.55271e-15,0.00166459
0,1.108152,1.77636e-15,0.000566595
0,1.01904,2.66454e-15,0.000884126
0,1.015658,3.55271e-15,0.00151954
0,1.021095,2.66454e-15,0.00157290
0,1.008058,7.01661e-14,0.00126583
0,1.645102,3.55271e-15,0.00162253
0,0.7120215,6.21725e-15,0.00214415
0,1.024342,3.55271e-15,0.000430903
0,1.015973,1.87406e-13,0.000160705
0,1.025037,7.10543e-15,0.000887706
0,1.011626,4.44089e-15,0.00148648
0,1.027409,5.32907e-15,0.00114423
0,1.026039,9.14824e-14,0.000868479
0,1.699905,5.32907e-15,0.00214659
0,4.475905,5.32907e-15,0.00250292
0,7.800183,6.21725e-15,0.00194987
0,1.023799,1.77636e-15,0.00115488
0,1.025364,3.55271e-15,0.00176021
0,1.000253,1.77636e-15,0.000775861
0,1.040759,2.38920e-13,0.000507979
0,2.850935,8.88178e-15,0.00130007
0,1.028809,2.66454e-15,0.000817754
0,2.755364,6.21725e-15,0.000399450
0,1.024931,4.44089e-15,0.000949454
0,1.017449,4.26326e-14,0.00155059
0,4.149912,7.10543e-15,0.00122484
0,0.7201457,2.89546e-13,0.00262344
0,1.629498,3.55271e-15,0.000490970
0,1.025498,1.33227e-14,0.000724101
0,3.375557,4.44089e-15,0.00167450
0,1.019973,9.76996e-15,0.00113792
0,1.590887,3.55271e-15,0.00209642
0,2.395236,2.66454e-15,0.00300316
0,1.025887,3.55271e-14,0.00148378
0,5.57073,1.59872e-14,0.000511684
0,3.971398,4.97380e-14,0.00132763
0,2.21438,3.55271e-15,0.000671943
0,1.033032,7.28306e-14,0.00123801
0,1.013177,4.44089e-15,0.000792113
0,1.030737,8.08242e-14,0.00160883
0,1.029147,1.77636e-15,0.000102387
0,1.005954,5.41789e-14,0.0000295695
0,3.545843,3.55271e-15,0.00251826
0,1.028316,1.77636e-15,0.000708015
0,1.022653,3.55271e-15,0.00168742
0,1.021999,3.55271e-15,0.00169348
0,1.017802,1.02141e-13,0.00187418
0,1.021661,3.01981e-14,0.000505972
0,13.92085,1.50990e-14,0.000499747
0,1.022335,1.77636e-15,0.00104934
0,1.011833,8.88178e-16,0.000868934
0,8.809389,1.39444e-13,0.000398295
0,1.011315,3.55271e-15,0.00110208
0,1.037668,2.66454e-15,0.000200844
0,2.862392,1.77636e-15,0.000236958
0,2.552173,8.88178e-15,0.00353644
0,1.033579,3.55271e-15,0.000409674
0,14.55604,1.68754e-14,0.00107348
0,1.015328,1.77636e-15,0.00178019
0,1.016461,6.21725e-15,0.00129538
0,12.19199,2.22045e-14,0.0000235440
0,7.713206,1.50990e-14,0.000896331
0,15.15775,1.50990e-14,0.000807049
0,8.929921,1.33227e-14,0.00148049
0,3.268172,6.21725e-15,0.00195980
0,2.02956,1.77636e-15,0.00289193
0,1.02195,1.33227e-14,0.000675165
0,2.492637,3.55271e-15,0.00391744
0,2.160785,1.77636e-15,0.000837575
0,2.622059,7.10543e-15,0.000240764
0,1.704822,1.63425e-13,0.00331011
0,1.832911,3.55271e-15,0.00148595
0,1.012756,1.77636e-15,0.000843029
0,5.191997,5.52447e-13,0.00206566
0,5.291435,9.76996e-15,0.0000996568
0,2.327004,1.77636e-15,0.00289868
0,1.020635,5.41789e-14,0.000376765
0,4.38885,4.44089e-15,0.00165383
0,1.033319,1.66978e-13,0.00142569
0,1.011193,3.55271e-15,0.00138717
0,5.42079,1.06581e-14,0.000423194
0,1.020403,5.32907e-15,0.00147751
0,6.861835,1.06581e-14,0.00136640
0,1.020485,6.21725e-15,0.00159765
0,9.362441,1.24345e-14,0.00201387
0,13.70003,4.17444e-14,0.000389160
0,6.386643,1.59872e-14,0.00137520
0,2.85033,3.55271e-15,0.000616815
0,1.018635,3.55271e-15,0.000190862
0,14.7771,9.76996e-15,0.000715365
0,2.829002,3.55271e-15,0.00313167
0,1.031002,6.30607e-14,0.000666731
0,1.021184,1.69642e-13,0.00103035
0,9.51661,1.40332e-13,0.00135687
0,3.936564,1.33227e-14,0.00105136
0,1.0044,3.55271e-15,0.000575550
0,1.318607,2.66454e-15,0.00255235
0,5.12098,7.10543e-15,0.00234175
0,1.041434,2.65565e-13,0.00162698
0,2.150035,2.66454e-15,0.00100679
0,1.014672,1.06581e-13,0.0000586237
0,16.64019,4.08562e-14,0.0000417000
0,1.669874,2.84217e-14,0.00209843
0,7.916066,6.21725e-15,0.000847281
0,4.192606,5.32907e-15,0.00151557
0,9.980456,8.88178e-15,0.000985287
0,1.044051,3.55271e-15,0.000385988
0,8.480508,8.88178e-15,0.000432433
0,4.847802,7.10543e-15,0.00120093
0,5.042696,5.32907e-15,5.36968e-7
0,1.02626,4.44089e-15,0.00103897
0,6.043696,5.32907e-15,0.00165023
0,2.994552,6.21725e-15,0.000534350
0,12.45247,3.37508e-14,0.000781056
0,1.983856,4.44089e-15,0.00138521
0,1.039087,3.55271e-15,0.000102298
0,1.021205,3.99680e-13,0.000993424
0,1.020235,4.44089e-15,0.0000285717
0,1.028507,3.55271e-15,0.00129960
0,5.734054,1.59872e-14,0.00160649
0,3.032471,5.32907e-15,0.00237414
0,1.039742,5.32907e-15,0.000587581
0,1.016427,3.55271e-15,0.000501023
0,2.038844,1.77636e-15,0.00191921
0,1.029789,6.21725e-15,0.000521006
0,7.85666,1.24345e-14,0.000669416
0,6.139335,1.48326e-13,0.000105224
0,1.012723,6.12843e-14,0.00158792
0,1.024032,6.21725e-15,0.000374301
0,1.02394,2.66454e-15,0.00182839
0,1.020404,4.44089e-15,0.000518270
0,1.018657,7.10543e-15,0.00183833
0,1.015864,3.55271e-15,0.000793694
0,10.64312,3.73035e-14,0.00159984
0,5.305469,1.33227e-14,0.00148729
0,5.691066,6.21725e-15,0.00185727
0,3.158831,3.55271e-15,0.00116581
0,7.797326,5.88862e-13,0.00138901
0,1.765963,1.77636e-15,0.00353502
0,1.024523,3.55271e-14,0.000523169
0,10.17711,2.30926e-14,0.00108866
0,1.011607,2.30926e-14,0.000843782
0,14.73359,1.42109e-14,0.000794918
0,1.017041,4.44089e-15,0.000184538
0,1.033714,4.44089e-14,0.00113425
0,1.296327,1.77636e-14,0.00156972
0,0.997986,3.73035e-14,0.000400625
0,1.481804,3.32179e-13,0.00166587
0,3.073474,8.88178e-15,0.00170888
0,1.021672,3.55271e-15,0.000480251
0,1.021202,8.58869e-13,0.000191803
0,5.212118,5.32907e-15,0.000499272
0,1.022689,1.77636e-15,0.000351522
0,1.705445,9.32587e-13,0.00338621
0,1.02828,3.67706e-13,0.00107972
0,1.020381,1.77636e-15,0.00126242
0,3.565921,3.55271e-15,0.000966202
0,1.014744,4.44089e-15,0.000646050
0,17.23511,3.55271e-14,0.000135823
0,1.01709,2.66454e-15,0.000139487
0,1.028206,4.87610e-13,0.000932187
0,2.18469,3.55271e-15,0.00238449
0,1.025963,7.99361e-15,0.000613782
0,1.633783,1.77636e-15,0.00164942
0,2.735436,7.81597e-14,0.00242489
0,2.657757,9.76996e-15,0.00290798
0,5.763158,4.44089e-15,0.00147480
0,3.177455,3.55271e-15,0.00172686
0,1.005341,3.55271e-15,0.000427694
0,1.01539,2.22045e-14,0.000526083
0,1.019549,3.55271e-15,0.00161165
0,1.008414,2.66454e-15,0.00137900
0,1.02296,5.32907e-15,0.000271816
0,7.134296,5.32907e-15,0.00107663
0,9.703037,1.24345e-14,0.000928747
0,1.015909,1.77636e-15,0.00145304
0,1.025458,1.77636e-15,0.000387804
0,1.01017,6.36824e-13,0.000920478
0,1.023504,8.34888e-14,0.000555132
0,5.704515,1.15463e-14,0.000636854
0,5.374066,6.21725e-15,0.00182950
0,1.021471,2.84217e-14,0.000843712
0,1.086674,2.66454e-15,0.000894576
0,1.020207,5.59552e-14,0.000805956
0,2.645106,3.73035e-14,0.00185915
0,3.649969,6.21725e-15,0.0000411951
0,3.726835,3.55271e-15,0.000562100
0,4.650284,4.44089e-15,0.00206869
0,6.820924,8.88178e-15,0.00121723
0,13.95722,1.86517e-14,0.000444281
0,1.312594,2.66454e-15,0.00179027
0,9.802166,1.59872e-14,0.000735233
0,10.93694,1.24345e-14,0.000105974
0,0.9988761,2.66454e-15,0.000609079
0,1.048897,1.77636e-15,0.00147204
0,2.378934,8.88178e-15,0.00183580
0,1.015198,1.77636e-15,0.00103382
0,1.010604,4.44089e-15,0.00151264
0,1.024545,7.10543e-15,0.00146682
0,1.021983,1.77636e-15,0.00104887
0,1.197026,9.76108e-13,0.000501916
0,19.62632,2.84217e-14,0.000421806
0,1.024217,4.44089e-15,0.000876205
0,3.776219,3.55271e-15,0.00248609
0,1.017935,6.21725e-15,0.000795576
0,8.911405,1.06581e-14,0.000904791
0,1.022982,2.66454e-15,0.000924836
0,0.9976392,1.77636e-15,0.000463206
0,5.969611,1.77636e-15,0.000383314
0,4.295836,6.21725e-15,0.00162293
0,1.018411,3.55271e-15,0.00203322
0,2.033674,2.66454e-15,0.00291687
0,1.021121,2.66454e-15,0.00191384
0,1.034643,9.76996e-15,0.00117776
0,1.009909,4.44089e-15,0.000318773
0,1.037208,5.07150e-13,0.000869860
0,1.03805,6.21725e-15,0.0000411625
0,3.128741,2.66454e-15,0.00172795
0,1.024198,2.66454e-15,0.000364143
0,13.31146,8.88178e-15,0.00109813
0,9.070698,1.33227e-14,0.0000638724
0,1.021936,3.55271e-15,0.00110874
0,2.380602,6.21725e-15,0.00202147
0,3.976774,1.06581e-14,0.00221708
0,3.698062,5.32907e-15,0.00226828
0,2.121361,7.10543e-15,0.000337249
0,0.7114774,7.87814e-13,0.000990613
0,1.018687,3.55271e-15,0.000819339
0,2.948444,1.07470e-13,0.00310031
0,1.020556,6.35936e-13,0.00192709
0,2.830034,3.55271e-15,0.000493247
0,14.15945,1.24345e-14,0.000937871
0,18.66471,2.84217e-14,0.000771215
0,1.016224,2.66454e-14,0.000952190
0,11.50978,8.52651e-14,0.000406228
0,1.021965,1.47438e-13,0.00115942
0,1.022652,2.66454e-15,0.000182340
0,1.036064,1.77636e-15,0.000974439
0,5.122412,9.00613e-13,0.00216815
0,1.024632,8.88178e-14,0.000524961
0,2.751525,4.44089e-15,0.00323599
0,5.530346,8.88178e-15,0.00142324
0,10.5825,1.42109e-14,0.00101158
0,1.027069,9.75220e-13,0.00102016
0,1.043712,3.55271e-15,0.000188333
0,3.297075,6.21725e-15,0.0000783207
0,1.018672,1.71418e-13,0.0000904844
0,2.694631,3.55271e-15,0.000866490
0,6.335907,8.88178e-15,0.00168771
0,1.015218,8.61533e-14,0.00153938
0,1.488661,1.77636e-15,0.00104307
0,1.025092,5.32907e-15,0.000969797
0,3.812116,1.77636e-15,0.000853938
0,1.020711,4.44089e-15,0.000200596
0,2.179218,1.77636e-15,0.00159397
0,2.451657,5.15143e-14,0.00228131
0,1.872551,1.77636e-15,0.0000101613
0,1.011455,1.67866e-13,0.00127708
0,5.70113,2.66454e-15,0.00112181
0,1.191817,4.44089e-15,0.000354389
0,4.052283,5.32907e-15,0.000225502
0,10.02572,1.15463e-14,0.00138654
0,1.035624,4.44089e-15,0.000290260
0,1.052221,2.66454e-15,0.000118325
0,1.013772,9.76996e-15,0.000710314
0,1.009484,3.55271e-15,0.0000393457
0,1.023246,2.39808e-14,0.00106929
0,2.93755,8.79297e-14,0.00226428
0,1.016355,3.55271e-15,0.000777893
0,5.442019,8.88178e-15,0.00215643
0,1.025897,3.83693e-13,0.0000812878
0,1.907844,2.66454e-15,0.00191888
0,1.660448,1.77636e-15,0.000282192
0,1.026104,1.77636e-15,0.00193914
0,1.005813,2.66454e-15,0.000316449
0,1.035082,7.19425e-14,0.00106630
0,8.018326,1.59872e-14,0.000425214
0,1.801316,5.32907e-15,0.00298312
0,1.016605,1.77636e-15,0.000617056
0,1.027094,1.77636e-15,0.00190672
0,3.70137,1.36779e-13,0.00106183
0,5.974412,1.86517e-14,0.000529087
0,5.380389,7.99361e-15,0.00213043
0,1.023946,2.66454e-15,0.00164549
0,1.022417,4.44089e-15,0.000689483
0,1.024291,1.77636e-15,0.000983546
0,1.02203,6.57252e-14,0.000443180
0,1.0168,1.84741e-13,0.00120722
0,3.743408,4.44089e-15,0.00135662
0,18.68251,1.59872e-14,0.00127593
0,13.11564,3.10862e-14,0.00139313
0,1.029529,2.66454e-15,0.00158177
0,3.262947,5.32907e-15,0.00249328
0,1.020218,1.06581e-14,0.000287892
0,1.023841,2.66454e-15,0.000939647
0,1.017631,4.37872e-13,0.0000835878
0,1.569925,4.44089e-15,0.00158306
0,4.231889,3.31291e-13,0.00338975
0,1.021743,4.44089e-15,0.000144885
0,1.032563,2.93099e-14,0.000693982
0,1.019796,1.24345e-14,0.000879903
0,1.019728,4.88498e-13,0.000851505
0,1.039775,1.77636e-15,0.00161792
0,1.02288,2.66454e-15,0.000738892
0,6.191401,5.32907e-15,0.00157638
0,3.436722,2.66454e-15,0.00401268
0,1.028219,1.77636e-15,0.000892533
0,1.040381,4.70735e-14,0.000470301
0,3.319013,1.06581e-14,0.00309691
0,8.27007,2.13163e-14,0.000528703
0,5.352837,8.88178e-15,0.00103837
0,1.029088,1.77636e-15,0.000805165
0,2.391116,7.10543e-15,0.00265088
0,11.03625,1.24345e-14,0.00105857
0,2.923384,6.12843e-14,0.00141092
0,4.528592,8.88178e-15,0.00263626
0,3.366673,3.55271e-15,0.00156434
0,7.730168,1.06581e-14,0.00129462
0,10.26966,2.04281e-14,0.00101057
0,1.023876,4.44089e-15,0.00125568
0,1.00991,5.15143e-14,0.0000468544
0,2.748791,5.32907e-15,0.00202829
0,0.7131537,5.32907e-15,0.00186464
0,1.021424,2.31815e-13,0.000281217
0,1.508108,1.77636e-15,0.00102082
0,1.019765,3.55271e-15,0.000311749
0,1.02155,9.76996e-15,0.000147912
0,1.023831,4.92939e-13,0.00148527
0,1.020289,2.57572e-14,0.000170278
0,1.741443,3.55271e-15,0.00348878
0,1.187764,3.55271e-15,0.00197023
0,1.020909,3.55271e-15,0.000827467
0,5.683949,7.99361e-15,0.00151621
0,1.017016,5.59552e-14,0.00110134
0,1.017543,2.66454e-15,0.0000499171
0,1.017772,1.81188e-13,0.000185759
0,1.014385,7.19425e-14,0.000905718
0,1.020409,7.10543e-15,0.000382222
0,3.637594,1.50990e-14,0.00330727
0,1.024296,1.26121e-13,0.00198229
0,1.015318,4.44089e-15,0.000184837
0,2.623818,2.66454e-15,0.00284538
0,2.085208,1.31450e-13,0.000187158
0,4.937827,1.15463e-14,0.000341471
0,1.011696,4.44089e-15,0.00191018
0,4.600336,5.32907e-15,0.00114165
0,3.789955,3.55271e-15,0.00216646
0,2.165279,5.32907e-15,0.00288268
0,1.586556,3.55271e-15,0.00201846
0,1.012959,3.55271e-15,0.000402971
0,4.825866,2.13163e-14,0.00140600
0,3.215403,5.32907e-15,0.00252363
0,1.019294,4.44089e-15,0.00124569
0,13.83749,1.86517e-14,0.000360563
0,1.019635,3.55271e-15,0.000879972
0,1.019955,4.52971e-13,0.00117341
0,1.011552,5.59552e-14,0.000408400
0,1.020788,8.88178e-15,0.000147384
0,13.05673,1.15463e-14,0.0000950018
0,3.675086,3.55271e-15,0.000236228
0,3.557247,5.32907e-15,0.00331317
0,3.585298,3.55271e-15,0.00196738
0,1.041929,2.66454e-15,0.000581434
0,2.073147,6.21725e-15,0.00106986
0,1.032705,1.66978e-13,0.000612221
0,2.31669,5.32907e-15,0.00123022
0,1.012071,7.10543e-15,0.000346097
0,17.15869,1.33227e-14,0.000189834
0,0.9996918,1.77636e-15,0.0000535038
0,1.020022,2.66454e-15,0.000465966
0,13.59392,9.76996e-15,0.000970596
0,2.717025,7.10543e-15,0.000839557
0,1.02243,1.77636e-15,0.000769727
0,1.008117,2.66454e-15,0.00166523
0,5.918461,1.24345e-14,0.000111434
0,1.023257,1.77636e-15,0.000301719
0,4.426487,3.55271e-15,0.000684730
0,12.43582,1.33227e-14,0.00110975
0,2.315115,3.55271e-15,0.00212884
0,1.024433,5.32907e-15,0.000532063
0,1.009619,1.77636e-15,0.000260290
0,1.658652,1.97176e-13,0.00173175
0,1.711921,4.44089e-15,0.00346335
0,4.626388,7.10543e-15,0.00147573
0,7.086304,1.15463e-14,0.00163751
0,4.392553,5.32907e-15,0.00297532
0,2.878593,5.32907e-15,0.000786517
0,0.7035017,3.55271e-15,0.000890788
0,9.814509,1.77636e-14,0.000982127
0,1.022678,8.88178e-15,0.00147528
0,4.801593,1.68754e-14,0.000805919
0,7.842296,1.06581e-14,0.000797247
0,1.020124,7.46070e-14,0.000484528
0,1.78865,4.44089e-15,0.000998271
0,1.030518,2.38920e-13,0.00161609
0,7.119824,6.21725e-15,0.000695912
0,1.062077,2.66454e-15,0.0000577597
0,6.181971,6.21725e-15,0.00253114
0,6.348901,1.33227e-14,0.00151169
0,6.501133,1.72307e-13,0.000636920
0,2.197407,1.35891e-13,0.00121306
0,1.025963,3.55271e-15,0.00178470
0,1.033778,2.22045e-13,0.00171890
0,2.584506,2.66454e-15,0.00170361
0,1.02239,2.66454e-15,0.00110805
0,1.024682,1.77636e-15,0.00140997
0,2.612684,1.77636e-15,0.00322297
0,5.309869,6.21725e-15,0.00142230
0,2.837021,7.10543e-15,0.00175899
0,4.075426,7.99361e-15,0.00179083
0,5.269431,6.03961e-14,0.000746429
0,4.538756,1.42109e-14,0.00219727
0,2.138413,1.77636e-14,0.00123038
0,1.031956,6.57252e-14,0.00197704
0,1.004823,3.55271e-15,0.000801871
0,1.023648,5.32907e-15,0.00123144
0,1.025312,1.06581e-14,0.000771141
0,1.510917,9.32587e-14,0.00236205
0,1.325642,2.30926e-14,0.00260234
0,1.014137,2.06057e-13,0.00140550
0,1.685118,8.88178e-15,0.00179744
0,2.072246,1.61648e-13,0.00270727
0,1.01213,1.77636e-15,0.000986514
0,1.024096,1.52767e-13,0.000434520
0,5.019569,1.11910e-13,0.00311995
0,3.159995,6.21725e-15,0.00199980
0,8.116478,7.10543e-15,0.00208216
0,3.853168,3.55271e-15,0.00164564
0,2.425619,5.32907e-15,0.00157798
0,1.005973,5.32907e-15,0.000506640
0,1.860629,8.88178e-15,0.00146975
0,4.395197,2.66454e-15,0.00108228
0,1.017573,1.77636e-15,0.00127692
0,1.013892,2.73559e-13,0.0000128376
0,2.480509,4.44089e-15,0.00204453
0,12.20602,2.93099e-14,0.000442916
0,1.014124,3.55271e-15,0.000270221
0,3.876799,3.55271e-15,0.00159931
0,5.678389,1.42109e-14,0.00152764
0,1.024427,1.77636e-15,0.00148720
0,1.016296,1.24345e-14,0.00130761
0,2.242172,5.32907e-15,0.00136317
0,1.022877,3.55271e-15,0.00189880
0,1.030395,3.55271e-15,0.000656868
0,1.016841,7.99361e-15,0.000587778
0,1.015396,8.88178e-16,0.000571537
0,1.022773,1.77636e-15,0.000979782
0,1.019531,1.35003e-13,0.00141582
0,2.320036,2.66454e-15,0.00272585
0,1.022983,3.55271e-15,0.00189221
0,1.020844,5.32907e-15,0.000317040
0,0.9899735,2.66454e-15,0.000639374
0,1.770445,1.24345e-14,0.00138239
0,20.21836,2.22045e-14,0.0000137776
0,9.178093,9.14824e-14,0.000984182
0,1.019466,2.93099e-14,0.000539233
0,3.615127,1.77636e-15,0.000594722
0,1.016553,1.77636e-15,0.000223364
0,2.932053,4.44089e-15,0.00288787
0,4.942649,1.33227e-14,0.00152588
0,1.01738,8.38440e-13,0.0000249545
0,1.015554,3.55271e-15,0.000447653
0,3.161786,3.55271e-15,0.00362090
0,1.938437,2.77112e-13,0.00249889
0,8.104181,7.10543e-15,0.000727975
0,11.51855,1.42109e-14,0.00112162
0,1.018416,1.97176e-13,0.0000174299
0,1.00782,7.10543e-15,0.0000866695
0,1.014744,3.01981e-14,0.00111876
0,1.020302,4.29878e-13,0.00188782
0,10.35496,3.46390e-14,0.000897552
0,1.018911,2.66454e-15,0.000983449
0,4.147941,7.10543e-15,0.00152890
0,5.741421,7.99361e-15,0.000545305
0,2.918979,6.21725e-15,0.00133370
0,1.032989,3.55271e-15,0.000532748
0,1.015289,6.75016e-14,0.000641677
0,5.423121,8.88178e-15,0.000767319
0,1.016568,2.89546e-13,0.00165863
0,1.021672,1.15463e-13,0.0000655430
0,1.015781,2.19380e-13,0.00173163
0,1.02368,4.44089e-15,0.00154971
0,3.167523,1.77636e-15,0.00339416
0,9.325484,1.24345e-14,0.000241285
0,7.252363,7.99361e-15,0.000667720
0,1.036536,3.55271e-15,0.00116542
0,1.021966,8.17124e-14,0.000751708
0,1.013552,1.77636e-15,0.0000466430
0,5.058073,7.10543e-15,0.00117819
0,10.22008,2.84217e-14,0.00130657
0,7.134859,1.42109e-14,0.000931233
0,1.014334,2.66454e-15,0.00150023
0,1.018667,3.55271e-15,0.00131452
0,5.012391,3.55271e-15,0.000408482
0,1.02032,2.66454e-15,0.000848807
0,1.040782,1.77636e-15,0.000237325
0,1.023804,2.66454e-15,0.000781650
0,1.02248,9.76996e-15,0.00160548
0,1.027966,1.77636e-15,0.00143436
0,1.022872,3.55271e-15,0.000215552
0,1.025019,5.32907e-15,0.000866869
0,1.030286,1.86517e-14,0.000576395
0,1.036542,1.77636e-15,0.000447645
0,1.700051,2.66454e-15,0.00167926
0,1.024325,3.55271e-15,0.000682974
0,5.174606,6.21725e-15,0.00202131
0,2.038718,3.55271e-15,0.00165579
0,1.012299,3.55271e-15,0.000962901
0,1.008492,4.35207e-14,0.00153740
0,1.024407,7.89591e-13,0.00180483
0,1.020804,4.44089e-15,0.0000165114
0,1.019609,2.66454e-15,0.0000421746
0,1.015166,5.50671e-14,0.000854675
0,3.680922,4.44089e-15,0.00133421
0,1.022392,1.77636e-15,0.000711295
0,1.018982,1.77636e-14,0.000659273
0,1.659071,3.55271e-15,0.00177201
0,1.025196,3.55271e-15,0.00128079
0,4.328716,7.10543e-15,0.00245068
0,4.887647,6.21725e-15,0.00232493
0,1.006468,2.66454e-15,0.00118980
0,1.020384,3.55271e-15,0.00150169
0,1.021657,2.66454e-15,0.000255496
0,0.7124981,4.44089e-15,0.00179674
0,11.89365,9.76996e-15,0.000355931
0,4.221071,6.21725e-15,0.000335355
0,1.015545,2.66454e-15,0.00180971
0,1.020887,3.55271e-15,0.000401491
0,1.805014,3.55271e-15,0.00129762
0,3.627921,5.06262e-14,0.00194191
0,1.022788,2.66454e-15,0.000959070
0,1.021072,3.55271e-15,0.00181406
0,1.021637,7.01661e-14,0.000794936
0,4.762186,7.10543e-15,0.00140293
0,6.1732,7.10543e-15,0.00241120
0,4.261851,6.21725e-15,0.00145272
0,1.017626,3.19744e-14,0.000931053
0,1.979823,3.55271e-15,0.00195044
0,6.778371,2.96652e-13,0.000825397
0,2.660835,5.13367e-13,0.00256478
0,13.71445,3.28626e-14,0.000582879
0,1.040113,3.55271e-15,0.00156932
0,1.022176,1.77636e-15,0.000726012
0,9.245348,9.76996e-15,0.000999324
0,17.82422,2.57572e-14,0.000846018
0,5.8797,1.06581e-14,0.0000319968
0,6.786313,6.21725e-15,0.000506835
0,1.022002,1.77636e-15,0.00119582
0,1.018401,1.06581e-14,0.00102084
0,1.020963,2.48690e-14,0.00134804
0,5.112315,4.16556e-13,0.00162126
0,1.018786,1.77636e-15,0.00121408
0,2.534294,4.16556e-13,0.00297822
0,2.548151,2.66454e-15,0.00281195
0,1.014654,1.77636e-15,0.00170514
0,18.06462,1.68754e-14,0.00112876
0,1.017289,9.76996e-15,0.000785177
0,1.022563,1.06581e-14,0.000983579
0,2.804609,5.32907e-15,0.000936101
0,9.065647,1.59872e-14,0.00142135
0,1.014531,2.66454e-15,0.000884986
0,15.98887,1.15463e-14,0.000356641
0,1.006794,2.30926e-14,0.000738375
0,3.699168,5.32907e-15,0.00192839
0,5.525369,7.10543e-15,0.000726916
0,1.02226,4.44089e-15,0.00000586854
0,5.200771,6.21725e-15,0.00123167
0,2.062527,3.55271e-15,0.00155897
0,4.216939,1.47438e-13,0.000838807
0,9.406551,1.24345e-14,0.000626653
0,1.020625,7.10543e-15,0.00147293
0,1.018549,2.16716e-13,0.000718425
0,1.876703,2.66454e-15,0.00232518
0,1.018778,2.66454e-15,0.00121910
0,1.022415,3.76588e-13,0.0000932465
0,1.380938,5.32907e-15,0.00104696
0,2.727068,8.88178e-15,0.000818288
0,1.027711,1.77636e-15,0.00126965
0,1.195397,5.59552e-13,0.00181327
0,1.019549,4.61853e-14,0.000952210
0,1.029691,2.66454e-15,0.000327714
0,7.909979,1.42109e-14,0.00151624
0,1.023439,3.55271e-15,0.00150727
0,4.790548,7.10543e-15,0.000306708
0,1.008897,1.77636e-15,0.00117894
0,2.549023,3.55271e-15,0.00180374
0,1.01196,5.50671e-14,0.000208304
0,1.022515,3.55271e-15,0.000617771
0,1.015966,4.99156e-13,0.000178089
0,1.020117,3.55271e-15,0.0000693461
0,1.018643,8.88178e-15,0.000415422
0,4.122533,9.76996e-15,0.00268948
0,9.011136,7.10543e-15,0.000753850
0,6.16752,1.95399e-14,0.00148346
0,1.026905,2.04281e-14,0.00193217
0,2.673909,4.44089e-15,0.00214472
0,3.061729,7.10543e-15,0.00346746
0,1.016047,5.32907e-15,0.0000432558
0,1.009667,3.55271e-15,0.000279857
0,10.31891,2.13163e-14,0.00148443
0,1.016919,1.77636e-15,0.000610630
0,1.023786,1.77636e-15,0.00118585
0,6.116928,1.15463e-14,0.00231701
0,1.017691,1.77636e-15,0.00171559
0,18.35225,2.84217e-14,0.000904725
0,1.03159,5.32907e-15,0.000787358
0,1.025151,2.22045e-14,0.00101008
0,1.02637,5.24025e-14,0.00113382
0,1.024675,7.44294e-13,0.0000552273
0,1.016693,1.77636e-15,0.000869281
0,0.9990134,5.32907e-15,0.0000530205
0,1.018303,1.20792e-13,0.00149261
0,1.025996,7.10543e-15,0.00151143
0,12.05249,1.42109e-14,0.00147122
0,1.020693,3.81917e-14,0.00155225
0,1.308779,3.55271e-15,0.000340867
0,1.004945,4.44089e-15,0.000753976
0,1.018544,7.94920e-13,0.000772798
0,4.951096,5.32907e-15,0.00194512
0,1.015695,3.81917e-14,0.000259608
0,3.334712,3.90799e-14,0.00213077
0,1.007684,1.77636e-15,0.000471685
0,4.852639,1.42109e-14,0.00116255
0,1.693711,8.88178e-16,0.00128497
0,1.019537,3.55271e-15,0.00106823
0,3.683932,7.10543e-15,0.00191468
0,1.02177,3.55271e-15,0.00148635
0,1.712092,3.77476e-13,0.00161316
0,1.012921,2.66454e-15,0.000825678
0,1.016937,9.41469e-14,0.000760815
0,3.984793,5.32907e-15,0.00335818
0,1.021466,6.21725e-15,0.000887833
0,1.022648,8.35776e-13,0.000434723
0,1.014557,7.99361e-15,0.000973260
0,1.022733,1.37668e-13,0.000836374
0,1.015628,8.88178e-15,0.00171312
0,1.049075,1.77636e-15,0.000718572
0,5.215864,7.99361e-15,0.00180873
0,2.422491,1.77636e-15,0.00135542
0,1.01491,7.99361e-15,0.00000462283
0,1.023289,1.77636e-15,0.00189630
0,1.015401,1.77636e-15,0.00175408
0,1.01903,3.38396e-13,0.00168399
0,10.45873,2.30926e-14,0.000226676
0,1.021548,3.10862e-14,0.000923296
0,8.3638,7.99361e-15,0.000660329
0,1.01396,4.44089e-15,0.00186847
0,1.028691,5.32907e-15,0.000617590
0,1.018269,3.55271e-15,0.000863121
0,5.026859,9.76996e-15,0.00229239
0,1.018804,1.77636e-15,0.00140909
0,2.318311,3.55271e-15,0.00405983
0,1.02025,6.57252e-14,0.000638784
0,7.127792,1.17240e-13,0.000784629
0,5.418657,7.10543e-15,0.00137205
0,4.530357,2.42473e-13,0.000242818
0,1.027913,2.66454e-15,0.000774720
0,1.008602,2.66454e-14,0.000503456
0,5.139726,4.44089e-15,0.000282082
0,7.74177,8.88178e-15,0.000530705
0,1.009348,4.82281e-13,0.00165743
0,5.27327,5.32907e-15,0.000584899
0,7.990663,1.77636e-14,0.000526278
0,1.025632,3.55271e-15,0.000948631
0,1.040154,1.65201e-13,0.000475693
0,1.015628,2.66454e-15,0.00165376
0,10.01814,7.99361e-15,0.00151284
0,1.004095,2.66454e-15,0.000105490
0,2.361595,1.54543e-13,0.00178500
0,2.01219,7.65610e-13,0.00260924
0,3.580186,7.10543e-15,0.00142437
0,3.213842,8.88178e-15,0.000714549
0,2.72444,3.55271e-15,0.00210366
0,4.043236,4.44089e-15,0.000569534
0,4.824546,8.88178e-15,0.00101021
0,1.028722,1.77636e-15,0.000404453
0,8.998279,7.10543e-15,0.00198297
0,1.003648,9.75220e-13,0.000674400
0,8.611643,2.39808e-14,0.000219799
0,3.348955,1.06581e-14,0.00225190
0,2.824602,4.44089e-15,0.000661382
0,7.200893,1.77636e-14,0.000939921
0,2.477259,7.10543e-14,0.000590674
0,1.841364,2.66454e-15,0.00278540
0,3.543936,3.55271e-15,0.000437714
0,0.9943252,1.77636e-15,0.000310255
0,1.016939,6.21725e-15,0.00122385
0,2.694704,5.32907e-15,0.000760012
0,0.8646694,1.77636e-15,0.00160661
0,1.017447,9.68114e-14,0.00109257
0,1.017684,2.66454e-15,0.00107934
0,1.02353,7.97584e-13,0.000816836
0,1.013439,1.93623e-13,0.000643005
0,2.87663,2.66454e-15,0.000883458
0,6.474975,9.76996e-15,0.000177518
0,6.509537,5.32907e-15,0.00194662
0,4.440379,5.32907e-15,0.00171392
0,1.020007,2.66454e-15,0.00115235
0,9.406983,9.76996e-15,0.0000341628
0,1.405502,1.50990e-14,0.00250686
0,2.17234,3.55271e-15,0.000232978
0,5.792087,5.32907e-15,0.00134655
0,1.005401,3.55271e-15,0.000982748
0,1.017154,3.55271e-15,0.00124168
0,1.005843,1.77636e-15,0.00103460
0,14.66152,1.59872e-14,0.00165265
0,1.022326,8.88178e-15,0.000585453
0,2.671905,3.55271e-15,0.00103307
0,1.01868,4.44089e-15,0.00153359
0,1.001011,1.95399e-14,0.00145158
0,1.013391,3.55271e-15,0.00118314
0,9.618917,1.50990e-14,0.00196510
0,1.024818,1.77636e-15,0.000475741
0,6.52261,2.57572e-13,0.00152592
0,1.024786,1.77636e-15,0.000116619
0,1.018104,6.03961e-14,0.00106492
0,2.377828,3.55271e-15,0.00187218
0,11.56353,1.50990e-14,0.000550754
0,1.023315,2.66454e-15,0.00163695
0,2.091765,1.77636e-15,0.00217190
0,4.10726,5.95080e-14,0.00242086
0,1.017346,3.55271e-15,0.00171062
0,3.950771,4.44089e-15,0.00234775
0,5.023888,1.36779e-13,0.00116179
0,3.313521,2.66454e-15,0.000744348
0,1.019206,3.55271e-15,0.00168306
0,1.029211,2.66454e-15,0.000395352
0,1.023852,2.66454e-15,0.00125554
0,2.824121,5.32907e-15,0.00272818
0,4.885335,7.10543e-15,0.00235004
0,3.229564,1.06581e-14,0.00163148
0,1.030283,3.29514e-13,3.63365e-7
0,18.05004,1.15463e-14,0.000491054
0,1.02354,1.15463e-14,0.00161396
0,1.017907,3.55271e-15,0.00107864
0,3.257321,3.55271e-15,0.00105904
0,3.117908,7.10543e-15,0.00289390
0,4.766715,6.21725e-15,0.000642613
0,1.56129,1.77636e-15,0.00263877
0,1.014857,1.77636e-15,0.0000927383
0,1.764902,3.21521e-13,0.00259941
0,3.439388,1.42109e-14,0.000259424
0,1.028934,3.10862e-14,0.000981662
0,2.115044,3.55271e-15,0.00227766
0,4.708189,1.86517e-14,0.00115087
0,2.754139,4.44089e-15,0.00399958
0,13.63168,1.68754e-14,0.000509138
0,1.021879,8.17124e-14,0.00133115
0,2.08849,4.44089e-15,0.00266023
0,11.34163,1.33227e-14,0.000903307
0,1.016853,1.59872e-14,0.00114731
0,1.0235,1.77636e-15,0.00154553
0,1.943564,2.66454e-15,0.00209834
0,1.018946,2.66454e-15,0.000841154
0,7.016507,8.88178e-15,0.000578897
0,1.006042,6.21725e-15,0.000431346
0,1.005896,2.66454e-15,0.000839189
0,19.63544,1.42109e-14,0.000339303
0,1.021147,2.66454e-15,0.000129504
0,9.648592,7.10543e-15,0.000797595
0,3.974022,2.66454e-15,0.00310418
0,1.820891,1.77636e-15,0.00208071
0,1.024821,8.88178e-15,0.00158536
0,1.028927,1.77636e-15,0.000700909
0,1.015456,3.55271e-15,0.000453532
0,7.671795,1.06581e-14,0.000844029
0,7.710899,5.32907e-15,0.00111822
0,1.017522,4.88498e-14,0.000460208
0,28.62753,2.48690e-14,0.00126103
0,1.015858,3.55271e-15,0.000900488
0,8.318566,1.06581e-14,0.000804466
0,1.043944,1.68754e-14,0.00138309
0,3.625137,3.55271e-15,0.000722610
0,1.018417,1.77636e-15,0.000610923
0,1.035525,2.66454e-15,0.00109473
0,1.018068,1.77636e-15,0.000847201
0,1.690583,1.77636e-15,0.00280666
0,19.52707,2.84217e-14,0.000629714
0,1.021821,3.55271e-15,0.000667694
0,32.99544,1.15463e-13,0.000247889
0,1.096468,3.55271e-15,0.00124781
0,3.368888,8.88178e-15,0.00201793
0,1.025798,5.68434e-14,0.00169211
0,3.960358,7.99361e-15,0.00119417
0,1.024527,3.55271e-15,0.00123709
0,2.306967,5.32907e-15,0.00156702
0,2.829739,7.10543e-15,0.00236332
0,14.89068,3.90799e-14,0.000421712
0,1.018252,2.66454e-15,0.00151406
0,1.029706,1.68754e-14,0.00107767
0,1.010566,1.77636e-15,0.000390734
0,1.021338,2.66454e-15,0.00181494
0,13.5206,1.42109e-14,0.00112226
0,3.445334,3.55271e-15,0.00326077
0,1.505352,2.66454e-15,0.000929150
0,1.020426,1.15463e-14,0.000123849
0,1.022261,8.88178e-16,0.00118899
0,6.660665,8.88178e-15,0.000378376
0,1.229165,5.32907e-15,0.00152071
0,1.02222,1.77636e-15,0.00115390
0,1.030767,9.14824e-14,0.00147167
0,3.607287,5.32907e-15,0.00199965
0,7.758506,2.30926e-14,0.000972367
0,4.621941,8.88178e-15,0.00220764
0,1.014879,3.55271e-15,0.000962775
0,3.264461,5.15143e-14,0.000617145
0,4.681536,7.10543e-15,0.00160548
0,0.7201347,4.17444e-14,0.000381063
0,4.196224,3.55271e-15,0.00136372
0,4.11953,1.15463e-14,0.00285993
0,1.024858,3.55271e-15,0.000131102
0,1.015213,5.32907e-15,0.00128575
0,1.02732,1.77636e-15,0.00167199
0,1.017204,1.77636e-15,0.00128524
0,3.262821,5.32907e-15,0.00154160
0,1.02401,2.66454e-15,0.000136406
0,1.018719,3.55271e-15,0.00166226
0,1.016841,9.76996e-15,0.00114593
0,1.015888,1.77636e-15,0.000899123
0,2.771009,3.55271e-15,0.00213805
0,1.028575,1.77636e-15,0.00178065
0,3.126834,5.32907e-15,0.00283658
0,1.022331,1.77636e-15,0.000823921
0,1.023192,2.66454e-15,0.00178546
0,9.652915,1.42109e-14,0.000345260
0,1.023534,3.55271e-15,0.000797053
0,2.88686,1.54543e-13,0.000411262
0,1.01645,1.77636e-15,0.00135402
0,1.548825,2.13163e-13,0.00202584
0,1.011161,1.77636e-15,0.000937532
0,4.326307,1.06581e-14,0.00282193
0,2.384199,2.04281e-14,0.00217230
0,1.016059,1.15463e-14,0.000471472
0,2.453501,7.54952e-14,0.00431045
0,1.003684,2.66454e-15,0.00104510
0,1.015367,1.77636e-15,0.00174839
0,1.015965,1.77636e-15,0.00144210
0,1.026973,1.77636e-15,0.00166343
0,4.061957,7.10543e-15,0.00226049
0,1.011,1.33227e-14,0.00137280
0,11.42076,7.99361e-15,0.000485409
0,1.011039,3.55271e-15,0.00145487
0,1.017469,4.44089e-15,0.000229608
0,1.018048,8.88178e-16,0.00188097
0,1.366406,8.97060e-14,0.00114124
0,3.328043,3.55271e-15,0.00267146
0,1.013318,7.10543e-15,0.000904884
0,5.501002,4.44089e-15,0.0000394661
0,2.175453,4.44089e-15,0.00265897
0,9.624061,1.68754e-14,0.000568661
0,5.609132,9.76996e-15,0.000376711
0,1.021033,5.50671e-14,0.00104198
0,2.95058,7.10543e-15,0.00239042
0,13.78424,2.13163e-14,0.000976405
0,3.659729,4.61853e-14,0.00183172
0,3.192627,8.88178e-15,0.00244923
0,1.015614,1.77636e-15,0.000474214
0,1.015621,1.50102e-13,0.000292111
0,1.021754,1.68754e-14,0.000413484
0,3.583635,1.77636e-15,0.00204296
0,1.815209,3.55271e-14,0.00247049
0,1.637387,2.66454e-15,0.000185629
0,2.134053,2.66454e-15,0.00257826
0,4.091334,4.51195e-13,0.00208252
0,1.013305,1.58096e-13,0.000255151
0,6.72482,4.17444e-14,0.000958486
0,1.018249,3.55271e-15,0.000969404
0,3.287919,1.77636e-15,0.00208160
0,13.46397,1.06581e-14,0.000278871
0,1.031393,2.66454e-15,0.00116301
0,1.012268,2.66454e-15,0.000803474
0,1.02893,3.06422e-13,0.00174847
0,2.694985,7.10543e-15,0.000130927
0,1.018337,5.32907e-15,0.00189792
0,4.609595,8.34888e-14,0.00220176
0,1.026693,1.77636e-15,0.00188136
0,1.013565,5.32907e-15,0.00000652508
0,1.025947,7.10543e-15,0.000726271
0,1.028005,5.32907e-15,0.000227880
0,2.454888,5.32907e-15,0.00362472
0,4.445283,7.10543e-15,0.0000155840
0,1.021042,3.55271e-15,0.000918822
0,13.42782,1.24345e-14,0.000686824
0,2.227631,7.10543e-15,0.00232098
0,5.884396,6.21725e-15,0.000507874
0,1.017833,6.92779e-14,0.00164032
0,0.8677609,2.66454e-15,0.000711965
0,1.022251,1.77636e-15,0.00153879
0,1.024307,3.55271e-15,0.000974866
0,1.020382,1.77636e-15,0.000143758
0,1.011695,7.99361e-15,0.00135240
0,4.736191,1.42109e-14,0.00188570
0,8.857273,7.10543e-15,0.00144540
0,15.03104,1.95399e-14,0.000103870
0,1.012313,3.90799e-14,0.000626482
0,8.845926,7.99361e-15,0.000120687
0,1.020492,2.66454e-15,0.00146879
0,7.969828,2.66454e-15,0.00114513
0,4.148727,7.99361e-15,0.00174058
0,1.017323,1.77636e-15,0.00115671
0,4.380329,7.10543e-15,0.00243964
0,1.022942,5.32907e-15,0.000430804
0,2.993997,6.21725e-15,0.000637009
0,1.015116,6.21725e-15,0.00121765
0,10.97372,9.76996e-15,0.000679882
0,1.429774,3.55271e-15,0.00265966
0,10.93838,1.42109e-14,0.00220834
0,1.026679,8.70415e-14,0.000387411
0,5.242834,6.21725e-15,0.00167715
0,1.905357,1.06581e-14,0.000893048
0,1.013326,8.88178e-16,0.00112587
0,4.804242,3.55271e-15,0.000773154
0,1.033463,5.32907e-15,0.00185909
0,9.232546,1.86517e-14,0.000723179
0,1.025557,5.32907e-15,0.000678264
0,1.044942,3.55271e-15,0.00135756
0,7.857055,1.24345e-14,0.000887822
0,2.866119,3.81917e-14,0.00254551
0,3.474424,2.66454e-15,0.000830835
0,1.024147,5.16920e-13,0.00104271
0,1.75775,5.32907e-15,0.00160722
0,1.00608,3.55271e-15,0.000614066
0,1.018092,7.63833e-14,0.000340342
0,5.486237,7.10543e-15,0.00225483
0,1.027577,8.88178e-16,0.000985835
0,4.197741,2.66454e-15,0.00228691
0,1.01427,1.30562e-13,0.000472071
0,8.612503,1.15463e-14,0.00191764
0,1.025414,1.77636e-15,0.00200982
0,7.896226,1.06581e-14,0.00204615
0,7.034149,8.88178e-15,0.00107057
0,2.982961,2.12275e-13,0.000785610
0,0.8607813,1.77636e-15,0.000136699
0,1.012438,3.55271e-15,0.000647822
0,3.310542,5.15143e-14,0.00144427
0,1.011226,4.44089e-15,0.000132762
0,3.452158,3.55271e-15,0.00286541
0,8.879859,1.24345e-14,0.000842495
0,1.016681,2.66454e-15,0.00126712
0,8.917416,1.42109e-14,0.00119852
0,10.58764,7.78932e-13,0.000653571
0,5.813007,6.21725e-15,0.000717718
0,2.031591,8.18901e-13,0.00339354
0,1.034153,1.77636e-15,0.000920943
0,0.8487946,1.77636e-15,0.00168534
0,6.085686,1.06581e-14,0.000561910
0,1.009213,1.24345e-14,0.00180976
0,1.019875,3.55271e-15,0.00184453
0,1.018784,2.30926e-14,0.000370387
0,1.016453,2.66454e-15,0.000295479
0,2.707114,1.15463e-14,0.00260459
0,8.312393,7.10543e-15,0.000957945
0,11.02339,2.75335e-14,0.0000882442
0,1.01946,1.77636e-15,0.000561450
0,1.022423,1.77636e-15,0.000377864
0,1.25451,7.99361e-15,0.00288909
0,1.0201,3.55271e-15,0.000703708
0,1.016341,4.84945e-13,0.000480892
0,1.009067,2.66454e-15,0.000513382
0,15.87153,1.95399e-14,0.000419147
0,1.025323,2.45137e-13,0.00105023
0,6.0267,1.06581e-14,0.00142694
0,1.003334,5.32907e-15,0.00144858
0,10.66725,7.99361e-15,0.000412805
0,1.004319,2.93099e-14,0.000442362
0,4.038613,3.55271e-15,0.000220096
0,1.517574,4.44089e-15,0.00106334
0,4.39164,4.44089e-14,0.000541395
0,1.029039,2.66454e-15,0.000813066
0,1.013095,2.66454e-15,0.000590900
0,1.012955,7.01661e-13,0.00123016
0,3.704299,1.77636e-13,0.00204331
0,3.912952,5.32907e-15,0.000397274
0,1.015222,1.77636e-15,0.000585732
0,32.64368,2.07834e-13,0.000161805
0,5.882258,1.50990e-14,0.000521385
0,3.779082,7.10543e-15,0.00262942
0,2.847784,3.55271e-15,0.00300887
0,2.456037,8.88178e-15,0.00152329
0,1.014328,1.77636e-15,0.00154149
0,1.014857,1.77636e-15,0.000898907
0,1.891108,3.55271e-15,0.00214147
0,1.025784,2.66454e-15,0.0000180682
0,1.047389,3.81917e-14,0.000189610
0,1.008871,2.66454e-15,0.000946427
0,1.01105,1.77636e-15,0.000989958
0,1.667802,5.32907e-15,0.00352665
0,1.531981,1.77636e-15,0.00174412
0,27.43728,4.08562e-14,0.000258520
0,3.562599,8.88178e-15,0.00287625
0,1.012867,9.94760e-14,0.000455045
0,1.01277,1.77636e-15,0.00158864
0,1.011427,3.55271e-15,0.000941433
0,1.016293,3.36620e-13,0.000688990
0,2.360139,1.77636e-15,0.00305444
0,1.144363,5.32907e-15,0.000951244
0,2.070892,3.55271e-15,0.00217115
0,1.723177,9.76996e-14,0.00317601
0,1.011936,4.44089e-15,0.00175533
0,2.84811,4.44089e-15,0.00198403
0,4.149043,1.06581e-14,0.00287276
0,1.008933,1.77636e-15,0.000304705
0,2.338995,1.77636e-15,0.000580133
0,1.316565,5.48894e-13,0.00101916
0,1.023477,3.88134e-13,0.00114785
0,1.356032,3.55271e-15,0.00287552
0,5.015983,7.99361e-15,0.000558191
0,1.015524,1.77636e-15,0.000698997
0,13.785,1.15463e-14,0.00127099
0,1.018928,3.55271e-15,0.000685439
0,1.013835,4.44089e-15,0.000438297
0,1.01973,4.62741e-13,0.000401468
0,1.008393,3.55271e-15,0.000644556
0,5.520748,2.43361e-13,0.00162685
0,1.027987,1.77636e-15,0.0000440984
0,1.019675,1.77636e-15,0.000720503
0,3.398958,3.90799e-14,0.00200842
0,1.030274,2.66454e-15,0.000954782
0,1.022476,3.55271e-15,0.00188723
0,6.443534,1.35003e-13,0.00140678
0,5.056481,7.10543e-15,0.00104098
0,6.690407,6.21725e-15,0.00123050
0,1.013352,8.88178e-16,0.00104147
0,1.019545,1.24345e-14,0.000549631
0,9.20122,2.30926e-14,0.000854259
0,6.176683,9.76996e-15,0.00223665
0,4.220992,6.21725e-15,0.00106727
0,1.010419,3.55271e-15,0.000149807
0,1.034172,1.77636e-15,0.00169255
0,2.94955,7.99361e-15,0.00243009
0,15.13174,2.84217e-14,0.000109878
0,2.205209,1.77636e-15,0.00173773
0,4.612458,4.44089e-15,0.000916327
0,1.008395,5.32907e-15,0.000817205
0,1.01338,4.44089e-15,0.00152189
0,1.019458,2.66454e-15,0.00171034
0,1.021103,1.77636e-15,0.00105977
0,12.62692,3.01981e-14,0.000858128
0,4.824007,7.10543e-15,0.00152794
0,1.218231,4.44089e-15,0.00174335
0,1.023903,1.77636e-15,5.54702e-7
0,1.020034,2.37144e-13,0.000875955
0,2.279319,3.55271e-15,0.00194233
0,1.017009,3.55271e-15,0.00140397
0,4.224239,6.21725e-15,0.000122196
0,16.52977,2.57572e-14,0.00115935
0,7.372408,1.06581e-14,0.00193902
0,6.457103,1.42109e-14,0.00129969
0,4.147526,7.10543e-15,0.00164531
0,1.018454,2.66454e-15,0.00135786
0,1.008889,1.77636e-15,0.000924330
0,2.838608,5.32907e-15,0.00297941
0,1.015473,4.44089e-15,0.000121654
0,0.989425,1.82077e-13,0.0000453043
0,4.241663,3.55271e-15,0.00323770
0,6.709942,5.32907e-15,0.000631236
0,13.74933,1.50990e-14,0.000616964
0,8.888996,7.99361e-15,0.000791657
0,4.691537,4.44089e-15,0.00278554
0,1.022261,5.32907e-15,0.000503179
0,3.820804,3.55271e-15,0.00192535
0,2.987109,1.77636e-15,0.00157767
0,1.015373,3.10862e-14,0.00141816
0,7.405749,1.15463e-14,0.000131447
0,2.434541,3.55271e-15,0.00216728
0,8.96077,1.42109e-14,0.00130586
0,1.009198,3.55271e-15,0.000725311
0,1.000674,2.66454e-15,0.000669990
0,3.840802,4.44089e-15,0.000912911
0,7.200823,1.42109e-14,0.000269579
0,1.032857,3.55271e-15,0.000715210
0,3.961187,1.77636e-15,0.00339397
0,3.620918,5.32907e-15,0.00132228
0,9.381088,1.86517e-14,0.000129733
0,1.013384,8.88178e-15,0.00158931
0,2.119711,2.66454e-15,0.00291556
0,7.268202,1.24345e-14,0.000247935
0,3.143078,3.55271e-15,0.00294000
0,1.014801,1.77636e-15,0.0000346341
0,5.930954,5.32907e-15,0.000235536
0,4.179013,1.06581e-14,0.000585521
0,3.877023,7.99361e-15,0.000606127
0,2.229011,3.55271e-15,0.00233253
0,1.015442,3.55271e-15,0.000576801
0,2.222797,6.21725e-15,0.00247129
0,1.019297,3.55271e-15,0.000711080
0,1.014367,1.77636e-15,0.00183926
0,1.01784,4.91163e-13,0.00185736
0,2.85306,5.32907e-15,0.00273932
0,12.07273,1.06581e-14,0.000612402
0,1.03312,1.77636e-15,0.00109844
0,10.19174,1.33227e-14,0.00157847
0,1.595177,4.44089e-15,0.00249157
0,1.002041,1.33227e-14,0.00105299
0,1.020601,1.77636e-15,0.000954840
0,2.132159,8.88178e-16,0.00304365
0,12.99518,1.06581e-14,0.000825756
0,2.225268,4.44089e-15,0.000879328
0,1.000785,4.44089e-15,0.00146996
0,1.012961,5.32907e-15,0.00117885
0,4.878434,5.32907e-15,0.00175608
0,4.000724,7.99361e-15,0.00221019
0,0.9933861,2.30926e-14,0.00107746
0,1.015043,1.77636e-15,0.00116249
0,7.081018,1.77636e-14,0.000949114
0,1.008245,1.77636e-15,0.000556648
0,1.823211,2.66454e-15,0.00152570
0,1.011678,2.12275e-13,0.00104980
0,8.863751,1.06581e-14,0.000978759
0,1.005749,4.17444e-14,0.00108248
0,3.068251,7.10543e-15,0.00286148
0,10.07564,1.95399e-14,0.00141102
0,1.013111,8.88178e-16,0.00160316
0,1.018171,7.99361e-15,0.000179364
0,1.932759,1.77636e-15,0.00196494
0,1.007071,3.55271e-15,0.000591727
0,1.402954,7.10543e-15,0.000897559
0,1.014078,3.55271e-15,0.000138195
0,4.368268,1.24345e-14,0.00308153
0,2.557429,7.10543e-15,0.00296750
0,5.170187,3.55271e-15,0.00108072
0,1.015838,3.55271e-15,0.00118350
0,0.9963244,2.30038e-13,0.0000419822
0,8.659906,8.88178e-15,0.000107277
0,1.015812,5.90639e-13,0.000569172
0,1.385228,2.66454e-15,0.00206090
0,1.015069,1.59872e-14,0.000256175
0,3.048894,2.66454e-15,0.00256996
0,5.946852,7.99361e-15,0.00124840
0,5.180337,7.99361e-15,0.000455888
0,1.337035,3.55271e-15,0.000617440
0,10.78407,1.68754e-14,0.000551352
0,5.537488,1.15463e-14,0.00241731
0,1.007564,4.44089e-15,0.000521117
0,3.073284,3.55271e-15,0.00285239
0,3.461529,3.55271e-15,0.00282351
0,3.522939,5.32907e-15,0.000922758
0,1.015048,1.41220e-13,0.000384603
0,1.016938,3.55271e-15,0.000804344
0,1.025478,1.77636e-15,0.000661203
0,2.457941,1.77636e-15,0.00120154
0,2.281158,2.66454e-15,0.00247056
0,2.872509,1.77636e-14,0.00299796
0,3.247409,2.66454e-15,0.000683792
0,1.014516,4.44089e-15,0.000362941
0,1.333531,1.43885e-13,0.00239657
0,1.017109,1.06581e-14,0.000198785
0,1.015197,2.66454e-15,0.000503547
0,6.705758,6.21725e-15,0.000187298
0,5.800588,1.06581e-14,0.00270591
0,1.018233,4.44089e-15,0.00142690
0,8.303907,7.10543e-15,0.000920395
0,1.012953,5.32907e-15,0.000545262
0,1.013858,6.21725e-15,0.000566299
0,1.593064,3.55271e-15,0.00137960
0,4.999753,9.76996e-15,0.00178543
0,8.393391,9.76996e-15,0.00109587
0,1.009179,1.77636e-15,0.000710660
0,1.00431,6.21725e-15,0.00124107
0,0.9871223,2.66454e-15,0.00107558
0,10.78199,1.50990e-14,0.000126114
0,2.017246,3.55271e-15,0.00267037
0,2.056371,3.55271e-15,0.000478301
0,10.83725,1.24345e-14,0.00124958
0,9.797384,5.32907e-15,0.00157792
0,1.011915,2.30038e-13,0.00148284
0,1.023728,1.77636e-15,0.00140193
0,1.012919,4.44089e-15,0.000943353
0,2.928463,5.32907e-15,0.00395745
0,3.434323,1.77636e-15,0.00135928
0,7.275785,7.10543e-15,0.00137644
0,1.009409,1.77636e-14,0.000155358
0,1.021207,1.24345e-14,0.000372220
0,1.003299,1.77636e-15,0.000647458
0,1.0143,2.22045e-14,0.00140966
0,19.37503,4.26326e-14,0.000723899
0,0.9923928,3.18856e-13,0.000427431
0,7.112211,1.06581e-14,0.000166006
0,19.28245,3.37508e-14,0.000279647
0,1.012805,4.61853e-14,0.00186853
0,2.655354,3.37508e-14,0.00131268
0,1.016702,4.44089e-15,0.0000545063
0,1.01229,8.23341e-13,0.000700577
0,1.634127,6.21725e-15,0.00160637
0,2.573275,3.55271e-15,0.0000750865
0,5.794429,9.76996e-15,0.000549395
0,1.014146,8.56204e-13,0.00148197
0,1.010975,2.18492e-13,0.00151806
0,1.005631,2.04281e-14,0.000342513
0,1.012956,4.44089e-15,0.00188775
0,1.016408,2.64677e-13,0.000521617
0,1.017255,1.77636e-15,0.00114590
0,1.014241,1.77636e-15,0.00107834
0,2.638626,6.21725e-15,0.00123237
0,3.402333,7.10543e-15,0.00351099
0,1.012273,6.48370e-14,0.00155225
0,2.082268,3.55271e-15,0.00268151
0,2.517465,1.59872e-13,0.00343920
0,3.513204,3.55271e-15,0.00155055
0,12.95562,3.55271e-15,0.000983189
0,1.368165,4.44089e-15,0.00308775
0,1.563416,1.77636e-15,0.00107646
0,3.633536,3.55271e-15,0.00323898
0,7.409139,8.88178e-15,0.000819302
0,1.012854,3.55271e-15,0.000943711
0,1.02275,1.68754e-14,0.00124967
0,3.022884,2.52243e-13,0.000704937
0,1.015554,2.66454e-15,0.000464158
0,1.012819,8.88178e-15,0.000123545
0,1.010227,1.69642e-13,0.000898344
0,1.01357,2.66454e-15,0.000212269
0,1.248152,1.77636e-15,0.00102118
0,1.021539,2.66454e-15,0.00156115
0,1.016689,1.77636e-15,0.0000482514
0,1.024158,1.56319e-13,0.00125619
0,1.017013,1.77636e-15,0.000251719
0,1.001025,7.19425e-14,0.000558514
0,1.600227,1.77636e-15,0.000490190
0,5.973096,6.83897e-14,0.000641261
0,0.9906272,8.88178e-16,0.000285300
0,1.014373,5.32907e-15,0.000272291
0,1.464688,1.42109e-14,0.00106323
0,1.014946,6.21725e-15,0.00137049
0,11.0795,2.04281e-14,0.000428636
0,2.679357,1.77636e-15,0.00161143
0,1.012922,4.17444e-14,0.000421736
0,1.01802,4.44089e-14,0.000396519
0,1.027164,5.32907e-15,0.000422329
0,4.971965,4.44089e-15,0.000558364
0,2.560524,5.32907e-15,0.0000425655
0,5.417624,6.21725e-15,0.00217867
0,2.476575,1.19016e-13,0.00283983
0,1.015413,3.55271e-15,0.000914250
0,9.032391,7.99361e-15,0.000638024
0,1.023573,1.75859e-13,0.000856889
0,1.017666,3.55271e-15,0.000561826
0,2.179322,9.59233e-14,0.00181450
0,1.025839,1.77636e-15,0.0000188369
0,4.2445,1.59872e-14,0.00272749
0,2.544995,3.55271e-15,0.00283575
0,1.012259,3.55271e-15,0.000225921
0,1.009998,2.66454e-15,0.000611564
0,7.695535,7.99361e-15,0.000407638
0,1.015877,1.77636e-15,0.00101215
0,1.666552,1.77636e-15,0.000112634
0,0.9907791,2.66454e-15,0.000546399
0,1.358552,7.46070e-14,0.00156150
0,1.549921,1.77636e-15,0.00166266
0,1.013054,2.66454e-15,0.000830906
0,10.835,1.24345e-14,0.0000113961
0,1.835074,3.55271e-15,0.00108283
0,1.014136,1.77636e-15,0.000545466
0,3.023721,6.51923e-13,0.00288899
0,3.8322,3.55271e-15,0.000815131
0,1.023183,3.55271e-15,0.00181636
0,1.005136,1.77636e-15,0.00101935
0,4.050726,3.55271e-15,0.00216265
0,1.010586,4.88498e-14,0.00148552
0,10.08224,1.42109e-14,0.000954389
0,2.130714,7.10543e-15,0.00187208
0,2.031474,3.55271e-15,0.00304020
0,2.759397,5.32907e-15,0.00165407
0,0.9886345,4.44089e-15,0.0000526507
0,4.567181,5.32907e-15,0.00220431
0,1.013004,5.32907e-15,0.000815653
0,1.204686,7.10543e-15,0.000437952
0,8.279356,7.10543e-15,0.00116441
0,1.010594,2.13163e-13,0.000976527
0,2.036517,3.55271e-15,0.00290226
0,47.57181,8.52651e-14,0.000123959
0,1.012012,1.77636e-14,0.00145866
0,2.870734,4.44089e-15,0.00320526
0,7.670112,8.88178e-15,0.00122072
0,8.19497,2.04281e-14,0.00161593
0,1.012487,6.21725e-15,0.00155574
0,7.820664,9.76996e-15,0.00171170
0,2.355062,2.66454e-15,0.00324541
0,15.38508,2.04281e-14,0.000750190
0,1.01663,1.42109e-14,0.000576868
0,1.019758,3.37508e-14,0.000504689
0,1.010319,1.77636e-15,0.000219890
0,1.011333,3.55271e-15,0.000814888
0,2.272008,4.44089e-15,0.00260884
0,1.010331,1.77636e-15,0.00124566
0,5.509769,7.10543e-15,0.00180064
0,1.008757,1.77636e-15,0.000804302
0,1.015634,5.32907e-15,0.000569062
0,1.014248,1.77636e-15,0.00163219
0,1.009845,2.66454e-15,0.00138771
0,6.63921,1.06581e-14,0.00158472
0,3.028339,2.66454e-15,0.00266034
0,1.015196,1.77636e-15,0.000854187
0,8.253925,1.24345e-14,0.00186280
0,1.34267,1.77636e-15,0.00336063
0,4.471998,1.15463e-14,0.00149862
0,9.667117,1.06581e-14,0.00183379
0,1.008393,8.88178e-15,0.00127529
0,1.01115,1.77636e-15,0.00177094
0,1.497573,1.77636e-15,0.000660116
0,21.73074,3.37508e-14,0.000467400
0,6.250657,7.99361e-15,0.00229139
0,1.009596,3.55271e-15,0.00133179
0,3.040815,3.12639e-13,0.00264965
0,4.383808,1.86517e-14,0.00141653
0,1.668271,3.55271e-15,0.000762528
0,13.05318,1.86517e-14,0.000401486
0,1.629497,1.77636e-15,0.00347599
0,4.891761,2.08722e-13,0.0000514559
0,5.547459,9.76996e-15,0.00233554
0,4.707312,6.21725e-15,0.000466805
0,2.231731,2.66454e-15,0.00392705
0,4.160369,9.76996e-15,0.00196997
0,2.10143,5.32907e-15,0.00350664
0,1.111048,2.66454e-15,0.00117763
0,1.01729,1.77636e-15,0.000723389
0,1.020431,3.55271e-15,0.000675216
0,14.80301,1.42109e-14,0.000665134
0,5.248803,8.88178e-15,0.000916056
0,1.01456,1.77636e-15,0.00116785
0,17.46276,3.90799e-14,0.000846920
0,6.011611,1.24345e-14,0.00290330
0,1.020594,3.04645e-13,0.000122937
0,1.821532,1.77636e-15,0.00327868
0,1.551059,3.55271e-15,0.000782779
0,1.005692,8.88178e-15,0.00166631
0,7.736426,1.33227e-14,0.00134517
0,2.99816,7.10543e-15,0.00146740
0,1.007546,1.42109e-14,0.000121697
0,1.009777,1.77636e-15,0.00101616
0,1.940185,2.66454e-15,0.00177075
0,7.046268,7.99361e-15,0.000696915
0,1.015438,1.68754e-14,0.000521563
0,1.343316,1.77636e-15,0.00186984
0,4.38028,3.55271e-15,0.00191679
0,10.64012,9.76996e-15,0.000341611
0,4.682519,7.99361e-15,0.000982030
0,11.05039,5.32907e-15,0.000307195
0,6.048307,7.10543e-15,0.00112530
0,9.923202,8.88178e-15,0.000471955
0,1.02344,1.77636e-15,0.000515970
0,16.31609,6.03961e-14,0.000804364
0,12.25149,8.88178e-15,0.000336166
0,1.01228,2.14939e-13,0.000806248
0,5.139852,7.99361e-15,0.00163448
0,1.09865,3.64153e-14,0.0000812715
0,2.689485,3.55271e-15,0.00341699
0,1.017488,2.16716e-13,0.00100363
0,1.010826,2.66454e-15,0.000186134
0,21.37318,3.73035e-14,0.000618547
0,22.47496,4.61853e-14,0.000322370
0,1.011178,1.06581e-14,0.0000498224
0,1.652845,3.55271e-15,0.00121301
0,1.159255,4.44089e-15,0.0000536933
0,1.014934,3.55271e-15,0.000271024
0,1.01358,5.32907e-15,0.000581311
0,1.015453,3.55271e-15,0.0000796951
0,1.0209,4.44089e-15,0.00119898
0,1.01945,1.77636e-15,0.000464613
0,1.018997,4.44089e-15,0.00205024
0,2.52391,5.32907e-15,0.00267366
0,7.352953,1.15463e-14,0.00141824
0,3.576913,3.55271e-15,0.00296732
0,1.58512,6.21725e-15,0.00261958
0,7.788638,3.90799e-14,0.000253905
0,7.299999,6.21725e-15,0.00211868
0,4.599649,5.32907e-15,0.000641700
0,6.408761,9.23706e-14,0.00105786
0,10.77644,1.33227e-14,0.00195174
0,1.001693,3.55271e-15,0.000261670
0,1.01027,6.66134e-14,0.000939303
0,23.69293,4.35207e-14,0.000614645
0,1.015074,1.77636e-15,0.000540906
0,2.239747,1.77636e-15,0.000754457
0,2.016781,4.44089e-15,0.00148256
0,1.014687,3.64153e-14,0.000791499
0,2.868697,2.66454e-15,0.000337645
0,3.258422,1.33227e-14,0.00305724
0,6.103032,1.45661e-13,0.000655792
0,3.395898,5.32907e-15,0.000769542
0,1.005438,3.90799e-14,0.000684117
0,2.455742,3.46390e-14,0.00355344
0,0.9920213,1.77636e-15,0.000261308
0,3.357455,5.32907e-15,0.00305784
0,2.154149,8.88178e-16,0.00226560
0,3.179489,4.44089e-15,0.00233034
0,1.014254,2.66454e-15,0.000319788
0,3.762376,1.34115e-13,0.000369221
0,7.276992,1.24345e-14,0.00154506
0,2.833735,2.66454e-15,0.00297915
0,1.010472,3.28626e-14,0.00187709
0,3.249014,3.55271e-15,0.000942379
0,4.101091,1.21680e-13,0.00249460
0,1.010843,2.66454e-15,0.000211393
0,1.012228,2.75335e-14,0.000958623
0,1.017343,5.32907e-15,0.00145895
0,3.315061,2.66454e-15,0.00144066
0,1.01138,3.55271e-15,0.000716821
0,4.752668,1.30562e-13,0.00265328
0,1.023209,1.50990e-14,0.000566698
0,2.834218,4.44089e-15,0.00110704
0,1.01819,3.88134e-13,0.0000708328
0,2.501339,7.10543e-15,0.00178586
0,1.014152,1.79412e-13,0.000538872
0,3.40977,2.66454e-15,0.00271624
0,1.006116,4.44089e-15,0.000645800
0,19.82565,4.17444e-14,0.000290995
0,3.799518,8.88178e-15,0.00189206
0,1.715883,2.66454e-15,0.00139629
0,1.006476,3.55271e-15,0.00144468
0,1.003775,1.95399e-14,0.000825613
0,1.009654,9.76996e-15,0.0000302441
0,18.72833,2.13163e-14,0.000239293
0,2.938713,5.32907e-15,0.00222527
0,1.015166,3.55271e-15,0.000276073
0,3.645969,5.32907e-15,0.00250316
0,1.583416,3.55271e-15,0.00353150
0,1.015213,3.55271e-15,0.000175182
0,7.099503,1.59872e-14,0.00129322
0,1.005344,7.54952e-13,0.000987444
0,1.006341,5.32907e-15,0.000731353
0,3.111506,4.44089e-15,0.00130035
0,2.007443,3.55271e-15,0.000500527
0,1.014702,2.04281e-14,0.00136034
0,1.019174,8.88178e-16,0.000210676
0,5.166141,6.21725e-15,0.00295859
0,7.293913,5.50671e-14,0.00190092
0,12.57479,1.24345e-14,0.00141530
0,1.014232,3.55271e-15,0.000298198
0,1.004117,3.55271e-15,0.000375387
0,1.019405,3.46390e-14,0.000326921
0,1.366879,3.64153e-14,0.00211249
0,22.33347,1.86517e-14,0.000458118
0,3.682428,7.10543e-15,0.00100672
0,13.52942,1.95399e-14,0.000809503
0,0.9861312,1.77636e-15,0.000507121
0,1.003929,3.30402e-13,0.00124420
0,1.009956,2.66454e-15,0.000473849
0,3.389528,5.32907e-15,0.00238388
0,4.280787,2.30926e-14,0.00293892
0,1.888315,4.44089e-15,0.00251517
0,1.705676,1.59872e-14,0.00178900
0,4.890524,7.10543e-15,0.00186830
0,1.010189,1.33227e-14,0.00148615
0,1.006657,8.88178e-16,0.000780847
0,2.889929,4.44089e-15,0.00167101
0,3.708431,3.55271e-15,0.00107583
0,2.160226,1.77636e-15,0.00183041
0,13.44783,1.95399e-14,0.000205674
0,1.022763,4.44089e-15,0.000593297
0,11.75276,1.06581e-14,0.00102303
0,1.013542,8.59757e-13,0.000596444
0,1.016097,1.86517e-14,0.000227677
0,1.009589,1.86517e-14,0.0000115468
0,1.012508,3.55271e-15,0.00147792
0,8.155273,7.99361e-15,0.000681406
0,1.263009,2.66454e-15,0.00135915
0,1.005394,3.55271e-15,0.00124459
0,1.006987,8.18901e-13,0.00110794
0,4.185358,7.10543e-15,0.000929889
0,1.015378,5.41789e-14,0.000877609
0,19.23033,2.66454e-14,0.000243279
0,1.012129,3.19744e-14,0.0000324543
0,1.010627,1.77636e-15,0.000497124
0,1.011524,2.65565e-13,0.000631270
0,3.534837,2.66454e-15,0.000675694
0,1.370559,3.26850e-13,0.00111696
0,1.050144,1.77636e-15,0.000508691
0,1.011557,1.24345e-14,0.000717807
0,1.013758,1.06581e-14,0.000579433
0,1.006829,3.55271e-15,0.000194360
0,0.9901871,1.77636e-15,0.000380524
0,1.364697,8.43769e-14,0.00159986
0,3.230061,5.32907e-15,0.00231247
0,3.666693,3.55271e-15,0.00241714
0,1.009161,2.66454e-15,0.00120368
0,2.160899,5.68434e-14,0.00205258
0,13.7523,2.13163e-14,0.0000270447
0,1.008157,2.66454e-15,0.000349968
0,1.001876,3.55271e-15,0.000591951
0,1.009485,3.55271e-15,0.00150160
0,1.363578,5.32907e-15,0.00220457
0,1.018855,1.41220e-13,0.000627443
0,1.271148,1.42109e-14,0.000744639
0,4.240649,5.32907e-15,0.00230604
0,1.028935,8.88178e-16,0.00136403
0,2.602104,4.44089e-15,0.00128671
0,4.505328,1.33227e-14,0.00209789
0,1.020321,1.77636e-15,0.000974276
0,5.160237,7.10543e-15,0.00244558
0,5.912537,2.66454e-15,0.000800431
0,15.8458,1.24345e-14,0.000346549
0,5.953296,7.99361e-15,0.00154557
0,3.330721,1.59872e-14,0.000171245
0,1.018247,3.55271e-15,0.000820741
0,1.012992,3.73035e-14,0.00160109
0,7.135803,8.26006e-14,0.00104936
0,1.023179,7.54952e-13,0.00134261
0,4.449951,5.32907e-15,0.00153576
0,17.77115,6.92779e-14,0.0000617187
0,1.013966,9.30811e-13,0.000980243
0,2.92176,2.66454e-15,0.000364739
0,9.82639,3.73035e-14,0.00106469
0,1.012669,2.25597e-13,0.000437252
0,7.136097,4.44089e-15,0.00127612
0,1.016265,4.44089e-15,0.0000723756
0,3.445123,4.44089e-15,0.00264764
0,1.00621,7.10543e-15,0.000583633
0,12.14379,5.32907e-15,0.000263172
0,2.641674,1.77636e-15,0.00319123
0,0.9962776,4.44089e-15,0.000946090
0,8.9263,1.06581e-14,0.00120370
0,1.009942,3.55271e-15,0.000183242
0,1.012687,6.57252e-14,0.00136931
0,1.022104,8.34888e-14,0.000271230
0,1.029051,3.11751e-13,0.0000510335
0,1.04681,4.44089e-15,0.000401075
0,1.639919,5.32907e-15,0.00211142
0,1.850278,2.66454e-15,0.000186974
0,2.139626,3.55271e-15,0.00231033
0,1.042951,5.32907e-15,0.000139778
0,1.023377,7.99361e-15,0.000760494
0,1.773073,3.55271e-15,0.00277414
0,1.011991,3.55271e-15,0.000696208
0,1.017091,1.15463e-14,0.00144680
0,21.39106,1.77636e-14,0.000690005
0,2.733768,1.77636e-15,0.000583661
0,1.017102,3.55271e-15,0.000434183
0,3.424141,4.44089e-15,0.00314841
0,2.584368,3.55271e-15,0.00136223
0,4.755647,7.10543e-15,0.00202656
0,3.116519,3.55271e-15,0.00248081
0,1.020267,5.32907e-15,0.00131782
0,1.018312,1.51879e-13,0.00154646
0,1.681313,5.32907e-15,0.00213032
0,4.90234,1.06581e-14,0.000696758
0,7.254312,1.06581e-14,0.000667019
0,1.010514,8.88178e-15,0.000453825
0,6.484209,1.77636e-14,0.00189241
0,2.729056,2.62013e-13,0.00144007
0,1.015901,1.77636e-15,0.000815114
0,0.994306,2.66454e-15,0.000861391
0,1.774287,2.66454e-15,0.00254882
0,3.064603,3.55271e-15,0.00281359
0,1.019702,1.77636e-15,0.00134861
0,5.8474,2.30926e-13,0.000136287
0,1.010395,3.55271e-15,0.00113963
0,1.017872,5.32907e-15,0.00142036
0,3.538353,3.55271e-15,0.00260481
0,18.62495,4.17444e-14,0.000739675
0,7.604051,7.10543e-15,0.00111892
0,1.027367,1.77636e-15,0.000953306
0,1.013413,9.59233e-14,0.000140601
0,4.41649,3.55271e-15,0.000639293
0,3.180678,2.66454e-15,0.00270202
0,1.021241,1.77636e-15,0.000449171
0,1.775154,2.66454e-15,0.000112645
0,1.016135,3.64153e-14,0.000167036
0,1.02087,2.66454e-15,0.00108728
0,5.102819,1.15463e-14,0.00135597
0,1.016168,2.66454e-15,0.00132405
0,1.013327,2.66454e-15,0.00176824
0,1.017045,6.44818e-13,0.00112679
0,1.009774,5.32907e-15,0.00132812
0,1.0183,2.13163e-14,0.000409167
0,1.006237,2.93099e-14,0.000488168
0,18.92023,3.01981e-14,0.000485668
0,1.413147,1.77636e-15,0.000259612
0,1.026365,7.10543e-15,0.000225682
0,7.939424,2.29150e-13,0.000377098
0,1.022077,1.15463e-14,0.000126860
0,2.338076,1.77636e-15,0.00257735
0,4.580103,7.10543e-15,0.000778985
0,1.009431,5.32907e-15,0.000266144
0,4.17126,2.25597e-13,0.00127649
0,1.009718,2.66454e-14,0.000297053
0,8.47713,1.95399e-14,0.000993573
0,1.009037,1.77636e-15,0.0000359200
0,1.015566,1.77636e-15,0.00118945
0,4.88102,6.39488e-14,0.00250521
0,1.450067,1.77636e-15,0.00338773
0,1.117568,1.59872e-13,0.000173179
0,1.011165,2.66454e-15,0.00122681
0,6.007078,3.48166e-13,0.00183900
0,0.7128172,5.59552e-13,0.00199658
0,1.441379,5.32907e-15,0.000150270
0,1.73559,3.55271e-15,0.000374918
0,1.005769,8.88178e-16,0.00141512
0,1.007352,1.77636e-15,0.00142738
0,8.135774,1.77636e-14,0.000761792
0,5.699388,7.10543e-15,0.00125502
0,1.001514,2.66454e-15,0.000779338
0,1.010526,3.55271e-15,0.00165355
0,1.021033,3.55271e-15,0.000427671
0,1.023461,1.59872e-14,0.0000275598
0,6.343478,6.21725e-15,0.00241312
0,1.016803,2.66454e-15,0.000292405
0,6.120024,3.55271e-15,0.00107212
0,19.35638,1.59872e-14,0.000620267
0,5.918646,5.32907e-15,0.000181363
0,9.073548,2.22045e-14,0.000434723
0,4.586503,1.50990e-14,0.00275120
0,1.010179,2.66454e-15,0.000577671
0,1.019579,5.32907e-15,0.00112275
0,1.001162,3.55271e-15,0.0000369098
0,9.147143,2.13163e-14,0.000186118
0,1.019569,2.66454e-15,0.0000171827
0,2.341156,5.32907e-15,0.00381868
0,1.017563,1.77636e-15,0.000331717
0,9.170775,1.06581e-14,0.000811207
0,1.012659,4.44089e-15,0.00149482
0,1.013359,3.33955e-13,0.000991930
0,5.519453,6.21725e-15,0.00234322
0,5.652227,8.88178e-15,0.00233429
0,1.017773,2.66454e-15,0.00122910
0,2.321457,8.88178e-15,0.000837612
0,2.966665,3.55271e-15,0.00212893
0,1.020239,7.10543e-15,0.00105368
0,2.904382,7.99361e-15,0.000403388
0,1.013848,1.77636e-15,0.00190325
0,1.009551,3.55271e-15,0.000607596
0,3.060538,4.44089e-15,0.00244537
0,3.838579,6.21725e-15,0.00230387
0,1.018542,7.99361e-15,0.00119472
0,8.657197,1.24345e-14,0.00104734
0,1.010806,1.77636e-15,0.00149279
0,8.066573,1.59872e-14,0.000491242
0,7.483867,7.99361e-15,0.00139200
0,3.21397,4.44089e-15,0.00156368
0,1.635657,3.55271e-15,0.0000413104
0,1.015471,1.77636e-15,0.00128007
0,2.982361,2.66454e-15,0.0000803275
0,1.014514,6.21725e-15,0.00115487
0,7.745156,1.24345e-14,0.00113333
0,2.488143,3.55271e-15,0.00342254
0,13.66746,2.30926e-14,0.000175390
0,1.17562,4.44089e-14,0.000726623
0,1.004963,1.77636e-15,0.000491832
0,1.008325,7.10543e-15,0.000463302
0,1.007007,5.32907e-15,0.000839377
0,1.325284,3.19744e-14,0.00244803
0,1.007491,5.32907e-15,0.000296904
0,1.083705,1.77636e-15,0.00119801
0,1.054875,2.66454e-15,0.000201336
0,1.013117,1.77636e-15,0.000918290
0,1.018127,2.66454e-15,0.00126347
0,4.849218,3.55271e-15,0.00176171
0,1.022011,1.88294e-13,0.000226547
0,1.657602,6.21725e-15,0.00272739
0,1.016152,7.99361e-15,0.000324257
0,1.007349,3.55271e-15,0.00162288
0,22.17739,1.24345e-14,0.0000924784
0,1.023509,3.10862e-14,0.000475811
0,6.938606,2.04281e-14,0.00104848
0,5.339018,8.88178e-15,0.000518980
0,1.011759,3.55271e-15,0.000885664
0,4.582745,2.66454e-15,0.00180760
0,1.019336,8.88178e-16,0.00169406
0,1.026182,6.21725e-15,0.000904365
0,9.146038,1.68754e-14,0.000896849
0,3.310636,3.65041e-13,0.00273848
0,1.019459,4.44089e-15,0.000847262
0,6.202664,3.55271e-15,0.000601703
0,10.45866,9.76996e-15,0.000584395
0,15.65476,1.59872e-14,0.000150426
0,1.015973,4.44089e-15,0.000469842
0,1.516726,7.10543e-15,0.00222709
0,1.01185,3.55271e-15,0.00188431
0,1.013527,2.66454e-15,0.000896688
0,6.039488,7.10543e-15,0.00143831
0,1.201991,1.77636e-15,0.00256971
0,1.01752,2.66454e-15,0.000953334
0,1.697193,3.55271e-15,0.000573495
0,10.18081,1.68754e-14,0.000499954
0,12.31721,1.42109e-14,0.000472380
0,1.70995,1.77636e-15,0.00104500
0,1.006957,7.81597e-14,0.00120066
0,5.884432,6.21725e-15,0.000650093
0,1.021237,6.21725e-15,0.00178933
0,1.014118,1.77636e-15,0.00116345
0,10.89915,1.59872e-14,0.00148519
0,8.068373,8.88178e-15,0.000559716
0,8.924123,1.59872e-14,0.00135224
0,3.79598,3.55271e-15,0.00275299
0,1.986165,2.66454e-15,0.00183211
0,2.556994,3.55271e-15,0.0000618777
0,1.018918,8.15348e-13,0.00136936
0,10.64883,1.24345e-14,0.000783195
0,1.016872,4.44089e-15,0.000450848
0,2.398556,4.44089e-15,0.00327345
0,1.002903,3.55271e-15,0.000464821
0,1.016445,8.88178e-15,0.000926963
0,7.569078,7.10543e-15,0.000244011
0,3.334595,3.55271e-15,0.00314470
0,1.345538,9.46798e-13,0.000909858
0,9.622493,1.77636e-14,0.000942750
0,1.001284,4.68958e-13,0.00137113
0,1.021112,2.48690e-14,0.000476067
0,2.636094,7.10543e-15,0.00303208
0,1.013896,4.71623e-13,0.000220127
0,1.039111,1.77636e-15,0.000557581
0,1.014123,3.55271e-15,0.00120804
0,1.006032,7.99361e-15,0.000368122
0,2.694949,1.33227e-13,0.00208826
0,0.9978952,1.77636e-15,0.000729148
0,3.473006,3.55271e-15,0.000842450
0,1.009629,2.57572e-14,0.000300675
0,2.756969,2.66454e-15,0.00343669
0,2.573801,4.44089e-15,0.00235544
0,1.014504,2.13163e-14,0.000169608
0,4.784082,3.55271e-15,0.00102151
0,3.877291,3.73035e-14,0.00106211
0,1.015339,5.32907e-15,0.00158366
0,1.019027,5.86198e-14,0.0000953910
0,1.032916,1.77636e-15,0.000800712
0,9.795517,9.76996e-15,0.000961827
0,1.006086,7.10543e-15,0.00144933
0,3.087992,6.12843e-14,0.000943829
0,1.011909,3.55271e-15,0.000257412
0,3.442543,3.55271e-15,0.000485025
0,1.01012,2.19380e-13,0.00145465
0,4.303289,8.88178e-15,0.000851175
0,8.943412,8.88178e-15,0.000265882
0,1.029655,4.44089e-15,0.000691336
0,2.955076,3.55271e-15,0.000833240
0,4.441069,2.66454e-14,0.000510779
0,11.04111,1.33227e-14,0.000701280
0,2.351902,2.66454e-15,0.000322242
0,1.978042,4.44089e-15,0.00171867
0,2.031395,7.19425e-14,0.00154545
0,2.700853,1.77636e-15,0.00260437
0,2.664821,1.77636e-15,0.000329551
0,1.022336,6.39488e-14,0.000515263
0,16.90481,3.01981e-14,0.000402513
0,2.854598,4.44089e-15,0.000305003
0,2.4689,1.77636e-15,0.00207699
0,1.010228,2.66454e-15,0.00000421817
0,1.006469,3.55271e-15,0.000118853
0,10.38133,1.77636e-14,0.000809024
0,1.018096,6.21725e-15,0.00153290
0,8.289036,7.10543e-15,0.000235694
0,2.166587,1.42997e-13,0.00376238
0,1.453062,3.46390e-14,0.00152046
0,3.624536,2.66454e-15,0.00204832
0,11.91077,2.39808e-14,0.00120478
0,7.67751,2.57572e-14,0.000988016
0,1.010242,3.55271e-15,0.00119479
0,1.009398,1.50990e-14,0.000463984
0,1.099135,5.32907e-15,0.000198922
0,1.018471,3.55271e-15,0.000745340
0,1.011739,3.55271e-15,0.000264344
0,1.013858,5.32907e-15,0.000751471
0,1.70956,1.77636e-15,0.00123896
0,5.85262,7.10543e-15,0.000402307
0,5.934401,1.77636e-14,0.000844518
0,20.89446,1.68754e-14,0.000216823
0,11.47752,1.50990e-14,0.000812392
0,1.004172,2.66454e-15,0.0000117666
0,7.349425,1.50990e-14,0.00246506
0,1.020009,4.44089e-15,0.000216959
0,1.009904,7.99361e-15,0.00148591
0,3.698751,2.66454e-15,0.00143223
0,2.916147,5.32907e-15,0.000278738
0,1.006274,3.55271e-15,0.000356567
0,1.602042,1.77636e-15,0.00127823
0,1.011947,2.05169e-13,0.00113208
0,15.89251,1.86517e-14,0.000696464
0,18.59779,1.95399e-14,0.0000136736
0,3.475876,5.32907e-15,0.00357230
0,1.038529,8.50875e-13,0.00136978
0,2.361747,4.44089e-15,0.00240477
0,1.009971,2.66454e-15,0.000845139
0,1.014316,2.48690e-14,0.00111089
0,3.301328,3.55271e-15,0.00186646
0,1.019264,5.32907e-15,0.000999734
0,1.004669,6.21725e-15,0.00129254
0,6.202039,3.35731e-13,0.000681752
0,4.034914,1.77636e-14,0.00236686
0,1.045552,1.77636e-15,0.00170305
0,2.994934,2.66454e-15,0.00152669
0,0.9987217,2.66454e-15,0.0000567107
0,1.021293,4.44089e-15,0.000492506
0,11.64655,1.68754e-14,0.000506722
0,6.279665,8.88178e-15,0.00164065
0,1.00504,2.75335e-14,0.00115060
0,5.095147,1.24345e-14,0.00296262
0,7.06219,6.05738e-13,0.000521139
0,3.407845,7.10543e-15,0.00268519
0,24.7068,2.39808e-14,0.000680592
0,1.009499,6.01297e-13,0.000294223
0,4.871409,5.32907e-15,0.00152380
0,10.7787,2.66454e-14,0.000871251
0,1.017963,1.77636e-15,0.00101711
0,18.39308,1.68754e-14,0.00000386418
0,1.014575,2.66454e-15,0.000662783
0,1.003808,7.10543e-15,0.00115091
0,2.918075,5.32907e-15,0.000267021
0,2.820245,5.32907e-15,0.00166972
0,1.666454,4.44089e-15,0.00239429
0,1.015313,4.44089e-15,0.000208565
0,7.545111,1.15463e-14,0.000286388
0,4.120526,7.10543e-15,0.000560092
0,1.017054,3.55271e-15,0.000235016
0,1.02084,1.77636e-15,0.000363813
0,2.005435,4.44089e-15,0.00173512
0,3.628265,5.32907e-15,0.00279360
0,7.246082,1.68754e-14,0.000139339
0,1.009528,2.66454e-15,0.000713651
0,0.9956588,2.66454e-15,0.000621616
0,1.818551,1.77636e-15,0.00399970
0,4.339517,3.55271e-15,0.00116853
0,1.009545,1.77636e-15,0.00104662
0,1.006765,8.88178e-15,0.000707730
0,2.137325,1.77636e-15,0.00203687
0,1.009038,5.32907e-15,0.000535408
0,3.195158,5.32907e-15,0.000716676
0,2.903447,5.32907e-15,0.00134118
0,7.37129,7.99361e-15,0.0000210405
0,1.018482,1.06581e-14,0.000343426
0,9.050769,1.24345e-14,0.00171384
0,1.003221,1.77636e-15,0.0000307105
0,6.221875,6.21725e-15,0.000704774
0,3.897358,3.55271e-15,0.00325369
0,1.015093,3.55271e-15,0.000148862
0,4.244382,5.32907e-15,0.000571238
0,1.900279,4.44089e-15,0.00146745
0,1.022838,5.32907e-15,0.000334791
0,1.001975,1.77636e-15,0.000331325
0,1.543533,3.55271e-15,0.00163244
0,1.026789,3.35731e-13,0.000924832
0,1.009376,1.33227e-14,0.00153763
0,13.06564,1.33227e-14,0.000152446
0,6.693992,8.88178e-15,0.0000110760
0,3.615659,2.66454e-15,0.00211165
0,1.955736,2.66454e-15,0.00329544
0,1.011729,3.55271e-15,0.00163333
0,1.895594,7.10543e-15,0.00266173
0,3.928118,2.66454e-15,0.00152293
0,7.002544,9.76996e-15,0.0000739199
0,1.696844,7.10543e-15,0.00369525
0,2.007069,2.66454e-15,0.0000264635
0,3.410084,7.10543e-15,0.00311318
0,1.957987,1.77636e-15,0.000503888
0,1.001315,1.50990e-14,0.000620661
0,17.63423,3.99680e-14,0.00000260785
0,6.419645,6.21725e-15,0.00171738
0,2.199903,5.32907e-15,0.00356921
0,1.848778,4.44089e-15,0.000685557
0,1.012312,2.06057e-13,0.000619801
0,3.435686,1.90070e-13,0.00262341
0,1.239539,1.77636e-15,0.00164612
0,1.009796,3.58824e-13,0.000295988
0,1.020589,1.77636e-15,0.00102847
0,12.13027,3.73035e-14,0.000607382
0,2.406517,1.97176e-13,0.00196058
0,1.014399,1.77636e-15,0.000147809
0,1.013921,1.77636e-15,0.000847838
0,18.26187,1.59872e-14,0.000134269
0,1.016271,2.13163e-14,0.000432967
0,1.01582,2.66454e-15,0.00158330
0,2.543664,6.34159e-13,0.000953750
0,1.00881,9.14824e-14,0.000374808
0,2.064619,3.55271e-15,0.00292071
0,2.722607,2.66454e-15,0.00232648
0,10.64934,3.55271e-14,0.00122979
0,18.69009,2.48690e-14,0.000177688
0,2.931244,6.21725e-15,0.000751322
0,1.033499,1.77636e-15,0.00129068
0,1.02411,1.77636e-15,0.00120253
0,1.013233,7.10543e-15,0.000498084
0,1.758179,1.77636e-15,0.00104195
0,1.001028,9.76996e-15,0.000580558
0,1.022305,1.77636e-15,0.000317721
0,4.092829,5.32907e-15,0.00254548
0,4.844671,4.44089e-15,0.00237758
0,2.526777,3.55271e-15,0.000754415
0,3.325637,6.21725e-15,0.00222836
0,1.005927,3.55271e-15,0.000283491
0,7.997063,8.88178e-15,0.0000463172
0,3.394178,3.55271e-15,0.00246298
0,13.85003,2.48690e-14,0.000431988
0,1.017106,1.77636e-15,0.000461060
0,1.020182,1.13687e-13,0.000674863
0,2.474513,1.77636e-15,0.00233314
0,4.658701,9.76996e-15,0.00207950
0,4.592388,3.55271e-15,0.00206949
0,1.010664,6.21725e-14,0.000424574
0,1.010606,3.55271e-15,0.000201979
0,9.987815,1.33227e-14,0.000139048
0,2.556095,1.77636e-15,0.000812114
0,7.512944,9.76996e-15,0.000122633
0,1.010587,2.75335e-13,0.000706331
0,2.010785,4.44089e-15,0.00170967
0,1.02028,7.00773e-13,0.000902542
0,1.007172,1.11910e-13,0.00157147
0,1.020433,2.66454e-15,0.00134831
0,1.342387,1.05693e-13,0.000594220
0,1.00706,1.77636e-15,0.00162988
0,1.011116,1.42109e-14,0.00177365
0,2.521413,1.77636e-15,0.00227023
0,11.8977,2.22045e-14,0.000322125
0,1.012037,2.66454e-14,0.0000211996
0,1.012912,2.66454e-15,0.00169097
0,1.002678,1.02141e-13,0.0000738450
0,7.188557,1.33227e-14,0.000276567
0,1.010767,1.77636e-15,0.00109245
0,5.733748,3.55271e-15,0.000590763
0,7.130815,1.24345e-13,0.00152627
0,11.07983,3.90799e-14,0.000891249
0,2.593686,5.32907e-15,0.00247013
0,2.219986,7.10543e-15,0.00250859
0,1.012267,5.32907e-15,0.000162894
0,1.015439,7.10543e-15,0.000440983
0,4.645379,8.88178e-15,0.00212391
0,6.792426,5.32907e-15,0.00185010
0,2.639063,4.44089e-15,0.00273862
0,5.241278,5.32907e-15,0.00189365
0,5.681969,7.10543e-15,0.000477232
0,2.909798,4.44089e-15,0.00129223
0,4.203054,6.21725e-15,0.00211614
0,1.020093,8.88178e-16,0.00133696
0,21.25675,4.26326e-14,0.0000176283
0,2.434418,1.77636e-15,0.00248621
0,4.099297,6.21725e-15,0.00295919
0,13.83294,6.92779e-14,0.000369212
0,10.07744,2.66454e-14,0.000228764
0,1.016093,5.32907e-15,0.0000995966
0,1.675445,1.77636e-15,0.000997639
0,1.006501,1.25233e-13,0.00123551
0,5.053208,7.99361e-15,0.000545531
0,5.607947,7.10543e-15,0.000609066
0,5.727916,7.99361e-15,0.00105725
0,1.020433,3.55271e-15,0.000202985
0,5.578681,9.59233e-14,0.000694295
0,1.011377,7.99361e-15,0.000970297
0,1.017515,4.61853e-14,0.00109605
0,1.018456,1.96287e-13,0.00170569
0,1.967473,2.66454e-15,0.000527404
0,1.016151,9.65450e-13,0.00116391
0,2.568978,8.88178e-16,0.00235375
0,13.85124,4.79616e-14,0.000992033
0,4.896078,1.84741e-13,0.000522219
0,1.888872,1.77636e-15,0.00204677
0,11.57944,2.93099e-14,0.000293186
0,8.283595,4.74287e-13,0.00118277
0,1.003196,5.83533e-13,0.000825228
0,1.012662,1.77636e-15,0.000763363
0,1.017896,7.44294e-13,0.00155181
0,1.003609,8.88178e-15,0.00150754
0,1.583346,4.44089e-15,0.000185716
0,1.011897,1.77636e-15,0.000940893
0,1.028404,3.55271e-15,0.00110075
0,1.012231,4.44089e-15,0.00174297
0,1.019521,7.99361e-15,0.000335406
0,4.314554,1.15463e-14,0.00256523
0,3.006097,3.55271e-15,0.00382751
0,1.021151,3.55271e-15,0.000774697
0,2.940444,8.88178e-15,0.000946008
0,1.410804,1.77636e-15,0.00223919
0,1.884536,1.77636e-15,0.00362870
0,1.01566,2.04281e-14,0.00138556
0,14.72925,1.42109e-14,0.000196593
0,1.019291,2.66454e-15,0.000121972
0,1.877749,3.55271e-15,0.00331857
0,2.287144,3.49054e-13,0.00141891
0,1.017484,4.35207e-14,0.000252822
0,4.193266,5.50671e-14,0.000475766
0,1.01558,2.66454e-15,0.00177923
0,1.02029,3.55271e-15,0.0000917594
0,1.013481,2.66454e-15,0.00107273
0,1.019873,1.77636e-15,0.00103903
0,5.265974,5.32907e-15,0.00202180
0,3.223567,3.55271e-15,0.00105767
0,1.984244,5.32907e-15,0.00145255
0,1.907383,1.77636e-15,0.00121243
0,3.293632,3.55271e-15,0.00144991
0,1.175816,7.10543e-15,0.00213945
0,1.013943,2.15827e-13,0.000714039
0,16.5577,1.24345e-14,0.00127708
0,14.18685,1.22569e-13,0.000938904
0,2.540685,3.55271e-15,0.00106644
0,1.419545,1.77636e-15,0.00303284
0,1.916958,1.77636e-15,0.00104167
0,6.116366,8.88178e-15,0.000195516
0,16.34686,3.64153e-14,0.00000925258
0,4.161895,7.99361e-15,0.00196490
0,3.590251,1.27898e-13,0.000137176
0,2.479665,4.44089e-15,0.00116808
0,1.017661,1.77636e-15,0.00110701
0,7.699168,1.27010e-13,0.000410960
0,1.024513,6.32383e-13,0.000587453
0,1.050657,3.55271e-15,0.00102076
0,4.658393,8.88178e-15,0.00212768
0,1.017905,7.64722e-13,0.000479986
0,2.075667,2.22045e-14,0.00146089
0,8.872898,1.86517e-14,0.000657736
0,1.025202,2.64677e-13,0.00147320
0,4.196004,4.44089e-15,0.00136187
0,4.140375,6.21725e-15,0.00164031
0,1.01553,3.55271e-15,0.000175561
0,1.017889,1.55431e-13,0.000524713
0,22.33325,1.50990e-14,0.000202203
0,13.88625,9.94760e-14,0.00121081
0,1.105538,1.24345e-14,0.000782603
0,1.014958,3.46390e-14,0.000298221
0,2.746502,2.66454e-15,0.00124935
0,1.008368,4.44089e-15,0.000617559
0,1.01122,3.37508e-14,0.00115098
0,6.214122,5.32907e-15,0.00179851
0,1.016757,1.95399e-14,0.000902085
0,1.017079,5.32907e-13,0.00158995
0,1.009892,2.04281e-14,0.00118637
0,4.214517,5.32907e-15,0.00273433
0,17.02256,2.13163e-14,0.000892456
0,1.017211,8.88178e-16,0.000673661
0,3.488948,7.10543e-15,0.00131618
0,4.380476,7.10543e-15,0.000208265
0,8.576656,1.59872e-14,0.00109219
0,1.023087,1.81188e-13,0.00127098
0,7.137952,1.06581e-14,0.00227919
0,4.9239,1.06581e-14,0.000295831
0,1.0155,4.44089e-15,0.00149710
0,5.84185,1.15463e-14,0.000313748
0,1.013358,7.10543e-15,0.000266764
0,0.99753,1.77636e-14,0.000210427
0,1.625368,9.76996e-15,0.00208049
0,5.080862,4.44089e-15,0.000370024
0,1.012268,1.77636e-15,0.000605836
0,1.009864,2.57572e-14,0.00116796
0,1.721689,1.07470e-13,0.00236788
0,3.1952,2.66454e-15,0.00290393
0,4.690212,7.99361e-15,0.00254571
0,1.036523,1.77636e-15,0.000577163
0,1.0093,4.43201e-13,0.00152277
0,3.655721,4.44089e-15,0.00113160
0,1.004811,4.44089e-14,0.00100429
0,4.415348,4.70735e-14,0.00132272
0,5.32492,1.33227e-14,0.00182445
0,1.010803,3.55271e-15,0.00202431
0,5.991865,6.21725e-15,0.000627053
0,10.31165,7.99361e-15,0.000387075
0,2.179842,1.77636e-15,0.000376828
0,1.012453,1.77636e-15,0.00142944
0,7.321777,2.57572e-14,0.000372822
0,1.009294,3.55271e-15,0.000293005
0,1.011098,4.44089e-15,0.000463047
0,1.020238,5.32907e-15,0.000308782
0,10.46767,2.13163e-14,0.000237918
0,1.016339,4.44089e-15,0.000706754
0,1.008644,2.66454e-15,0.000918696
0,1.960819,2.66454e-15,0.000148500
0,1.014214,1.77636e-15,0.0000130789
0,1.016711,2.66454e-15,0.00103766
0,3.200689,1.48326e-13,0.00198898
0,1.004144,3.55271e-15,0.000537507
0,1.847835,9.94760e-14,0.000768592
0,3.138942,4.44089e-15,0.00327469
0,1.004184,4.85834e-13,0.000504656
0,3.714944,6.21725e-15,0.00300312
0,1.007529,4.44089e-15,0.00105975
0,17.33875,4.26326e-14,0.000377170
0,1.007652,2.66454e-15,0.000624283
0,14.7193,1.68754e-14,0.000162697
0,3.738537,3.55271e-15,0.000464446
0,2.671912,1.77636e-15,0.00300520
0,8.936724,6.21725e-15,0.000722810
0,3.13557,3.55271e-15,0.00132401
0,5.057652,5.32907e-15,0.000635135
0,1.008033,2.66454e-15,0.00118562
0,6.900964,2.48690e-14,0.00228404
0,1.007408,1.78524e-13,0.000731545
0,1.011551,1.77636e-15,0.000447737
0,1.016223,6.83897e-14,0.000898126
0,6.167724,4.44089e-15,0.00117984
0,8.187021,5.32907e-15,0.000110482
0,5.599541,3.19744e-14,0.000409766
0,4.446857,2.66454e-15,0.00204506
0,1.013693,2.66454e-15,0.00150819
0,3.836749,3.55271e-15,0.00134004
0,1.004421,3.56160e-13,0.00102088
0,4.25132,7.10543e-15,0.00233901
0,1.01686,1.77636e-15,0.000417229
0,1.02757,5.32907e-15,0.000107562
0,4.707435,3.55271e-15,0.00139189
0,3.202662,4.44089e-15,0.00249133
0,1.003695,3.90799e-14,0.00106948
0,2.851826,7.10543e-15,0.00266898
0,1.012217,8.28670e-13,0.000762932
0,1.007038,3.55271e-15,0.000382347
0,5.371229,7.99361e-15,0.00000610269
0,1.008511,5.32907e-15,0.00159169
0,1.001995,3.55271e-15,0.000153971
0,1.023065,7.99361e-15,0.00171055
0,8.859146,6.21725e-15,0.000609924
0,1.026856,1.86517e-14,0.000880629
0,9.540081,1.77636e-14,0.000270105
0,4.032726,3.55271e-15,0.00318653
0,1.013548,3.55271e-15,0.000647693
0,5.449782,6.48370e-14,0.000344010
0,1.015938,5.32907e-15,0.00155628
0,1.01635,1.77636e-15,0.00000147071
0,1.010324,5.32907e-15,0.000861110
0,1.968032,4.44089e-15,0.000651604
0,1.242782,1.77636e-15,0.000959183
0,1.033851,1.77636e-15,0.000414634
0,2.559079,1.15463e-14,0.00211929
0,1.016287,2.56684e-13,0.000961395
0,24.31463,1.59872e-14,0.000254956
0,4.420411,9.76996e-15,0.00250667
0,1.015399,1.02141e-13,0.00145093
0,2.496744,3.55271e-15,0.00234274
0,1.040444,1.77636e-15,0.00115224
0,1.060835,5.70211e-13,0.00112509
0,7.46161,9.76996e-15,0.00232420
0,11.6179,3.01981e-14,0.000251123
0,1.009338,3.55271e-15,0.000699198
0,1.016614,3.55271e-15,0.000958036
0,1.014171,5.32907e-15,0.000186745
0,1.016207,5.32907e-15,0.000981954
0,1.029205,3.55271e-15,0.00145988
0,5.388905,1.15463e-14,0.00199390
0,3.070861,7.10543e-15,0.00190687
0,6.36487,5.32907e-15,0.000943213
0,1.017599,2.66454e-15,0.00140605
0,1.013994,1.77636e-15,0.00165780
0,9.833029,2.30926e-14,0.000583694
0,15.28637,1.68754e-14,0.000607962
0,1.025545,7.46070e-14,0.00145069
0,1.015438,3.55271e-15,0.000776891
0,2.492561,2.66454e-14,0.00323853
0,1.018309,3.55271e-15,0.000836261
0,1.53516,6.21725e-15,0.00225398
0,0.8812625,3.54383e-13,0.00125358
0,1.024598,1.77636e-15,0.000913980
0,2.048089,3.55271e-15,0.00128188
0,1.024969,4.44089e-15,0.0000219292
0,7.873376,7.99361e-15,0.000864177
0,1.363422,3.55271e-15,0.00198876
0,4.427845,8.52651e-14,0.000977981
0,2.958941,4.44089e-15,0.00332397
0,1.004375,4.44089e-15,0.000272780
0,1.029395,2.66454e-15,0.00154112
0,1.032928,2.66454e-15,0.0000163551
0,1.015077,2.66454e-15,0.00106655
0,1.010195,8.88178e-15,0.00134479
0,1.017066,5.32907e-15,0.000926152
0,1.00885,2.66454e-15,0.000772867
0,4.504761,2.73559e-13,0.00173148
0,1.004618,4.44089e-15,0.000542386
0,16.34295,4.17444e-14,0.000277800
0,1.010513,8.88178e-16,0.000569661
0,1.013075,3.55271e-15,0.000575247
0,2.850272,5.32907e-15,0.000898815
0,1.006638,6.21725e-15,0.000480829
0,1.053169,5.32907e-15,0.000874630
0,1.490575,3.55271e-15,0.00231064
0,1.02321,3.34843e-13,0.000724541
0,3.990574,3.55271e-15,0.000996968
0,1.006097,9.76996e-15,0.00112347
0,1.018435,4.60076e-13,0.00120000
0,1.020495,3.55271e-15,0.000113358
0,7.926637,8.88178e-15,0.0000898929
0,1.010388,1.77636e-15,0.00102829
0,4.180214,1.42997e-13,0.000480656
0,1.017219,1.77636e-15,0.00140764
0,4.921931,8.88178e-15,0.000243845
0,4.806976,5.32907e-15,0.000188345
0,2.488323,1.74971e-13,0.00372921
0,10.81189,8.88178e-15,0.00106418
0,43.53474,3.64153e-14,0.000207187
0,1.010593,3.55271e-15,0.00123608
0,11.75058,1.24345e-14,0.000309631
0,8.84222,1.06581e-14,0.00105082
0,7.618275,1.59872e-14,0.000585061
0,1.018709,1.77636e-15,0.00152721
0,1.008654,1.77636e-15,0.0000697020
0,1.578787,2.66454e-15,0.00296063
0,16.47723,2.84217e-14,0.000258596
0,4.852421,1.77636e-15,0.00113844
0,1.011292,4.44089e-15,0.000787182
0,1.366924,4.68070e-13,0.00132398
0,2.541101,2.66454e-15,0.000383708
0,12.43584,1.42109e-14,0.00124361
0,2.704997,2.24709e-13,0.00186303
0,7.316326,5.32907e-15,0.000453908
0,1.019371,1.65201e-13,0.000960521
0,1.013306,8.88178e-16,0.000546289
0,4.22678,7.10543e-15,0.00197003
0,1.166493,3.01981e-14,0.00146192
0,1.011737,2.66454e-15,0.00109467
0,5.545235,1.06581e-14,0.000349258
0,1.011784,1.50990e-14,0.000288858
0,1.02166,3.55271e-15,0.00166343
0,1.017375,7.99361e-15,0.000554464
0,2.477896,5.32907e-15,0.00136053
0,5.81928,2.04281e-14,0.000521358
0,1.020593,1.59872e-14,0.0000624652
0,14.48362,1.50990e-14,0.000330001
0,22.92057,1.42109e-14,0.000279539
0,1.010763,1.77636e-15,0.000276471
0,1.022545,5.41789e-14,0.000946201
0,1.007459,6.21725e-14,0.000758671
0,12.41351,8.88178e-15,0.00101015
0,1.014243,1.42109e-14,0.00185006
0,2.741448,3.55271e-15,0.00160914
0,7.853406,2.66454e-14,0.00124774
0,1.019184,1.95399e-14,0.00181016
0,7.87298,2.04281e-14,0.000943467
0,1.0067,3.55271e-15,0.000572792
0,1.932441,1.11910e-13,0.00214511
0,0.9912932,4.98268e-13,0.000972517
0,1.019104,6.39488e-14,0.000505356
0,1.029429,1.77636e-15,0.000997767
0,1.088656,1.77636e-15,0.000644455
0,3.687069,1.46549e-13,0.000764018
0,1.023542,5.32907e-15,0.00124651
0,1.880382,3.55271e-15,0.000978491
0,0.9857313,1.77636e-15,0.000381438
0,1.025996,1.16351e-13,0.00183526
0,1.007082,2.50466e-13,0.00135914
0,5.381469,3.73035e-14,0.000490802
0,0.9950177,4.44089e-15,0.000531249
0,6.875461,5.48894e-13,0.000120701
0,4.124607,5.32907e-15,0.00164052
0,3.7458,1.45661e-13,0.000575998
0,1.010331,5.32907e-15,0.000633624
0,5.049933,7.99361e-15,0.00198993
0,1.008735,2.66454e-15,0.000478367
0,1.003323,2.66454e-15,0.000226087
0,2.29055,1.77636e-15,0.00300565
0,1.01748,2.66454e-15,0.000984820
0,2.054727,4.44089e-15,0.00309307
0,10.54533,1.15463e-14,0.000784596
0,1.012917,1.77636e-15,0.000649130
0,1.007595,5.32907e-15,0.00102383
0,0.9899259,2.66454e-15,0.000265522
0,22.29862,4.35207e-14,0.000565630
0,2.002894,2.66454e-15,0.00163006
0,1.011834,3.64153e-14,0.000773281
0,1.02192,2.57572e-14,0.000644351
0,2.692625,1.77636e-15,0.00150421
0,1.001589,2.93099e-13,0.000168054
0,1.291274,4.44089e-15,0.000483054
0,1.004825,1.84741e-13,0.00104234
0,1.443287,3.55271e-15,0.000111475
0,2.172273,5.32907e-15,0.000583581
0,1.929389,7.10543e-15,0.000457046
0,1.021406,1.24345e-14,0.000518441
0,6.680465,6.21725e-15,0.000804546
0,1.002278,4.44089e-15,0.00111991
0,1.003944,5.19584e-13,0.000320657
0,2.648108,2.66454e-15,0.00150822
0,1.010673,3.55271e-15,0.000897543
0,3.338158,2.57572e-13,0.00248778
0,4.709726,4.44089e-15,0.000417465
0,16.25376,1.77636e-14,0.000465151
0,2.764502,4.44089e-15,0.00331137
0,2.117938,3.55271e-15,0.00356077
0,6.820431,1.86517e-14,0.00157199
0,1.022505,5.86198e-14,0.00124959
0,17.23858,3.28626e-14,0.000836320
0,2.532468,1.08358e-13,0.00306407
0,1.015971,1.15463e-14,0.000184817
0,1.016805,2.39808e-14,0.000576209
0,5.646756,6.21725e-15,0.00122636
0,2.691123,6.21725e-15,0.00138870
0,18.01545,2.04281e-14,0.00125197
0,1.798525,8.08242e-14,0.00137925
0,8.422963,6.21725e-15,0.000737517
0,1.91968,2.66454e-15,0.00121056
0,1.020219,1.77636e-15,0.00170191
0,1.009851,3.37508e-14,0.00169556
0,1.012655,1.77636e-15,0.00165519
0,6.963557,8.88178e-15,0.00122246
0,1.178162,1.77636e-15,0.000933469
0,8.340664,1.15463e-14,0.00119352
0,5.435778,1.77636e-14,0.00245659
0,2.33331,2.64677e-13,0.00282356
0,2.123031,4.47642e-13,0.00126102
0,13.09779,1.42109e-14,0.000962820
0,3.390794,4.44089e-15,0.00205176
0,2.461387,6.21725e-15,0.00303226
0,1.017814,3.01981e-14,0.00130832
0,1.013745,3.19744e-13,0.000382113
0,1.021785,7.10543e-15,0.00103063
0,6.856365,9.76996e-15,0.000370797
0,11.01076,9.76996e-15,0.000267622
0,1.009012,1.77636e-15,0.000122836
0,10.10111,8.88178e-15,0.000380684
0,22.46547,8.17124e-14,0.000888290
0,1.028503,4.35207e-14,0.000277380
0,1.017949,2.21156e-13,0.000663089
0,1.011015,7.10543e-15,0.00170536
0,1.016447,3.55271e-15,0.000441241
0,1.018788,1.77636e-15,0.000832647
0,2.445182,3.55271e-15,0.00261276
0,1.297444,2.66454e-15,0.00189563
0,2.595149,3.55271e-15,0.00253444
0,1.005648,7.26530e-13,0.000190026
0,3.565512,2.66454e-15,0.00131189
0,1.675446,8.88178e-16,0.000748902
0,1.875388,6.21725e-15,0.00178181
0,1.011858,2.89546e-13,0.000355735
0,1.019349,2.66454e-15,0.000549513
0,11.29114,1.24345e-14,0.0000611722
0,1.00852,2.48690e-14,0.000159776
0,2.054505,2.04281e-14,0.00000477405
0,4.123493,4.18332e-13,0.00204621
0,1.02161,6.21725e-15,0.000655667
0,3.863545,4.08562e-14,0.00261492
0,10.08955,1.33227e-14,0.000545524
0,1.011965,1.95399e-14,0.000229546
0,1.011085,3.55271e-15,0.000996852
0,1.010636,8.88178e-16,0.000902382
0,8.436508,1.86517e-14,0.000770935
0,1.012988,1.08358e-13,0.000658197
0,6.918135,1.49214e-13,0.00119884
0,0.722178,4.44089e-15,0.00195792
0,1.024264,1.77636e-15,0.0000668084
0,1.00839,2.66454e-15,0.0000575362
0,1.01839,5.32907e-15,0.00000329349
0,3.692175,1.19904e-13,0.000441820
0,1.008083,2.66454e-14,0.000272252
0,5.160243,5.32907e-15,0.00117843
0,4.77238,2.39808e-14,0.000321685
0,2.523926,2.66454e-15,0.00159490
0,1.012254,1.77636e-15,0.000327049
0,1.016364,7.10543e-15,0.000479465
0,1.018513,3.55271e-15,0.00139757
0,3.647577,6.21725e-15,0.000959098
0,1.614829,2.66454e-15,0.00279533
0,2.91352,3.55271e-15,0.00128790
0,5.380042,5.32907e-15,0.00282253
0,1.01079,8.88178e-16,0.000263150
0,6.739813,2.59348e-13,0.00214772
0,1.015869,5.32907e-15,0.00143939
0,1.013881,1.77636e-15,0.00138114
0,8.146877,5.32907e-15,0.000359359
0,1.016313,4.17444e-13,0.00107771
0,1.024136,1.06581e-14,0.00184799
0,6.335833,2.48690e-14,0.00188939
0,3.225592,6.21725e-15,0.00117655
0,1.011836,1.80300e-13,0.000461566
0,13.70019,3.01981e-14,0.000209480
0,1.021221,6.21725e-15,0.000311668
0,1.013909,5.32907e-15,0.0000620869
0,1.008855,1.77636e-15,0.0000781454
0,3.273643,1.32339e-13,0.00339149
0,1.003621,4.44089e-15,0.00153462
0,1.013851,1.68754e-14,0.000619083
0,1.012912,2.66454e-15,0.000337666
0,1.013682,1.77636e-15,0.00107085
0,4.045461,4.77840e-13,0.00309841
0,1.012105,2.02505e-13,0.00138259
0,1.168369,2.66454e-15,0.000461687
0,1.250989,1.06581e-14,0.00218589
0,1.015029,5.32907e-15,0.000132787
0,1.7544,5.32907e-15,0.000440064
0,1.01172,5.32907e-15,0.00119467
0,3.879378,5.32907e-15,0.00250947
0,3.977555,1.06581e-14,0.00156603
0,1.01871,9.76996e-15,0.000223353
0,3.798918,3.55271e-15,0.000668947
0,1.011677,1.05693e-13,0.000632906
0,1.003677,3.55271e-15,0.00164110
0,1.016347,1.44773e-13,0.000610229
0,1.010509,1.77636e-15,0.00185417
0,1.013157,3.55271e-15,0.000663258
0,1.01157,7.10543e-15,0.00102826
0,5.720439,9.76996e-15,0.00243307
0,1.013215,3.01981e-14,0.000285918
0,16.48192,3.64153e-14,0.00116641
0,1.013004,2.66454e-15,0.00152751
0,2.773423,5.32907e-15,0.00314990
0,2.079603,1.77636e-15,0.00219306
0,1.005684,2.30926e-14,0.000981686
0,3.021625,9.76996e-15,0.00204369
0,1.027462,2.66454e-15,0.000616613
0,1.011741,1.77636e-15,0.00127597
0,11.23377,1.68754e-14,0.000881075
0,1.019413,6.03961e-14,0.000728232
0,2.937909,8.88178e-15,0.00326385
0,9.867543,1.15463e-14,0.00194672
0,11.85316,3.10862e-14,0.0000523333
0,1.027558,4.28102e-13,0.000195838
0,1.011975,3.55271e-15,0.00122840
0,4.767388,3.55271e-15,0.00156138
0,2.160668,1.19016e-13,0.00322269
0,1.013964,3.28626e-14,0.000234739
0,7.628903,9.76996e-15,0.00160851
0,1.013811,1.77636e-15,0.000759390
0,1.023055,2.12275e-13,0.00144335
0,2.838714,2.57572e-14,0.00126140
0,3.442669,8.88178e-15,0.00116321
0,1.011791,3.55271e-15,0.000570308
0,10.91934,1.24345e-14,0.000726095
0,1.017313,5.50671e-14,0.000124137
0,1.963941,3.55271e-15,0.00235340
0,3.032999,5.91527e-13,0.00272532
0,4.359621,3.35731e-13,0.00160425
0,9.836272,1.59872e-14,0.00108013
0,1.00786,7.10543e-15,0.00189311
0,0.8748291,1.77636e-14,0.000107995
0,1.015676,2.64677e-13,0.000588103
0,2.547037,3.55271e-15,0.00248046
0,1.869027,2.66454e-15,0.00198398
0,1.012149,6.21725e-15,0.000755180
0,1.017885,6.21725e-15,0.000282796
0,1.096389,3.55271e-15,0.00161187
0,2.930891,6.21725e-15,0.00340987
0,3.998298,1.06581e-14,0.00342440
0,1.007427,1.77636e-15,0.000395075
0,9.185905,1.33227e-14,0.000976827
0,1.016404,4.70735e-14,0.000282501
0,1.022686,1.77636e-15,0.000991749
0,1.018491,1.77636e-15,0.000141564
0,2.235407,3.55271e-15,0.00314800
0,7.851499,5.32907e-15,0.000473938
0,1.024223,1.77636e-15,0.00113828
0,1.016508,2.06946e-13,0.00139145
0,1.015814,1.77636e-15,0.000599989
0,12.18013,1.86517e-14,0.00164888
0,1.007831,3.55271e-15,0.00129403
0,3.38113,2.48690e-14,0.00321687
0,1.471801,6.21725e-15,0.00324488
0,0.9972121,1.77636e-15,0.000380661
0,1.007743,1.77636e-15,0.000269815
0,2.143906,1.77636e-15,0.00240898
0,1.018675,2.66454e-15,0.000734630
0,26.58613,2.39808e-14,0.000101552
0,2.417723,7.10543e-15,0.00329225
0,1.862802,7.10543e-15,0.000652550
0,3.51513,2.66454e-15,0.00303027
0,2.996909,3.55271e-15,0.00127938
0,1.027738,6.92779e-14,0.000514689
0,1.005667,4.26326e-14,0.000837475
0,10.72472,2.30926e-14,0.000302186
0,5.786629,3.55271e-15,0.00180809
0,1.015895,5.24025e-14,0.00141802
0,1.008772,3.55271e-15,0.00186235
0,1.01345,2.66454e-15,0.000239868
0,3.623422,3.55271e-15,0.000258229
0,2.832566,7.10543e-15,0.00192277
0,39.45457,7.99361e-14,0.000127594
0,4.558353,1.77636e-15,0.00257826
0,1.621748,1.77636e-15,0.00188202
0,1.012002,3.41949e-13,0.00125981
0,4.757044,4.61853e-14,0.00186854
0,4.733245,4.44089e-14,0.00135513
0,1.02581,5.32907e-15,0.000186007
0,3.12337,3.55271e-15,0.00276978
0,7.617957,5.32907e-15,0.000852269
0,2.25571,8.88178e-15,0.00330853
0,11.69844,1.06581e-14,0.00114170
0,4.563471,6.21725e-15,0.000972516
0,2.691524,1.77636e-15,0.00273441
0,1.013429,4.44089e-15,0.00142223
0,1.031069,1.77636e-15,0.0000895466
0,3.728024,3.55271e-15,0.00186343
0,1.013855,6.39488e-14,0.00190872
0,2.276496,2.66454e-15,0.000780323
0,1.017015,4.17444e-14,0.000467871
0,8.861519,2.66454e-14,0.00108076
0,1.009671,2.66454e-14,0.000703889
0,4.878728,1.24345e-14,0.00202920
0,1.015618,6.92779e-14,0.00101927
0,6.85962,7.99361e-15,0.000709860
0,1.011174,1.77636e-15,0.00134946
0,3.5727,1.32339e-13,0.000709228
0,4.00784,1.15463e-14,0.000277524
0,4.894563,1.24345e-14,0.00121634
0,1.394748,2.66454e-15,0.000733132
0,1.02003,4.01457e-13,0.000705949
0,1.007376,7.99361e-15,0.000966176
0,9.634462,3.01981e-14,0.000983813
0,1.005566,2.58460e-13,0.000377125
0,1.234421,2.66454e-15,0.00208345
0,5.001351,5.32907e-15,0.00200540
0,1.012128,3.42837e-13,0.000576807
0,1.01026,5.48006e-13,0.000563597
0,1.008724,3.55271e-15,0.000505913
0,1.007417,3.11751e-13,0.000775660
0,19.84076,5.86198e-14,0.000149705
0,23.52836,1.59872e-14,0.0000487816
0,3.492574,2.66454e-15,0.00170504
0,1.015311,7.52287e-13,0.00139499
0,6.417742,9.59233e-13,0.00130409
0,1.026873,7.06990e-13,0.00102099
0,1.580863,1.06581e-13,0.00255172
0,5.484339,8.88178e-15,0.00251785
0,1.051353,8.88178e-16,0.0000705748
0,1.00866,2.66454e-15,0.000223015
0,1.012083,1.77636e-15,0.000181367
0,1.539655,5.32907e-15,0.00326159
0,1.018484,1.77636e-15,0.00101518
0,1.022967,1.77636e-15,0.00124040
0,3.321023,7.99361e-15,0.00194824
0,21.51076,2.57572e-14,0.00108693
0,1.019733,1.56319e-13,0.00107677
0,1.758269,4.81393e-13,0.00266230
0,3.085853,3.55271e-15,0.00202191
0,1.86949,2.66454e-15,0.00277152
0,1.002226,2.20268e-13,0.000957764
0,1.013789,2.66454e-15,0.000582328
0,4.750288,3.55271e-15,0.00230052
0,1.010589,3.55271e-15,0.000364055
0,1.832204,5.87086e-13,0.00362422
0,1.014566,8.88178e-15,0.00113170
0,1.008068,3.55271e-15,0.0000500718
0,1.010408,5.86198e-14,0.000919782
0,13.0361,8.88178e-15,0.00144044
0,6.850571,1.24345e-14,0.000487291
0,14.29822,2.78000e-13,0.000144674
0,1.012435,1.77636e-15,0.0000849210
0,4.360752,4.52971e-14,0.000820763
0,1.005657,2.80664e-13,0.00140276
0,4.299326,7.99361e-15,0.00207070
0,1.010965,9.59233e-14,0.000680525
0,2.881023,4.44089e-15,0.00127246
0,0.9948207,8.17124e-14,0.000155969
0,3.627901,5.32907e-15,0.00335604
0,14.83621,1.77636e-14,0.00172350
0,1.013607,1.59872e-14,0.00101461
0,6.624297,1.06581e-14,0.00166755
0,1.016452,1.77636e-15,0.00168439
0,1.009037,5.32907e-15,0.000178136
0,5.436894,1.06581e-14,0.000201933
0,1.57331,2.66454e-15,0.00302413
0,1.025491,8.01137e-13,0.000553912
0,1.007643,7.46070e-13,0.00108094
0,3.084374,2.66454e-15,0.000489324
0,10.44569,6.21725e-15,0.000864899
0,1.014196,5.32907e-15,0.000600709
0,2.615099,3.55271e-15,0.00423581
0,1.689715,5.32907e-15,0.00171187
0,4.524274,7.10543e-15,0.00294557
0,1.023712,4.35207e-14,0.0000931129
0,2.763262,5.32907e-15,0.00320275
0,2.359218,4.44089e-15,0.000819630
0,1.012599,2.66454e-15,0.00173341
0,1.017157,5.32907e-15,0.00169106
0,1.012443,2.66454e-15,0.00122727
0,4.261261,9.76996e-15,0.00119701
0,1.022211,7.10543e-15,0.000835269
0,1.018021,1.24345e-14,0.00125506
0,11.12325,1.24345e-14,0.000912806
0,21.61082,5.86198e-14,0.000783689
0,1.01833,5.95080e-14,0.000911657
0,3.864251,4.44089e-15,0.00266261
0,1.020162,6.27054e-13,0.00162816
0,1.013215,4.44089e-15,0.000429703
0,3.873397,5.32907e-15,0.00134948
0,9.263253,7.10543e-15,0.00117975
0,4.311174,1.20792e-13,0.00109960
0,7.811869,2.04281e-14,0.000152665
0,9.159185,3.01981e-14,0.0000460954
0,12.50545,1.50990e-14,0.00147099
0,12.99572,1.42109e-14,0.000343338
0,2.151627,3.55271e-15,0.000563624
0,1.019994,4.44089e-15,0.00121968
0,5.870593,3.55271e-15,0.00109088
0,2.277288,2.66454e-15,0.00234589
0,1.019674,7.72715e-14,0.00158642
0,6.258152,7.10543e-15,0.00192378
0,3.172923,1.97176e-13,0.00138014
0,2.110671,3.55271e-15,0.00346675
0,3.999251,5.32907e-15,0.00121503
0,4.281377,4.44089e-15,0.00134851
0,5.51793,3.55271e-15,0.000908237
0,1.020382,1.77636e-15,0.00115464
0,5.766802,1.15463e-14,0.00101761
0,3.66823,4.44089e-15,0.00111163
0,1.024243,1.50990e-14,0.00114782
0,1.011227,5.32907e-15,0.000535975
0,1.638582,2.66454e-15,0.000808515
0,1.637514,1.77636e-15,0.00332307
0,23.61075,4.61853e-14,0.000131909
0,1.012971,1.77636e-15,0.000678541
0,2.574379,3.55271e-15,0.00367154
0,1.236223,1.77636e-15,0.00251944
0,6.137914,3.25073e-13,0.00110944
0,16.31225,2.84217e-14,0.00104782
0,1.019088,2.66454e-15,0.000473723
0,1.017062,4.44089e-15,0.000353552
0,1.027525,3.46390e-14,0.000839814
0,3.236737,5.32907e-15,0.00187880
0,1.017178,5.32907e-15,0.00138661
0,4.163502,7.99361e-15,0.00109558
0,1.020671,1.59872e-14,0.000280157
0,17.99314,2.13163e-14,0.000214035
0,4.448218,1.95399e-14,0.00106968
0,1.023005,1.06581e-14,0.00172375
0,6.544657,7.10543e-15,0.00221260
0,2.461288,4.44089e-15,0.00110311
0,1.008678,4.44089e-15,0.0000602979
0,1.194582,6.21725e-14,0.00202636
0,4.904943,3.55271e-15,0.0000110282
0,1.022841,5.15143e-14,0.00120122
0,1.676807,3.55271e-15,0.00316172
0,2.54363,1.50990e-13,0.00212817
0,2.285292,1.77636e-14,0.000407153
0,1.014791,2.66454e-15,0.00137991
0,1.019278,2.66454e-15,0.000439494
0,6.162547,1.06581e-14,0.000412699
0,1.00987,1.15463e-14,0.000458112
0,1.003506,2.66454e-15,0.000714394
0,1.671199,1.77636e-15,0.00217469
0,1.033818,2.66454e-15,0.000347832
0,1.020829,3.55271e-15,0.000195765
0,3.460249,1.50990e-13,0.00144546
0,1.021013,1.77636e-15,0.00172404
0,1.625304,2.87770e-13,0.000712173
0,2.209686,1.77636e-15,0.00270034
0,1.030678,1.68754e-14,0.000698709
0,1.017539,4.44089e-15,0.00131515
0,3.198084,8.88178e-15,0.0000479583
0,3.616099,2.66454e-15,0.000697125
0,1.017439,5.32907e-15,0.000319853
0,1.01336,1.68754e-13,0.000285895
0,1.022455,1.77636e-15,0.000884865
0,25.20837,2.30926e-14,0.0000571873
0,1.015717,1.42109e-13,0.000225934
0,3.920237,3.55271e-15,0.00276636
0,1.005725,5.32907e-15,0.00161162
0,1.018669,8.88178e-15,0.00123522
0,1.009424,3.55271e-15,0.000579142
0,0.9831775,3.55271e-15,0.000334011
0,1.578691,1.77636e-15,0.00342294
0,1.041884,1.77636e-15,0.00119935
0,2.622809,4.44089e-15,0.00133217
0,3.28497,8.88178e-15,0.00332704
0,5.352016,6.21725e-15,0.00235947
0,7.919022,7.10543e-15,0.000357889
0,1.017886,8.01137e-13,0.000754162
0,12.49498,1.42109e-14,0.0000371204
0,1.027594,3.55271e-15,0.000921679
0,4.277157,5.95080e-14,0.000800257
0,2.266528,1.70530e-13,0.00250335
0,2.767976,3.55271e-15,0.000289350
0,1.963293,3.55271e-15,0.00342377
0,4.184859,4.44089e-15,0.00195247
0,4.281461,1.33227e-14,0.00242119
0,2.150959,2.66454e-15,0.00330016
0,1.023943,2.66454e-15,0.00124667
0,1.023918,3.55271e-15,0.000932353
0,15.78589,9.94760e-14,0.000982834
0,2.43033,2.66454e-15,0.00271747
0,1.022479,3.55271e-15,0.000763764
0,12.68279,3.55271e-14,0.00162663
0,1.022412,7.10543e-15,0.000495657
0,1.875784,4.67182e-13,0.00304586
0,1.020637,7.10543e-15,0.000864298
0,1.014951,3.55271e-15,0.00124758
0,1.575576,4.44089e-15,0.000203172
0,1.448367,6.21725e-14,0.000721512
0,1.00485,4.44089e-15,0.000159551
0,1.028844,1.68754e-13,0.000878513
0,1.691747,1.77636e-15,0.000247322
0,1.563707,3.55271e-15,0.00264960
0,1.018678,1.77636e-15,0.00145180
0,1.022503,1.77636e-15,0.00147472
0,6.926244,1.42109e-14,0.000316050
0,1.014168,1.24345e-14,0.00101901
0,3.513494,6.83897e-14,0.000744502
0,2.457761,8.88178e-15,0.00176114
0,3.562704,2.66454e-15,0.00103771
0,3.105412,1.77636e-15,0.000780896
0,1.016077,8.88178e-15,0.00161011
0,1.82028,4.44089e-15,0.00261275
0,1.442449,3.55271e-15,0.00311339
0,2.605992,1.77636e-15,0.000962126
0,4.483828,1.59872e-14,0.00276274
0,1.023867,1.77636e-15,0.000861397
0,1.014371,2.66454e-15,0.000440287
0,4.206382,4.44089e-15,0.00226658
0,6.480271,8.89067e-13,0.000551140
0,1.024102,2.22045e-14,0.000854364
0,3.11644,3.55271e-15,0.00297654
0,3.207205,5.32907e-15,0.00134261
0,9.764698,1.59872e-14,0.00120947
0,1.023606,1.77636e-15,0.000250004
0,1.597462,1.77636e-15,0.00337454
0,8.012361,1.68754e-14,0.00224911
0,7.293225,5.32907e-15,0.00161304
0,1.033259,2.66454e-15,0.000103399
0,5.629819,1.42109e-14,0.00139579
0,3.859905,4.44089e-15,0.00232089
0,6.430581,7.10543e-15,0.00110242
0,1.018856,2.13163e-14,0.000534801
0,11.27698,3.01981e-14,0.000426865
0,1.021747,6.21725e-15,0.000205000
0,1.019354,7.10543e-15,0.00104285
0,1.011606,5.32907e-15,0.00117175
0,1.015984,5.32907e-15,0.000568144
0,11.2815,1.59872e-14,0.0000619893
0,9.272862,2.57572e-14,0.000822968
0,2.064788,1.77636e-15,0.00349411
0,2.355594,7.99361e-15,0.000944104
0,4.499363,7.10543e-15,0.000673342
0,11.51737,1.33227e-14,0.00130582
0,2.001331,2.66454e-15,0.000778776
0,1.00075,4.44089e-15,0.000440006
0,5.075998,1.33227e-14,0.00216768
0,1.036345,2.66454e-15,0.000399178
0,6.38086,4.44089e-15,0.00136904
0,1.016799,1.98952e-13,0.000936237
0,1.016224,3.55271e-15,0.00103504
0,1.01942,5.32907e-15,0.00137256
0,1.019222,1.33227e-14,0.000328173
0,1.019061,6.21725e-15,0.000384120
0,5.260995,3.55271e-15,0.00187335
0,1.032147,3.24185e-13,0.000830631
0,1.033242,2.66454e-15,0.00135203
0,4.381232,6.21725e-15,0.00139309
0,2.734437,3.55271e-15,0.000160027
0,9.891007,7.10543e-15,0.00113613
0,1.027601,2.66454e-15,0.000312264
0,23.85834,2.48690e-14,0.00129346
0,1.030054,5.86198e-14,0.000586629
0,2.116313,2.66454e-15,0.00211241
0,1.024945,7.54952e-14,0.00123814
0,2.100616,2.66454e-15,0.00127253
0,3.966257,7.63833e-14,0.000629215
0,8.799668,2.13163e-14,0.000800824
0,1.025425,1.77636e-15,0.00121158
0,1.26308,7.90479e-14,0.00349046
0,13.90661,2.39808e-14,0.000371836
0,1.216362,1.42109e-14,0.00174929
0,2.109477,2.66454e-15,0.00313731
0,1.108822,5.32907e-15,0.00169576
0,16.67282,1.42109e-14,0.00111531
0,1.024473,3.81917e-14,0.000874481
0,1.066498,4.08562e-13,0.00182827
0,1.024982,2.85993e-13,0.00121058
0,15.72668,1.77636e-14,0.000396943
0,1.303044,2.84217e-14,0.00211676
0,1.034367,3.55271e-15,0.000186625
0,1.041845,1.77636e-15,0.000282990
0,12.97335,1.06581e-14,0.00123859
0,3.568819,3.55271e-15,0.000555855
0,1.016287,4.44089e-15,0.00187783
0,3.209815,1.86517e-14,0.00157098
0,1.789031,3.55271e-15,0.000453894
0,1.019887,7.86926e-13,0.000380867
0,2.274826,3.55271e-15,0.00187482
0,1.020966,1.77636e-15,0.000880782
0,1.020018,3.55271e-15,0.00128770
0,1.016838,3.64153e-14,0.000373519
0,1.002002,1.77636e-15,0.000290832
0,1.035806,1.04805e-13,0.000306205
0,4.01752,3.55271e-15,0.00272136
0,1.020101,1.38556e-13,0.000940729
0,1.019614,1.77636e-15,0.000969996
0,6.110674,2.75335e-14,0.00197713
0,3.702525,4.88498e-14,0.000621046
0,17.26793,4.26326e-14,0.000237540
0,3.256458,1.82965e-13,0.00271797
0,5.774062,7.10543e-15,0.00120541
0,1.016924,1.77636e-15,0.000542457
0,15.31746,1.24345e-14,0.000249438
0,15.71728,1.24345e-14,0.000931744
0,6.749583,6.02185e-13,0.00165653
0,0.985592,7.66498e-13,0.0000933775
0,8.46865,7.10543e-15,0.00192922
0,2.711165,6.21725e-15,0.0000230081
0,1.017328,1.77636e-15,0.000727086
0,10.82879,6.21725e-15,0.00136382
0,7.44537,7.99361e-15,0.00144418
0,1.00905,1.77636e-15,0.000613468
0,4.508579,1.06581e-14,0.00150256
0,1.01395,1.77636e-15,0.00168707
0,1.93169,2.66454e-15,0.00119890
0,1.013483,2.66454e-15,0.000385597
0,1.737914,3.73035e-14,0.00108577
0,1.351934,3.55271e-15,0.00318841
0,1.009055,5.32907e-15,0.000502688
0,13.68105,1.59872e-14,0.000358406
0,1.013524,8.88178e-15,0.000628318
0,3.078725,3.55271e-15,0.000179369
0,2.279872,5.32907e-15,0.000666239
0,1.001669,1.77636e-15,0.000204704
0,1.009561,6.21725e-15,0.000726075
0,1.006822,8.88178e-16,0.000429852
0,1.675364,1.77636e-15,0.000588401
0,3.032127,1.78524e-13,0.000957855
0,6.415395,1.77636e-14,0.00140589
0,2.085803,5.32907e-15,0.00257574
0,4.358158,1.42109e-14,0.00110537
0,1.02906,1.50990e-14,0.000987331
0,1.017852,1.51879e-13,0.00168519
0,2.755225,3.55271e-15,0.00264365
0,1.022984,1.77636e-15,0.000945376
0,3.194143,3.55271e-15,0.00208218
0,1.027367,3.17968e-13,0.00199365
0,4.082859,1.06581e-14,0.00211845
0,3.836091,1.24345e-13,0.000440340
0,1.020429,2.66454e-15,0.000737105
0,1.022723,7.81597e-14,0.000918262
0,1.007597,4.44089e-15,0.00153257
0,5.175303,3.55271e-15,0.00258784
0,1.010642,5.32907e-15,0.000277538
0,1.025226,1.77636e-15,0.000772435
0,1.912948,8.88178e-16,0.00181776
0,3.81189,3.55271e-15,0.000547007
0,1.012715,3.55271e-15,0.00154830
0,3.189049,2.66454e-15,0.00270652
0,1.999105,1.77636e-15,0.00274708
0,9.114103,2.48690e-14,0.00139229
0,1.018187,3.55271e-15,0.000742171
0,5.589615,5.32907e-15,0.000710748
0,11.47763,1.50990e-14,0.000576875
0,1.156538,5.82645e-13,0.00204838
0,1.017941,1.42109e-14,0.000482378
0,4.298693,5.32907e-15,0.000299623
0,6.886785,9.32587e-14,0.000466078
0,6.576796,4.44089e-15,0.00218589
0,8.39433,7.99361e-15,0.00161249
0,1.01107,4.44089e-15,0.000453154
0,1.099259,7.10543e-15,0.00128981
0,5.49822,7.99361e-15,0.00131481
0,3.331947,4.44089e-15,0.00313613
0,1.020864,4.44089e-15,0.000283346
0,1.884082,3.55271e-15,0.00266412
0,4.865737,7.99361e-15,0.000573663
0,1.01456,5.32907e-15,0.000683756
0,1.015723,7.08766e-13,0.000259555
0,1.014193,1.06581e-14,0.000945538
0,1.011102,1.77636e-15,0.000666447
0,2.038931,4.44089e-15,0.00118310
0,1.014432,1.77636e-15,0.00176822
0,0.8899082,2.66454e-15,0.000953451
0,1.020708,4.44089e-15,0.000239025
0,1.022597,2.04281e-13,0.000222051
0,2.559789,2.66454e-15,0.00152215
0,3.750123,4.44089e-15,0.00269569
0,1.844016,7.10543e-15,0.00205639
0,3.280446,3.55271e-15,0.000401239
0,1.017227,7.97584e-13,0.00150622
0,1.022196,7.10543e-15,0.000769647
0,1.008238,3.28626e-14,0.000627607
0,1.018469,2.84217e-14,0.00118609
0,1.022623,2.84217e-14,0.00164306
0,1.011805,8.88178e-15,0.000266511
0,1.022681,4.44089e-15,0.000773781
0,1.014076,2.04281e-13,0.00148457
0,1.737184,1.77636e-15,0.00200148
0,19.91955,2.39808e-14,0.000605546
0,3.86607,8.88178e-15,0.000441388
0,1.01403,3.55271e-15,0.00157385
0,6.042001,6.21725e-15,0.00216906
0,3.146515,3.55271e-15,0.00139367
0,2.158025,4.44089e-15,0.00168185
0,14.23578,2.93099e-14,0.00102897
0,3.893185,3.55271e-15,0.00220292
0,1.654451,2.66454e-15,0.00162409
0,15.73385,1.06581e-14,0.00114088
0,1.010528,1.77636e-15,0.000939502
0,9.01357,8.88178e-15,0.00135619
0,1.896074,5.32907e-15,0.000689410
0,2.204769,3.55271e-15,0.00197122
0,12.90444,2.51354e-13,0.000574425
0,1.020073,1.77636e-15,0.0000678779
0,3.836541,7.99361e-15,0.00103007
0,4.234324,4.08562e-14,0.00203147
0,8.903239,1.77636e-14,0.00149191
0,1.004721,1.50990e-14,0.000435702
0,1.033959,1.03917e-13,0.000108695
0,23.14757,6.48370e-14,0.000680530
0,14.08375,1.15463e-14,0.000488991
0,1.025803,1.77636e-15,0.000354549
0,7.247584,5.32907e-15,0.0000542100
0,1.010014,3.55271e-15,0.000419779
0,1.007783,1.06581e-14,0.000148672
0,1.011153,2.13163e-14,0.0000915940
0,1.021564,1.77636e-15,0.000981595
0,6.102056,9.76996e-15,0.000701120
0,1.53884,2.66454e-15,0.00141189
0,1.011852,4.42313e-13,0.00108155
0,1.017827,5.32907e-15,0.000488503
0,1.019278,6.03961e-14,0.000804546
0,9.570575,2.30038e-13,0.000665717
0,21.15667,2.13163e-14,0.000101317
0,1.013347,1.77636e-14,0.00130323
0,1.023778,1.77636e-15,0.000481227
0,2.378979,4.44089e-15,0.00115101
0,1.016187,1.50990e-14,0.000684076
0,2.558542,6.21725e-15,0.00263828
0,1.016012,2.13163e-14,0.00125641
0,8.130638,1.59872e-14,0.000676948
0,1.017373,4.44089e-15,0.000588884
0,1.014169,8.88178e-16,0.000726718
0,1.021616,1.96287e-13,0.00120272
0,1.018096,1.24345e-14,0.0000247018
0,12.88286,1.15463e-14,0.0000186463
0,1.00965,3.55271e-15,0.00122559
0,4.672471,7.10543e-15,0.00332232
0,1.027366,3.55271e-15,0.00106969
0,3.00324,3.01981e-13,0.00227671
0,1.018048,1.62537e-13,0.00107073
0,1.022458,1.77636e-15,0.000302797
0,1.014726,1.24345e-14,0.000122019
0,7.153579,7.99361e-15,0.000371595
0,5.35622,8.88178e-15,0.00256058
0,1.980421,1.15463e-14,0.00173876
0,2.036817,2.93099e-14,0.00265286
0,5.705667,9.76996e-15,0.00182152
0,6.594852,7.10543e-15,0.00102416
0,1.016774,2.75335e-14,0.000527227
0,2.176524,2.66454e-15,0.00278475
0,6.43835,1.06581e-14,0.00121812
0,7.227842,6.00409e-13,0.0000765495
0,8.196027,1.24345e-14,0.00123355
0,1.032617,1.77636e-15,0.00163882
0,2.38148,3.55271e-15,0.000122000
0,5.336793,8.88178e-15,0.00184613
0,6.296299,4.44089e-15,0.000860480
0,1.019391,3.55271e-15,0.000116942
0,1.021707,4.93827e-13,0.000400996
0,1.019056,3.55271e-15,0.000292258
0,20.37893,2.75335e-14,0.000230993
0,3.119928,8.88178e-15,0.00231613
0,1.020562,7.99361e-15,0.000412946
0,1.020688,8.96172e-13,0.000649623
0,4.398052,3.55271e-15,0.00233158
0,4.694176,4.44089e-15,0.000355219
0,1.020629,1.77636e-15,0.000293639
0,1.017304,8.26006e-14,0.000406502
0,1.020294,1.77636e-15,0.00158352
0,3.175098,3.55271e-15,0.00145274
0,1.262123,3.55271e-15,0.000813798
0,2.628544,9.76996e-15,0.0000653584
0,1.030245,1.77636e-15,0.000901906
0,5.952168,4.44089e-15,0.000246228
0,1.015661,2.30926e-14,0.00144785
0,1.017518,2.63789e-13,0.000908221
0,1.02532,8.88178e-16,0.00110195
0,1.019522,4.44089e-15,0.000125073
0,1.022165,3.55271e-15,0.000345129
0,1.021943,6.63469e-13,0.000457452
0,3.766042,3.55271e-15,0.00329673
0,12.39671,9.76996e-15,0.000872776
0,1.879935,1.59872e-14,0.00349238
0,5.930203,3.06422e-13,0.000802747
0,1.013832,3.55271e-15,0.00104245
0,5.048503,7.99361e-15,0.00283623
0,1.021805,1.77636e-15,0.000725853
0,1.019874,9.76996e-15,0.00143232
0,10.43144,1.68754e-14,0.000149820
0,1.023951,3.99680e-14,0.0000289249
0,1.010176,5.32907e-15,0.00106272
0,1.030301,3.55271e-15,0.0000551845
0,2.054182,6.57252e-14,0.00329580
0,1.023458,3.64153e-14,0.00121764
0,1.023437,1.77636e-15,0.00184660
0,1.018912,3.55271e-15,0.000760692
0,3.37342,4.44089e-15,0.00184035
0,1.82077,4.44089e-15,0.00131269
0,0.9987852,3.55271e-15,0.000106435
0,2.538794,4.44089e-15,0.00311286
0,2.181294,4.44089e-15,0.000130507
0,1.393574,1.77636e-15,0.00289692
0,2.247984,4.44089e-15,0.00261432
0,5.968765,1.15463e-14,0.00218777
0,1.365035,6.30607e-13,0.000866867
0,12.29826,1.15463e-14,0.000267535
0,4.233843,5.32907e-15,0.00115476
0,1.255874,1.77636e-15,0.000582388
0,2.068533,3.55271e-15,0.00234536
0,20.78836,6.57252e-14,0.000231605
0,4.560196,2.66454e-15,0.000991485
0,1.031694,3.55271e-15,0.000853986
0,9.261961,3.01981e-14,0.00131902
0,2.720768,5.32907e-15,0.00219195
0,11.59085,8.88178e-15,0.00144530
0,1.012407,4.44089e-15,0.00123076
0,7.988417,4.44089e-15,0.0000804671
0,7.740915,3.01981e-14,0.000242122
0,4.417848,8.52651e-14,0.00261218
0,8.384805,1.50990e-14,0.00167979
0,1.017217,1.77636e-15,0.000855425
0,1.025797,8.88178e-16,0.000678247
0,4.871326,3.55271e-15,0.00157992
0,1.32113,5.32907e-15,0.00285704
0,1.819714,3.55271e-15,0.00247798
0,1.028168,5.32907e-15,0.000815542
0,1.017466,9.95648e-13,0.000106050
0,9.815419,2.38032e-13,0.000401520
0,1.016519,1.77636e-15,0.00155254
0,8.322433,2.48690e-14,0.000737127
0,11.1767,6.21725e-15,0.000450098
0,8.056005,5.32907e-15,0.000414482
0,6.521717,2.21156e-13,0.00197223
0,1.014897,2.66454e-15,0.00110210
0,17.91827,3.90799e-14,0.000544328
0,1.020695,1.24345e-14,0.00138018
0,3.574852,7.10543e-15,0.00218425
0,1.017825,2.66454e-15,0.000103972
0,1.014744,3.10862e-14,0.00136368
0,2.020744,3.55271e-15,0.00395252
0,1.001422,2.66454e-15,0.00140851
0,1.911118,8.88178e-15,0.00214720
0,1.041159,4.44089e-15,0.000507505
0,1.022563,1.77636e-15,0.000734007
0,40.20802,6.03961e-14,0.000396953
0,1.023204,1.77636e-15,0.000280370
0,1.026165,1.77636e-15,0.000681273
0,1.020498,1.77636e-15,0.00146786
0,1.183263,1.06581e-14,0.00129424
0,1.033839,2.66454e-15,0.000923186
0,2.677656,4.26326e-14,0.00276683
0,1.019323,1.77636e-15,0.000918089
0,1.020512,5.06262e-14,0.000650908
0,4.870583,8.88178e-15,0.00130833
0,2.434373,1.77636e-15,0.000971636
0,5.827146,6.21725e-15,0.00292927
0,15.49375,2.22045e-14,0.000701502
0,17.56876,2.22045e-14,0.000257163
0,1.012275,5.32907e-15,0.000848082
0,1.057733,8.88178e-16,0.00139776
0,1.023407,1.77636e-15,0.000653289
0,3.818778,2.66454e-15,0.00170734
0,1.021949,2.86882e-13,0.00000437283
0,1.013061,2.57572e-14,0.00122412
0,4.215013,5.32907e-15,0.00308005
0,1.075239,6.21725e-15,0.00192167
0,2.712385,9.76996e-15,0.00149269
0,8.586801,2.66454e-14,0.00191393
0,12.95148,5.32907e-15,0.000320469
0,6.002573,1.59872e-14,0.00154996
0,1.881896,2.66454e-15,0.000801309
0,3.693107,8.88178e-15,0.000816025
0,10.5512,5.15143e-14,0.00156438
0,2.759358,5.32907e-15,0.00113485
0,4.270742,1.59872e-14,0.000751087
0,3.233452,2.66454e-15,0.00135502
0,3.44717,5.41789e-14,0.00270486
0,1.209899,1.77636e-15,0.000650364
0,5.542316,1.06581e-14,0.000750531
0,1.014025,1.77636e-15,0.000460854
0,3.927012,3.90799e-13,0.00222773
0,1.016533,3.55271e-15,0.000924817
0,3.193239,8.88178e-15,0.00245174
0,7.113779,2.30926e-14,0.00133687
0,10.06761,1.42109e-14,0.000163198
0,2.117792,2.66454e-15,0.00292525
0,1.01352,2.66454e-15,0.000850180
0,1.013774,3.55271e-15,0.00132700
0,4.293531,7.10543e-15,0.00169278
0,4.859693,3.55271e-15,0.000994281
0,1.018636,2.66454e-15,0.00131343
0,1.820126,3.55271e-15,0.00223258
0,4.644004,7.10543e-15,0.000885347
0,2.320501,7.10543e-15,0.00203444
0,4.51991,1.15463e-14,0.00280820
0,7.343376,8.88178e-15,0.000963530
0,9.079276,1.07470e-13,0.000126610
0,1.015957,9.32587e-14,0.000811075
0,2.553899,1.06581e-14,0.000156122
0,29.48839,2.75335e-14,0.000283295
0,2.116646,2.66454e-15,0.00353442
0,1.019749,5.68434e-14,0.00111495
0,1.021704,2.58460e-13,0.0000860106
0,2.057851,3.55271e-15,0.00159699
0,15.78897,9.76996e-15,0.000745657
0,1.008852,1.77636e-15,0.000101163
0,1.020099,2.66454e-15,0.00165179
0,1.019086,1.77636e-15,0.000947193
0,2.449385,3.55271e-15,0.00189458
0,1.014804,1.77636e-15,0.00118285
0,5.342167,6.21725e-15,0.000684453
0,2.282022,8.17124e-14,0.00353483
0,1.021243,2.66454e-15,0.00102551
0,1.024207,4.52971e-14,0.000690630
0,7.863168,7.99361e-15,0.00163392
0,2.997993,8.88178e-15,0.00146706
0,1.016007,3.55271e-15,0.000227217
0,3.004818,3.55271e-15,0.00276521
0,2.66081,3.55271e-15,0.000910520
0,1.023994,7.99361e-15,0.000446579
0,8.721558,6.21725e-15,0.0000204450
0,1.02201,1.77636e-15,0.000277531
0,1.027441,7.10543e-15,0.00142881
0,1.015159,1.15463e-14,0.000715565
0,3.468207,7.10543e-15,0.00302312
0,9.555332,1.24345e-14,0.00144031
0,1.027154,5.32907e-15,0.000366212
0,4.083701,7.99361e-15,0.000438063
0,7.628933,1.06581e-14,0.000527438
0,4.160734,5.32907e-15,0.00236372
0,8.608576,1.59872e-14,0.000161795
0,6.26927,8.88178e-15,0.0000272821
0,4.02766,1.06581e-14,0.00133000
0,4.882948,1.59872e-14,0.000224857
0,16.9514,2.93099e-14,0.000295082
0,4.171629,5.32907e-15,0.00199645
0,1.022788,2.66454e-15,0.000651845
0,1.019194,1.15463e-14,0.000422304
0,2.035645,4.44089e-15,0.00274331
0,8.145317,1.24345e-14,0.000804141
0,1.021326,3.19744e-14,0.00126159
0,2.811448,3.79252e-13,0.00116093
0,1.013474,1.15463e-14,0.000447551
0,1.017537,3.90799e-14,0.00130199
0,2.032739,3.55271e-15,0.00200377
0,5.153314,1.33227e-14,0.00184252
0,3.967418,2.96652e-13,0.00133494
0,1.023235,1.77636e-15,0.00148002
0,3.755351,3.55271e-15,0.00308651
0,1.018868,5.32907e-15,0.00132219
0,7.464376,1.50990e-14,0.000664558
0,1.014735,2.66454e-15,0.000731119
0,4.523457,1.33227e-14,0.00323635
0,1.712089,3.34843e-13,0.00289653
0,6.01328,1.59872e-14,0.00102831
0,1.027565,4.44089e-15,0.00142936
0,5.936535,6.21725e-15,0.000639418
0,1.024562,2.66454e-14,0.000332166
0,1.018352,1.95399e-14,0.000283015
0,10.05864,1.59872e-14,0.00163498
0,2.065292,3.55271e-15,0.000135444
0,1.021314,1.77636e-15,0.00163117
0,1.008493,5.32907e-15,0.00107011
0,1.010928,2.98428e-13,0.000959757
0,1.027064,4.44089e-15,0.0000842760
0,1.035416,1.77636e-15,0.000542480
0,1.030038,5.32907e-14,0.000349272
0,5.335586,4.61853e-14,0.000175825
0,9.22046,7.10543e-15,0.00117978
0,1.019899,5.32907e-15,0.000417716
0,1.371229,7.10543e-15,0.000871731
0,1.018602,3.55271e-15,0.00129184
0,2.266354,1.87406e-13,0.00192386
0,1.019004,1.77636e-15,0.00147944
0,1.019973,3.55271e-15,0.000775312
0,9.078681,5.32907e-15,0.00148553
0,3.800356,3.55271e-15,0.000526418
0,2.988297,3.10862e-14,0.00268486
0,7.045065,3.10862e-14,0.000473950
0,1.015166,3.10862e-14,0.000707225
0,1.022504,1.94511e-13,0.00111318
0,5.091083,2.30926e-14,0.000493293
0,1.025331,2.66454e-15,0.000734393
0,37.17981,7.46070e-14,0.000352658
0,5.120943,7.10543e-15,0.00142623
0,12.22592,2.04281e-14,0.000985050
0,9.91813,1.06581e-14,0.00108347
0,3.41591,2.04281e-14,0.000657132
0,1.002903,1.77636e-15,0.000609199
0,4.108445,3.55271e-15,0.00127977
0,4.584033,9.76996e-15,0.00271252
0,1.022024,4.44089e-15,0.00139346
0,4.323016,1.11910e-13,0.00110149
0,1.022415,6.12843e-14,0.00102432
0,7.166211,7.10543e-15,0.000872187
0,8.96723,1.33227e-14,0.000909586
0,6.82386,1.42109e-14,0.00232808
0,4.241383,6.21725e-15,0.00213837
0,1.013206,1.24345e-14,0.000997593
0,41.7878,4.79616e-14,0.000356611
0,4.222674,5.32907e-15,0.00219603
0,1.012382,3.55271e-15,0.000645010
0,4.537745,4.44089e-15,0.00250414
0,2.210659,5.32907e-15,0.00357620
0,2.856895,3.55271e-15,0.000850920
0,2.734229,1.77636e-15,0.000701155
0,1.018101,5.32907e-15,0.000400979
0,37.98243,3.28626e-14,0.000169412
0,1.009463,3.55271e-15,0.000653610
0,1.358877,2.05169e-13,0.00147917
0,1.545212,1.01252e-13,0.000280587
0,32.09781,2.48690e-14,0.000726797
0,1.15827,4.97380e-14,0.000624124
0,1.025042,2.66454e-15,0.000158619
0,3.627427,7.10543e-15,0.000373529
0,1.025655,6.75016e-14,0.00155636
0,1.015071,1.77636e-15,0.00132100
0,1.028672,1.07470e-13,0.000849809
0,2.647241,3.55271e-15,0.00301336
0,2.417687,5.32907e-15,0.00194309
0,1.012505,6.21725e-15,0.00107518
0,7.015343,8.70415e-14,0.000636170
0,8.397796,1.33227e-13,0.000517634
0,2.64292,4.44089e-15,0.00424256
0,3.753228,5.32907e-15,0.000441369
0,6.85689,4.88498e-14,0.000563295
0,1.024445,3.55271e-15,0.000651277
0,15.24815,2.30926e-14,0.000751639
0,1.033691,2.66454e-15,0.000127429
0,1.029418,1.77636e-15,0.00143806
0,3.686417,4.44089e-15,0.00116603
0,1.014503,1.77636e-15,0.000720600
0,1.009861,1.77636e-15,0.00124659
0,1.015707,1.24345e-14,0.00104978
0,1.011,8.52651e-14,0.000483084
0,1.018669,2.66454e-15,0.00122019
0,4.480235,3.73035e-14,0.00204813
0,6.3381,7.99361e-15,0.00109772
0,1.894046,9.59233e-14,0.00148926
0,4.496931,6.21725e-15,0.000281438
0,4.511996,6.21725e-15,0.00145324
0,2.751378,2.93099e-14,0.00102300
0,7.696708,8.88178e-15,0.00235324
0,6.440873,5.32907e-15,0.00122687
0,1.013449,2.66454e-15,0.00115834
0,1.274461,1.77636e-15,0.00168552
0,1.585396,3.26850e-13,0.00175189
0,1.010024,3.55271e-15,0.000292548
0,1.015781,2.66454e-15,0.00119140
0,4.369067,1.06581e-14,0.00174625
0,1.017592,3.55271e-15,0.00105635
0,3.581107,7.10543e-15,0.000292097
0,1.016756,1.77636e-15,0.00109269
0,1.01092,3.55271e-15,0.00102414
0,2.475276,5.15143e-14,0.00210842
0,1.212673,3.55271e-15,0.000864789
0,1.018697,3.19744e-14,0.00142260
0,4.410182,1.13687e-13,0.00245113
0,1.040369,3.55271e-15,0.000894191
0,1.015388,1.77636e-15,0.000444985
0,3.917403,5.32907e-15,0.00128912
0,1.019354,2.66454e-15,0.00105174
0,4.208356,5.32907e-15,0.00113781
0,1.008752,2.93099e-14,0.000253158
0,4.680839,5.32907e-15,0.00147458
0,4.602002,3.55271e-14,0.000292687
0,6.412726,2.39808e-14,0.000459878
0,1.006877,6.21725e-15,0.000194515
0,1.021312,2.66454e-15,0.00140548
0,1.035572,1.77636e-15,0.00156013
0,6.281626,3.55271e-15,0.000104476
0,16.32352,1.06581e-14,0.000280883
0,1.83743,5.32907e-15,0.00203429
0,1.018081,1.77636e-15,0.000264430
0,1.005059,2.66454e-15,0.000691634
0,4.407791,1.77636e-15,0.00120112
0,3.938776,9.76996e-15,0.00198465
0,1.015157,5.32907e-15,0.000449732
0,1.639411,3.55271e-15,0.00191553
0,1.01339,2.33591e-13,0.00147616
0,0.9996854,2.77112e-13,0.000586011
0,1.021039,1.77636e-15,0.000838447
0,1.021962,4.88498e-14,0.000304645
0,1.021044,2.04281e-14,0.00112344
0,4.454256,1.06581e-14,0.00258133
0,1.752452,9.76996e-15,0.00377116
0,2.026124,4.44089e-15,0.00179418
0,1.006051,1.77636e-15,0.000173374
0,4.155195,7.10543e-15,0.000185928
0,1.380021,3.55271e-15,0.00335140
0,6.477163,2.04281e-14,0.000421318
0,3.567825,6.21725e-15,0.00130336
0,2.492494,5.32907e-15,0.00376634
0,1.015778,1.77636e-15,0.000416599
0,1.015001,1.77636e-15,0.000205637
0,10.12904,1.15463e-14,0.000385906
0,1.019037,4.26326e-14,0.00103173
0,1.019717,1.77636e-15,0.00169541
0,1.020716,3.55271e-15,0.000505798
0,1.022392,5.15143e-14,0.000648060
0,4.323021,5.32907e-15,0.00312582
0,1.649122,3.55271e-15,0.00135913
0,5.064395,3.28626e-14,0.00277516
0,1.021161,6.75016e-14,0.000578081
0,6.451378,1.24345e-14,0.000701726
0,1.015239,5.32907e-15,0.000291469
0,1.589476,8.52651e-14,0.000948500
0,2.765566,3.55271e-15,0.00385521
0,1.012973,2.66454e-15,0.00100403
0,1.100432,2.66454e-15,0.00149914
0,8.619774,1.15463e-14,0.000760654
0,3.654638,7.99361e-15,0.000499889
0,1.737521,8.34888e-14,0.000444520
0,1.024009,1.06581e-14,0.000416736
0,1.011262,1.77636e-15,0.000272577
0,1.022246,1.77636e-15,0.0000475500
0,1.014375,1.77636e-15,0.000650513
0,1.009648,3.55271e-15,0.000632100
0,7.340609,1.42109e-14,0.00108921
0,1.820935,3.55271e-15,0.00169037
0,1.015639,3.19744e-14,0.000262662
0,1.031585,5.95080e-14,0.00121771
0,1.017049,2.66454e-15,0.000308504
0,3.950357,1.33227e-14,0.00220390
0,3.722935,5.32907e-15,0.00201933
0,19.58146,1.60760e-13,0.000408239
0,12.19488,3.37508e-14,0.000644869
0,2.476896,4.44089e-15,0.00287257
0,5.204476,1.35891e-13,0.00211071
0,6.005642,7.10543e-15,0.00168464
0,1.184717,1.77636e-15,0.00108407
0,9.791227,2.13163e-14,0.0000182496
0,7.735828,8.88178e-15,0.00138896
0,1.013191,5.32907e-15,0.00152490
0,2.660714,8.88178e-15,0.0000855262
0,0.8886471,2.04281e-14,0.000435407
0,3.127773,5.32907e-15,0.00238037
0,1.907268,3.55271e-15,0.00346096
0,1.01629,6.12843e-14,0.0000215952
0,6.083241,7.10543e-15,0.00198378
0,4.159055,1.15463e-14,0.00212565
0,1.021952,3.55271e-15,0.00107844
0,1.008921,3.55271e-15,0.00109099
0,1.011425,1.77636e-15,0.000816233
0,1.007787,2.87770e-13,0.0000580408
0,1.008316,9.76996e-15,0.000298226
0,1.013978,5.32907e-15,0.00114982
0,1.021952,2.66454e-15,0.00147884
0,3.759702,4.44089e-15,0.00206083
0,1.018941,2.66454e-15,0.000653657
0,3.859883,6.21725e-15,0.000555846
0,1.001498,1.77636e-15,0.0000473555
0,1.022133,3.55271e-15,0.000255595
0,1.012765,1.77636e-15,0.000984977
0,5.867882,1.06581e-14,0.00182518
0,8.769704,1.19016e-13,0.000961377
0,5.440399,5.32907e-15,0.000726307
0,1.011213,2.66454e-15,0.000963834
0,5.902287,1.33227e-14,0.000733835
0,4.57837,3.55271e-15,0.00263982
0,1.021495,4.97380e-14,0.00163773
0,1.016182,1.77636e-15,0.000150555
0,1.028727,1.24345e-13,0.00106939
0,3.699217,3.55271e-15,0.00142388
0,3.726275,5.32907e-15,0.00227973
0,1.385671,1.77636e-15,0.000106405
0,8.338274,1.15463e-14,0.00133519
0,3.404674,7.10543e-15,0.00209575
0,1.016744,6.30607e-13,0.00110873
0,7.170217,3.19744e-14,0.000812153
0,3.739859,5.32907e-15,0.00123331
0,14.63541,3.28626e-14,0.00107516
0,7.538807,8.88178e-15,0.000487298
0,1.015034,5.95080e-14,0.000121387
0,10.31115,8.88178e-15,0.000190513
0,1.019537,7.54952e-14,0.00110847
0,8.777999,8.88178e-15,0.000246092
0,1.558852,8.88178e-16,0.00174670
0,1.011498,1.86517e-14,0.0000221481
0,1.017238,5.32907e-15,0.000841473
0,13.44368,1.33227e-14,0.000172232
0,1.010906,1.27898e-13,0.000765546
0,1.01729,5.32907e-15,0.000366245
0,3.505441,4.44089e-15,0.00216851
0,4.642291,7.99361e-15,0.00272306
0,3.321262,3.55271e-15,0.00147598
0,1.634533,1.77636e-15,0.00270527
0,2.085852,2.66454e-15,0.00162833
0,6.3732,5.32907e-15,0.00138514
0,1.006808,3.14415e-13,0.00121310
0,1.009561,1.77636e-15,0.000314485
0,1.01068,1.77636e-15,0.000563812
0,1.025313,8.88178e-16,0.00103826
0,4.793013,4.44089e-15,0.00110325
0,1.051424,9.91207e-13,0.000122356
0,1.014392,4.08562e-14,0.00109270
0,1.013945,1.77636e-15,0.0000627688
0,6.24785,8.88178e-15,0.00121958
0,9.065021,1.42109e-14,0.000828194
0,1.822437,4.44089e-15,0.00114905
0,9.523689,1.68754e-14,0.000537951
0,1.889502,5.32907e-15,0.00101812
0,1.02021,2.66454e-15,0.00149425
0,1.025947,1.46549e-13,0.00125538
0,1.019401,3.55271e-15,0.000923234
0,1.964658,8.88178e-15,0.0000929456
0,3.081123,3.55271e-15,0.0000308697
0,1.013762,6.21725e-15,0.000540536
0,16.27583,2.30926e-14,0.000365191
0,1.020883,1.06581e-13,0.000724738
0,1.022277,1.66978e-13,0.00119892
0,1.019279,1.77636e-15,0.000118304
0,1.587293,8.88178e-16,0.00349788
0,4.164223,3.73035e-14,0.000380839
0,1.453454,2.66454e-15,0.00218852
0,3.525746,7.10543e-15,0.000583136
0,1.019196,1.06581e-14,0.000457699
0,1.021117,7.10543e-15,0.000950217
0,1.01362,4.44089e-15,0.000444376
0,2.656581,1.77636e-14,0.000804975
0,2.28512,5.32907e-15,0.00191792
0,1.012379,1.77636e-15,0.00102734
0,4.215958,6.57252e-13,0.00311578
0,1.015789,4.44089e-15,0.00144757
0,1.990813,2.66454e-15,0.00226249
0,2.70304,1.77636e-15,0.00331566
0,1.011954,6.21725e-15,0.000560410
0,1.025398,3.55271e-15,0.000553894
0,6.484666,2.02505e-13,0.000736380
0,3.746794,5.32907e-15,0.00175903
0,1.018505,1.06581e-14,0.000748704
0,2.719952,2.66454e-15,0.000963670
0,1.025366,8.88178e-16,0.000829790
0,1.022776,6.03961e-14,0.000320525
0,3.752603,4.44089e-15,0.00134770
0,1.013182,3.55271e-15,0.000153721
0,1.44142,8.08242e-14,0.00335368
0,22.76846,1.42109e-14,0.000365376
0,8.060776,1.06581e-14,0.000904834
0,11.83766,2.57572e-14,0.000909649
0,4.848576,5.32907e-15,0.00291267
0,8.557409,1.24345e-14,0.000835814
0,1.15297,7.10543e-15,0.00143753
0,1.017682,3.55271e-15,0.000786712
0,1.014691,4.44089e-15,0.000373460
0,1.637317,2.69118e-13,0.000215249
0,2.982866,8.88178e-15,0.00189169
0,1.020853,1.77636e-15,0.00157032
0,1.023022,1.77636e-15,0.00145056
0,3.967688,3.55271e-15,0.000895565
0,1.02888,5.48894e-13,0.00199824
0,8.466414,2.93099e-14,0.000476595
0,1.023723,1.24345e-14,0.000143819
0,2.024265,1.77636e-15,0.00154052
0,1.024073,3.55271e-15,0.000135734
0,1.007739,3.55271e-15,0.000464583
0,4.941182,1.50990e-14,0.000933838
0,1.013137,5.32907e-15,0.00154426
0,14.87084,3.19744e-14,0.000379620
0,3.882665,1.04805e-13,0.00271923
0,7.858113,7.99361e-15,0.00158378
0,5.346658,9.76996e-15,0.00152797
0,5.655303,1.59872e-14,0.0000564314
0,1.015943,6.83009e-13,0.000972100
0,9.269805,1.33227e-14,0.00155984
0,2.268461,2.66454e-15,0.00250402
0,1.017233,1.77636e-15,0.00107765
0,1.008634,3.55271e-15,0.000475888
0,1.029486,3.55271e-15,0.00108095
0,3.063478,5.32907e-15,0.000159155
0,1.012541,8.88178e-16,0.000354288
0,1.022242,4.44089e-15,0.0000128643
0,1.012094,2.66454e-15,0.000867759
0,5.646214,5.32907e-15,0.00225302
0,1.02067,2.30926e-14,0.000571618
0,1.014396,3.55271e-15,0.000907277
0,7.077035,7.10543e-15,0.000475322
0,2.418033,3.55271e-15,0.00245416
0,11.17054,1.24345e-14,0.00150651
0,1.016608,2.66454e-15,0.000454960
0,1.032141,3.01981e-14,0.00102035
0,2.921439,3.55271e-15,0.000526161
0,1.014639,1.77636e-15,0.00130065
0,10.83189,9.76996e-15,0.000709146
0,1.01184,3.55271e-15,0.000733111
0,20.59039,1.06581e-14,0.000947191
0,13.57571,1.77636e-14,0.00112170
0,1.019229,1.77636e-15,0.000603344
0,4.774058,6.21725e-15,0.000633001
0,1.015402,7.10543e-15,0.0000628517
0,3.76056,1.77636e-15,0.00176101
0,7.802622,7.10543e-15,0.000669655
0,1.043736,7.99361e-15,0.000521689
0,9.205639,2.22045e-14,0.000190180
0,2.274409,1.77636e-15,0.000630440
0,1.687099,1.77636e-15,0.00119750
0,1.291666,6.21725e-15,0.00252924
0,10.32052,5.32907e-15,0.000802920
0,1.023577,3.55271e-15,0.00146156
0,9.731615,1.24345e-14,0.00111310
0,4.948053,1.77636e-15,0.000796562
0,1.02411,7.81597e-14,0.00165950
0,4.501863,8.88178e-15,0.00175242
0,1.360048,8.83738e-13,0.00264620
0,1.028806,6.34159e-13,0.000507053
0,1.018928,1.14575e-13,0.000459806
0,4.074596,7.10543e-15,0.00278488
0,1.746564,2.66454e-15,0.00191557
0,1.039667,1.77636e-15,0.000227378
0,1.019748,1.77636e-15,0.00107177
0,1.980288,7.10543e-15,0.00170109
0,10.50627,2.75335e-14,0.00143326
0,9.155932,1.68754e-14,0.000690716
0,2.541146,3.55271e-15,0.000981330
0,1.018705,3.55271e-15,0.000448143
0,1.009961,1.77636e-15,0.000673606
0,2.14472,5.32907e-15,0.000701095
0,3.855396,9.76996e-15,0.00244665
0,1.022687,1.77636e-15,0.000434339
0,1.013507,2.48690e-14,0.000837828
0,1.018933,1.42109e-14,0.000139113
0,6.160628,9.76996e-15,0.00243791
0,2.761169,4.44089e-15,0.000453871
0,13.79576,2.57572e-14,0.000869651
0,1.02555,1.77636e-15,0.000946111
0,4.377703,4.88498e-14,0.00280028
0,0.9981514,7.99361e-15,0.000314858
0,1.419219,7.10543e-15,0.00267157
0,1.020109,1.77636e-15,0.00150475
0,2.079804,4.44089e-15,0.00280660
0,4.141895,1.77636e-15,0.00101562
0,1.003111,2.99316e-13,0.0000999726
0,5.447915,7.99361e-15,0.00112590
0,7.587624,1.42109e-14,0.00110718
0,3.563153,2.50466e-13,0.000553998
0,5.151553,1.24345e-14,0.00142414
0,1.020084,6.21725e-14,0.000125626
0,1.020469,2.66454e-15,0.000469090
0,5.246255,5.32907e-15,0.000907699
0,6.388048,1.24345e-14,0.000638413
0,5.446016,7.99361e-15,0.00262052
0,3.280941,2.66454e-14,0.000919160
0,1.011235,3.55271e-15,0.00142256
0,1.012033,6.57252e-14,0.000607476
0,10.53569,1.86517e-14,0.000837322
0,3.56676,7.99361e-15,0.00137503
0,1.019916,3.55271e-15,0.00153396
0,3.751949,4.44089e-15,0.00239678
0,9.265801,8.88178e-15,0.000457882
0,2.03865,2.66454e-15,0.00255378
0,1.023249,6.21725e-15,0.000117663
0,1.022716,5.32907e-15,0.000884426
0,11.84951,7.28306e-14,0.000311898
0,16.89976,3.55271e-14,0.000402551
0,1.020915,3.55271e-15,0.000382048
0,1.398915,8.50875e-13,0.00185639
0,4.625565,9.76996e-15,0.000634149
0,6.834656,8.88178e-15,0.000425695
0,6.811225,1.15463e-14,0.000114342
0,1.02364,8.88178e-15,0.00122529
0,11.34796,4.31655e-13,0.000618274
0,1.017253,5.32907e-15,0.000417821
0,9.936728,1.06581e-14,0.00103922
0,1.021709,1.95399e-14,0.00159130
0,3.318996,3.55271e-15,0.00334510
0,1.024475,3.56160e-13,0.000762573
0,1.030065,2.13163e-14,0.000857741
0,1.027007,2.66454e-15,0.000649599
0,1.015888,3.55271e-15,0.000409168
0,2.320371,3.55271e-15,0.00266174
0,1.006715,3.01981e-14,0.00118224
0,10.34299,9.76996e-15,0.0000191889
0,1.012937,8.17124e-14,0.000759016
0,5.95432,9.76996e-15,0.00225257
0,1.014059,3.55271e-15,0.00112014
0,6.328727,1.59872e-14,0.00185172
0,1.02626,1.77636e-15,0.000423460
0,1.025218,3.81917e-14,0.000162634
0,1.015226,1.77636e-15,0.000568255
0,1.170561,1.77636e-15,0.00201365
0,1.02964,1.77636e-15,0.0000584640
0,0.9976671,1.77636e-15,0.000981062
0,10.71704,1.06581e-14,0.000804856
0,2.540191,3.55271e-15,0.00413516
0,1.021733,5.32907e-15,0.000857383
0,4.380548,6.21725e-15,0.00110284
0,1.0191,1.77636e-15,0.00163927
0,6.290595,5.32907e-15,0.000726665
0,2.701718,2.66454e-15,0.00278053
0,1.017483,1.77636e-15,0.000529149
0,8.641134,7.99361e-15,0.000307529
0,3.992031,5.32907e-15,0.0000947071
0,4.184537,4.44089e-15,0.000384969
0,2.93052,1.24345e-14,0.000294576
0,2.31337,3.55271e-15,0.00239132
0,1.035181,1.77636e-15,0.000874187
0,4.619298,8.88178e-15,0.00133743
0,9.113306,9.76996e-15,0.000281859
0,16.55432,2.22045e-14,0.000539519
0,12.54779,1.95399e-14,0.000228117
0,3.420616,1.95399e-14,0.00206070
0,1.868885,1.77636e-15,0.00137374
0,1.020918,8.52651e-14,0.00112725
0,1.020689,4.44089e-15,0.00137954
0,2.224123,3.55271e-15,0.00296221
0,1.018467,4.44089e-15,0.000852810
0,9.286972,5.32907e-14,0.000107432
0,3.447776,3.55271e-15,0.00265867
0,12.89878,1.24345e-14,0.000240405
0,1.710367,2.66454e-15,0.000684572
0,1.019063,2.66454e-15,0.0000358160
0,1.020295,3.55271e-15,0.000124230
0,3.936562,3.55271e-15,0.000839730
0,6.908154,9.76996e-15,0.00120086
0,3.772022,4.44089e-15,0.000482713
0,5.214138,5.32907e-15,0.00107712
0,4.174889,5.32907e-15,0.00249246
0,1.016575,3.55271e-15,0.0000981281
0,1.670144,1.77636e-15,0.000606161
0,10.83152,3.57048e-13,0.000824622
0,1.011172,3.55271e-15,0.000597933
0,3.227624,3.55271e-15,0.000391490
0,4.405579,6.21725e-15,0.00245916
0,1.017882,1.77636e-15,0.000521912
0,1.614763,3.55271e-15,0.000674791
0,1.022263,6.21725e-15,0.000242349
0,1.019982,1.18128e-13,0.000373537
0,2.735046,5.32907e-15,0.00280999
0,1.820048,5.32907e-15,0.00263571
0,17.16555,3.99680e-14,0.00117081
0,2.558462,3.55271e-15,0.00146687
0,1.019433,1.77636e-15,0.00122275
0,2.11388,1.77636e-15,0.00287106
0,1.014963,3.55271e-15,0.000756898
0,1.01411,9.76996e-15,0.00162787
0,3.960268,5.32907e-15,0.00209543
0,3.542608,2.66454e-15,0.00244610
0,1.001542,9.37028e-13,0.000139385
0,7.801496,1.07470e-13,0.000332679
0,6.812131,6.21725e-15,0.00120514
0,1.015574,5.24025e-14,0.000830346
0,12.94005,1.77636e-14,0.000219087
0,1.020851,1.77636e-15,0.000186662
0,4.20261,7.10543e-15,0.00255918
0,5.688906,6.21725e-15,0.000825103
0,7.612115,1.42109e-14,0.00133733
0,3.485203,1.03917e-13,0.00111003
0,8.187179,4.99156e-13,0.00150313
0,1.018989,4.44089e-15,0.000855370
0,1.705088,4.44089e-15,0.00212303
0,1.017701,6.21725e-15,0.000450135
0,1.019054,8.79297e-14,0.00000850124
0,1.019185,6.21725e-15,0.000934583
0,1.028242,7.10543e-15,0.000910885
0,1.023753,1.77636e-15,0.00160884
0,2.377939,3.55271e-15,0.000682441
0,1.015401,4.44089e-15,0.0000452982
0,13.48589,1.86517e-14,0.0000909359
0,1.017842,1.27010e-13,0.000655122
0,2.895842,7.10543e-15,0.00295053
0,1.05775,3.55271e-15,0.000953383
0,5.56548,6.21725e-15,0.000333826
0,1.012897,1.16351e-13,0.0000878514
0,1.013963,3.55271e-15,0.000480217
0,1.013357,2.66454e-15,0.0000716437
0,1.016939,3.55271e-15,0.000241838
0,1.025174,4.44089e-15,0.000321729
0,1.033319,2.66454e-15,0.000184674
0,1.019061,2.66454e-15,0.00127533
0,1.479816,8.88178e-16,0.000697671
0,1.024598,3.37508e-14,0.000943691
0,1.006631,2.66454e-15,0.000258054
0,1.027064,2.13163e-14,0.000819838
0,1.022273,1.77636e-15,0.000624217
0,1.978653,4.44089e-15,0.000852760
0,3.588951,3.55271e-15,0.00201921
0,2.166561,2.66454e-15,0.00303243
0,1.01705,2.48690e-14,0.000684486
0,1.737158,1.42109e-14,0.000546713
0,1.019018,3.55271e-15,0.000340107
0,10.69491,9.76996e-15,0.00142376
0,4.569128,5.32907e-15,0.000735392
0,1.021075,4.30767e-13,0.000957772
0,1.014703,5.50671e-13,0.00120284
0,2.645027,2.66454e-15,0.00218696
0,1.010092,2.66454e-15,0.000126701
0,3.630761,2.66454e-15,0.00118742
0,3.652968,4.44089e-15,0.00247294
0,29.14335,5.32907e-14,0.000360067
0,1.020679,5.41789e-14,0.00114333
0,1.018073,2.66454e-15,0.000488959
0,4.320174,5.32907e-15,0.00231786
0,20.73739,2.75335e-14,0.0000367343
0,2.456305,2.66454e-15,0.00190805
0,1.015072,3.64153e-14,0.000547776
0,2.348023,4.44089e-15,0.000993415
0,3.527952,1.77636e-15,0.00337184
0,1.01515,1.50990e-14,0.000238972
0,7.134838,7.01661e-13,0.000163121
0,2.223699,6.21725e-15,0.00318750
0,1.017794,2.66454e-15,0.000633687
0,1.265595,6.44818e-13,0.00187441
0,2.739026,3.55271e-15,0.00107619
0,1.026027,4.44089e-15,0.000868739
0,10.97551,8.88178e-15,0.00143154
0,1.004927,1.77636e-15,0.000786919
0,1.022242,2.66454e-15,0.00142644
0,1.022624,1.09246e-13,0.000429290
0,1.034149,2.23821e-13,0.00130016
0,3.46964,3.55271e-15,0.00116768
0,8.810984,1.42109e-14,0.000228949
0,1.874753,5.32907e-15,0.00127714
0,1.018035,9.76996e-15,0.000539443
0,1.044265,1.77636e-15,0.000690439
0,1.022604,5.32907e-15,0.000905562
0,1.793887,2.66454e-15,0.00291111
0,1.012262,7.45182e-13,0.000960476
0,1.056822,1.77636e-15,0.000432958
0,3.409948,3.55271e-15,0.00285535
0,1.011277,5.32907e-15,0.000621381
0,4.449355,1.42109e-14,0.00289854
0,1.014628,1.77636e-15,0.000640355
0,20.23135,8.34888e-14,0.0000178518
0,1.007294,4.44089e-14,0.00173797
0,8.511237,9.76996e-15,0.000314677
0,4.33975,9.76996e-15,0.00207220
0,11.42274,9.76996e-15,0.000690759
0,1.016582,1.77636e-15,0.000447918
0,1.014449,8.88178e-16,0.00135913
0,1.019805,1.95399e-14,0.00172710
0,1.02103,1.50990e-13,0.00132037
0,1.016207,8.79297e-14,0.00168836
0,1.017292,5.32907e-15,0.000371431
0,27.0558,1.95399e-14,0.000381598
0,1.018558,4.79616e-14,0.0000486626
0,1.023475,2.66454e-15,0.000990332
0,1.023689,3.83693e-13,0.00123859
0,2.031201,8.88178e-14,0.00322128
0,15.00394,2.48690e-14,0.00148967
0,5.041767,1.50990e-14,0.00128445
0,3.108971,7.10543e-15,0.00314533
0,1.355216,8.17124e-14,0.00191605
0,4.430279,1.06581e-14,0.00123785
0,1.015194,5.32907e-15,0.000526110
0,1.01952,5.32907e-15,0.00162992
0,1.52229,3.55271e-15,0.00202779
0,9.492943,1.59872e-14,0.000235495
0,6.729195,9.76996e-15,0.000453047
0,22.44235,1.50990e-14,0.0000583202
0,7.681573,5.32907e-15,0.00238927
0,1.017819,1.77636e-15,0.00103794
0,1.024691,2.66454e-15,0.00109811
0,1.023572,6.66134e-14,0.000117810
0,15.94121,1.42109e-14,0.000742834
0,4.660588,2.66454e-15,0.00139104
0,1.013276,2.66454e-15,0.00129816
0,1.784738,2.66454e-15,0.00249616
0,1.391808,3.55271e-15,0.00154645
0,12.32143,7.10543e-15,0.0000625627
0,2.419206,4.79616e-14,0.00109435
0,1.026348,1.77636e-15,0.000432131
0,2.015431,3.55271e-15,0.00195969
0,5.817973,5.32907e-15,0.000826356
0,2.908287,7.10543e-15,0.00291921
0,1.024286,1.33227e-14,0.000376071
0,1.692423,3.55271e-15,0.00207725
0,7.772659,9.76996e-15,0.000763388
0,2.690598,4.44089e-15,0.00374127
0,6.423064,3.55271e-15,0.00262914
0,1.000801,5.32907e-15,0.0000746152
0,5.645381,5.32907e-15,0.000927862
0,4.931378,9.76996e-15,0.000867445
0,1.301953,3.55271e-15,0.00343461
0,4.23384,6.21725e-15,0.00105168
0,1.023405,3.55271e-15,0.000899948
0,1.021691,5.32907e-15,0.000730088
0,10.68336,9.76996e-15,0.000888275
0,1.008755,2.66454e-15,0.000107795
0,1.01499,4.44089e-15,0.00126435
0,13.11757,1.59872e-14,0.000675231
0,1.022368,2.66454e-15,0.00116625
0,1.023087,3.55271e-15,0.00150299
0,4.059705,7.10543e-15,0.00215634
0,1.587547,4.44089e-15,0.000134583
0,1.021825,1.77636e-15,0.000837583
0,1.019145,1.42109e-14,0.00124438
0,2.454856,7.99361e-15,0.000275547
0,1.015534,3.55271e-15,0.000467682
0,1.020992,6.03961e-14,0.0000908127
0,1.027192,5.86198e-13,0.00129527
0,1.794252,1.77636e-15,0.000732366
0,1.017898,5.32907e-15,0.000895663
0,36.41694,4.79616e-14,0.000412994
0,17.08778,2.13163e-14,0.00108317
0,4.852455,5.32907e-15,0.00222267
0,2.448474,5.32907e-15,0.00170979
0,1.007419,4.44089e-15,0.000161019
0,1.01465,6.21725e-15,0.00141488
0,2.833607,3.55271e-15,0.00260324
0,3.559439,2.66454e-15,0.00258424
0,1.301282,7.10543e-15,0.00146981
0,1.014665,8.88178e-16,0.000973860
0,4.235154,9.50351e-14,0.00238814
0,18.85964,1.86517e-14,0.000331692
0,4.127979,6.21725e-15,0.00183186
0,1.018715,5.95080e-14,0.000547723
0,3.333619,4.44089e-15,0.000269107
0,1.818674,3.55271e-15,0.00352416
0,2.953703,2.66454e-15,0.00323852
0,1.804116,3.55271e-15,0.00269731
0,7.097414,1.24345e-14,0.000324879
0,1.186948,1.24345e-14,0.00133587
0,5.864177,4.52971e-14,0.000135125
0,2.213146,5.32907e-15,0.000270679
0,1.011738,3.55271e-15,0.00119102
0,0.9911069,2.66454e-15,0.000756669
0,6.320694,1.06581e-14,0.00239562
0,4.37109,6.21725e-15,0.00152674
0,1.323719,2.65565e-13,0.000686968
0,1.013233,1.95399e-14,0.000677556
0,1.023431,5.59552e-14,0.000157259
0,13.67959,1.35003e-13,0.000802740
0,1.011816,4.25437e-13,0.00183624
0,1.011335,2.66454e-15,0.000756256
0,2.599434,1.95399e-14,0.000696773
0,4.427455,6.21725e-15,0.00173881
0,8.408754,4.17444e-14,0.0000238859
0,8.745603,5.32907e-15,0.000773488
0,1.007908,6.21725e-15,0.000884245
0,5.236319,6.21725e-15,0.000852019
0,1.012049,1.77636e-15,0.00132214
0,1.073157,4.44089e-15,0.000502190
0,3.226288,7.99361e-15,0.00287724
0,20.72396,4.26326e-14,0.000882114
0,1.018829,1.06581e-14,0.000344330
0,10.5717,1.59872e-14,0.00181490
0,6.485799,5.32907e-15,0.000531132
0,3.368859,4.44089e-15,0.000213672
0,1.009319,1.33227e-14,0.000966588
0,1.004527,3.55271e-15,0.0000567240
0,6.783614,7.99361e-15,0.00190359
0,3.922185,1.06581e-14,0.000271211
0,1.009883,2.66454e-15,0.000847321
0,3.482662,4.44089e-15,0.000647122
0,4.029606,1.24345e-14,0.000764794
0,3.174807,5.32907e-15,0.00180655
0,4.571776,6.21725e-15,0.00182684
0,1.025462,1.77636e-15,0.000847806
0,3.51284,5.32907e-15,0.000383117
0,8.620911,1.86517e-14,0.000846741
0,3.025976,1.24345e-14,0.00259175
0,1.396515,2.66454e-15,0.00151608
0,4.386708,4.44089e-15,0.00310331
0,1.013973,3.55271e-15,0.00130779
0,8.714376,1.15463e-14,0.000521148
0,5.771867,2.48690e-14,0.00167524
0,13.53511,6.83897e-14,0.000152963
0,7.004047,5.68434e-14,0.00255470
0,1.014714,2.11386e-13,0.000456932
0,1.029425,6.21725e-15,0.000822435
0,2.698288,9.76996e-15,0.00271877
0,8.139699,3.55271e-14,0.000524585
0,2.831901,5.32907e-15,0.00242519
0,1.009374,1.06581e-14,0.00153734
0,2.379843,4.44089e-15,0.00335022
0,3.983797,2.93099e-14,0.00311959
0,1.012801,1.15463e-14,0.000476175
0,5.162826,2.66454e-15,0.000787985
0,1.025137,6.21725e-15,0.00166705
0,1.014035,8.61533e-14,0.000927647
0,1.013926,2.66454e-15,0.000249469
0,1.018182,1.77636e-15,0.000673875
0,2.035774,2.66454e-15,0.00186671
0,1.010367,1.77636e-15,0.000277485
0,1.65621,3.55271e-15,0.00181945
0,3.132731,7.99361e-15,0.00372504
0,1.01283,3.55271e-15,0.000231911
0,19.61334,2.66454e-14,0.000451788
0,3.043658,3.55271e-15,0.00139361
0,1.09893,5.32907e-15,0.0000639924
0,3.072051,5.32907e-15,0.00150714
0,1.023062,1.77636e-15,0.000979473
0,7.510405,1.42109e-14,0.00231953
0,8.208979,1.06581e-14,0.00137594
0,1.001194,4.44089e-15,0.000555471
0,1.015196,9.23706e-14,0.00114335
0,4.670867,2.66454e-14,0.00118878
0,5.228069,7.10543e-15,0.00233013
0,1.01708,3.55271e-15,0.00124432
0,1.028251,5.32907e-15,0.000247799
0,1.013903,4.70735e-14,0.00135595
0,2.460188,3.55271e-15,0.00252693
0,1.017546,8.88178e-16,0.000758211
0,1.023566,2.75335e-14,0.000202260
0,1.015855,1.42997e-13,0.00147999
0,11.57822,7.68274e-13,0.00142465
0,1.026453,9.37028e-13,0.000533528
0,2.213444,2.66454e-15,0.000259328
0,8.364691,1.06581e-14,0.00178243
0,24.96174,5.50671e-14,0.000255601
0,7.758345,7.10543e-15,0.00145558
0,1.027353,5.32907e-15,0.000419364
0,5.649511,3.55271e-15,0.00166398
0,4.851499,7.99361e-15,0.00311655
0,1.021995,1.02141e-13,0.00122988
0,7.202755,1.68754e-14,0.000638615
0,6.527409,3.01981e-14,0.00165987
0,4.611282,2.95763e-13,0.00163604
0,1.256386,1.77636e-15,0.00208232
0,1.012901,3.55271e-15,0.00158130
0,1.027413,8.88178e-16,0.00169277
0,1.925568,3.55271e-15,0.000563460
0,2.163632,4.44089e-15,0.000470154
0,3.735535,5.32907e-15,0.00219319
0,1.023308,2.66454e-15,0.000900982
0,2.659422,4.61853e-14,0.00159431
0,2.216443,5.32907e-15,0.00174525
0,8.908898,7.10543e-15,0.00178939
0,2.821338,3.55271e-15,0.00258488
0,2.313048,7.99361e-14,0.00351684
0,5.412322,5.18696e-13,0.00206314
0,1.755524,1.31450e-13,0.00321270
0,1.005624,2.61124e-13,0.000698723
0,1.010461,1.77636e-15,0.00133738
0,1.016995,1.59872e-14,0.00195042
0,1.022782,1.95399e-14,0.000307448
0,3.009746,2.66454e-15,0.000860859
0,1.662448,3.55271e-15,0.00263809
0,1.027498,1.09246e-13,0.0000682405
0,3.626166,8.88178e-15,0.00280829
0,1.027157,2.66454e-15,0.000648019
0,4.178522,1.77636e-15,0.000969375
0,1.019367,1.77636e-15,0.000614912
0,1.896959,4.44089e-15,0.00234115
0,19.95515,2.22045e-14,0.0000345180
0,5.774725,6.21725e-15,0.00191265
0,1.07601,3.55271e-15,0.000849846
0,6.348074,6.21725e-15,0.00155571
0,1.019941,4.44089e-15,0.00183778
0,1.018951,3.55271e-15,0.000169077
0,1.28948,7.10543e-15,0.00213246
0,11.97223,9.76996e-15,0.000495444
0,5.663612,5.32907e-15,0.00213217
0,2.429362,1.68754e-14,0.00352306
0,1.024259,1.77636e-15,0.00101933
0,1.923314,1.14575e-13,0.00267339
0,1.023051,6.21725e-15,0.000251382
0,9.353278,7.10543e-15,0.000496368
0,1.017125,4.44089e-15,0.00150354
0,1.00847,3.55271e-15,0.000335751
0,6.450714,8.88178e-15,0.00101625
0,1.902827,3.55271e-15,0.00213501
0,12.59979,2.66454e-14,0.000334012
0,9.569459,8.88178e-15,0.000212650
0,1.017923,1.77636e-15,0.000573896
0,1.026395,5.32907e-15,0.00114514
0,1.023743,4.44089e-15,0.000186719
0,1.492524,2.20268e-13,0.00233226
0,1.016545,7.10543e-15,0.000302431
0,3.451228,1.18128e-13,0.00201533
0,1.018205,1.77636e-15,0.000353270
0,13.24071,1.68754e-14,0.000566636
0,5.872351,5.32907e-15,0.00156682
0,1.029371,1.08358e-13,0.00130724
0,1.02125,5.32907e-15,0.00107394
0,1.255415,7.94032e-13,0.00136998
0,1.018375,3.91687e-13,0.000533009
0,1.016269,4.79616e-14,0.000557485
0,1.020145,2.66454e-15,0.00126488
0,1.016351,3.55271e-15,0.000320371
0,9.09427,8.88178e-15,0.00135409
0,13.99337,5.32907e-14,0.000471969
0,1.016849,1.77636e-14,0.00104353
0,2.249823,2.66454e-15,0.00107509
0,2.877254,6.03961e-14,0.00140420
0,26.35322,1.77636e-14,0.000191693
0,19.06233,6.03961e-14,0.000179399
0,5.397622,4.44089e-15,0.00218271
0,1.024268,1.90070e-13,0.000394124
0,1.016438,8.88178e-16,0.000196804
0,3.784932,3.55271e-15,0.00136651
0,1.018142,3.55271e-15,0.000541207
0,10.9397,2.35367e-13,0.00119734
0,1.852588,9.76996e-14,0.00141204
0,13.61057,2.48690e-14,0.000507883
0,1.510673,3.55271e-15,0.00273679
0,5.033152,7.90479e-14,0.00132458
0,1.010416,1.33227e-14,0.000322822
0,1.021509,4.44089e-15,0.00137888
0,1.023382,1.77636e-15,0.0000972565
0,3.816465,3.55271e-15,0.00164640
0,1.028728,1.77636e-15,0.00109559
0,1.036321,4.44089e-15,0.000923685
0,1.014682,3.81917e-14,0.000854792
0,1.555921,1.77636e-15,0.000439674
0,1.012689,3.55271e-15,0.000218699
0,28.65854,2.30926e-14,0.000249879
0,4.995922,8.88178e-15,0.0000645713
0,1.029,3.54383e-13,0.00213752
0,5.029312,7.99361e-15,0.00280587
0,0.998815,8.88178e-14,0.000190230
0,1.174978,3.90799e-14,0.00116757
0,1.200317,2.64677e-13,0.000870925
0,1.00486,1.32339e-13,0.000127477
0,9.21582,8.70415e-14,0.00211717
0,3.818376,6.03961e-14,0.00194447
0,1.012241,5.24025e-14,0.00126760
0,5.40818,4.44089e-15,0.00137782
0,1.028081,2.66454e-15,0.000875476
0,1.015419,1.77636e-15,0.000191673
0,1.016919,1.96287e-13,0.000410153
0,2.467375,8.88178e-15,0.00135643
0,1.018083,1.16351e-13,0.0000583226
0,2.765915,3.55271e-15,0.00246004
0,1.024657,1.77636e-15,0.000449365
0,12.83918,8.88178e-15,0.000389299
0,16.47461,1.24345e-14,0.0000384748
0,1.015207,3.90799e-14,0.000856090
0,5.10319,7.82485e-13,0.00228831
0,1.005792,3.55271e-15,0.000975362
0,4.849538,5.32907e-15,0.000953497
0,1.017972,3.55271e-15,0.0000132802
0,1.012542,1.77636e-15,0.00127196
0,2.927887,3.55271e-15,0.00122231
0,1.029675,2.66454e-15,0.000669747
0,2.055629,2.94875e-13,0.000278996
0,7.930561,7.10543e-15,0.00162391
0,1.002236,4.44089e-15,0.000369700
0,10.77458,1.77636e-14,0.00187918
0,12.28693,1.42109e-14,0.000766722
0,16.47868,3.90799e-14,0.000330529
0,14.86215,1.95399e-14,0.000283850
0,1.014401,5.32907e-15,0.0000491099
0,1.009389,8.88178e-16,0.000918531
0,6.605175,6.57252e-14,0.00150317
0,1.017941,1.77636e-15,0.000546129
0,1.016201,1.77636e-15,0.000508505
0,4.865806,3.55271e-15,0.00128740
0,1.005373,3.55271e-15,0.000102912
0,3.236062,1.77636e-14,0.00140899
0,1.015136,2.66454e-15,0.000100225
0,1.028029,3.55271e-15,0.000752996
0,1.012276,3.55271e-15,0.000698703
0,1.019335,1.77636e-15,0.000928947
0,1.173712,3.55271e-15,0.0000374587
0,2.718487,1.77636e-15,0.00174241
0,1.035709,2.66454e-15,0.000503645
0,1.978843,1.77636e-15,0.00306972
0,1.023579,4.44089e-15,0.00160872
0,1.180348,7.02549e-13,0.00178323
0,8.59804,1.33227e-14,0.000370328
0,2.03377,7.99361e-15,0.0000398854
0,1.017715,1.77636e-15,0.000234387
0,1.345085,3.55271e-15,0.00213747
0,1.013835,5.32907e-15,0.000364084
0,10.71676,1.24345e-14,0.000749200
0,1.002672,3.73035e-14,0.000290027
0,2.640763,6.21725e-15,0.00301725
0,2.509184,6.21725e-15,0.000591942
0,2.233248,6.60805e-13,0.00317818
0,1.013452,1.77636e-15,0.000227530
0,15.28678,2.13163e-14,0.000437485
0,1.022027,1.42109e-14,0.00181049
0,4.95224,7.99361e-15,0.000620290
0,1.024006,3.64153e-14,0.00158600
0,1.642367,6.19949e-13,0.00160222
0,6.610017,1.06581e-14,0.000464340
0,1.010385,2.22045e-14,0.000365912
0,6.481785,7.99361e-15,0.000135395
0,1.684321,7.10543e-15,0.00327526
0,11.82129,8.88178e-15,0.0000839054
0,1.017617,1.77636e-15,0.000637436
0,3.306861,2.66454e-15,0.00190727
0,1.009168,8.88178e-15,0.000446500
0,3.41992,3.55271e-15,0.00357030
0,1.012898,2.66454e-15,0.000162022
0,1.018309,5.32907e-15,0.000824402
0,1.709188,2.66454e-15,0.00236814
0,19.78272,3.01981e-14,0.00104576
0,1.023561,7.10543e-15,0.000424270
0,3.698996,2.66454e-15,0.00132145
0,5.446418,8.88178e-15,0.00172413
0,1.021231,4.44089e-15,0.000253571
0,12.24386,1.24345e-14,0.000240094
0,3.365972,3.64153e-14,0.00279837
0,1.017146,2.66454e-15,0.00100902
0,1.017079,1.35891e-13,0.000247273
0,2.70273,2.66454e-15,0.000635880
0,1.021947,1.77636e-15,0.000175800
0,4.0249,4.44089e-15,0.00126459
0,2.589615,6.21725e-15,0.00268573
0,1.379816,2.66454e-15,0.00301899
0,1.028309,5.48006e-13,0.00196921
0,1.01554,8.88178e-15,0.000484622
0,20.96034,2.84217e-14,0.000695975
0,5.978016,2.13163e-14,0.00189841
0,2.110535,5.32907e-15,0.00233415
0,1.970004,3.55271e-15,0.000873286
0,1.026964,9.59233e-14,0.000690499
0,4.691787,5.32907e-15,0.00209561
0,3.892337,7.10543e-15,0.00153570
0,2.227759,1.77636e-14,0.00203763
0,1.023251,1.77636e-15,0.000844134
0,1.019579,2.66454e-14,0.000656660
0,2.220652,2.66454e-15,0.00394422
0,2.749256,3.55271e-15,0.00120552
0,1.615973,9.41469e-14,0.00106061
0,1.045286,4.44089e-15,0.0000766536
0,1.019925,6.12843e-14,0.000162260
0,1.018593,4.44089e-15,0.000265443
0,1.015856,4.44089e-15,0.000104972
0,1.018963,2.07834e-13,0.000531035
0,1.017459,5.32907e-15,0.0000230027
0,2.585988,4.44089e-15,0.00179553
0,1.016667,2.66454e-14,0.00157142
0,1.105707,1.77636e-15,0.00197070
0,1.027639,3.55271e-15,0.00132362
0,1.022203,2.66454e-15,0.00142001
0,1.019534,3.55271e-15,0.00143277
0,2.60525,3.55271e-15,0.00287465
0,4.412978,4.44089e-15,0.00207749
0,4.145672,5.32907e-15,0.00221440
0,1.019413,2.66454e-15,0.00143977
0,10.09544,5.32907e-15,0.000185675
0,3.980424,8.88178e-15,0.000290307
0,1.005263,1.77636e-15,0.00157525
0,4.922928,7.10543e-15,0.00203067
0,1.014201,2.30926e-14,0.000671034
0,10.89395,2.81553e-13,0.000249098
0,1.016378,1.77636e-15,0.000386701
0,1.652419,5.32907e-15,0.00195577
0,1.023399,1.68754e-14,0.000965700
0,20.43507,1.84741e-13,0.000118256
0,1.026156,1.77636e-15,0.00131619
0,3.657337,3.55271e-15,0.00359428
0,1.009842,2.66454e-15,0.00142228
0,5.334125,1.15463e-14,0.000177967
0,6.769988,1.50990e-14,0.000225270
0,3.398795,1.24345e-13,0.000308677
0,1.024217,6.08402e-13,0.0000229485
0,1.005675,4.88498e-14,0.000623917
0,1.034562,1.77636e-15,0.000161910
0,1.019234,1.77636e-15,0.000443426
0,1.012501,4.44089e-15,0.000145104
0,1.011176,1.77636e-15,0.000336841
0,1.024371,3.10862e-14,0.0000277659
0,1.02109,3.55271e-15,0.00107032
0,3.351432,3.64153e-14,0.00240896
0,12.48805,1.86517e-14,0.000597241
0,1.016162,3.55271e-15,0.000478620
0,4.456364,5.32907e-15,0.00142428
0,1.019553,8.88178e-15,0.00129323
0,1.015302,1.77636e-15,0.00152467
0,1.026647,2.62013e-13,0.00134385
0,1.0191,1.95399e-14,0.000604272
0,1.084865,1.42997e-13,0.000160576
0,1.023185,1.77636e-15,0.00205820
0,2.508671,3.55271e-15,0.00185174
0,1.018726,1.77636e-15,0.000424266
0,1.020861,6.63469e-13,0.0000854850
0,1.009272,1.50990e-14,0.000372441
0,5.932527,2.92211e-13,0.000147034
0,3.409537,3.55271e-15,0.00261820
0,1.017822,2.14939e-13,0.000498360
0,1.01695,3.55271e-15,0.00136741
0,1.705102,2.66454e-15,0.00218094
0,1.017677,1.77636e-15,0.00127372
0,1.017094,3.55271e-15,0.000881152
0,1.654202,1.42109e-14,0.00315029
0,2.096675,3.55271e-15,0.00296985
0,2.351431,4.44089e-15,0.000712267
0,5.248987,5.32907e-15,0.00137134
0,1.047917,1.77636e-15,0.000259726
0,1.014114,5.32907e-15,0.000775447
0,4.10413,1.06581e-14,0.000702540
0,11.35683,1.42109e-14,0.000810459
0,1.019935,3.55271e-15,0.000888662
0,2.06395,7.10543e-15,0.00374895
0,1.022807,1.19904e-13,0.00133075
0,1.021304,2.66454e-15,0.00118126
0,1.012479,2.66454e-15,0.00118812
0,1.006806,4.09450e-13,0.000706359
0,1.02402,3.55271e-15,0.00157193
0,5.051797,1.72307e-13,0.00107527
0,1.015473,1.77636e-15,0.000988524
0,2.489491,1.77636e-15,0.00214282
0,1.019047,3.55271e-15,0.000244475
0,1.016275,1.77636e-15,0.000568878
0,4.055068,4.44089e-15,0.00187960
0,4.283799,1.27010e-13,0.00166881
0,1.012811,1.77636e-15,0.000125587
0,2.122767,3.46390e-14,0.00207765
0,1.006529,5.32907e-15,0.00163657
0,6.431545,8.88178e-15,0.000413930
0,10.32446,1.42109e-14,0.00162430
0,1.016309,1.77636e-15,0.00143274
0,1.018529,4.44089e-13,0.00179830
0,1.026724,1.06581e-14,0.000317085
0,1.018767,1.15463e-14,0.000252253
0,13.79193,1.77636e-14,0.00114572
0,1.018522,8.88178e-16,0.00128549
0,2.614296,3.55271e-15,0.00154628
0,2.968128,1.04805e-13,0.00107255
0,2.20216,3.55271e-15,0.00273038
0,1.003651,1.77636e-15,0.000154977
0,2.417153,1.06581e-14,0.00236228
0,11.17722,1.42109e-14,0.000888726
0,1.027763,1.95399e-14,0.0000632217
0,13.02264,1.24345e-14,0.000408429
0,6.590563,5.32907e-15,0.00177006
0,4.052679,7.10543e-15,0.000941292
0,1.018899,7.46070e-14,0.000256082
0,8.609373,1.42109e-14,0.00146117
0,1.020097,5.32907e-14,0.000984245
0,1.018175,7.10543e-15,0.00205480
0,1.016241,8.88178e-15,0.000463911
0,1.01891,6.30607e-14,0.000347789
0,4.206218,7.10543e-15,0.000460339
0,1.012996,2.66454e-15,0.00142758
0,1.58537,2.61124e-13,0.00188045
0,1.015741,3.55271e-15,0.00160781
0,1.014195,8.88178e-16,0.0000346089
0,1.02587,1.68754e-14,0.00104266
0,9.152922,8.88178e-15,0.000734576
0,1.013711,1.06581e-14,0.000152825
0,2.342779,1.31450e-13,0.00286416
0,1.004292,1.77636e-15,0.000235752
0,5.887287,2.16716e-13,0.00112440
0,3.977143,4.44089e-15,0.00298040
0,5.462164,5.32907e-15,0.00135625
0,3.841149,3.55271e-15,0.00188059
0,3.036959,3.55271e-15,0.00105287
0,1.016242,2.66454e-15,0.00137952
0,3.427926,7.10543e-15,0.00262506
0,1.01677,2.66454e-15,0.000922830
0,1.01804,3.55271e-15,0.0000233807
0,4.538515,1.24345e-14,0.00231599
0,1.016092,7.10543e-15,0.00114491
0,1.009508,3.55271e-15,0.000669974
0,1.007102,5.82645e-13,0.000519584
0,1.03207,3.55271e-15,0.00134879
0,24.07921,3.64153e-14,0.000331089
0,3.859899,3.55271e-15,0.00335179
0,1.016725,1.15463e-14,0.000542315
0,1.882087,1.77636e-15,0.00113804
0,26.2494,8.43769e-14,0.000150181
0,5.749346,6.21725e-15,0.000653599
0,1.024093,7.10543e-15,0.000359651
0,1.021986,1.77636e-15,0.00171041
0,1.022187,3.55271e-15,0.00186503
0,1.018281,1.59872e-14,0.000373405
0,1.020163,1.77636e-14,0.000648470
0,1.017497,2.66454e-15,0.00157420
0,1.012983,7.10543e-15,0.000559994
0,3.918236,7.10543e-15,0.00155333
0,3.315997,2.66454e-15,0.00210103
0,4.076288,8.88178e-15,0.00295680
0,1.810697,1.77636e-15,0.00301956
0,13.13472,7.99361e-15,0.000899939
0,1.012158,1.10134e-13,0.000986590
0,1.028376,1.77636e-15,0.000575617
0,8.776755,8.88178e-15,0.000947310
0,4.412747,8.88178e-15,0.00271539
0,1.033877,1.77636e-15,0.000125450
0,1.434264,4.44089e-15,0.00160308
0,1.010489,2.66454e-15,0.0000819330
0,4.300724,5.32907e-15,0.00301079
0,1.019531,7.10543e-15,0.000738964
0,5.983529,5.32907e-15,0.000887399
0,1.018881,1.77636e-15,0.00131989
0,1.022618,2.66454e-15,0.0000911425
0,8.341124,2.04281e-14,0.00154664
0,4.124654,3.55271e-15,0.00317062
0,2.763736,7.10543e-15,0.00189763
0,5.307414,5.32907e-15,0.000954193
0,1.009616,1.77636e-15,0.000708627
0,5.922467,7.46070e-14,0.000152234
0,1.010759,1.22569e-13,0.000703334
0,4.26492,1.42109e-14,0.000757068
0,1.191291,1.77636e-15,0.000236504
0,1.015031,2.66454e-15,0.00151391
0,1.020576,1.85629e-13,0.000357585
0,1.025643,2.66454e-15,0.000211387
0,4.267939,5.32907e-15,0.00231857
0,1.006576,5.32907e-15,0.000226338
0,1.061112,1.77636e-15,0.00107523
0,6.50448,1.33227e-14,0.00128184
0,1.353967,7.01661e-14,0.000582044
0,1.021001,7.10543e-15,0.000650646
0,1.015579,3.55271e-15,0.000559760
0,1.187338,3.55271e-15,0.00292276
0,1.016714,2.66454e-15,0.000204775
0,1.0076,6.39488e-14,0.0000623613
0,0.9910691,3.55271e-15,0.000364303
0,15.4634,1.33227e-14,0.000889487
0,3.659619,1.68754e-14,0.00113796
0,17.59896,2.04281e-14,0.000140194
0,1.02255,2.66454e-15,0.00196469
0,4.322009,1.50990e-14,0.00321506
0,2.890365,8.88178e-15,0.00157501
0,10.6963,1.59872e-14,0.00127510
0,1.003113,4.35207e-14,0.000981521
0,9.304641,8.88178e-15,0.000148267
0,1.014453,3.00204e-13,0.00148199
0,1.017446,3.55271e-15,0.00113856
0,5.736937,1.06581e-14,0.000516617
0,11.46597,9.76996e-15,0.00100530
0,1.00688,4.44089e-15,0.000339423
0,10.91051,7.99361e-15,0.00118370
0,11.28255,2.13163e-14,0.000392864
0,1.021471,1.22569e-13,0.000990454
0,11.05799,3.01981e-14,0.00145035
0,2.463032,2.65565e-13,0.00157403
0,1.017009,2.57572e-13,0.000391191
0,1.01272,2.66454e-15,0.000482638
0,1.014777,3.55271e-15,0.000486330
0,4.980538,1.37668e-13,0.00210683
0,1.430004,3.46390e-14,0.00251557
0,2.313388,4.44089e-15,0.00347026
0,1.020208,4.44089e-15,0.00182943
0,3.190215,3.37508e-14,0.00173436
0,6.691482,4.97380e-14,0.000198200
0,1.014501,3.55271e-15,0.000346571
0,2.704413,1.77636e-15,0.00265559
0,3.432579,5.32907e-15,0.00123864
0,2.043226,3.55271e-15,0.00286334
0,1.009758,6.51923e-13,0.00131613
0,8.94955,1.59872e-14,0.0000484158
0,1.260296,3.55271e-15,0.00120010
0,12.64486,2.13163e-14,0.000922153
0,1.014729,7.10543e-15,0.000210455
0,13.05202,8.88178e-15,0.000873791
0,1.012623,3.55271e-15,0.00194284
0,4.047769,9.76996e-15,0.00142692
0,7.481621,5.32907e-15,0.000624157
0,3.442866,2.66454e-15,0.000414238
0,1.009588,4.95604e-13,0.000998743
0,7.740141,5.32907e-15,0.000875572
0,3.910292,3.55271e-15,0.00214225
0,19.61964,3.19744e-14,0.0000393562
0,7.114884,7.10543e-15,0.000693365
0,3.952063,2.66454e-15,0.00178881
0,1.02078,1.77636e-15,0.00101124
0,1.921619,4.44089e-15,0.00155340
0,1.020842,1.42109e-14,0.00129665
0,1.029735,2.66454e-15,0.000802911
0,3.396741,3.55271e-15,0.00235774
0,1.020874,1.77636e-15,0.00110867
0,1.88269,3.55271e-15,0.00356134
0,7.481882,8.88178e-15,0.00202882
0,1.961057,4.56524e-13,0.00129284
0,1.017,2.66454e-15,0.00172352
0,2.005592,1.77636e-15,0.00260638
0,17.26252,2.30926e-14,0.000373893
0,1.814502,5.32907e-15,0.00354445
0,3.076006,3.01981e-14,0.00328037
0,8.055654,1.33227e-14,0.000736671
0,1.019819,1.77636e-15,0.000450454
0,1.659888,7.10543e-15,0.00331055
0,1.0247,4.44089e-15,0.00132258
0,1.011673,8.08242e-14,0.000513217
0,4.352617,3.55271e-15,0.00271834
0,1.004041,3.55271e-15,0.000321566
0,4.380217,9.76996e-15,0.00283955
0,5.017151,7.10543e-15,0.000647768
0,1.011463,2.66454e-15,0.000143583
0,1.012433,4.44089e-15,0.00121896
0,1.874535,3.55271e-15,0.00181950
0,1.016344,6.21725e-15,0.000352037
0,18.47185,3.73035e-14,0.000271124
0,1.001633,2.39808e-14,0.00112475
0,1.019716,2.13163e-14,0.000831276
0,1.012516,3.01981e-14,0.00103371
0,1.853874,2.66454e-15,0.00376465
0,1.004427,4.88498e-13,0.000238161
0,1.021277,5.32907e-15,0.000602411
0,4.817852,7.01661e-14,0.00145922
0,1.014892,1.21680e-13,0.000677214
0,1.03166,1.77636e-15,0.000698662
0,1.013409,5.32907e-15,0.000540180
0,4.940327,1.25233e-13,0.000246071
0,1.013845,7.09655e-13,0.000170075
0,1.011795,9.14824e-14,0.000734242
0,1.015334,5.32907e-15,0.000491829
0,4.018016,5.32907e-15,0.00109719
0,1.034688,8.88178e-16,0.000796331
0,1.27308,2.66454e-15,0.00109087
0,3.179029,9.76996e-15,0.00277628
0,1.021778,1.04805e-13,0.000840262
0,8.973417,1.77636e-14,0.000573351
0,1.023571,1.24345e-14,0.000865101
0,1.028731,2.57572e-14,0.00177393
0,1.019419,2.66454e-15,0.000806576
0,1.013572,4.44089e-13,0.000682814
0,1.023269,5.06262e-14,0.000603457
0,42.28073,8.70415e-14,0.0000161351
0,1.376425,3.55271e-15,0.0000673016
0,3.604128,3.55271e-15,0.00112250
0,3.658054,5.32907e-15,0.0000966011
0,1.032517,2.66454e-15,0.000916253
0,5.760889,6.21725e-15,0.000996967
0,1.021341,4.44089e-15,0.000801748
0,1.015508,3.19744e-13,0.000167617
0,6.36767,1.77636e-14,0.000446207
0,3.466344,5.77316e-14,0.00187469
0,21.73129,2.75335e-14,0.000252094
0,1.023762,2.66454e-15,0.00184728
0,3.734007,1.15463e-14,0.00192899
0,1.024732,1.77636e-15,0.00124658
0,9.984404,2.13163e-14,0.000176955
0,1.02222,1.27898e-13,0.000424367
0,2.537316,2.48690e-14,0.00183878
0,7.193734,7.10543e-15,0.000141669
0,1.019667,2.66454e-15,0.00140200
0,1.002712,3.55271e-15,0.000315421
0,4.119538,7.99361e-15,0.00217060
0,1.01541,1.77636e-15,0.00127597
0,8.464179,8.88178e-15,0.00170354
0,1.017417,3.81917e-14,0.000552511
0,1.006379,2.66454e-15,0.000388413
0,1.208173,1.77636e-14,0.00221568
0,5.831546,8.88178e-15,0.000774857
0,1.000131,3.90799e-14,0.00144734
0,2.789974,5.32907e-15,0.00163259
0,1.09836,4.44089e-15,0.00138453
0,13.93918,1.59872e-14,0.00111688
0,2.003486,3.55271e-15,0.00138080
0,6.313447,7.99361e-15,0.000851969
0,1.014637,2.62013e-13,0.00152160
0,27.02876,6.30607e-14,0.000721798
0,9.322175,2.04281e-14,0.000562865
0,1.047596,1.77636e-15,0.000196755
0,1.005402,3.55271e-15,0.000948738
0,4.155678,6.21725e-15,0.00257825
0,1.995819,1.77636e-15,0.00337878
0,1.017542,2.66454e-15,0.0000642146
0,1.024638,3.55271e-14,0.00121636
0,3.551146,4.44089e-15,0.00286507
0,28.1518,4.79616e-14,0.000240688
0,1.023411,4.17444e-13,0.000515622
0,2.083125,3.55271e-15,0.00385771
0,4.069672,1.74083e-13,0.00129338
0,2.991406,5.32907e-15,0.00249770
0,1.016641,2.66454e-15,0.0000768763
0,1.057218,2.66454e-15,0.00129437
0,6.681928,7.10543e-15,0.00106262
0,2.357486,1.42109e-14,0.00207180
0,1.019532,1.77636e-15,0.00115019
0,5.098246,5.84421e-13,0.00180811
0,6.670015,1.06581e-14,0.00169797
0,7.16886,8.88178e-15,0.00169157
0,1.019326,6.21725e-15,0.000239646
0,14.05834,1.95399e-14,0.000141034
0,5.415589,4.61853e-14,0.000766645
0,6.33472,1.38556e-13,0.000803596
0,2.589935,4.44089e-15,0.00260340
0,3.030795,1.77636e-15,0.000326885
0,4.650009,3.55271e-15,0.00269667
0,5.968359,5.32907e-15,0.00131161
0,1.028713,6.21725e-15,0.000860368
0,1.00071,5.32907e-15,0.000489429
0,1.540553,6.21725e-15,0.000299778
0,2.429132,2.13163e-14,0.00147279
0,18.63828,4.44089e-14,0.000791473
0,8.814806,5.32907e-15,0.000294188
0,14.77522,1.24345e-14,0.000687434
0,1.202431,1.06581e-14,0.00225008
0,6.898848,1.33227e-14,0.00134196
0,2.774508,2.66454e-15,0.000672003
0,1.028837,1.77636e-15,0.000448881
0,3.831251,7.10543e-15,0.000471283
0,1.023001,2.66454e-15,0.000167473
0,1.01142,4.88498e-14,0.00128622
0,16.16766,1.95399e-14,0.000431618
0,1.035199,2.66454e-15,0.000994407
0,1.898317,2.66454e-15,0.00112306
0,2.076045,4.44089e-15,0.00108372
0,6.426038,1.15463e-14,0.00124085
0,13.80425,9.76996e-15,0.000533593
0,2.32644,6.21725e-15,0.000861205
0,1.013893,3.55271e-15,0.000608943
0,1.026535,5.32907e-15,0.000883949
0,9.681143,9.76996e-15,0.000475374
0,1.018409,7.10543e-15,0.00122835
0,6.721761,1.06581e-14,0.000919861
0,1.019617,1.65201e-13,0.000879562
0,1.027984,3.55271e-15,0.000778158
0,6.821965,8.61533e-14,0.000207171
0,17.20751,1.42109e-14,0.00106361
0,1.021967,1.77636e-15,0.000737010
0,2.556316,5.32907e-15,0.00153522
0,1.016118,1.15463e-14,0.000947522
0,6.916563,1.24345e-14,0.000685463
0,1.037997,1.77636e-15,0.000119824
0,3.781518,2.66454e-15,0.00160682
0,21.30895,1.95399e-14,0.000470267
0,1.253907,1.77636e-15,0.00189887
0,10.2439,1.77636e-14,0.000246924
0,1.018591,1.77636e-15,0.000479218
0,2.680499,5.32907e-15,0.00324108
0,5.041153,8.88178e-15,0.00257468
0,1.013195,3.55271e-15,0.000742118
0,1.018757,3.55271e-15,0.00104311
0,2.91855,3.55271e-15,0.0000738519
0,1.75039,4.44089e-15,0.00152439
0,2.363862,3.55271e-15,0.000206728
0,2.474685,1.06581e-14,0.00155097
0,1.969859,7.10543e-15,0.00288108
0,4.588927,5.32907e-15,0.000959133
0,3.39174,3.55271e-15,0.000897570
0,16.28935,1.95399e-14,0.000569534
0,4.734535,7.10543e-15,0.00148083
0,3.351555,2.66454e-15,0.00294509
0,3.40546,3.55271e-15,0.00307353
0,1.012772,2.66454e-15,0.000929059
0,1.021768,5.32907e-15,0.000929184
0,11.32992,2.13163e-14,0.000366776
0,1.014263,3.55271e-15,0.00109160
0,3.138731,3.99680e-13,0.00139704
0,1.025821,4.26326e-14,0.00139907
0,23.24874,2.39808e-14,0.000213109
0,2.680139,5.32907e-15,0.00122899
0,1.011871,3.55271e-15,0.000953155
0,1.020192,1.77636e-15,0.000764175
0,4.429685,4.44089e-15,0.00182820
0,9.659677,7.99361e-15,0.000324866
0,1.019639,1.77636e-15,0.000686040
0,1.017363,3.90799e-14,0.00155069
0,16.50901,1.06581e-14,0.000765565
0,5.459036,7.10543e-15,0.00225094
0,1.316274,2.66454e-15,0.0000503428
0,1.020892,6.83897e-14,0.00140162
0,5.310544,7.10543e-15,0.000283829
0,6.270639,4.44089e-15,0.00154675
0,1.025235,2.66454e-15,0.00123934
0,1.024217,2.48690e-14,0.00178211
0,1.017717,1.19904e-13,0.000847169
0,4.622665,8.88178e-15,0.00224249
0,1.009317,1.77636e-15,0.000872940
0,2.592604,3.55271e-15,0.00292380
0,1.029018,2.66454e-15,0.000890754
0,8.003536,1.15463e-14,0.00173624
0,1.012547,7.10543e-15,0.000326574
0,19.21324,3.55271e-14,0.000259625
0,1.008471,3.55271e-15,0.000493440
0,4.622145,1.33227e-14,0.000383395
0,2.113949,2.66454e-15,0.00312543
0,1.013688,3.90799e-14,0.00112959
0,1.943576,5.32907e-15,0.00287168
0,3.351265,8.88178e-16,0.00293672
0,1.639832,6.21725e-15,0.00177086
0,1.023806,3.81917e-14,0.00127866
0,1.021868,2.66454e-15,0.000190812
0,3.672849,1.77636e-15,0.00115751
0,3.477685,5.32907e-15,0.00209056
0,1.020988,9.76996e-15,0.000355249
0,6.633493,1.24345e-14,0.00207290
0,2.219836,3.55271e-15,0.000650582
0,1.021539,3.55271e-15,0.00131933
0,9.694904,7.10543e-15,0.00105376
0,1.017986,2.04281e-14,0.000977048
0,4.692467,8.88178e-15,0.00215239
0,1.019413,1.00364e-13,0.000177455
0,1.01477,2.66454e-15,0.0000183770
0,1.320211,1.24345e-14,0.00225763
0,1.021654,8.79297e-14,0.00178964
0,18.19286,3.90799e-14,0.000818758
0,1.017046,1.24345e-14,0.000476644
0,14.31127,1.59872e-14,0.00124085
0,1.015589,1.77636e-15,0.00110334
0,1.025588,1.24345e-14,0.000108133
0,1.014479,1.77636e-15,0.00122948
0,2.264555,8.88178e-15,0.00289109
0,1.013002,3.55271e-15,0.00163461
0,4.813174,8.88178e-15,0.00249233
0,1.019671,1.77636e-15,0.00135684
0,5.372946,1.06581e-14,0.00189799
0,1.020832,5.77316e-14,0.00137353
0,1.018486,2.59348e-13,0.000229548
0,1.016183,3.55271e-15,0.00146779
0,4.370851,8.88178e-15,0.00264463
0,7.354397,8.88178e-15,0.000232102
0,1.028774,5.52447e-13,0.00186927
0,1.029441,6.44818e-13,0.00153833
0,1.041248,1.77636e-15,0.00114564
0,1.015161,3.10862e-13,0.00114415
0,1.388161,3.55271e-15,0.00150367
0,1.010325,3.55271e-15,0.000609277
0,1.032632,3.55271e-15,0.00175882
0,3.588436,5.32907e-15,0.00130812
0,23.71756,3.99680e-14,0.000297202
0,2.900979,1.11022e-13,0.00133299
0,2.168593,9.76996e-15,0.00246237
0,1.021838,3.21521e-13,0.00119253
0,1.013775,1.77636e-15,0.00104841
0,6.429672,8.88178e-15,0.000988298
0,1.032995,1.68754e-14,0.00122408
0,1.019702,2.13163e-13,0.00114998
0,1.297943,3.55271e-15,0.000990675
0,1.012569,5.77316e-14,0.000296054
0,11.68328,8.88178e-15,0.000414885
0,8.141341,1.33227e-14,0.00122606
0,2.919739,4.35207e-14,0.0000277444
0,0.9943267,1.77636e-15,0.000277518
0,1.016008,1.77636e-15,0.000361575
0,1.017772,2.66454e-15,0.000774134
0,1.015302,3.55271e-15,0.000910971
0,1.030872,2.66454e-15,0.00125845
0,1.023717,1.77636e-15,0.0000374360
0,2.442226,5.32907e-15,0.00398702
0,4.11736,7.76268e-13,0.00146627
0,1.668339,1.77636e-15,0.000481588
0,2.45984,5.32907e-15,0.00328810
0,1.026161,5.68434e-14,0.000229720
0,1.687883,2.84217e-14,0.00289368
0,2.05889,2.66454e-15,0.00176133
0,4.782518,7.10543e-15,0.00203161
0,1.213204,5.32907e-15,0.00243426
0,1.020143,2.66454e-15,0.00134267
0,1.010178,7.90479e-14,0.00190074
0,1.370092,3.55271e-15,0.00279358
0,7.394552,1.59872e-14,0.000884792
0,2.021044,3.55271e-15,0.00277144
0,3.170771,9.76996e-15,0.00293060
0,4.450783,2.57572e-13,0.000818312
0,1.018268,1.77636e-15,0.000357485
0,1.020025,1.77636e-15,0.00146163
0,1.382714,3.55271e-15,0.00317107
0,6.742024,1.24345e-14,0.00121398
0,1.017572,3.55271e-15,0.00105679
0,1.017204,2.66454e-15,0.000342376
0,1.021111,1.77636e-15,0.000359962
0,18.59611,2.66454e-14,0.000265266
0,1.438937,9.70779e-13,0.00322243
0,4.039837,1.15463e-14,0.00145997
0,4.864215,3.55271e-15,0.00161572
0,1.02874,8.88178e-16,0.00133835
0,1.017292,3.55271e-15,0.000995925
0,1.02509,3.55271e-15,0.00132230
0,1.0232,1.77636e-15,0.00170659
0,1.017266,2.66454e-15,0.000619993
0,6.977143,8.88178e-15,0.000203002
0,1.002825,2.70894e-13,0.00129924
0,1.008249,4.97380e-14,0.0000585753
0,3.982921,1.59872e-14,0.00163169
0,1.032239,2.13163e-14,0.000347095
0,1.034713,1.86517e-14,0.000496925
0,1.026565,8.88178e-16,0.000274539
0,1.016218,2.66454e-15,0.00171829
0,2.795503,5.32907e-15,0.00235449
0,2.40779,7.10543e-15,0.00181204
0,1.01179,3.55271e-15,0.00100144
0,2.9753,7.10543e-15,0.000848564
0,2.813126,3.55271e-15,0.000608274
0,5.540644,8.88178e-15,0.0000701474
0,2.38315,4.44089e-15,0.00337752
0,1.02285,5.32907e-15,0.000705461
0,2.824623,3.55271e-15,0.000630393
0,1.011931,2.66454e-15,0.000711998
0,24.70722,2.39808e-14,0.0000503265
0,1.012216,2.66454e-15,0.000580208
0,1.01856,1.77636e-15,0.000666805
0,1.022364,3.55271e-15,0.000196514
0,1.015493,1.77636e-14,0.00147353
0,7.203558,1.33227e-14,0.00174155
0,5.50265,1.42109e-14,0.000488623
0,1.016426,4.44089e-15,0.000916144
0,6.159025,2.55795e-13,0.00262181
0,1.022845,3.55271e-15,0.00178020
0,1.018694,2.66454e-15,0.00150089
0,2.974796,9.76996e-15,0.000347395
0,1.016269,3.55271e-15,0.000884202
0,2.270393,8.88178e-15,0.00342796
0,2.785368,6.21725e-15,0.00349067
0,1.546115,3.55271e-15,0.00217501
0,1.007373,7.99361e-15,0.000592189
0,1.015147,2.84217e-14,0.000999700
0,2.535301,2.66454e-15,0.00214893
0,1.017451,5.32907e-15,0.00185331
0,11.98026,1.06581e-14,0.000150514
0,2.298865,1.77636e-15,0.00197185
0,12.17004,1.95399e-14,0.00173007
0,18.2204,2.39808e-14,0.0000902414
0,1.018335,2.66454e-15,0.000833829
0,1.024768,4.75175e-13,0.000158295
0,1.017994,8.88178e-15,0.00116645
0,1.027232,2.66454e-15,0.000103554
0,4.876966,9.76996e-15,0.00107950
0,1.014563,7.10543e-15,0.000806738
0,1.027117,7.10543e-15,0.00113467
0,1.021936,2.66454e-15,0.000405239
0,9.177306,1.42109e-14,0.00000859483
0,1.024049,1.51879e-13,0.00118100
0,2.476361,8.34888e-14,0.00113094
0,1.020199,1.48326e-13,0.000380104
0,3.270955,1.06581e-14,0.00235938
0,1.017761,9.81437e-13,0.000782280
0,1.591143,4.08562e-14,0.00131849
0,1.016612,1.19016e-13,0.00139225
0,13.42675,1.06581e-14,0.000773613
0,1.044048,1.77636e-15,0.000249890
0,1.018492,1.32339e-13,0.00107917
0,3.658896,4.44089e-15,0.0000552582
0,3.223302,3.55271e-15,0.000276427
0,2.438556,7.10543e-15,0.000276728
0,1.020015,1.33227e-14,0.000510694
0,1.019136,6.12843e-14,0.000752645
0,3.917818,6.21725e-15,0.000324666
0,5.906407,2.75335e-13,0.00214696
0,1.021626,2.59348e-13,0.00148432
0,1.029703,1.77636e-15,0.000697881
0,1.022414,2.66454e-15,0.000126426
0,1.020605,2.66454e-15,0.00114401
0,3.250038,4.35207e-14,0.000140040
0,1.00707,1.33227e-14,0.000444553
0,1.043871,2.66454e-15,0.000277640
0,2.202643,3.55271e-15,0.00163690
0,1.006674,4.52971e-14,0.00133280
0,1.010395,1.75859e-13,0.000708249
0,10.04716,1.50990e-14,0.00189719
0,5.676657,1.06581e-14,0.00162667
0,1.015369,4.44089e-15,0.000732778
0,11.89874,9.76996e-15,0.000130134
0,4.295728,5.32907e-15,0.00111609
0,1.019254,7.99361e-15,0.00109765
0,2.967757,2.10498e-13,0.00365438
0,2.478571,5.32907e-15,0.000114016
0,1.04128,2.93099e-14,0.000432828
0,1.013371,8.88178e-16,0.000360136
0,1.019086,1.87406e-13,0.00122676
0,1.019771,7.10543e-15,0.00146240
0,1.017279,9.76996e-15,0.000949808
0,2.216681,5.32907e-15,0.00108713
0,28.83204,3.99680e-14,0.000636481
0,2.631671,3.55271e-15,0.00151805
0,1.013511,2.13163e-14,0.00154289
0,9.555674,1.59872e-14,0.000813361
0,1.018729,2.92211e-13,0.000857289
0,1.856183,3.40172e-13,0.00335540
0,1.015217,1.03917e-13,0.00110538
0,1.018555,2.66454e-15,0.000942186
0,12.91562,1.95399e-14,0.00103107
0,2.379192,1.77636e-15,0.00341945
0,1.015907,9.57456e-13,0.00163058
0,1.023339,2.66454e-15,0.000287513
0,5.125716,2.73559e-13,0.00123181
0,6.168661,1.10134e-13,0.000837471
0,1.019964,8.26006e-14,0.000764112
0,2.047223,2.66454e-15,0.00295167
0,1.013802,6.48370e-14,0.00151080
0,1.018022,2.66454e-15,0.000927268
0,1.822829,1.77636e-15,0.00346162
0,10.55877,9.76996e-15,0.000816502
0,9.982873,1.15463e-14,0.000839800
0,20.4024,3.10862e-14,0.000234451
0,4.460267,4.44089e-15,0.00182491
0,6.811766,1.06581e-14,0.00194831
0,1.033422,1.14575e-13,0.000677775
0,1.026401,1.89182e-13,0.000505265
0,3.570526,3.37508e-14,0.0000190556
0,3.191125,8.88178e-15,0.000229009
0,1.008743,7.30083e-13,0.00159594
0,1.024602,1.77636e-15,0.00153381
0,2.557926,4.44089e-15,0.00266502
0,5.892223,4.44089e-15,0.000447784
0,7.554374,7.99361e-15,0.000619273
0,2.417162,7.99361e-15,0.00177691
0,1.013966,8.48210e-13,0.000641451
0,1.016593,1.77636e-15,0.0000673118
0,14.71967,3.28626e-14,0.000326774
0,1.25705,3.99680e-13,0.00148882
0,1.017065,3.55271e-15,0.000148570
0,10.99516,2.13163e-14,0.00125287
0,0.9995958,8.88178e-16,0.000463795
0,1.010974,3.55271e-15,0.000671852
0,1.444779,2.66454e-15,0.00320890
0,1.008218,5.32907e-15,0.0000670081
0,3.316131,2.04281e-14,0.00273549
0,4.514114,1.86517e-14,0.00286092
0,1.64694,3.55271e-15,0.000409751
0,1.014235,5.32907e-15,0.000847853
0,7.058695,7.99361e-14,0.00158734
0,1.023412,1.77636e-15,0.000135992
0,1.031647,1.77636e-15,0.000372388
0,1.015083,2.66454e-15,0.00107990
0,1.023698,8.61533e-14,0.00125087
0,1.697855,2.66454e-15,0.00342086
0,2.035561,2.66454e-15,0.00132744
0,1.024533,4.44089e-15,0.000783960
0,1.022477,1.77636e-15,0.000602437
0,1.182739,2.66454e-15,0.00232943
0,4.27197,9.76996e-15,0.00241026
0,8.306136,7.99361e-15,0.00152371
0,16.88508,3.90799e-14,0.000869646
0,1.006739,5.32907e-15,0.000392103
0,21.01129,1.15463e-14,0.000389136
0,4.314994,7.10543e-15,0.000169505
0,1.020162,1.77636e-15,0.000681567
0,12.9493,1.06581e-14,0.000211559
0,8.716208,1.15463e-14,0.000813421
0,16.52992,3.25961e-13,0.0000666445
0,1.172428,5.95080e-14,0.000881636
0,6.341205,7.01661e-14,0.000153435
0,16.9899,1.95399e-14,0.000645980
0,1.964198,2.66454e-15,0.00263909
0,2.981851,3.55271e-15,0.00106848
0,1.015788,1.77636e-15,0.00175904
0,1.016978,2.06057e-13,0.00110670
0,8.176226,8.88178e-15,0.00203055
0,3.370016,5.32907e-15,0.00150260
0,3.753839,5.32907e-15,0.00229764
0,1.017275,2.57572e-14,0.00144495
0,1.017927,6.21725e-15,0.000992458
0,4.168344,2.66454e-15,0.00278825
0,5.869247,5.95080e-14,0.000875356
0,1.003961,1.77636e-15,0.000356355
0,9.99904,1.15463e-14,0.00122490
0,1.007082,2.48690e-14,0.000458062
0,1.152174,7.10543e-15,0.00128159
0,1.024224,1.77636e-15,0.00128858
0,1.018587,2.13163e-14,0.000301977
0,4.484629,6.73239e-13,0.000630254
0,4.166812,5.32907e-15,0.000657322
0,4.248086,1.50990e-14,0.00223114
0,1.015992,1.74971e-13,0.00106319
0,1.012602,2.66454e-15,0.000403714
0,1.014678,1.24345e-14,0.00141341
0,2.027416,3.55271e-15,0.00225407
0,1.010182,1.77636e-15,0.00154042
0,2.440303,7.99361e-15,0.00149433
0,1.005626,1.42109e-14,0.0000509763
0,1.022606,7.10543e-15,0.000642425
0,1.019224,3.55271e-15,0.00172845
0,1.022284,3.55271e-15,0.000822289
0,7.652043,6.75016e-14,0.00129270
0,1.014494,4.44089e-15,0.000461027
0,0.9764714,1.77636e-15,0.000357103
0,1.017165,2.66454e-15,0.00156096
0,1.024359,7.68274e-13,0.000436456
0,1.024486,6.21725e-15,0.000351891
0,1.261469,3.55271e-15,0.00121206
0,1.003865,2.84217e-14,0.000536904
0,1.015794,2.66454e-15,0.000880643
0,2.412871,4.44089e-15,0.000893745
0,1.062098,3.55271e-15,0.000454225
0,1.007076,2.66454e-15,0.00134116
0,3.708957,3.55271e-15,0.00180187
0,2.714551,1.77636e-15,0.00103515
0,1.024423,1.77636e-15,0.00163488
0,2.331748,1.77636e-15,0.00109393
0,1.012418,2.30926e-14,0.00108087
0,2.040028,3.55271e-15,0.00121084
0,1.89004,2.66454e-15,0.00157097
0,6.618586,1.42109e-14,0.00103525
0,6.022194,5.32907e-15,0.000772395
0,2.057016,1.49214e-13,0.00188877
0,3.754341,1.24345e-14,0.000669208
0,1.017903,3.55271e-15,0.000724436
0,12.29343,1.50990e-14,0.000398423
0,7.020236,1.24345e-14,0.00194670
0,1.007169,3.11751e-13,0.00104710
0,1.020512,4.44089e-15,0.000716206
0,5.495819,1.42109e-14,0.000194688
0,1.024993,2.66454e-15,0.00159252
0,1.024308,6.21725e-15,0.00117840
0,2.799909,5.32907e-15,0.00214286
0,1.007194,9.50351e-13,0.000957239
0,1.019054,1.77636e-15,0.000632789
0,1.54396,1.40332e-13,0.00273034
0,3.500707,3.55271e-15,0.00270406
0,1.019083,5.32907e-15,0.000791140
0,1.015484,2.66454e-15,0.00202961
0,1.011759,3.55271e-15,0.000889166
0,1.014158,3.28626e-14,0.00149746
0,20.07824,2.30926e-14,0.000272280
0,4.258081,4.44089e-15,0.00276407
0,0.9857446,4.44089e-15,0.0000825939
0,8.789428,1.50990e-14,0.00171890
0,1.023547,2.66454e-15,0.000552355
0,1.033343,2.66454e-15,0.000697145
0,1.019916,1.86517e-14,0.00162975
0,4.430026,9.76996e-15,0.00164823
0,7.50543,5.32907e-15,0.00150947
0,4.683765,2.93099e-13,0.00160863
0,1.015308,1.31450e-13,0.0000225944
0,2.788829,4.44089e-15,0.00402185
0,10.47367,8.88178e-15,0.000436813
0,1.013175,1.77636e-15,0.000113554
0,2.013317,1.77636e-15,0.00178195
0,2.810669,2.66454e-15,0.00406165
0,1.629237,5.50671e-14,0.00204963
0,1.020412,2.84217e-14,0.000974307
0,1.017797,1.77636e-15,0.000758144
0,2.836633,1.87406e-13,0.00179471
0,10.44027,4.61853e-14,0.000927067
0,2.623699,7.99361e-15,0.00310180
0,1.010966,3.55271e-15,0.000471223
0,1.015655,4.44089e-15,0.000248226
0,1.03245,8.63309e-13,0.000283201
0,1.004893,1.77636e-15,0.0000498744
0,1.01902,1.73195e-13,0.000620155
0,1.015938,2.66454e-15,0.00140690
0,8.008508,9.76996e-15,0.000752036
0,1.013755,9.76996e-15,0.00124562
0,1.014869,1.77636e-15,0.000776986
0,8.675207,1.77636e-14,0.000348161
0,7.038944,8.88178e-15,0.00108669
0,1.355802,4.44089e-15,0.00361286
0,1.020077,1.24345e-14,0.000496624
0,5.310945,5.32907e-15,0.00157728
0,4.512208,4.55636e-13,0.00115706
0,1.022631,2.66454e-15,0.00140910
0,2.787782,4.44089e-15,0.00198843
0,1.00475,2.66454e-15,0.000223574
0,1.016292,8.20677e-13,0.000645190
0,1.015806,1.77636e-15,0.000860411
0,2.043408,4.44089e-15,0.00118486
0,11.6295,4.26326e-14,0.0000247830
0,1.017072,5.32907e-15,0.000486056
0,7.114371,1.06581e-14,0.00145270
0,1.025625,8.88178e-16,0.00152109
0,1.029993,5.32907e-15,0.000495093
0,4.966839,7.99361e-15,0.00191080
0,1.295701,1.77636e-15,0.00118354
0,1.01954,2.66454e-15,0.000363910
0,8.521603,1.15463e-14,0.0000581834
0,0.9792274,1.77636e-15,0.000150247
0,4.193676,8.88178e-15,0.00159179
0,2.597591,2.66454e-15,0.00144756
0,1.017774,3.37508e-14,0.00109695
0,1.015548,2.66454e-15,0.000652407
0,5.82313,1.06581e-14,0.00148417
0,1.01041,5.07150e-13,0.000606191
0,1.012481,2.48690e-14,0.00163866
0,1.010316,1.20792e-13,0.00102821
0,2.486106,3.55271e-15,0.00292549
0,19.026,2.22045e-14,0.000797276
0,1.018654,3.55271e-15,0.000788596
0,9.010613,9.76996e-15,0.000892705
0,1.027505,3.55271e-15,0.000181959
0,2.6493,4.44089e-15,0.00320628
0,1.025521,3.55271e-15,0.00157396
0,1.021415,6.21725e-15,0.00113120
0,3.675379,3.55271e-15,0.00221805
0,1.009321,2.66454e-15,0.00139114
0,1.015152,1.77636e-15,0.00118496
0,2.57169,6.21725e-15,0.00187801
0,1.009291,1.77636e-15,0.00103818
0,1.019974,8.88178e-16,0.000915766
0,1.03883,1.77636e-15,0.00172783
0,1.009348,1.77636e-15,0.00100475
0,8.862284,1.95399e-14,0.000832080
0,1.017004,2.66454e-15,0.000914792
0,1.036989,3.55271e-15,0.000873974
0,4.144824,4.44089e-15,0.00292073
0,5.11274,2.36255e-13,0.000435040
0,0.9940424,8.88178e-16,0.00129876
0,1.702935,5.32907e-15,0.00172497
0,1.024827,3.55271e-15,0.000540512
0,1.01693,4.08562e-14,0.00135890
0,5.39928,6.21725e-15,0.000344400
0,4.050489,7.10543e-15,0.00176568
0,2.354034,1.42109e-14,0.00227739
0,1.023045,8.88178e-16,0.00152641
0,1.017,8.88178e-15,0.00114757
0,0.9931196,3.55271e-15,0.000575405
0,1.030324,3.55271e-15,0.00171704
0,1.013585,9.41469e-14,0.000153809
0,3.708449,7.10543e-15,0.00122762
0,2.208925,1.77636e-15,0.00129435
0,5.569414,8.88178e-15,0.00189514
0,1.028974,1.77636e-15,0.00104930
0,7.590105,6.03961e-14,0.000114489
0,1.023029,1.77636e-15,0.00119222
0,3.641249,8.88178e-15,0.00217919
0,1.041577,3.55271e-15,0.00114229
0,2.324507,3.55271e-15,0.00172774
0,2.609111,3.55271e-15,0.00202769
0,1.018458,2.66454e-15,0.00112173
0,1.033756,1.77636e-15,0.000411922
0,2.611859,3.55271e-15,0.00263898
0,1.086969,7.99361e-15,0.000881209
0,1.045134,2.50466e-13,0.00130688
0,1.01939,5.32907e-15,0.000153741
0,1.007759,2.66454e-15,0.00189787
0,1.018121,5.32907e-15,0.00105082
0,1.018132,1.77636e-15,0.00000352941
0,1.003467,2.84217e-13,0.000548490
0,5.118055,7.99361e-15,0.000351860
0,1.016941,2.66454e-15,0.00111337
0,0.9945902,3.55271e-15,0.000237537
0,1.023568,7.99361e-13,0.00139221
0,1.02333,2.66454e-15,0.00123832
0,1.025191,4.44089e-15,0.00148966
0,2.541854,3.55271e-15,0.00269996
0,1.023915,1.77636e-15,0.00166804
0,6.794436,7.10543e-15,0.00102049
0,1.002884,1.77636e-15,0.000887656
0,14.87458,1.33227e-14,0.000313510
0,5.884967,2.48690e-14,0.00163819
0,8.041716,8.88178e-15,0.0000310073
0,1.802504,3.55271e-15,0.00225634
0,1.017174,1.77636e-15,0.00159562
0,1.020952,5.32907e-15,0.000891889
0,2.540274,3.55271e-15,0.000852939
0,1.018674,3.55271e-15,0.00160232
0,2.726717,2.64677e-13,0.00271865
0,1.028368,4.44089e-15,0.000315018
0,1.015983,3.55271e-15,0.000137836
0,1.018793,2.66454e-15,0.00207046
0,2.571991,6.24389e-13,0.000568170
0,1.687798,1.77636e-15,0.00250294
0,1.010444,7.10543e-15,0.000740787
0,3.710717,7.10543e-14,0.00237092
0,1.016027,6.21725e-15,0.00184934
0,4.734999,5.32907e-15,0.000889824
0,1.011658,1.83853e-13,0.000840147
0,3.319223,1.06581e-14,0.00173631
0,1.021777,4.44089e-15,0.000571050
0,18.08146,2.39808e-14,0.0000918087
0,1.02193,2.84217e-14,0.000352068
0,1.001935,3.55271e-15,0.000937285
0,7.344837,1.86517e-14,0.0000441783
0,1.559472,1.74083e-13,0.00231817
0,1.019684,3.55271e-15,0.00114445
0,3.740402,3.55271e-15,0.000615094
0,6.859871,1.59872e-14,0.000587042
0,1.018385,5.32907e-15,0.000969460
0,3.698705,4.44089e-15,0.00253753
0,1.025597,6.43041e-13,0.000548450
0,1.010328,2.82441e-13,0.000514995
0,1.020655,1.15463e-14,0.000887339
0,13.74466,2.13163e-14,0.000233175
0,2.004847,7.10543e-15,0.00222364
0,1.023606,3.28626e-14,0.000225420
0,1.026172,5.32907e-15,0.0000939267
0,1.017485,3.55271e-15,0.000729431
0,1.022465,2.66454e-15,0.00150928
0,1.0468,1.77636e-15,0.000319620
0,1.010249,3.55271e-15,0.000750609
0,4.525023,7.28306e-14,0.0000649999
0,1.928743,5.32907e-15,0.00129786
0,1.01698,1.95399e-14,0.000488211
0,1.011809,3.55271e-15,0.000615706
0,5.633814,1.59872e-14,0.000323776
0,3.802137,7.10543e-15,0.00213690
0,1.015654,6.03961e-14,0.000647577
0,1.02102,4.44089e-15,0.00142341
0,4.392511,6.21725e-15,0.00262651
0,1.01863,8.88178e-16,0.00132479
0,1.004407,2.31815e-13,0.000357852
0,1.01698,1.31450e-13,0.00141465
0,1.013775,4.44089e-15,0.0000144023
0,1.031484,4.35207e-14,0.00170560
0,3.666269,2.66454e-15,0.000781245
0,2.000849,1.59872e-14,0.0000854158
0,1.021402,2.61124e-13,0.00145088
0,1.190422,5.32907e-15,0.000987456
0,2.459054,1.77636e-15,0.00283634
0,1.017138,9.94760e-14,0.000118981
0,5.011779,3.55271e-15,0.00180737
0,7.628708,7.99361e-15,0.000949048
0,1.017277,1.24345e-14,0.000542588
0,2.284064,5.32907e-15,0.00391441
0,1.017096,7.10543e-15,0.000227966
0,1.02241,1.77636e-15,0.00174540
0,6.421519,7.99361e-15,0.00182258
0,1.016953,2.52243e-13,0.000538797
0,1.312693,1.55431e-13,0.00142841
0,1.015835,2.75335e-14,0.00194762
0,12.58363,4.26326e-14,0.00152752
0,4.713336,1.42109e-14,0.00160924
0,5.194515,3.55271e-15,0.00171241
0,1.024372,4.35207e-14,0.00151092
0,1.016391,3.55271e-15,0.000129662
0,1.025899,2.66454e-15,0.000361146
0,1.325421,2.66454e-15,0.000684116
0,1.021982,3.70370e-13,0.00146328
0,13.76443,8.88178e-15,0.000438054
0,1.019083,4.44089e-15,0.00121998
0,1.012032,2.32703e-13,0.000383878
0,1.013227,1.77636e-15,0.00123571
0,1.029584,1.77636e-15,0.000147512
0,2.109169,2.66454e-15,0.00310032
0,11.0056,1.06581e-14,0.0000611989
0,2.689239,1.77636e-15,0.00112452
0,1.01694,4.29878e-13,0.000467900
0,1.006362,4.08562e-13,0.00152139
0,1.317713,8.88178e-16,0.0000418723
0,1.014617,4.44089e-15,0.00162408
0,1.042717,2.66454e-15,0.000749709
0,1.012145,2.39808e-14,0.000256294
0,1.037103,9.05942e-14,0.000975221
0,2.862044,3.55271e-15,0.00281859
0,1.91719,2.66454e-15,0.00179831
0,1.014418,3.55271e-15,0.00136410
0,1.057227,4.44089e-15,0.000904735
0,2.091048,2.66454e-15,0.00344995
0,2.060108,5.32907e-15,0.00239718
0,1.039407,1.33227e-14,0.00104030
0,1.014995,7.10543e-15,0.00000318750
0,26.28885,3.55271e-14,0.000342711
0,2.496196,7.90479e-14,0.00311938
0,1.014145,4.44089e-15,0.00166296
0,1.033176,1.00364e-13,0.000125098
0,1.017197,1.75859e-13,0.0000502419
0,5.017501,1.15463e-14,0.00265771
0,12.71708,9.76996e-15,0.000413417
0,5.994259,5.32907e-15,0.000890152
0,6.545054,1.59872e-14,0.00157795
0,1.016956,8.63309e-13,0.00130020
0,1.015273,7.85150e-13,0.00000248370
0,1.022685,2.66454e-15,0.00171323
0,0.9948773,1.77636e-15,0.00116286
0,2.125135,3.55271e-15,0.00216536
0,1.006507,3.01981e-14,0.000938497
0,1.015483,7.10543e-15,0.000603691
0,1.031397,1.77636e-15,0.0000805607
0,3.461204,2.66454e-15,0.00141259
0,1.023562,5.32907e-15,0.000772945
0,3.337945,1.77636e-15,0.00104611
0,12.78492,6.59917e-13,0.000224024
0,1.017164,2.17604e-13,0.000975485
0,1.022603,2.17604e-13,0.000826449
0,0.8741561,2.66454e-15,0.000567105
0,2.447211,4.44089e-15,0.000228933
0,1.00052,2.66454e-15,0.00114959
0,8.431279,1.59872e-14,0.000652648
0,1.017468,4.44089e-15,0.000666394
0,19.43924,1.07470e-13,0.000499526
0,2.322057,1.33227e-13,0.000920854
0,1.287957,2.66454e-15,0.00153760
0,1.487558,7.10543e-15,0.00210550
0,1.021661,1.77636e-15,0.00123779
0,21.86143,3.19744e-14,0.000434429
0,9.439883,1.77636e-14,0.00189914
0,1.0164,7.10543e-15,0.000360921
0,1.021683,6.21725e-15,0.00137938
0,1.012589,2.70006e-13,0.00103536
0,1.022908,9.59233e-14,0.00146141
0,11.06075,6.21725e-15,0.000247669
0,2.949857,8.88178e-15,0.00255569
0,1.490026,3.55271e-15,0.000346413
0,2.999702,6.21725e-15,0.00249851
0,23.42903,2.84217e-14,0.000710283
0,1.016573,1.77636e-15,0.000730985
0,1.025648,3.55271e-15,0.000254667
0,4.771913,2.89546e-13,0.00216426
0,1.774164,1.06581e-14,0.00138414
0,1.010058,1.56319e-13,0.000713121
0,12.98202,2.84217e-14,0.000944069
0,5.394689,5.86198e-14,0.00150303
0,1.025685,1.77636e-15,0.000795560
0,8.447333,1.86517e-14,0.000824479
0,1.021849,3.55271e-15,0.000239595
0,8.427642,1.06581e-14,0.00120755
0,1.020512,1.50102e-13,0.000899220
0,1.014411,5.32907e-15,0.00100110
0,5.532347,5.32907e-15,0.000638677
0,2.943305,1.77636e-15,0.00248010
0,3.019209,5.32907e-15,0.00207636
0,1.816806,2.66454e-15,0.00251986
0,4.443695,3.55271e-15,0.00265043
0,1.020676,4.44089e-15,0.000689582
0,4.953464,3.55271e-15,0.00210311
0,1.017695,4.44089e-15,0.000987612
0,3.464622,5.32907e-15,0.00233839
0,2.948779,3.55271e-15,0.0000221285
0,1.010444,3.94351e-13,0.000948379
0,11.31156,1.15463e-14,0.000682989
0,12.10424,8.26006e-14,0.000470449
0,1.018014,6.21725e-15,0.00197497
0,1.017508,1.77636e-15,0.000283348
0,8.545227,3.37508e-14,0.000454831
0,2.211705,3.55271e-15,0.00333091
0,7.192499,1.77636e-14,0.000168664
0,1.015381,1.24345e-14,0.00103731
0,1.031554,8.61533e-14,0.000134609
0,5.639157,1.42109e-14,0.00184146
0,5.179547,1.77636e-14,0.000623892
0,1.011138,8.61533e-14,0.000805774
0,2.461918,5.32907e-15,0.00384037
0,1.011731,1.77636e-15,0.000714655
0,1.020889,1.01252e-13,0.00134908
0,1.020826,1.06581e-14,0.00135808
0,6.925493,7.10543e-15,0.000637268
0,14.49465,2.66454e-14,0.00100765
0,6.741445,1.06581e-14,0.00125945
0,1.013287,3.55271e-15,0.000346753
0,2.74906,1.75859e-13,0.00335205
0,2.49421,3.55271e-15,0.00274786
0,1.017624,3.55271e-15,0.00200403
0,4.09615,3.55271e-15,0.000488947
0,1.223244,1.77636e-15,0.00118917
0,1.016062,1.77636e-15,0.000399218
0,1.016229,2.66454e-15,0.00151942
0,1.017388,3.55271e-15,0.00104264
0,1.41532,1.77636e-15,0.0000546698
0,1.029946,7.54952e-14,0.00173594
0,1.799576,7.10543e-15,0.00431913
0,1.022773,2.66454e-15,0.00108179
0,10.11255,1.50990e-14,0.000128670
0,1.005301,5.32907e-15,0.000321942
0,1.030288,7.25642e-13,0.00100933
0,1.035982,1.16351e-13,0.000643328
0,1.013999,2.66454e-15,0.00133015
0,4.063306,2.84217e-14,0.00208683
0,1.02338,1.77636e-15,0.000592861
0,1.459699,8.88178e-15,0.00108516
0,1.006383,1.86517e-13,0.00191899
0,1.026181,5.56000e-13,0.000574964
0,1.01363,3.55271e-15,0.000288639
0,1.019512,4.08562e-14,0.000776777
0,1.011,2.39808e-14,0.000316818
0,1.016051,2.66454e-15,0.000298301
0,2.333998,3.55271e-15,0.00260136
0,1.012376,1.77636e-15,0.00137705
0,1.010077,2.22045e-14,0.000167824
0,1.012369,2.13163e-14,0.000852721
0,4.303518,2.31815e-13,0.000335211
0,1.0095,8.88178e-15,0.000175167
0,1.016448,9.29923e-13,0.00107229
0,1.021884,1.77636e-15,0.000633942
0,1.016577,3.55271e-14,0.000692091
0,1.031667,4.44089e-15,0.000445391
0,4.219114,5.32907e-15,0.00290952
0,1.014854,1.77636e-15,0.000501604
0,2.564412,5.32907e-15,0.00144663
0,1.028716,2.66454e-15,0.000747610
0,1.014561,3.55271e-15,0.000738901
0,9.036659,1.50990e-14,0.000672808
0,1.502759,3.55271e-15,0.00127602
0,1.027832,8.88178e-16,0.00143707
0,7.065426,1.24345e-14,0.00236113
0,8.167238,1.06581e-14,0.00132891
0,1.018013,1.77636e-15,0.00116123
0,1.016418,2.66454e-15,0.00110236
0,3.884127,3.55271e-15,0.00162118
0,8.607756,1.15463e-14,0.000729861
0,1.018928,1.77636e-15,0.000897977
0,1.015369,7.19425e-14,0.00105946
0,1.015519,6.21725e-15,0.00110673
0,1.023072,2.75335e-13,0.00132065
0,1.561706,1.77636e-15,0.000881876
0,1.020363,1.77636e-15,0.000192655
0,2.845611,5.32907e-15,0.00295055
0,3.87577,2.22045e-14,0.00148004
0,7.507679,4.44089e-15,0.0000615389
0,22.8394,3.19744e-14,0.0000898105
0,4.987553,6.21725e-15,0.000444343
0,1.014477,3.55271e-15,0.000214999
0,1.022176,1.77636e-15,0.00158315
0,3.190284,7.99361e-15,0.00224672
0,3.21419,5.32907e-15,0.00130183
0,6.29689,1.15463e-14,0.00165810
0,4.42325,8.88178e-15,0.00220318
0,2.430713,4.44089e-15,0.000925785
0,1.0129,2.66454e-15,0.0000611364
0,1.022197,2.66454e-15,0.00190989
0,1.015888,3.55271e-15,0.000698185
0,22.72648,5.86198e-14,0.000436315
0,1.541179,3.67706e-13,0.00214544
0,1.015212,1.42109e-14,0.00110017
0,1.00325,2.66454e-15,0.0000690856
0,5.58807,7.99361e-15,0.00235044
0,1.021215,3.55271e-15,0.000883665
0,21.72294,4.44089e-14,0.000445483
0,3.698852,1.50990e-14,0.00252809
0,1.381671,5.32907e-15,0.00112858
0,3.450461,4.44089e-15,0.000198535
0,2.930681,4.44089e-15,0.00232761
0,8.45692,8.88178e-15,0.000485524
0,2.970635,4.44089e-15,0.000894167
0,7.203612,1.68754e-14,0.00165636
0,1.018887,3.46390e-14,0.00136003
0,11.71926,1.77636e-14,0.000964154
0,1.009106,3.55271e-15,0.000670953
0,1.308336,1.77636e-15,0.0000610415
0,1.012745,3.55271e-15,0.000115582
0,1.013375,1.71418e-13,0.000245749
0,12.5857,7.10543e-15,0.000819348
0,1.014524,1.77636e-15,0.000829181
0,1.030709,4.17444e-14,0.000930826
0,1.00938,1.77636e-15,0.000289684
0,22.69438,1.77636e-13,0.000455818
0,1.011196,1.77636e-15,0.000607343
0,2.283736,5.32907e-15,0.00355848
0,2.137871,4.44089e-15,0.00303301
0,1.41485,3.55271e-15,0.00125822
0,4.174635,6.21725e-15,0.00225371
0,1.03029,3.55271e-15,0.000354669
0,3.02672,7.99361e-15,0.00100929
0,1.014433,3.55271e-15,0.000646630
0,6.669826,1.06581e-14,0.000839486
0,14.26518,8.88178e-15,0.00103567
0,8.808318,1.24345e-14,0.000759078
0,1.014538,1.59872e-14,0.000692061
0,5.038088,8.88178e-15,0.00163366
0,1.022281,9.59233e-14,0.00125794
0,1.023951,3.55271e-15,0.000391765
0,1.022252,8.22453e-13,0.00146560
0,4.824011,5.32907e-15,0.00272934
0,1.028081,2.66454e-15,0.00157937
0,1.022498,3.46390e-14,0.000795956
0,5.568047,1.06581e-14,0.00287284
0,4.473886,1.09246e-13,0.00146378
0,1.015805,7.10543e-15,0.00136479
0,1.021983,4.44089e-15,0.000815590
0,1.020414,5.89750e-13,0.000966975
0,1.014718,1.77636e-15,0.000808626
0,3.066414,1.77636e-15,0.000132017
0,1.024814,9.59233e-13,0.000245619
0,3.77158,7.10543e-15,0.000163690
0,1.041417,3.55271e-15,0.000783797
0,6.421247,8.88178e-15,0.00135040
0,12.86816,2.30926e-14,0.00120147
0,16.58101,4.08562e-14,0.000252759
0,1.739447,1.77636e-15,0.0000446346
0,1.017793,1.50990e-14,0.000653008
0,1.606811,3.01981e-14,0.00115652
0,1.015153,2.66454e-15,0.00135972
0,14.68418,3.90799e-14,0.000312691
0,1.087037,3.55271e-15,0.000592185
0,3.818282,2.48690e-14,0.000561344
0,1.02298,2.66454e-15,0.00149462
0,5.275854,8.88178e-15,0.00173454
0,2.474781,6.21725e-15,0.00327096
0,2.837832,2.66454e-15,0.00222531
0,1.985511,1.59872e-14,0.00258080
0,1.024579,1.77636e-15,0.000423384
0,1.036282,4.44089e-13,0.000711493
0,4.506829,1.77636e-15,0.00156552
0,1.012427,3.01981e-14,0.00146632
0,2.073976,2.66454e-15,0.00389418
0,1.01524,2.66454e-15,0.000317227
0,1.022935,4.44089e-15,0.000909296
0,1.023572,4.44089e-15,0.00173557
0,3.533232,3.55271e-15,0.00295404
0,1.027251,6.92779e-14,0.00106115
0,1.015491,8.88178e-15,0.00181269
0,11.88935,2.30926e-14,0.000225383
0,1.010506,1.42997e-13,0.000545827
0,1.02389,8.88178e-16,0.000573628
0,4.004925,9.76996e-15,0.00155181
0,6.736049,8.88178e-15,0.00201908
0,1.019705,1.77636e-15,0.000620216
0,7.535314,9.76996e-15,0.000801574
0,10.42799,1.24345e-14,0.00105565
0,1.025301,1.77636e-15,0.000267627
0,1.029629,2.66454e-15,0.00123154
0,1.015528,2.73559e-13,0.000110274
0,1.023893,4.44089e-15,0.00132979
0,1.020135,2.66454e-15,0.000313977
0,14.24368,1.50990e-14,0.000880848
0,1.036821,3.55271e-15,0.00144383
0,1.030949,4.44089e-15,0.0000887052
0,1.022385,3.28626e-14,0.000103850
0,9.084377,2.30926e-14,0.000104363
0,1.981999,3.55271e-15,0.00126067
0,1.404256,3.55271e-15,0.00150363
0,1.028312,8.88178e-15,0.000850194
0,2.131432,2.66454e-15,0.000861193
0,7.111392,1.59872e-14,0.00191304
0,1.013215,1.77636e-15,0.000188801
0,1.019589,2.66454e-15,0.00103087
0,1.015914,5.00044e-13,0.00137215
0,4.01613,1.77636e-15,0.00259035
0,1.026245,3.55271e-15,0.00116039
0,1.025734,5.32907e-15,0.00157455
0,1.017517,4.44089e-15,0.000636280
0,13.80173,1.06581e-14,0.00111716
0,4.651877,4.74287e-13,0.000714210
0,1.025354,7.81597e-13,0.000526970
0,1.030489,9.76996e-15,0.000366484
0,2.800368,1.77636e-15,0.000950352
0,1.025473,2.66454e-15,0.00158032
0,1.025737,3.55271e-15,0.000692877
0,5.349498,7.10543e-15,0.00186448
0,1.022262,2.66454e-15,0.000255711
0,12.01594,2.04281e-14,0.000768545
0,1.052584,2.66454e-15,0.000520695
0,1.98608,2.66454e-15,0.00376932
0,1.018805,2.66454e-15,0.00210255
0,1.016687,8.88178e-16,0.00189615
0,4.277272,5.32907e-15,0.00106592
0,3.192345,7.99361e-15,0.00128403
0,1.03839,5.82645e-13,0.000421348
0,1.028461,4.44089e-15,0.00194336
0,1.022652,3.55271e-15,0.00139548
0,1.017873,8.88178e-15,0.00142846
0,1.027923,6.21725e-15,0.000518701
0,1.018843,3.55271e-15,0.000120862
0,1.001378,2.36255e-13,0.000153040
0,3.804208,3.55271e-15,0.000848394
0,11.29979,2.04281e-14,0.000964842
0,4.149208,8.88178e-15,0.00318276
0,1.011957,3.55271e-15,0.000651603
0,0.9913804,4.44089e-15,0.00101548
0,1.021861,2.38032e-13,0.00143990
0,3.320663,3.90799e-14,0.00165317
0,5.32152,1.95399e-14,0.000473251
0,1.015516,3.55271e-15,0.00121779
0,5.455327,1.77636e-14,0.0000228061
0,1.017566,1.77636e-15,0.000562537
0,1.007375,1.14575e-13,0.000673766
0,1.021117,1.77636e-15,0.00116374
0,1.017496,2.39808e-14,0.000926150
0,1.018562,2.53131e-13,0.000711805
0,1.014559,5.32907e-15,0.000774672
0,1.013971,3.55271e-15,0.00171400
0,1.020166,1.47438e-13,0.00128583
0,1.026853,2.66454e-15,0.000991710
0,2.770478,2.66454e-15,0.00191715
0,15.851,2.57572e-14,0.000530588
0,1.088774,5.32907e-15,0.00113357
0,7.014124,6.21725e-15,0.00135147
0,1.499226,3.95239e-13,0.00313577
0,1.010086,2.91323e-13,0.000376017
0,1.286104,1.77636e-15,0.00143220
0,1.025706,4.44089e-15,0.00159449
0,1.025867,3.55271e-15,0.000117240
0,4.426571,8.29559e-13,0.00123922
0,1.884591,9.76996e-15,0.00279929
0,2.102648,1.77636e-15,0.00228884
0,1.024228,1.04805e-13,0.000492181
0,11.12606,1.06581e-14,0.000735137
0,1.018771,2.66454e-15,0.000388245
0,1.020246,2.66454e-15,0.00185374
0,1.027557,3.55271e-15,0.000658879
0,2.03129,2.66454e-15,0.00277307
0,1.008285,3.55271e-15,0.00126209
0,12.66223,3.28626e-14,0.000351413
0,1.01272,8.88178e-16,0.00134024
0,1.011531,4.44089e-15,0.000585246
0,1.010316,1.91847e-13,0.00125564
0,1.015724,1.24345e-14,0.000566190
0,1.011139,2.66454e-15,0.000243494
0,4.091996,5.32907e-15,0.00166368
0,5.78077,1.15463e-14,0.00164664
0,1.383601,3.55271e-15,0.00243077
0,5.765721,5.32907e-15,0.000751018
0,1.038928,2.66454e-15,0.00111426
0,2.770933,2.66454e-15,0.00193438
0,1.471108,2.66454e-15,0.00244515
0,3.32391,3.55271e-15,0.00147948
0,17.14462,1.86517e-14,0.000830254
0,1.013314,5.38236e-13,0.00156923
0,1.023451,8.88178e-16,0.0000117046
0,4.575453,1.06581e-14,0.00157408
0,1.021595,5.32907e-15,0.0000567994
0,11.32919,2.22045e-14,0.000107306
0,1.397088,2.91323e-13,0.00289311
0,11.93108,7.99361e-15,0.000400414
0,1.021043,1.77636e-15,0.000882014
0,1.566207,3.55271e-15,0.00408651
0,12.8844,1.24345e-14,0.00137338
0,1.012474,2.66454e-15,0.000924655
0,2.456579,3.55271e-15,0.00313983
0,1.017962,2.66454e-15,0.00133084
0,2.231078,4.44089e-15,0.00236945
0,1.019763,3.55271e-15,0.0000691323
0,2.11632,3.03757e-13,0.000250165
0,1.026762,1.77636e-15,0.00106847
0,1.361839,1.61648e-13,0.00279392
0,1.518335,7.10543e-15,0.000503698
0,1.024073,1.77636e-15,0.000188001
0,1.027418,3.97904e-13,0.000691724
0,3.297135,3.55271e-15,0.00210395
0,1.018514,2.66454e-15,0.000916757
0,0.9977304,5.32907e-15,0.000765719
0,3.657243,5.32907e-15,0.00225258
0,2.011692,7.10543e-14,0.0000700349
0,1.022163,1.77636e-15,0.000243746
0,1.025583,9.98313e-13,0.000771095
0,3.671184,1.24345e-14,0.00240647
0,1.0235,2.57572e-14,0.000371020
0,3.558077,3.55271e-15,0.00366100
0,1.01736,2.40696e-13,0.000918387
0,1.012416,7.45182e-13,0.000664581
0,1.016492,5.32907e-15,0.00145268
0,1.500626,5.32907e-15,0.000196076
0,3.524791,3.55271e-15,0.000500660
0,1.019619,3.19744e-14,0.00114391
0,2.023038,8.88178e-15,0.00136725
0,5.112721,1.59872e-14,0.000223165
0,1.032464,3.55271e-15,0.000611491
0,1.01751,2.03393e-13,0.000166955
0,1.761803,3.55271e-15,0.00152629
0,1.016169,1.68754e-14,0.000640227
0,1.023901,1.77636e-15,0.000672858
0,1.024635,4.44089e-15,0.000503347
0,1.016149,2.13163e-14,0.0000431030
0,1.012041,2.85993e-13,0.00132265
0,1.016567,5.32907e-15,0.0000283793
0,4.047061,1.86517e-14,0.0000359894
0,1.019248,2.66454e-15,0.0000741005
0,4.876098,7.10543e-15,0.00141605
0,1.019715,4.44089e-14,0.000306195
0,1.037986,3.06422e-13,0.000204227
0,1.600849,3.55271e-15,0.000275146
0,1.180728,3.53495e-13,0.00115299
0,1.232205,2.66454e-15,0.00129458
0,1.024875,2.76223e-13,0.000527583
0,4.170851,4.03233e-13,0.000751580
0,1.019608,4.44089e-15,0.00158220
0,1.014932,8.88178e-16,0.000370241
0,4.692399,5.32907e-15,0.00219000
0,1.022845,2.66454e-15,0.00174535
0,1.021546,3.55271e-15,0.000164866
0,5.967865,8.88178e-15,0.000372284
0,1.022701,1.77636e-15,0.000844106
0,5.01452,2.66454e-14,0.00307867
0,1.029571,3.14415e-13,0.000258996
0,13.70256,2.30926e-14,0.000130514
0,1.025762,3.55271e-15,0.00136316
0,1.015681,2.04281e-14,0.00149264
0,3.472945,3.55271e-15,0.00194065
0,1.015359,5.91527e-13,0.00123008
0,1.027558,3.55271e-15,0.00141342
0,1.027365,1.77636e-15,0.00131076
0,5.807737,9.14824e-14,0.000953103
0,9.616397,1.24345e-14,0.000327829
0,2.890126,4.44089e-15,0.00238295
0,1.018217,2.66454e-15,0.00169412
0,1.016665,3.37508e-14,0.00157466
0,2.165818,2.66454e-15,0.00403945
0,3.485836,5.32907e-15,0.00173390
0,1.018526,5.32907e-15,0.00115898
0,1.020485,9.37028e-13,0.00124461
0,1.027905,2.66454e-15,0.00140583
0,1.488537,8.88178e-16,0.000769734
0,2.973216,3.55271e-15,0.00324237
0,1.042346,3.55271e-15,0.000194291
0,1.839451,3.55271e-15,0.00193630
0,3.979056,7.99361e-15,0.000985022
0,7.913369,6.66134e-14,0.000907581
0,2.21314,2.71783e-13,0.000747711
0,1.017828,5.32907e-15,0.000599069
0,1.004446,1.21680e-13,0.000682605
0,1.020787,1.77636e-15,0.000243489
0,1.015125,1.77636e-15,0.00100866
0,1.017636,3.55271e-15,0.00158637
0,4.476991,7.99361e-15,0.00192418
0,2.259808,3.55271e-15,0.00131715
0,1.021501,1.77636e-15,0.000750768
0,1.022826,4.44089e-15,0.00162265
0,11.47216,1.59872e-14,0.00107782
0,3.567111,7.10543e-15,0.000469147
0,2.035754,3.55271e-15,0.00300553
0,1.426719,3.55271e-14,0.00237174
0,1.678416,1.77636e-15,0.00299742
0,1.021527,3.90799e-14,0.000747108
0,6.1105,5.95080e-14,0.00143953
0,1.371511,2.02505e-13,0.00157155
0,4.177948,9.76996e-15,0.00234443
0,1.019365,5.32907e-15,0.00118017
0,2.550389,1.24345e-14,0.00121798
0,1.018163,2.30926e-14,0.000896185
0,4.368071,7.10543e-15,0.00151003
0,10.49722,1.42109e-14,0.000211714
0,0.8744385,7.19425e-14,0.000934004
0,1.031894,3.55271e-15,0.000343588
0,18.62795,3.37508e-14,0.000182602
0,1.016934,9.76996e-15,0.00122170
0,2.551504,8.88178e-15,0.0000166181
0,1.026818,5.32907e-15,0.000253632
0,2.177422,5.32907e-15,0.00380881
0,1.022997,1.77636e-15,0.00177172
0,7.669468,1.06581e-14,0.00153362
0,2.114911,3.55271e-15,0.00212917
0,6.890959,9.76996e-15,0.00175248
0,3.041421,3.55271e-15,0.00171014
0,0.9998289,5.15143e-14,0.000774453
0,1.019054,2.37144e-13,0.00119343
0,1.000473,1.77636e-15,0.000539220
0,4.007954,2.66454e-15,0.000228019
0,11.42196,1.95399e-14,0.000446064
0,1.026272,2.66454e-15,0.000749104
0,2.276802,4.44089e-15,0.000800273
0,1.024218,3.55271e-15,0.00145459
0,1.018544,1.77636e-15,0.000277197
0,1.02474,4.44089e-15,0.00174893
0,4.941401,7.10543e-15,0.00171933
0,1.003124,5.32907e-15,0.000867465
0,5.24859,5.32907e-15,0.00301355
0,1.103507,2.66454e-15,0.00200776
0,3.65006,1.77636e-15,0.00356416
0,1.020473,1.77636e-15,0.000171420
0,1.019782,1.77636e-15,0.000624577
0,12.17099,1.24345e-14,0.000325400
0,7.84518,7.10543e-15,0.000866307
0,1.020332,6.48370e-14,0.000189812
0,4.031669,1.15463e-14,0.00196656
0,1.015493,2.66454e-15,0.000392912
0,9.986653,3.10862e-14,0.00126164
0,5.604081,6.21725e-15,0.000107329
0,1.025005,2.66454e-15,0.00141018
0,4.144259,7.99361e-15,0.00117404
0,1.043283,3.55271e-15,0.00151099
0,1.017465,3.55271e-15,0.00144874
0,19.47533,2.84217e-14,0.000916296
0,1.001388,7.01661e-14,0.0000723730
0,1.012479,3.46390e-13,0.000591369
0,1.02077,2.66454e-15,0.00139078
0,1.014541,4.44089e-15,0.0000508399
0,3.638339,2.84217e-14,0.00110517
0,1.024271,1.13687e-13,0.000444421
0,1.022033,2.57572e-14,0.000241504
0,1.024065,2.66454e-15,0.00147244
0,7.782505,5.76428e-13,0.000671882
0,1.010563,6.21725e-15,0.000505049
0,1.019846,1.77636e-15,0.000483785
0,1.035917,8.97060e-14,0.000726497
0,3.33517,1.13687e-13,0.00290711
0,1.032124,8.88178e-15,0.0000235989
0,1.932161,4.44089e-15,0.000975315
0,1.474034,3.55271e-15,0.000294423
0,1.578784,6.21725e-15,0.00164517
0,2.453046,1.59872e-14,0.000954860
0,1.810254,4.35207e-13,0.00249701
0,1.014512,1.77636e-14,0.00100645
0,1.031613,1.77636e-15,0.000863304
0,1.016347,2.66454e-14,0.00190271
0,1.025545,3.55271e-15,0.00126812
0,2.843378,2.66454e-15,0.00185470
0,26.1567,5.77316e-14,0.000405268
0,3.191387,2.66454e-15,0.00186640
0,3.661326,2.91323e-13,0.00102878
0,1.014275,1.77636e-15,0.000455446
0,4.469657,2.66454e-15,0.00268781
0,1.022012,8.88178e-16,0.000715164
0,2.289807,9.76996e-15,0.00195741
0,10.8711,2.19380e-13,0.00116853
0,1.010762,1.77636e-15,0.00169233
0,2.277464,3.90799e-14,0.00110673
0,1.012204,8.88178e-16,0.00136051
0,1.012609,7.10543e-15,0.000195619
0,1.011193,8.88178e-15,0.000270008
0,1.0242,1.77636e-15,0.000637062
0,1.019679,2.39808e-14,0.000758226
0,3.025215,2.66454e-15,0.00136600
0,1.014969,2.66454e-15,0.000966945
0,14.50502,1.33227e-14,0.000270986
0,1.262816,7.98472e-13,0.000863380
0,19.21002,2.22045e-14,0.000372504
0,1.02066,2.66454e-15,0.000269826
0,2.874283,7.10543e-15,0.00287925
0,1.017915,3.35731e-13,0.00189084
0,1.008395,1.06581e-14,0.00184140
0,1.01781,7.99361e-15,0.00112339
0,1.022279,1.77636e-15,0.000525059
0,2.477036,1.77636e-15,0.00323539
0,9.614449,1.68754e-14,0.000972217
0,1.023665,2.66454e-15,0.000836247
0,1.01639,2.59348e-13,0.000570310
0,3.440327,4.44089e-15,0.00299313
0,11.46584,8.88178e-15,0.00118276
0,4.026636,3.55271e-15,0.00160269
0,1.871166,2.66454e-15,0.00206886
0,1.28949,1.77636e-15,0.00194552
0,9.265443,1.50990e-14,0.000617011
0,1.00968,4.44089e-15,0.000563285
0,6.119131,4.44089e-15,0.000736854
0,3.675669,1.33227e-14,0.0000379490
0,1.020982,5.24025e-14,0.000619480
0,14.5903,2.66454e-14,0.000682782
0,5.91238,1.06581e-14,0.000949500
0,4.059673,2.14051e-13,0.00270407
0,1.015859,4.79616e-14,0.0000417517
0,1.97075,7.38964e-13,0.000456427
0,3.805348,1.35891e-13,0.000348934
0,2.163314,3.55271e-15,0.000822415
0,2.115026,7.99361e-15,0.000771363
0,1.898694,2.66454e-15,0.00274670
0,1.653181,3.55271e-15,0.00158404
0,2.496171,3.55271e-15,0.00272852
0,11.74031,5.32907e-15,0.000700811
0,1.018475,2.66454e-15,0.00116920
0,13.04784,7.99361e-15,0.000240507
0,1.020729,3.90799e-14,0.0000779722
0,1.017714,1.77636e-15,0.000741236
0,11.71916,2.30926e-14,0.000594879
0,22.6628,1.24345e-14,0.0000256652
0,22.5873,4.44089e-14,0.000190143
0,4.827136,6.21725e-15,0.00231797
0,3.917909,7.10543e-15,0.00153354
0,1.0198,2.66454e-15,0.00182828
0,24.32697,4.08562e-14,0.000974244
0,1.291483,4.44089e-15,0.00181257
0,12.99326,1.33227e-14,0.000473905
0,2.986066,5.32907e-15,0.00186583
0,1.031604,3.55271e-15,0.00156174
0,7.802775,7.10543e-15,0.000556375
0,3.368299,3.55271e-15,0.000694323
0,9.521857,1.77636e-14,0.000838561
0,2.440651,8.88178e-15,0.00368512
0,1.022244,1.71418e-13,0.00118477
0,2.880805,1.77636e-15,0.00107536
0,1.008787,2.66454e-15,0.000823728
0,1.029412,7.19425e-14,0.000581182
0,1.002564,1.77636e-15,0.000755908
0,3.486718,3.55271e-15,0.00392920
0,19.29035,3.55271e-14,0.000153766
0,1.014188,2.66454e-15,0.00129819
0,1.026191,4.44089e-15,0.00139631
0,1.018393,4.44089e-15,0.00156809
0,3.140277,3.55271e-15,0.00176563
0,1.024214,2.63789e-13,0.000350105
0,1.020285,1.77636e-15,0.00134899
0,1.013753,3.55271e-15,0.00119780
0,23.19859,5.41789e-14,0.000626536
0,0.8773527,7.99361e-15,0.00105512
0,4.604689,5.32907e-15,0.000988994
0,1.035307,6.39488e-14,0.000423649
0,1.017928,3.55271e-15,0.000901173
0,1.653925,1.06581e-14,0.00164926
0,1.016248,8.88178e-15,0.00118429
0,1.046998,8.88178e-16,0.00157628
0,1.013542,2.66454e-15,0.000780036
0,1.012547,6.92779e-14,0.00113301
0,1.026414,2.66454e-15,0.00108320
0,1.01972,1.77636e-15,0.000896507
0,5.632847,1.12799e-13,0.00156688
0,2.066863,4.44089e-15,0.00267232
0,1.029385,1.77636e-15,0.00200545
0,6.553733,8.88178e-15,0.00108828
0,1.387758,1.77636e-15,0.00214779
0,5.980179,7.10543e-15,0.00276832
0,9.009221,8.88178e-15,0.0000456449
0,5.355487,4.44089e-15,0.00318348
0,1.021944,2.00728e-13,0.000368062
0,1.647773,2.66454e-15,0.00266893
0,1.013585,4.44089e-15,0.00161030
0,3.120238,1.06581e-13,0.000921363
0,1.018778,1.12799e-13,0.00163033
0,1.024777,7.37188e-13,0.00119942
0,1.017114,4.61853e-14,0.000384596
0,1.017856,3.55271e-15,0.00124458
0,4.072563,7.10543e-15,0.00110378
0,1.014956,4.19220e-13,0.0000835351
0,1.02069,8.65086e-13,0.000819698
0,2.484395,3.55271e-15,0.000539405
0,7.369261,1.95399e-14,0.0000846968
0,7.025222,7.72715e-14,0.000345380
0,1.012545,3.55271e-15,0.0000104227
0,15.82172,9.76996e-15,0.000168439
0,1.011517,9.76996e-15,0.000921797
0,7.593452,1.24345e-14,0.00104109
0,1.474263,2.66454e-15,0.000627747
0,24.56007,2.48690e-14,0.0000547489
0,1.021079,2.66454e-15,0.00207517
0,1.004866,8.88178e-16,0.000408877
0,1.018237,2.66454e-15,0.000652557
0,1.015233,5.32907e-15,0.000176736
0,3.054418,3.55271e-15,0.00275332
0,1.024858,1.19016e-13,0.00122813
0,1.021308,1.86517e-14,0.000309622
0,20.24985,4.97380e-14,0.000943282
0,1.013248,4.44089e-15,0.00159904
0,17.90644,3.28626e-14,0.000731817
0,1.005831,2.84217e-14,0.00107186
0,1.741728,3.55271e-15,0.00361695
0,1.010249,5.32907e-15,0.000983067
0,2.065424,1.77636e-15,0.00141802
0,1.025581,3.55271e-15,0.00126480
0,1.023907,3.55271e-15,0.00174933
0,3.528803,4.26326e-14,0.00120461
0,1.808712,2.66454e-15,0.00362095
0,0.9983776,1.77636e-15,0.000277984
0,2.834122,8.88178e-15,0.00126914
0,1.300241,3.55271e-15,0.00112105
0,1.019413,2.66454e-15,0.000585960
0,1.023421,2.66454e-15,0.000604707
0,4.345332,7.10543e-15,0.00115838
0,4.061554,1.06581e-14,0.00367665
0,1.027555,1.77636e-15,0.00104471
0,4.118774,4.44089e-15,0.00123985
0,1.900221,3.55271e-15,0.00134931
0,6.134357,7.10543e-15,0.00167769
0,1.013277,3.55271e-15,0.00128521
0,1.013467,4.44089e-15,0.0000279751
0,7.630244,6.21725e-15,0.000559164
0,2.316623,2.66454e-15,0.00183898
0,1.01163,5.32907e-15,0.00146383
0,15.09158,3.55271e-14,0.00113112
0,1.037569,3.55271e-15,0.000537770
0,1.005292,7.54952e-14,0.000716745
0,2.334671,3.55271e-15,0.00239967
0,1.022783,3.55271e-15,0.00158740
0,1.020185,1.77636e-15,0.000784995
0,1.037182,1.59872e-14,0.000333219
0,1.011898,3.40172e-13,0.00153038
0,1.011645,3.55271e-15,0.00143313
0,1.008937,2.48690e-14,0.000613340
0,1.010607,7.81597e-14,0.000239274
0,1.014033,3.10862e-14,0.000848016
0,1.014126,1.77636e-15,0.00121683
0,1.047416,1.77636e-15,0.000568525
0,3.734661,7.10543e-15,0.00198848
0,1.02545,2.66454e-15,0.00171233
0,1.012964,5.32907e-15,0.000531894
0,1.018725,6.83897e-14,0.00165812
0,1.386735,2.45137e-13,0.00192026
0,1.01588,4.44089e-15,0.000263744
0,1.025634,1.77636e-15,0.000454466
0,1.014402,2.13163e-14,0.000882144
0,1.018016,5.32907e-15,0.000306953
0,4.035724,5.32907e-15,0.000781523
0,12.96884,1.50990e-14,0.000988474
0,1.988543,9.76996e-15,0.00153065
0,1.022215,1.63425e-13,0.000964669
0,9.287447,1.33227e-14,0.00108493
0,2.839125,7.10543e-15,0.00280668
0,1.015578,2.66454e-15,0.00130820
0,1.024817,2.66454e-15,0.000623658
0,6.731007,9.76996e-15,0.00146778
0,1.017599,5.97744e-13,0.000802902
0,1.327807,3.47278e-13,0.00200386
0,1.017754,2.66454e-15,0.00137435
0,1.011036,3.55271e-15,0.00132735
0,8.344521,8.88178e-15,0.000444307
0,1.020007,2.66454e-15,0.000561321
0,1.011246,5.71987e-13,0.00138096
0,1.006882,1.93623e-13,0.000545599
0,1.318593,7.10543e-15,0.00144323
0,1.963642,3.55271e-15,0.00243163
0,1.021558,1.77636e-15,0.00134058
0,2.248786,6.21725e-15,0.00303314
0,1.016185,4.44089e-15,0.00149792
0,6.247032,5.32907e-15,0.000990003
0,1.0098,4.52971e-14,0.00160025
0,1.012557,3.55271e-15,0.000514024
0,5.182475,1.50990e-14,0.00104491
0,1.019623,6.21725e-15,0.000989957
0,2.791133,3.55271e-15,0.000285755
0,1.011965,3.55271e-15,0.000672014
0,4.483519,3.28626e-14,0.00215408
0,1.01781,6.68798e-13,0.000692711
0,2.303559,2.66454e-15,0.00288819
0,1.281073,1.68754e-14,0.00304054
0,5.188783,4.44089e-15,0.000177028
0,1.005755,4.44089e-15,0.000982667
0,1.021454,7.10543e-15,0.000946107
0,1.007437,9.18376e-13,0.000794550
0,3.743653,4.44089e-15,0.00270972
0,1.018947,1.77636e-15,0.00189050
0,5.118984,1.24345e-14,0.00256950
0,1.011884,6.21725e-15,0.00202768
0,1.023927,4.44089e-15,0.000769732
0,4.3886,3.55271e-15,0.000302974
0,5.48653,5.32907e-15,0.00112612
0,1.006106,7.63833e-14,0.00154358
0,1.023347,8.88178e-16,0.000344375
0,6.888968,4.44089e-15,0.00126349
0,2.629348,5.86198e-14,0.000487076
0,2.623784,4.44089e-15,0.000585442
0,5.710433,5.32907e-15,0.00175494
0,4.64189,4.96492e-13,0.00147202
0,2.817421,4.44089e-15,0.000788870
0,7.176652,1.15463e-14,0.000327164
0,1.020552,2.06946e-13,0.000781746
0,1.058828,1.77636e-15,0.00175292
0,1.025017,1.12799e-13,0.00130304
0,1.741668,4.44089e-15,0.00324879
0,1.021182,1.64313e-13,0.00101913
0,1.415904,6.66134e-14,0.00124926
0,12.28588,1.52767e-13,0.000758932
0,1.017786,3.55271e-15,0.000481223
0,1.011475,1.77636e-15,0.00108112
0,7.869,2.13163e-14,0.000564994
0,1.017614,1.33227e-14,0.00108415
0,2.303573,3.55271e-15,0.00294978
0,21.82053,1.86517e-14,0.000852563
0,19.22127,1.62537e-13,0.000267411
0,2.259669,3.55271e-15,0.00412082
0,1.187982,2.66454e-15,0.000843684
0,1.01556,9.76996e-15,0.00151134
0,2.204123,7.10543e-15,0.00354806
0,2.654711,3.55271e-15,0.00153493
0,1.018324,7.10543e-15,0.000575109
0,1.014686,5.32907e-15,0.00208865
0,6.575669,6.21725e-15,0.00186410
0,5.555645,8.88178e-15,0.00172425
0,3.119816,6.87450e-13,0.000504557
0,1.020255,4.08562e-14,0.000838769
0,1.00953,2.48690e-14,0.000257199
0,1.019971,2.04281e-13,0.000144590
0,1.013024,5.86198e-14,0.000510870
0,2.290578,5.32907e-15,0.00201409
0,7.98676,1.42109e-14,0.000956679
0,1.027278,1.77636e-15,9.95995e-7
0,1.82229,4.44089e-14,0.0000327815
0,18.08437,3.81917e-14,0.000560968
0,1.007415,1.15463e-14,0.00154947
0,9.106569,2.84217e-14,0.000643474
0,4.853485,3.55271e-15,0.00206193
0,1.020946,8.88178e-16,0.00115681
0,1.018593,1.68754e-14,0.00108048
0,4.709093,8.88178e-15,0.00132161
0,1.018548,3.25961e-13,0.000519553
0,4.093406,3.55271e-15,0.00215055
0,1.940059,4.44089e-15,0.00149166
0,5.596154,6.21725e-15,0.000198276
0,1.019424,1.09246e-13,0.000914638
0,2.156028,7.99361e-15,0.00204368
0,1.003901,1.77636e-15,0.000605170
0,1.014663,7.90479e-14,0.000626393
0,1.002419,2.66454e-15,0.00106815
0,2.501793,4.44089e-15,0.00326356
0,1.214316,2.66454e-15,0.00226838
0,1.03213,2.84217e-14,0.000436095
0,1.018836,1.06581e-14,0.00148113
0,1.009141,6.21725e-15,0.00150838
0,1.01441,1.11910e-13,0.0000482471
0,1.022865,1.02141e-13,0.00195189
0,1.017769,1.77636e-15,0.000218685
0,4.635399,8.88178e-15,0.00230528
0,1.017267,3.55271e-15,0.00110660
0,1.015832,1.77636e-15,0.0000843958
0,2.254844,7.10543e-15,0.000252015
0,1.015261,1.77636e-15,0.00124857
0,1.018204,3.02869e-13,0.00118403
0,24.50902,7.10543e-14,0.00111129
0,4.278174,7.99361e-15,0.00260233
0,8.816057,1.68754e-14,0.000939450
0,1.007687,1.06581e-14,0.00127162
0,1.029901,3.55271e-15,0.000957882
0,1.024337,5.50671e-14,0.00147725
0,1.013527,4.44089e-15,0.00158041
0,5.138003,1.15463e-14,0.000425607
0,1.017699,1.77636e-15,0.00208843
0,10.19679,1.95399e-14,0.000792125
0,1.021246,3.46390e-14,0.000436389
0,1.000291,1.77636e-15,0.0000215415
0,1.012859,3.55271e-15,0.00133763
0,1.014254,6.21725e-15,0.000788714
0,1.019758,5.32907e-15,0.00177663
0,1.017909,4.51195e-13,0.00131687
0,3.810337,4.44089e-15,0.000710087
0,4.373427,7.10543e-15,0.00131950
0,1.006339,2.66454e-15,0.000186235
0,1.016084,7.39853e-13,0.0000843157
0,2.935087,1.06581e-14,0.00202351
0,2.067428,3.55271e-15,0.000131667
0,9.171444,7.99361e-15,0.00146633
0,1.028693,1.17240e-13,0.00126658
0,1.014136,2.66454e-15,0.000481345
0,7.629182,1.06581e-14,0.00148669
0,1.014269,1.77636e-15,0.00176143
0,2.50134,7.99361e-15,0.00206498
0,3.238264,1.06581e-14,0.000262543
0,1.527791,6.48370e-14,0.00133982
0,1.012594,3.55271e-15,0.0000627351
0,1.005629,7.41629e-13,0.00110524
0,1.02018,3.55271e-15,0.00103222
0,1.013013,4.44089e-15,0.000618970
0,1.019795,3.55271e-15,0.00202568
0,1.008325,2.66454e-15,0.000502833
0,1.019834,8.88178e-16,0.00128227
0,6.743716,8.88178e-15,0.00168522
0,3.781597,7.10543e-15,0.00235849
0,12.5326,2.13163e-14,0.000478962
0,12.21125,1.15463e-14,0.00145316
0,1.025103,1.77636e-15,0.000690624
0,1.016241,5.06262e-14,0.00108285
0,1.015519,4.44089e-14,0.00115834
0,1.012844,2.66454e-15,0.000831949
0,1.01542,2.66454e-15,0.000922247
0,2.332015,3.55271e-15,0.00267207
0,1.015633,6.21725e-15,0.000688699
0,1.025257,2.66454e-15,0.000392230
0,0.9997063,1.77636e-15,0.000638045
0,1.54777,2.41585e-13,0.00381014
0,1.895693,8.07354e-13,0.00186808
0,3.937032,5.32907e-15,0.00300909
0,1.01944,2.74447e-13,0.00131088
0,1.022752,1.77636e-15,0.00123700
0,2.80395,6.21725e-15,0.00215308
0,1.540496,3.10862e-13,0.000298216
0,1.015449,1.77636e-15,0.000521176
0,1.022352,1.77636e-15,0.000758061
0,1.032515,1.77636e-15,0.00134265
0,2.917316,5.32907e-15,0.000162585
0,7.106046,7.10543e-15,0.000876705
0,1.163883,6.21725e-15,0.000107579
0,3.2337,6.21725e-15,0.00206924
0,6.330662,2.93099e-14,0.0000125527
0,1.019105,5.32907e-15,0.00190413
0,1.019095,2.88658e-13,0.00134604
0,1.012747,4.44089e-15,0.000623560
0,1.018979,5.96856e-13,0.000626342
0,2.477069,1.15463e-14,0.000516724
0,5.645442,7.10543e-15,0.000174561
0,1.196185,1.77636e-15,0.000691667
0,5.696367,5.32907e-15,0.00271809
0,1.019296,3.55271e-15,0.000328719
0,1.368924,3.55271e-15,0.00121258
0,20.20569,3.64153e-14,0.000379937
0,1.001047,1.77636e-15,0.000332651
0,9.104234,1.95399e-14,0.000461529
0,1.009046,5.32907e-15,0.000312277
0,1.014115,2.66454e-15,0.00161479
0,1.012236,5.32907e-15,0.000459038
0,1.349776,2.66454e-15,0.00131271
0,1.017943,4.44089e-15,0.000456627
0,1.015682,2.66454e-15,0.00108129
0,1.0235,1.77636e-15,0.000486114
0,1.860692,5.32907e-15,0.00371923
0,13.18892,2.39808e-14,0.000751797
0,1.014401,8.88178e-15,0.000322214
0,14.02574,1.77636e-14,0.000303003
0,3.440587,4.44089e-14,0.000116245
0,1.02066,4.44089e-15,0.00100173
0,2.988338,1.77636e-15,0.00148204
0,13.29818,9.76996e-15,0.000906893
0,5.882849,3.01981e-14,0.00109338
0,1.019703,3.55271e-15,0.00105562
0,32.2676,4.35207e-14,0.0000564603
0,2.430013,3.55271e-15,0.00295749
0,4.085691,5.32907e-15,0.00204179
0,4.303821,6.21725e-15,0.000761721
0,5.792885,1.24345e-14,0.00163818
0,1.017995,1.68754e-14,0.00137059
0,3.254567,3.55271e-15,0.00246688
0,5.759347,1.42109e-14,0.00150183
0,1.00127,3.55271e-15,0.00172537
0,5.518501,7.99361e-15,0.000292865
0,1.212769,2.66454e-15,0.00186184
0,2.317024,3.55271e-15,0.000918886
0,12.88459,6.30607e-14,0.000746394
0,1.237458,2.66454e-15,0.00147578
0,3.300169,2.66454e-15,0.000228541
0,5.140679,6.21725e-15,0.00129047
0,1.017656,2.66454e-14,0.00120418
0,1.017031,6.89226e-13,0.000186676
0,4.828404,1.77636e-14,0.000871673
0,1.643588,3.55271e-15,0.00328688
0,1.025864,3.55271e-15,0.0000357881
0,10.09604,1.95399e-14,0.00144643
0,1.017147,1.77636e-15,0.00165984
0,1.027076,2.66454e-15,0.000489658
0,1.013531,1.77636e-15,0.000370885
0,9.778191,1.95399e-14,0.00192824
0,15.35135,3.19744e-14,0.00103390
0,5.449378,5.32907e-15,0.00276179
0,1.02865,1.70530e-13,0.00121788
0,1.018404,2.66454e-15,0.000456102
0,1.013165,8.82849e-13,0.000556369
0,2.381268,8.88178e-15,0.00193153
0,1.583704,2.66454e-15,0.00120324
0,1.016816,1.77636e-15,0.00200778
0,1.011508,9.76996e-15,0.000760190
0,1.861399,1.77636e-15,0.000544282
0,9.119388,4.26326e-14,0.00136816
0,1.019464,3.33955e-13,0.000192712
0,1.009812,5.32907e-15,0.00116271
0,2.59608,5.32907e-15,0.00313784
0,4.052955,4.79616e-14,0.00253876
0,3.014604,7.99361e-15,0.000900280
0,1.02114,1.77636e-15,0.000872860
0,1.022059,1.77636e-15,0.000127245
0,1.011772,1.77636e-15,0.00181734
0,2.23405,2.66454e-15,0.00242137
0,1.015354,1.06581e-14,0.000394439
0,14.30251,1.24345e-14,0.0000217593
0,1.045369,8.88178e-16,0.00119544
0,1.013003,3.55271e-15,0.00186284
0,1.012186,1.57208e-13,0.00173420
0,1.022472,1.77636e-15,0.00129271
0,1.016256,1.03029e-13,0.00131419
0,1.934677,3.55271e-15,0.000383795
0,1.017444,2.66454e-15,0.00184439
0,1.011742,4.44089e-15,0.00119261
0,9.767743,7.10543e-15,0.00182178
0,2.315578,1.77636e-15,0.00115882
0,2.614381,2.66454e-15,0.00307425
0,1.024414,6.21725e-15,0.000444193
0,1.012985,3.55271e-15,0.00105691
0,1.014514,3.07310e-13,0.000590640
0,1.015164,1.06581e-14,0.00156854
0,1.021932,5.59552e-14,0.0000314325
0,2.653925,4.44089e-15,0.000789463
0,1.015291,7.62945e-13,0.00128876
0,1.019089,2.66454e-15,0.00105945
0,18.75846,4.70735e-14,0.000111932
0,17.65961,2.13163e-14,0.000440293
0,3.923634,3.55271e-15,0.000159264
0,1.012002,3.55271e-15,0.000279219
0,1.542006,3.55271e-15,0.00252982
0,1.99059,4.44089e-15,0.000337103
0,1.014954,1.77636e-15,0.000295402
0,4.259951,5.32907e-15,0.00162725
0,1.016509,6.57252e-14,0.000765212
0,28.57598,3.37508e-14,0.000740095
0,1.007404,2.66454e-15,0.000265670
0,1.011189,5.62217e-13,0.0000886855
0,2.941042,1.22569e-13,0.00105202
0,1.020647,1.77636e-15,0.000416462
0,12.82426,7.86926e-13,0.000376752
0,1.013107,1.05693e-13,0.000874404
0,1.018697,1.77636e-15,0.00125903
0,1.276209,2.66454e-15,0.00323552
0,1.014589,9.70779e-13,0.000437776
0,1.823373,3.55271e-15,0.00276446
0,1.006783,3.55271e-15,0.000430634
0,1.018814,2.66454e-15,0.00106034
0,1.014275,1.06581e-14,0.000462610
0,1.699995,1.77636e-15,0.00250729
0,1.010123,4.44089e-15,0.000362575
0,1.023903,3.55271e-15,0.00112276
0,1.017438,2.66454e-15,0.00100619
0,1.005932,1.15463e-14,0.000592559
0,1.979254,3.55271e-15,0.000549113
0,1.014598,5.32907e-15,0.000119396
0,5.905323,5.32907e-15,0.0000636712
0,13.84046,1.06581e-14,0.00164899
0,1.213117,2.66454e-15,0.000782168
0,1.018334,3.55271e-15,0.000751388
0,2.112366,3.55271e-15,0.00344315
0,1.019467,3.55271e-15,0.00114389
0,2.552206,7.99361e-15,0.00184460
0,1.013481,1.06581e-14,0.00189542
0,1.445331,7.58504e-13,0.00144031
0,1.00777,1.77636e-15,0.00106348
0,1.016516,3.55271e-15,0.000167309
0,1.240209,7.99361e-15,0.00226033
0,1.016669,2.66454e-15,0.00175518
0,1.002315,2.66454e-15,0.0000903408
0,2.090677,1.06581e-14,0.00309561
0,1.380109,1.77636e-15,0.00252874
0,1.017559,3.55271e-15,0.000230393
0,1.026826,1.77636e-15,0.000707175
0,1.02294,3.55271e-15,0.00131316
0,1.020137,4.77840e-13,0.0000167025
0,1.008784,2.66454e-14,0.000987115
0,8.20769,1.15463e-14,0.00170183
0,1.00399,1.95399e-14,0.000673116
0,4.436843,7.10543e-15,0.00315947
0,1.022465,3.55271e-15,0.00127949
0,1.020436,1.77636e-15,0.000851825
0,6.05418,5.32907e-15,0.00231738
0,1.161825,2.71783e-13,0.000363967
0,3.432795,3.55271e-15,0.00261626
0,1.101505,1.77636e-15,0.00207368
0,9.198901,1.68754e-14,0.000220861
0,1.016766,2.66454e-15,0.000824553
0,2.035185,8.88178e-16,0.00193050
0,1.020213,6.29718e-13,0.000600117
0,1.021758,3.55271e-15,0.00201634
0,3.033401,4.44089e-15,0.00309718
0,1.010611,1.77636e-15,0.00161629
0,11.663,1.59872e-14,0.000520430
0,1.013948,2.66454e-15,0.000276287
0,1.075595,1.77636e-15,0.00130391
0,5.734141,7.10543e-15,0.000967650
0,1.017883,3.55271e-15,0.00170649
0,14.913,2.30926e-14,0.000918249
0,1.013421,2.66454e-15,0.000485736
0,1.003382,3.55271e-15,0.0000678433
0,8.360118,2.30926e-14,0.00193734
0,12.50315,1.15463e-14,0.00136173
0,1.014031,4.03233e-13,0.00207841
0,3.252457,4.61853e-14,0.000405491
0,11.7042,1.06581e-14,0.000852019
0,1.027421,1.24345e-14,0.000882085
0,1.01463,1.77636e-15,0.00135750
0,1.023465,2.66454e-15,0.000664801
0,14.78934,1.95399e-14,0.00109511
0,1.020109,7.99361e-15,0.00180023
0,13.16884,1.07470e-13,0.000105468
0,1.647878,6.21725e-15,0.000765413
0,4.095619,8.88178e-15,0.00289222
0,1.015702,1.77636e-15,0.000983469
0,1.038883,1.77636e-15,0.000610746
0,12.81242,1.77636e-14,0.000322687
0,1.01086,2.87770e-13,0.00184473
0,1.015383,2.66454e-15,0.000621152
0,1.016483,7.10543e-15,0.000996973
0,2.947352,1.77636e-15,0.000517933
0,39.77739,2.84217e-14,0.000386509
0,2.206189,3.55271e-15,0.000116465
0,4.732492,3.55271e-15,0.00175138
0,7.956204,3.14415e-13,0.00125092
0,7.316922,8.88178e-15,0.000357029
0,8.351167,9.76996e-15,0.00118453
0,8.166035,1.68754e-14,0.000363226
0,8.327821,2.66454e-14,0.00166871
0,1.022002,4.44089e-15,0.000940308
0,1.029525,4.44089e-15,0.000559565
0,1.013471,2.66454e-15,0.00184810
0,1.011641,1.20792e-13,0.00152965
0,6.361463,9.76996e-15,0.000755876
0,5.294808,7.99361e-15,0.00288959
0,2.093001,1.21680e-13,0.000244256
0,1.020846,2.48690e-14,0.00187492
0,1.09519,3.10862e-14,0.000626589
0,1.034969,1.77636e-15,0.000767807
0,1.01281,1.95399e-14,0.00200937
0,1.009667,3.55271e-15,0.000595210
0,3.271301,3.55271e-15,0.00322227
0,1.010455,1.77636e-15,0.000860803
0,1.016474,2.66454e-15,0.000983449
0,1.021616,9.19265e-13,0.00125884
0,5.319353,7.99361e-15,0.00121062
0,30.80225,2.93099e-14,0.000557774
0,2.929296,5.32907e-15,0.000210062
0,1.009477,4.55636e-13,0.000436204
0,1.817685,5.32907e-15,0.00115339
0,1.367694,3.56160e-13,0.00258701
0,1.033039,3.55271e-15,0.000114451
0,1.025297,5.32907e-15,0.00163802
0,2.846046,1.50990e-14,0.00152023
0,1.033189,4.44089e-15,0.00131827
0,2.889944,3.55271e-15,0.00224822
0,1.015678,1.77636e-15,0.000554125
0,4.797375,8.88178e-15,0.00279208
0,1.019811,1.77636e-15,0.000226141
0,1.021049,3.55271e-15,0.000433757
0,12.69449,1.24345e-14,0.000875760
0,1.031572,3.55271e-15,0.00198891
0,1.024762,2.04281e-14,0.000421921
0,5.300191,7.10543e-15,0.00223943
0,4.388805,3.01981e-14,0.00210760
0,1.019258,4.44089e-15,0.00107683
0,1.012767,2.66454e-15,0.000174952
0,8.592373,4.08562e-14,0.000296378
0,1.02145,7.10543e-15,0.000804419
0,1.018119,1.77636e-15,0.000145529
0,5.565409,7.10543e-15,0.00223799
0,1.012862,7.28306e-14,0.00112028
0,1.679308,5.32907e-15,0.00189906
0,1.015989,2.30926e-14,0.000539902
0,1.645639,3.55271e-15,0.00373379
0,8.588609,9.76996e-15,0.00103356
0,7.473992,7.10543e-15,0.00196877
0,1.025136,5.32907e-15,0.00109883
0,2.443849,3.55271e-15,0.00317713
0,1.013039,1.77636e-15,0.000650193
0,1.018508,5.32907e-15,0.000599838
0,1.578547,1.77636e-15,0.00123888
0,1.008425,7.10543e-15,0.000733172
0,1.016931,2.62013e-13,0.0000791045
0,1.0139,1.77636e-15,0.000443526
0,4.843923,7.10543e-15,0.00255053
0,1.014634,2.66454e-15,0.000439287
0,2.557086,1.11022e-13,0.000273844
0,1.011929,1.77636e-15,0.000628531
0,4.063757,7.10543e-15,0.00174331
0,3.960519,6.21725e-15,0.00349850
0,1.014682,3.55271e-15,0.000752842
0,5.673962,2.30926e-14,0.000881923
0,1.011167,2.01617e-13,0.000409408
0,3.94771,8.88178e-15,0.000449694
0,1.01413,6.18172e-13,0.000746347
0,1.009207,4.71623e-13,0.000309240
0,1.015298,4.44089e-15,0.000125295
0,1.022886,2.66454e-15,0.00185580
0,1.016524,2.13163e-14,0.000804330
0,1.034865,7.10543e-15,0.00136712
0,6.791389,5.32907e-15,0.00115185
0,1.06039,2.66454e-15,0.000405639
0,1.016989,3.55271e-15,0.000670414
0,1.021425,7.10543e-15,0.00143976
0,4.361818,3.55271e-15,0.00144274
0,0.9977365,5.79092e-13,0.00164056
0,1.014104,2.66454e-15,0.000125781
0,1.026621,8.88178e-15,0.000760153
0,1.016311,4.44089e-15,0.000583457
0,1.017815,3.90799e-14,0.000882962
0,6.932293,8.88178e-15,0.00157620
0,1.026427,2.66454e-15,0.00192887
0,1.009071,4.44089e-14,0.000457238
0,5.788234,4.44089e-15,0.00140328
0,1.014619,3.55271e-15,0.000869714
0,1.031782,2.66454e-15,0.000550432
0,1.995293,1.77636e-15,0.000465614
0,2.684484,3.55271e-15,0.00169812
0,7.29826,6.21725e-15,0.00156643
0,1.01702,4.44089e-15,0.000914155
0,2.90841,3.55271e-15,0.00123822
0,2.310215,2.43361e-13,0.00134636
0,9.752036,1.33227e-14,0.000139994
0,1.019655,1.24345e-14,0.00173649
0,1.155581,2.66454e-15,0.000144043
0,1.017302,3.55271e-15,0.00106279
0,17.32301,1.59872e-14,0.00103454
0,1.017041,1.77636e-15,0.000209553
0,1.023828,7.10543e-15,0.00192518
0,3.706534,3.55271e-15,0.000262822
0,1.023698,1.77636e-15,0.00144996
0,2.561006,7.10543e-15,0.00281196
0,4.442132,5.32907e-15,0.00253106
0,1.01561,4.44089e-15,0.000358427
0,5.813362,8.88178e-15,0.00194778
0,18.76705,3.73035e-14,0.000864198
0,1.009624,3.64153e-14,0.00100651
0,1.014554,5.32907e-15,0.000331266
0,2.108037,2.66454e-15,0.00130219
0,10.05353,6.21725e-15,0.000106619
0,1.004472,5.32907e-15,0.000793387
0,10.81638,1.59872e-14,0.000906393
0,1.020235,1.77636e-15,0.000456829
0,1.024785,3.99680e-14,0.000679967
0,17.61862,4.97380e-14,0.00103016
0,2.593813,7.72715e-14,0.00145828
0,5.059588,5.32907e-15,0.00135336
0,11.9899,2.66454e-14,0.0000900095
0,2.966194,2.93099e-14,0.000641836
0,13.58846,1.42109e-14,0.000122001
0,3.075754,3.55271e-15,0.000527401
0,1.011362,1.77636e-15,0.000715469
0,3.823791,4.44089e-15,0.00191211
0,7.133623,2.07834e-13,0.00244719
0,2.90923,7.10543e-15,0.00228595
0,1.008961,3.55271e-15,0.000563557
0,1.017447,5.32907e-15,0.000764883
0,1.020009,2.66454e-15,0.00109642
0,13.64308,1.59872e-14,0.000817117
0,1.017116,1.77636e-15,0.000127101
0,1.010529,5.41789e-13,0.000904441
0,1.014205,1.77636e-15,0.00194063
0,1.011422,1.06581e-14,0.00132059
0,1.015878,1.77636e-15,0.00119502
0,1.482245,2.66454e-15,0.00197535
0,1.02819,1.77636e-15,0.000157117
0,4.064996,1.06581e-14,0.000568164
0,12.13173,2.48690e-14,0.000147198
0,1.010874,2.66454e-15,0.00118930
0,1.014219,1.77636e-15,0.000812017
0,1.030775,5.19584e-13,0.000962098
0,1.015492,1.77636e-15,0.00110028
0,4.975401,1.33227e-14,0.000636119
0,1.188109,7.10543e-15,0.00238260
0,11.38354,1.42109e-14,0.000741652
0,1.7653,2.66454e-15,0.0000467424
0,1.021256,2.66454e-15,0.00111178
0,1.007496,1.77636e-15,0.0000732961
0,1.02083,3.38396e-13,0.00216162
0,2.111704,3.55271e-15,0.00346752
0,1.024489,2.66454e-15,0.000925035
0,1.017152,2.66454e-15,0.00209455
0,1.020087,1.77636e-15,0.000352559
0,1.014258,2.66454e-15,0.000230247
0,1.014965,5.32907e-15,0.000552568
0,1.018812,4.44089e-15,0.00116740
0,7.603713,1.24345e-14,0.00151609
0,1.015719,5.32907e-15,0.00125091
0,1.012003,5.32907e-15,0.000934791
0,1.016263,3.55271e-15,0.00208059
0,14.37181,5.32907e-14,0.000200623
0,1.024607,5.86198e-14,0.000535152
0,1.014167,4.44089e-15,0.00167921
0,1.015969,2.66454e-15,0.000383743
0,4.421468,1.15463e-14,0.00286442
0,1.020907,8.88178e-16,0.000799029
0,1.017478,1.77636e-15,0.000129802
0,1.013432,7.10543e-15,0.00112794
0,1.758371,2.66454e-15,0.00311675
0,22.19058,3.64153e-14,0.000975921
0,1.022796,1.77636e-15,0.00145150
0,7.1112,1.95399e-14,0.00218331
0,1.031319,1.77636e-15,0.00106572
0,1.020534,1.77636e-15,0.00162348
0,1.01827,9.76996e-15,0.00164181
0,1.697213,6.21725e-15,0.00240314
0,21.92509,3.28626e-14,0.000232696
0,1.017643,3.76588e-13,0.000145303
0,2.478927,5.32907e-15,0.00285386
0,1.014855,8.88178e-16,0.0000227242
0,1.020061,5.32907e-15,0.000659847
0,1.035255,1.24345e-14,0.000308462
0,12.66003,1.50990e-14,0.000706140
0,1.008696,1.77636e-15,0.00106834
0,1.018279,1.77636e-15,0.00190597
0,1.026042,4.66294e-13,0.00148681
0,1.375849,2.50466e-13,0.000619661
0,9.871157,2.13163e-14,0.000177080
0,11.38469,1.06581e-14,0.000189765
0,12.26166,1.06581e-14,0.00111571
0,11.95478,1.33227e-14,0.00136895
0,2.044674,5.77316e-14,0.00244295
0,3.655345,3.55271e-15,0.000695708
0,1.016084,1.77636e-15,0.000553539
0,1.017405,3.55271e-15,0.00133123
0,1.027232,8.88178e-15,0.000183890
0,1.002967,3.55271e-15,0.000473236
0,1.011281,3.32179e-13,0.000882174
0,1.01463,3.55271e-15,0.000189411
0,5.324234,9.76996e-15,0.00122882
0,1.018528,2.93987e-13,0.00152507
0,2.583342,5.32907e-15,0.00207208
0,3.814533,3.55271e-15,0.000254385
0,5.740938,9.76996e-15,0.00189856
0,1.80702,3.55271e-15,0.00202885
0,2.616164,4.08562e-14,0.00301457
0,1.01105,3.32179e-13,0.000556704
0,15.26628,1.50990e-14,0.000237531
0,1.014944,1.77636e-15,0.00125571
0,1.009625,9.28146e-13,0.000411146
0,1.014182,1.33227e-14,0.000516436
0,5.039047,7.10543e-15,0.00255307
0,10.96687,4.16556e-13,0.000232942
0,5.528933,8.88178e-15,0.000105217
0,2.693516,7.10543e-15,0.00106953
0,1.018687,4.44089e-15,0.000254774
0,3.367363,3.55271e-15,0.00289840
0,38.65981,3.99680e-14,0.0000529823
0,1.311122,5.32907e-15,0.00203985
0,1.019764,1.75859e-13,0.000143546
0,3.858209,4.44089e-15,0.00291759
0,1.014669,3.48166e-13,0.000505465
0,1.019855,9.76996e-15,0.000640597
0,11.05422,1.77636e-14,0.0000866447
0,4.196587,1.15463e-14,0.00141780
0,1.011151,1.77636e-15,0.00122997
0,1.024894,3.55271e-15,0.00119137
0,12.4825,4.44089e-14,0.000444671
0,1.015812,8.88178e-15,0.000833196
0,1.014798,7.99361e-15,0.00173929
0,2.115795,3.55271e-15,0.00265021
0,3.689025,1.68754e-14,0.00185828
0,0.9924609,4.44089e-15,0.000659606
0,5.260433,1.83853e-13,0.0000727236
0,1.487221,3.03757e-13,0.0000862748
0,1.008701,1.77636e-15,0.00113318
0,1.027471,2.66454e-15,0.000783208
0,1.008638,2.66454e-14,0.000173403
0,1.027423,1.59872e-14,0.000928183
0,3.138931,3.55271e-15,0.000375300
0,1.020748,3.19744e-14,0.000236773
0,2.780498,8.88178e-15,0.00245413
0,1.004879,2.66454e-15,0.000179896
0,0.9865952,1.77636e-15,0.000470506
0,1.016053,1.68754e-14,0.000840811
0,1.057782,2.66454e-15,0.000522823
0,2.401382,3.55271e-15,0.000123579
0,4.010979,3.55271e-15,0.00170416
0,7.680421,2.66454e-15,0.000183791
0,1.017764,8.88178e-15,0.00118926
0,1.013839,7.34524e-13,0.00206214
0,1.020438,1.77636e-15,0.000448552
0,4.85136,7.99361e-15,0.00207189
0,4.612108,2.66454e-15,0.00229756
0,30.51238,5.41789e-14,0.000367380
0,1.011458,9.38805e-13,0.00115399
0,1.023194,2.66454e-15,0.00213425
0,1.019173,9.85878e-14,0.00140502
0,4.227086,4.44089e-15,0.00339250
0,7.387577,1.15463e-14,0.000110060
0,1.004892,2.66454e-15,0.000631709
0,1.912474,1.77636e-15,0.00267292
0,2.902141,3.55271e-15,0.000960271
0,6.087981,2.13163e-14,0.00119459
0,1.024069,4.44089e-15,0.00117056
0,2.630294,6.21725e-15,0.00261406
0,2.883146,5.32907e-15,0.00142865
0,9.391888,5.32907e-15,0.000795642
0,1.012694,6.21725e-15,0.00181394
0,1.017666,3.55271e-15,0.000825887
0,1.017384,3.55271e-15,0.00105098
0,3.011631,3.55271e-15,0.00321785
0,6.270014,7.10543e-15,0.00112203
0,1.009488,2.66454e-15,0.0000226397
0,3.664334,2.66454e-15,0.00373102
0,4.699667,7.99361e-15,0.00185168
0,1.024381,8.88178e-15,0.000356138
0,1.01077,4.44089e-15,0.000183969
0,1.013424,6.21725e-15,0.00148572
0,1.010353,1.59872e-14,0.00135315
0,1.032148,7.10543e-15,0.0000551581
0,1.025592,5.08926e-13,0.000623880
0,1.01433,3.55271e-15,0.000171195
0,8.108246,5.32907e-15,0.0000915388
0,1.018834,5.50671e-14,0.00188644
0,1.009319,2.42473e-13,0.00171728
0,1.017831,5.32907e-15,0.000247721
0,14.09156,9.76996e-15,0.00133115
0,1.558744,3.92575e-13,0.00255773
0,8.716722,1.50990e-14,0.00157413
0,1.020512,2.66454e-15,0.00166310
0,3.664854,4.44089e-15,0.00254701
0,9.531433,1.06581e-14,0.000578258
0,3.369007,1.06581e-14,0.00251446
0,1.012242,1.00364e-13,0.000445241
0,5.212319,8.88178e-15,0.00183361
0,1.013138,4.44089e-15,0.000257718
0,1.012255,3.55271e-15,0.000148621
0,1.015557,8.88178e-15,0.000271424
0,4.47239,5.50671e-14,0.00156849
0,1.019583,2.66454e-15,0.00118191
0,3.58109,4.85834e-13,0.00240995
0,1.019285,3.55271e-14,0.00000453433
0,1.016204,2.62013e-13,0.000965876
0,1.018604,1.77636e-15,0.00143757
0,1.241221,3.55271e-15,0.000381647
0,1.017694,2.66454e-15,0.000410231
0,1.003693,5.32907e-15,0.00124090
0,1.020453,2.66454e-15,0.000959678
0,1.003131,5.50671e-14,0.000492960
0,1.011208,7.10543e-15,0.0000117038
0,5.36408,9.76996e-15,0.000973349
0,1.012737,3.58824e-13,0.00115157
0,1.016238,3.55271e-15,0.00117854
0,3.9911,2.34479e-13,0.000689727
0,1.015409,3.72147e-13,0.00103231
0,1.012999,2.66454e-15,0.00177027
0,8.084679,1.59872e-14,0.00152154
0,3.495618,7.10543e-15,0.000672233
0,1.011265,2.66454e-15,0.000996963
0,1.703866,1.77636e-15,0.00201093
0,2.640857,5.32907e-15,0.000178804
0,1.02076,3.55271e-15,0.00118514
0,1.014622,3.49054e-13,0.00100930
0,4.621307,3.55271e-15,0.00187479
0,8.593837,1.59872e-14,0.0000478268
0,3.990231,5.32907e-15,0.00184689
0,3.021411,3.55271e-15,0.00194333
0,1.006217,2.66454e-15,0.00129183
0,6.627914,7.05214e-13,0.00157752
0,1.028514,7.90479e-14,0.00117766
0,2.945266,2.76223e-13,0.00154800
0,4.756989,5.32907e-15,0.00145760
0,6.417066,1.06581e-13,0.00249331
0,1.010741,6.21725e-15,0.000907651
0,1.746606,5.42677e-13,0.00407766
0,2.06997,3.55271e-15,0.000992547
0,11.26243,1.77636e-14,0.000517527
0,1.07012,7.10543e-15,0.00131355
0,1.01595,2.66454e-15,0.00116073
0,1.010248,1.38556e-13,0.00000153804
0,1.006586,2.66454e-15,0.00136992
0,1.009597,2.66454e-15,0.000139979
0,4.710112,1.10134e-13,0.00246818
0,1.014491,1.77636e-15,0.000320119
0,3.314138,5.32907e-15,0.000761365
0,1.007261,1.77636e-15,0.0000621265
0,1.674906,1.77636e-15,0.00160890
0,1.019351,3.55271e-15,0.00139587
0,1.003647,3.59712e-13,0.000606908
0,5.974438,7.10543e-15,0.000148643
0,2.1162,2.66454e-15,0.00110356
0,7.130278,1.59872e-14,0.000353551
0,1.292755,2.66454e-15,0.00150666
0,1.586481,1.77636e-15,0.00144855
0,1.018865,3.55271e-15,0.000468492
0,9.328705,2.13163e-14,0.000779532
0,9.439651,8.88178e-15,0.00147084
0,1.017102,8.88178e-16,0.000590704
0,7.209545,8.88178e-15,0.000571268
0,3.040027,5.41789e-14,0.00151865
0,1.019494,3.75699e-13,0.00142160
0,1.012829,2.66454e-15,0.000315272
0,1.01626,4.44089e-15,0.000978190
0,1.212657,1.33227e-14,0.000580467
0,1.020661,1.39444e-13,0.00131759
0,1.017333,3.55271e-15,0.000502151
0,2.148112,1.77636e-15,0.00237750
0,1.019008,1.77636e-15,0.00116340
0,4.535137,3.55271e-15,0.00105102
0,9.485581,2.16716e-13,0.0000160790
0,1.800258,8.05578e-13,0.0000832331
0,1.023949,1.77636e-15,0.00157365
0,1.021548,3.55271e-15,0.000571967
0,1.025849,4.44089e-15,0.000129229
0,1.372557,3.37508e-14,0.000956170
0,1.011778,1.36779e-13,0.0000693455
0,7.508229,7.99361e-15,0.00101382
0,3.244466,4.94715e-13,0.00267894
0,1.033887,1.77636e-15,0.000233125
0,1.022278,7.99361e-15,0.00115295
0,1.01478,1.82965e-13,0.00171919
0,1.011717,1.98952e-13,0.00199722
0,1.006009,2.66454e-15,0.000636841
0,1.014536,3.73035e-14,0.000959095
0,1.024848,5.68434e-14,0.00115401
0,1.01606,3.55271e-15,0.00155495
0,2.584777,3.55271e-15,0.00272714
0,1.011381,5.32907e-15,0.00159250
0,1.011097,2.06057e-13,0.000840693
0,2.078057,1.77636e-15,0.00213122
0,1.013595,1.77636e-15,0.000489923
0,3.376431,1.50102e-13,0.00305439
0,4.388449,3.55271e-15,0.00143955
0,6.968466,7.10543e-15,0.000434391
0,3.058923,3.55271e-15,0.00202031
0,3.025282,4.44089e-15,0.000519909
0,4.676819,6.21725e-15,0.00125553
0,1.223796,1.42109e-14,0.00100877
0,2.472023,4.44089e-15,0.00235367
0,1.366137,3.55271e-15,0.00222961
0,3.90365,7.10543e-15,0.00160020
0,1.010439,2.30926e-14,0.000898832
0,1.009499,1.77636e-15,0.000424270
0,9.470895,2.13163e-14,0.00129544
0,0.8781788,1.77636e-15,0.00127882
0,2.260136,5.32907e-15,0.00131788
0,3.510539,7.10543e-15,0.0000445059
0,1.028424,1.58096e-13,0.00144962
0,11.97708,1.24345e-14,0.000780160
0,1.018714,3.55271e-15,0.000996726
0,1.023338,2.66454e-15,0.0000204410
0,5.196286,9.76996e-15,0.000473525
0,2.288511,2.66454e-15,0.00246994
0,1.028038,5.32907e-15,0.000796426
0,4.978825,4.44089e-15,0.000933547
0,6.10882,1.24345e-14,0.000923179
0,1.016192,1.77636e-15,0.000802146
0,5.278616,5.32907e-15,0.00197294
0,2.22552,5.32907e-15,0.00249818
0,2.208154,7.10543e-15,0.00179431
0,1.011739,1.71418e-13,0.000263685
0,1.018873,1.77636e-15,0.000702293
0,1.013948,3.19744e-13,0.000957180
0,5.141958,7.10543e-15,0.000492559
0,1.015336,1.77636e-15,0.000189811
0,1.006433,1.77636e-15,0.000421294
0,1.889414,2.66454e-15,0.00145812
0,1.726561,1.48326e-13,0.00319654
0,1.034321,1.77636e-15,0.000148738
0,1.018085,1.77636e-15,0.00136364
0,1.057017,5.32907e-15,0.00100425
0,1.018561,5.32907e-15,0.00168871
0,3.330067,3.23297e-13,0.00306754
0,1.017698,1.42109e-14,0.00140794
0,1.028396,2.14939e-13,0.00161508
0,1.020743,6.21725e-15,0.000712318
0,1.025102,1.77636e-15,0.00132291
0,1.015057,1.77636e-15,0.00205217
0,7.019468,2.48690e-14,0.00225601
0,3.727148,3.55271e-15,0.00181627
0,15.44192,1.24345e-14,0.000489670
0,21.15234,1.59872e-14,0.000147334
0,2.9568,5.32907e-15,0.00209674
0,1.017158,1.06581e-14,0.00124510
0,1.015645,4.44089e-15,0.00114390
0,1.019696,4.44089e-15,0.00118200
0,2.146428,2.09610e-13,0.000254823
0,1.020465,4.44089e-15,0.000916497
0,1.008959,3.55271e-15,0.000540840
0,8.118317,1.44773e-13,0.00154879
0,11.08607,3.55271e-14,0.00135594
0,1.609295,5.32907e-15,0.00195672
0,1.960873,3.55271e-15,0.000138695
0,3.457962,3.55271e-15,0.00189400
0,1.098887,2.66454e-15,0.00192065
0,2.771305,5.32907e-15,0.00325475
0,1.020727,7.10543e-15,0.00201030
0,1.008458,6.21725e-15,0.000223187
0,1.396078,1.06581e-14,0.00296817
0,5.774806,1.50990e-14,0.00139792
0,1.038441,1.77636e-15,0.000915645
0,1.006191,2.06946e-13,0.000441378
0,3.184774,5.32907e-15,0.000993687
0,1.021709,5.32907e-15,0.000926190
0,1.019841,8.88178e-16,0.000274228
0,2.285032,3.55271e-15,0.00341003
0,8.812502,1.06581e-14,0.000423330
0,7.657819,6.21725e-15,0.0000774554
0,10.93354,1.06581e-14,0.00134040
0,1.0207,4.44089e-15,0.000737969
0,8.862266,1.77636e-14,0.00193553
0,1.004419,1.43885e-13,0.0000889592
0,1.551851,2.66454e-15,0.00223559
0,5.834932,1.86517e-14,0.000951313
0,8.54331,2.84217e-14,0.000655421
0,2.710278,1.56319e-13,0.00258810
0,4.887872,6.21725e-15,0.00209740
0,8.953818,1.33227e-14,0.000827754
0,10.35449,9.76996e-15,0.000147058
0,9.7336,2.13163e-14,0.000250928
0,1.029935,4.44089e-15,0.0000315747
0,8.897083,1.33227e-14,0.000712812
0,1.022138,1.50990e-14,0.000771148
0,1.048964,4.44089e-15,0.00127996
0,1.023139,9.76996e-15,0.000936028
0,1.018168,3.55271e-15,0.000654737
0,1.961905,8.61533e-14,0.000811759
0,1.016055,7.19425e-14,0.000290267
0,2.972831,1.77636e-14,0.00270221
0,33.1555,2.93099e-14,0.000214433
0,1.012735,1.48326e-13,0.000152372
0,1.017885,3.55271e-15,0.00142772
0,1.013969,4.44089e-15,0.000977205
0,31.32744,2.13163e-14,0.000327123
0,1.015394,4.44089e-15,0.000121337
0,1.01282,4.44089e-15,0.00105037
0,1.007286,2.66454e-15,0.000986281
0,1.023304,1.77636e-15,0.00171544
0,1.023842,4.44089e-15,0.00155749
0,1.159748,1.77636e-15,0.00161418
0,1.035334,2.66454e-15,0.00123293
0,2.159685,3.12639e-13,0.000687160
0,1.011769,3.22409e-13,0.00123532
0,1.015564,1.86517e-14,0.000618268
0,7.420803,1.24345e-14,0.000620729
0,2.375158,3.55271e-15,0.00400422
0,1.027622,2.66454e-15,0.000169793
0,1.02122,3.81917e-14,0.00151085
0,1.021787,7.99361e-15,0.000176239
0,6.067093,7.99361e-15,0.00133462
0,3.022504,6.21725e-15,0.00146788
0,4.17149,5.32907e-15,0.000469679
0,2.26316,7.10543e-15,0.00207386
0,3.595349,3.55271e-15,0.00240299
0,8.250146,1.50990e-14,0.000218395
0,1.253234,4.47642e-13,0.00194253
0,1.025028,1.77636e-15,0.000289693
0,1.01531,3.55271e-15,0.000244677
0,1.025605,4.44089e-15,0.00114034
0,1.015251,2.66454e-15,0.000788580
0,1.011721,1.77636e-15,0.000230684
0,2.205795,1.77636e-15,0.00104334
0,2.578521,5.48006e-13,0.000689553
0,1.020998,2.66454e-15,0.00101518
0,17.81345,1.68754e-14,0.000343592
0,1.014462,3.64153e-14,0.00141251
0,1.016408,2.66454e-15,0.00194978
0,7.494241,1.66978e-13,0.000620899
0,2.476456,8.88178e-15,0.00243891
0,2.806925,7.99361e-14,0.00283451
0,2.231108,3.87246e-13,0.00145755
0,0.9923127,8.88178e-16,0.000911802
0,7.262865,1.24345e-14,0.000264068
0,1.013786,4.44089e-15,0.0000469608
0,1.030765,2.16716e-13,0.000876508
0,1.008051,1.77636e-15,0.000304522
0,5.453451,2.39808e-14,0.0000971926
0,1.017808,8.88178e-15,0.000652877
0,3.06508,2.90434e-13,0.00232900
0,1.009328,5.06262e-14,0.00151944
0,10.26767,2.22045e-14,0.00163269
0,4.396916,1.95399e-14,0.000361360
0,1.300607,4.44089e-13,0.00163018
0,3.352806,7.99361e-15,0.00277841
0,7.938892,9.76996e-15,0.000748023
0,1.023068,1.06581e-14,0.000395441
0,1.011737,1.77636e-15,0.00145799
0,5.971618,1.50990e-14,0.00257321
0,1.021297,2.66454e-15,0.00141339
0,1.013999,5.24025e-14,0.000406875
0,2.065575,6.83897e-14,0.00238039
0,3.429814,5.32907e-15,0.00244648
0,1.01848,3.55271e-15,0.000770388
0,1.038272,9.93872e-13,0.00113734
0,3.608499,7.10543e-15,0.00294064
0,1.026548,4.44089e-15,0.000723508
0,2.978917,5.32907e-15,0.000896651
0,1.019689,1.77636e-15,0.000871628
0,1.028431,1.77636e-15,0.00144738
0,1.024111,5.18696e-13,0.000717465
0,1.019473,1.77636e-15,0.00106192
0,1.022739,5.32907e-15,0.000721572
0,1.018311,8.88178e-15,0.000811772
0,1.014402,2.66454e-15,0.0000360570
0,7.13972,7.10543e-15,0.00184918
0,2.804119,3.55271e-15,0.000429327
0,1.020345,1.77636e-15,0.000617870
0,24.06555,1.74083e-13,0.000799205
0,1.020864,4.42313e-13,0.00103690
0,6.9957,7.10543e-15,0.000472968
0,1.028127,1.77636e-15,0.000940180
0,1.014317,7.99361e-15,0.00115158
0,1.022583,1.77636e-15,0.00151201
0,2.227439,4.17444e-14,0.000227766
0,3.23031,1.77636e-15,0.00194409
0,1.012823,6.36824e-13,0.00156549
0,1.010283,2.66454e-15,0.000813598
0,1.024898,5.01821e-13,0.0000568422
0,7.868662,7.10543e-15,0.00119531
0,1.019414,3.55271e-15,0.00184409
0,1.018847,2.66454e-15,0.000937440
0,9.199971,1.15463e-14,0.0000383929
0,1.025399,7.99361e-15,0.000945950
0,4.095101,3.55271e-15,0.000985306
0,1.015478,5.32907e-15,0.000709017
0,4.022132,1.30562e-13,0.00182477
0,6.342514,2.39808e-14,0.00226734
0,1.020245,2.66454e-15,0.00108430
0,7.551883,1.33227e-14,0.000809779
0,4.99121,5.32907e-15,0.000675091
0,1.014054,3.28626e-14,0.000550217
0,1.017665,2.75335e-14,0.00113748
0,1.022779,8.77520e-13,0.00152840
0,1.420183,6.21725e-15,0.00162424
0,4.435183,3.55271e-15,0.000896621
0,6.186536,1.33227e-14,0.00114107
0,11.23272,1.77636e-14,0.000991459
0,1.018477,1.68754e-14,0.000720830
0,3.724363,3.55271e-15,0.00154925
0,1.021539,1.77636e-15,0.00140286
0,6.373597,5.32907e-15,0.00103383
0,1.016742,5.70211e-13,0.000923968
0,1.020521,3.64153e-14,0.000351141
0,1.025462,3.55271e-14,0.000903356
0,1.017202,5.32907e-15,0.000422691
0,1.010497,8.88178e-15,0.00104657
0,4.351673,4.05898e-13,0.0000505586
0,1.011925,1.77636e-15,0.000608695
0,1.020553,5.32907e-15,0.00133566
0,4.322505,3.39284e-13,0.00112043
0,1.020749,1.77636e-15,0.00207878
0,4.468125,8.88178e-15,0.00174667
0,1.015168,1.77636e-15,0.00101349
0,1.01927,1.93623e-13,0.00116784
0,1.029437,1.77636e-15,0.00105409
0,3.488145,5.48894e-13,0.00218041
0,1.027899,2.66454e-15,0.000109700
0,1.023803,3.10862e-14,0.00175282
0,1.010143,1.77636e-15,0.00155485
0,2.984019,8.88178e-15,0.000845985
0,2.525526,5.32907e-15,0.00218005
0,2.189386,7.10543e-15,0.00000245509
0,22.33655,3.01981e-14,0.000295366
0,1.014848,3.55271e-15,0.000555877
0,3.358714,8.88178e-15,0.000997802
0,15.12976,1.42109e-14,0.000959075
0,1.021892,4.08562e-14,0.000455883
0,7.313556,1.24345e-14,0.000225969
0,1.021807,2.66454e-15,0.00133943
0,1.026651,3.46390e-14,0.00107233
0,1.017944,1.77636e-15,0.000830854
0,5.225801,1.59872e-14,0.00143893
0,2.048222,1.77636e-15,0.00342236
0,1.013396,2.66454e-15,0.000253718
0,6.91453,1.33227e-14,0.000445119
0,1.917237,2.66454e-15,0.00239790
0,1.022444,3.55271e-15,0.00130950
0,1.03154,1.77636e-15,0.000614171
0,13.81589,1.50990e-14,0.000752898
0,1.933487,3.55271e-15,0.00207539
0,4.262393,1.33227e-13,0.00254957
0,4.073094,6.21725e-15,0.000629244
0,3.381731,4.44089e-15,0.00152186
0,1.019102,4.44089e-15,0.000967381
0,1.013807,5.32907e-15,0.00166311
0,1.024357,7.10543e-15,0.00196777
0,1.018081,4.44089e-15,0.000831457
0,2.033128,5.32907e-15,0.000527940
0,2.67609,2.66454e-15,0.00217017
0,1.010251,7.55840e-13,0.000378102
0,1.01523,1.77636e-15,0.000610614
0,13.81467,2.30926e-14,0.00108147
0,4.631293,3.55271e-15,0.00122824
0,2.267352,3.73035e-14,0.00236418
0,1.024021,2.66454e-15,0.000295411
0,9.383035,5.32907e-15,0.00158125
0,1.025759,2.04281e-14,0.000241204
0,12.94583,1.06581e-14,0.000994195
0,1.026034,8.88178e-16,0.0000673182
0,1.03695,2.66454e-15,0.000894400
0,18.49338,2.84217e-14,0.000182849
0,1.017499,1.33227e-14,0.00152877
0,1.021062,2.78000e-13,0.000943889
0,1.024952,6.21725e-15,0.000700374
0,8.291431,5.50671e-14,0.00200001
0,1.462248,7.10543e-15,0.00200747
0,6.903982,7.99361e-15,0.000174475
0,1.004956,2.66454e-15,0.00114797
0,1.022341,1.20792e-13,0.0000124939
0,11.6167,7.10543e-15,0.00102934
0,3.547812,3.55271e-15,0.00130364
0,1.023231,3.55271e-15,0.000973420
0,1.02118,2.84217e-14,0.00132401
0,4.753899,4.44089e-15,0.00183468
0,2.819304,1.24345e-14,0.00176422
0,11.69724,6.21725e-15,0.000576651
0,2.793976,2.66454e-15,0.00225706
0,1.029813,1.77636e-15,0.000957506
0,1.020001,3.55271e-15,0.000607150
0,1.030204,1.77636e-15,0.00100359
0,1.533509,1.77636e-15,0.00158452
0,1.027316,1.67866e-13,0.00158650
0,9.550343,7.10543e-15,0.000821974
0,7.386114,1.42109e-14,0.000448731
0,1.016624,3.55271e-15,0.00104695
0,1.012303,2.17604e-13,0.000278462
0,1.026756,3.55271e-15,0.00134335
0,1.019143,7.10543e-14,0.00111394
0,5.142513,4.44089e-15,0.00143589
0,6.408487,2.13163e-14,0.00118719
0,1.01832,3.73035e-14,0.000758801
0,1.027029,1.77636e-15,0.000105866
0,3.049363,7.10543e-15,0.0000492124
0,1.018038,5.77316e-13,0.000170840
0,1.002315,2.66454e-15,0.000109118
0,17.22159,2.84217e-14,0.000574507
0,4.972825,1.06581e-14,0.0000232469
0,2.574039,4.44089e-15,0.00111659
0,1.014802,1.77636e-15,0.000732066
0,1.759513,8.88178e-16,0.00232142
0,11.3629,1.42109e-14,0.00177330
0,4.66932,9.76996e-15,0.00124286
0,3.684301,1.95399e-14,0.000806504
0,3.709182,5.32907e-15,0.00188787
0,2.571503,3.39284e-13,0.00274384
0,1.027628,2.66454e-15,0.00103140
0,1.022159,1.59872e-13,0.00160070
0,1.016293,1.77636e-15,0.00159001
0,1.011202,1.77636e-15,0.00181620
0,9.817018,9.76996e-15,0.000768081
0,13.97189,5.32907e-15,0.000834709
0,1.018775,3.01981e-14,0.00157834
0,1.005789,2.66454e-15,0.00134208
0,1.000868,2.66454e-15,0.00102715
0,1.040707,2.40696e-13,0.000194501
0,1.019708,1.77636e-15,0.00123984
0,3.388533,3.55271e-15,0.00351291
0,2.007305,2.66454e-15,0.00147962
0,1.007051,3.37508e-14,0.00178422
0,4.374724,8.88178e-15,0.00121661
0,1.941724,3.55271e-15,0.00219111
0,1.020596,4.50306e-13,0.00174664
0,2.397628,6.92779e-14,0.00326153
0,1.017423,2.66454e-15,0.00119458
0,1.015267,6.21725e-15,0.000117835
0,7.043778,1.50990e-14,0.00111457
0,1.012304,1.77636e-15,0.00178525
0,16.45053,2.84217e-14,0.000968410
0,1.027324,3.55271e-15,0.00215265
0,1.025349,4.44089e-15,0.000979483
0,9.086669,1.15463e-14,0.000250463
0,1.021123,3.55271e-15,0.000277626
0,1.970081,3.55271e-15,0.00396089
0,1.03149,2.06057e-13,0.00174452
0,28.0903,3.28626e-14,0.000188119
0,4.200328,5.32907e-15,0.00152794
0,1.014761,3.55271e-15,0.00122269
0,5.656839,5.32907e-15,0.00117288
0,2.383858,2.66454e-15,0.00254408
0,2.62867,4.55636e-13,0.0000551828
0,1.012639,3.10862e-14,0.000784649
0,1.016944,5.32907e-15,0.000124675
0,13.05757,1.77636e-14,0.0000119737
0,4.181007,1.49214e-13,0.00281922
0,3.821224,1.77636e-15,0.00370454
0,6.2621,3.55271e-15,0.00194236
0,1.015413,1.77636e-15,0.00159320
0,2.34088,3.55271e-15,0.000499231
0,6.781324,3.55271e-15,0.000598645
0,1.594774,1.38556e-13,0.00151000
0,5.443955,7.99361e-15,0.00165621
0,1.019877,8.11795e-13,0.000564986
0,1.877307,3.01981e-14,0.00138262
0,1.015217,1.74083e-13,0.000704020
0,3.220868,3.55271e-15,0.000605577
0,5.188416,6.21725e-15,0.00250969
0,1.028457,2.66454e-15,0.00132531
0,2.741716,1.77636e-15,0.00238631
0,1.011586,3.55271e-15,0.00111431
0,1.020559,2.48690e-14,0.000710394
0,1.020685,1.77636e-15,0.00143418
0,6.073432,3.55271e-15,0.000316187
0,1.017905,1.77636e-15,0.000158465
0,1.016916,2.39808e-14,0.00101664
0,1.014795,3.55271e-15,0.00187698
0,14.37863,3.55271e-14,0.000667894
0,3.816258,5.32907e-15,0.00117524
0,3.246501,5.32907e-15,0.000363572
0,31.76338,9.50351e-14,0.000870043
0,1.145217,1.77636e-15,0.00161100
0,1.012584,1.66089e-13,0.000290496
0,17.6589,1.77636e-14,0.00119375
0,1.973384,1.95399e-14,0.00278049
0,1.017397,5.32907e-15,0.00192824
0,45.47774,4.08562e-14,0.000510830
0,1.007435,2.66454e-15,0.00122183
0,3.567034,1.06581e-14,0.00102931
0,1.024906,1.06581e-14,0.00185893
0,1.017365,7.10543e-15,0.000703030
0,1.58012,2.66454e-15,0.00249420
0,1.021896,5.09814e-13,0.000985171
0,1.024976,1.77636e-15,0.000869274
0,1.03678,7.10543e-15,0.000276868
0,2.022199,3.55271e-15,0.00167147
0,1.01085,6.38600e-13,0.00142958
0,7.12095,1.23457e-13,0.00165573
0,13.92351,1.24345e-14,0.000776200
0,1.029583,2.93099e-14,0.000896262
0,1.020931,2.46914e-13,0.000656245
0,1.016225,1.77636e-15,0.000681380
0,3.022574,3.55271e-15,0.00242284
0,1.020309,2.66454e-15,0.00111095
0,1.041435,1.77636e-15,0.000737060
0,1.594775,5.32907e-15,0.00115556
0,1.015904,1.77636e-15,0.000452065
0,1.027216,3.55271e-15,0.000181284
0,2.4736,2.66454e-15,0.00107117
0,3.446479,3.55271e-15,0.00182262
0,5.825662,5.32907e-15,0.000875527
0,1.027262,2.66454e-15,0.000606504
0,3.650469,4.44089e-15,0.00205632
0,6.299926,8.88178e-15,0.00147845
0,1.023572,1.77636e-15,0.000900174
0,1.023027,3.46390e-14,0.00146947
0,1.016505,6.21725e-15,0.00133248
0,1.038841,1.77636e-15,0.00161994
0,1.03698,1.77636e-15,0.000653239
0,4.443989,5.32907e-15,0.000864114
0,14.53542,2.57572e-14,0.000133980
0,4.595731,7.10543e-15,0.0000262851
0,3.499753,2.39808e-14,0.00270006
0,1.094172,1.06581e-14,0.000963093
0,3.460964,1.77636e-15,0.00143817
0,2.441209,1.77636e-15,0.00263668
0,2.61918,1.42109e-14,0.00356817
0,1.019932,1.50990e-14,0.00183398
0,1.016913,1.59872e-14,0.000639942
0,1.018374,3.55271e-15,0.000732036
0,1.021168,2.48690e-14,0.00135924
0,1.025505,7.99361e-14,0.00107699
0,1.017289,2.66454e-15,0.000399385
0,2.887409,8.88178e-15,0.00303491
0,2.597684,6.48370e-14,0.000567000
0,1.021729,6.21725e-15,0.000951006
0,21.43535,2.22045e-14,0.000731672
0,1.012938,1.77636e-15,0.000300773
0,5.038682,7.10543e-15,0.000432212
0,1.055453,1.77636e-15,0.000293158
0,31.58229,3.19744e-14,0.000255331
0,1.006469,5.91527e-13,0.000620533
0,9.038897,6.30607e-14,0.00106189
0,1.023283,6.21725e-15,0.00151622
0,4.098996,1.24345e-14,0.00238460
0,1.01897,4.44089e-15,0.000893824
0,1.017748,1.77636e-15,0.000325820
0,1.797443,3.55271e-15,0.000676563
0,1.003046,2.66454e-15,0.000586670
0,1.019381,5.32907e-15,0.000366550
0,2.583857,1.77636e-15,0.00253415
0,1.015756,3.55271e-15,0.00191259
0,1.017683,2.66454e-15,0.00147253
0,4.357326,1.06581e-14,0.00255826
0,7.455305,4.44089e-14,0.00163083
0,1.017971,1.77636e-15,0.0000471792
0,1.023067,8.88178e-16,0.00125239
0,1.005139,1.77636e-15,0.00188248
0,11.97211,1.50990e-14,0.000230009
0,6.651503,1.15463e-14,0.000854366
0,1.029243,2.12275e-13,0.00207923
0,1.01996,2.93099e-14,0.000756442
0,15.85681,1.33227e-14,0.000813291
0,0.9924861,2.66454e-15,0.000814001
0,1.024434,2.66454e-15,0.00000972795
0,1.025454,1.77636e-15,0.000525050
0,29.99783,5.68434e-14,0.000104259
0,1.022209,1.77636e-15,0.000418763
0,5.183473,7.10543e-15,0.000130075
0,1.43966,3.19744e-14,0.00272446
0,2.683874,2.66454e-15,0.00244696
0,1.004037,4.44089e-15,0.000636238
0,1.0158,3.55271e-15,0.000856605
0,1.024917,1.77636e-15,0.0000321340
0,1.010727,5.41789e-14,0.000651369
0,13.75332,2.57572e-14,0.000398106
0,1.021076,1.42109e-14,0.000660289
0,1.030018,5.32907e-15,0.00138769
0,1.014513,6.66134e-14,0.000706959
0,0.9996759,1.77636e-15,0.000190779
0,1.719668,1.77636e-15,0.00352091
0,1.011529,2.66454e-15,0.000887453
0,7.59006,1.06581e-14,0.000774695
0,1.454753,2.66454e-15,0.000677796
0,3.261459,5.32907e-15,0.000125592
0,1.995235,1.77636e-15,0.00199546
0,2.110971,8.88178e-15,0.00355211
0,0.9854628,7.10543e-15,0.00122287
0,1.083134,9.38805e-13,0.00126597
0,38.07786,1.52767e-13,0.000274597
0,1.018063,6.33271e-13,0.00171937
0,1.012719,1.77636e-15,0.00135856
0,1.015928,3.28626e-14,0.000214045
0,9.907389,1.15463e-14,0.00156186
0,1.018185,3.37508e-13,0.0000997983
0,1.017091,1.77636e-15,0.00136460
0,2.329226,3.55271e-15,0.00262253
0,0.9974885,4.44089e-15,0.000180835
0,2.531213,4.44089e-15,0.00199033
0,1.029324,3.55271e-15,0.00120007
0,1.016393,5.32907e-15,0.00130507
0,14.10159,2.13163e-14,0.000278528
0,1.021792,3.55271e-15,0.000899642
0,1.024679,6.78568e-13,0.000685778
0,1.02716,2.28262e-13,0.000436765
0,5.268932,8.88178e-15,0.00262316
0,8.59285,3.55271e-15,0.000692414
0,5.461203,8.88178e-15,0.00111947
0,1.02139,1.92735e-13,0.00179789
0,1.025088,1.77636e-15,0.000200120
0,1.023346,5.32907e-15,0.000498711
0,1.017336,3.55271e-15,0.00195144
0,14.5282,1.24345e-14,0.000601913
0,1.415738,3.55271e-15,0.0000644214
0,1.022916,5.32907e-15,0.000683883
0,1.014046,2.57572e-14,0.00128859
0,6.187102,8.88178e-15,0.000822618
0,7.679491,1.06581e-14,0.00179932
0,10.25157,2.13163e-14,0.000992376
0,7.207702,1.24345e-14,0.000415809
0,1.020059,9.76996e-15,0.00128876
0,1.013826,3.55271e-15,0.0000799468
0,1.019823,2.66454e-15,0.000584916
0,1.025354,1.62537e-13,0.00124109
0,25.22059,4.61853e-14,0.000176678
0,1.037577,2.66454e-15,0.000901714
0,8.568108,7.10543e-15,0.000864594
0,1.006913,5.32907e-15,0.00106707
0,6.151539,7.99361e-15,0.00123824
0,0.9942217,2.66454e-14,0.000939091
0,1.024937,4.44089e-15,0.000267785
0,5.048941,7.99361e-14,0.000378062
0,4.032188,8.88178e-15,0.00293707
0,1.034606,2.66454e-14,0.000127615
0,1.020544,5.25802e-13,0.000548951
0,4.66273,2.13163e-14,0.00274317
0,1.015433,1.77636e-15,0.00148003
0,1.070021,2.41585e-13,0.00153377
0,9.651489,1.59872e-14,0.00128092
0,3.325492,2.66454e-15,0.00180673
0,2.361063,2.66454e-14,0.00198121
0,1.024764,1.21680e-13,0.00108659
0,1.011965,7.10543e-15,0.00121315
0,1.010641,2.49578e-13,0.00168180
0,3.005029,5.32907e-15,0.00124488
0,14.00317,1.15463e-14,0.000535941
0,1.020563,3.55271e-15,0.000284044
0,1.022314,5.15143e-14,0.000317252
0,1.023,1.77636e-15,0.00122565
0,3.64724,3.55271e-15,0.00208822
0,1.018765,9.36140e-13,0.000800609
0,1.026216,4.44089e-14,0.00123504
0,10.281,1.77636e-14,0.000414235
0,1.302903,1.77636e-15,0.00160627
0,1.022548,5.32907e-15,0.0000896518
0,4.765231,7.10543e-15,0.000401548
0,9.739173,1.68754e-13,0.00191107
0,10.3462,1.50990e-14,0.0000814074
0,1.017878,8.08242e-14,0.00146826
0,1.036238,4.67182e-13,0.000782134
0,1.024689,2.66454e-15,0.000874465
0,1.016484,6.21725e-15,0.00186820
0,1.019235,2.66454e-15,0.000252769
0,1.019902,2.30926e-14,0.00141888
0,8.113106,4.44089e-15,0.000688587
0,1.033997,2.66454e-15,0.000347689
0,1.018501,3.55271e-15,0.00113324
0,14.09716,9.76996e-15,0.000781969
0,19.6813,6.48370e-14,0.0000355232
0,3.42562,5.32907e-15,0.000952149
0,5.433834,7.10543e-15,0.000148206
0,1.009535,1.77636e-15,0.000733336
0,1.023163,1.77636e-15,0.0000795862
0,2.323965,4.44089e-15,0.000561788
0,1.01894,4.52083e-13,0.000100209
0,1.021411,1.77636e-15,0.00114154
0,1.019344,3.55271e-15,0.00141683
0,1.02108,5.32907e-15,0.00106707
0,1.023957,1.77636e-15,0.000294080
0,1.847806,5.32907e-15,0.00138304
0,1.01273,1.50990e-14,0.00180591
0,2.31842,1.77636e-15,0.00191709
0,3.319846,3.55271e-15,0.000955569
0,1.021649,5.15143e-14,0.00125783
0,20.11433,2.66454e-14,0.000244732
0,11.71781,2.39808e-14,0.000122530
0,1.032985,5.32907e-13,0.00199243
0,1.018994,3.55271e-15,0.00101502
0,1.015841,2.39808e-14,0.000174239
0,2.098332,2.39808e-14,0.00271355
0,1.013635,1.77636e-15,0.000808299
0,2.826767,7.10543e-15,0.00274940
0,5.367549,1.06581e-14,0.00175687
0,1.775656,3.29514e-13,0.00378542
0,1.027415,5.32907e-15,0.000415829
0,1.008393,4.44089e-15,0.000877480
0,1.017499,4.61853e-14,0.000962292
0,1.021349,4.79616e-14,0.000756775
0,1.014894,1.39444e-13,0.00113958
0,1.016399,3.55271e-14,0.00172467
0,9.313643,3.73035e-14,0.00197499
0,4.743267,6.08402e-13,0.00263520
0,5.742435,6.21725e-15,0.000503700
0,2.30828,1.77636e-15,0.00111346
0,8.412642,7.99361e-15,0.00111713
0,1.015336,9.76996e-15,0.00122777
0,1.018503,3.10862e-14,0.00126175
0,4.899013,5.32907e-15,0.00157716
0,1.016027,1.77636e-15,0.00101209
0,1.023068,6.21725e-15,0.000708939
0,1.023728,3.55271e-15,0.000526116
0,4.057869,1.06581e-14,0.000592069
0,1.012949,4.44089e-15,0.0000109927
0,1.025209,3.55271e-15,0.00182178
0,1.030628,3.55271e-15,0.000269257
0,2.206061,5.32907e-15,0.00203514
0,1.014669,5.32907e-15,0.000284968
0,1.027613,1.48326e-13,0.00170864
0,1.026468,1.77636e-15,0.000209163
0,1.030432,3.55271e-15,0.00151840
0,1.021314,3.55271e-15,0.00146343
0,1.906493,9.68114e-14,0.0000889649
0,1.008579,1.10134e-13,0.00101371
0,1.021373,2.66454e-15,0.00112097
0,2.845141,1.59872e-13,0.00262074
0,1.005697,5.32907e-15,0.00120472
0,1.01425,1.07470e-13,0.0000101413
0,1.015521,1.77636e-15,0.0000175470
0,1.774485,4.44089e-15,0.000383329
0,1.695934,2.22045e-14,0.000450863
0,1.025122,1.15463e-14,0.00108074
0,1.587355,5.32907e-15,0.00255895
0,1.02354,1.77636e-15,0.00166498
0,2.422267,6.21725e-15,0.00333506
0,1.009942,4.44089e-15,0.000661443
0,1.030651,2.66454e-15,0.00199129
0,1.026427,2.66454e-15,0.000562388
0,2.510038,3.55271e-15,0.000513459
0,1.012763,5.77316e-14,0.000110952
0,1.017119,1.77636e-15,0.000606764
0,7.892892,1.15463e-14,0.00211284
0,1.022265,1.36779e-13,0.000999243
0,24.33361,6.57252e-14,0.000279334
0,3.149996,7.10543e-15,0.00153247
0,1.015832,1.77636e-15,0.00125566
0,1.019739,8.88178e-15,0.00159710
0,2.496181,3.55271e-15,0.00383158
0,5.709029,8.88178e-15,0.000130009
0,1.026027,1.06581e-14,0.000492939
0,1.016288,1.77636e-15,0.00126248
0,1.393229,1.77636e-15,0.00112519
0,1.013998,4.08562e-14,0.000347975
0,11.29192,3.01981e-14,0.000103027
0,4.250289,2.93099e-14,0.000642388
0,1.012892,7.10543e-15,0.000317686
0,2.559342,3.55271e-15,0.00210920
0,6.820147,2.30926e-14,0.00166871
0,2.904339,5.07150e-13,0.00299873
0,12.26965,1.15463e-14,0.00152332
0,2.828972,2.93099e-14,0.000418424
0,1.017512,2.66454e-15,0.000459215
0,3.385626,3.55271e-15,0.00285759
0,4.80627,6.21725e-15,0.00113429
0,1.034127,7.10543e-15,0.000492746
0,1.024325,4.44089e-15,0.000429335
0,9.307817,8.88178e-15,0.000139548
0,7.640828,1.06581e-14,0.000916914
0,1.022412,6.01297e-13,0.00138941
0,1.011711,1.77636e-15,0.00135240
0,5.599002,6.21725e-15,0.00143891
0,1.016901,5.32907e-15,0.000438282
0,1.021122,1.77636e-15,0.000388140
0,1.01444,3.51719e-13,0.000906142
0,4.634395,3.55271e-15,0.00222981
0,1.502682,8.88178e-16,0.00302018
0,18.76564,4.79616e-14,0.000916320
0,1.419522,2.66454e-15,0.000635164
0,1.025392,2.66454e-15,0.00174627
0,8.042934,3.01981e-14,0.00146111
0,1.033314,5.32907e-15,0.00193288
0,2.892295,7.10543e-15,0.00299912
0,2.166701,3.73035e-14,0.000994858
0,3.263458,9.76996e-15,0.00103558
0,4.308167,1.68754e-14,0.00120303
0,1.012221,4.44089e-15,0.00161770
0,0.9976761,1.77636e-15,0.000474803
0,38.45119,4.26326e-14,0.000167084
0,1.022823,4.44089e-15,0.000869587
0,1.034271,2.66454e-15,0.00146264
0,1.019205,3.55271e-14,0.000606940
0,1.015553,5.32907e-15,0.00123966
0,3.923747,3.55271e-15,0.00182884
0,1.01759,8.88178e-16,0.000978872
0,1.021198,7.99361e-15,0.00117777
0,2.152401,6.21725e-15,0.000436132
0,6.084674,3.09974e-13,0.000293397
0,1.013981,1.24345e-14,0.00140829
0,1.021011,1.77636e-15,0.000368586
0,1.023013,3.55271e-15,0.00191412
0,2.936923,7.10543e-15,0.00332113
0,4.768044,6.21725e-15,0.000372146
0,1.015569,2.14051e-13,0.00192454
0,3.732961,1.06581e-14,0.000426527
0,1.021142,8.04690e-13,0.000694157
0,1.020882,1.77636e-15,0.000671966
0,1.034565,1.77636e-15,0.00149009
0,1.021644,1.77636e-15,0.000856453
0,2.763968,3.55271e-15,0.00126010
0,1.020885,3.55271e-15,0.00120495
0,1.020392,3.55271e-15,0.000417996
0,1.016473,2.66454e-15,0.000910210
0,1.015193,1.15463e-14,0.000472245
0,1.025979,3.55271e-15,0.000164430
0,8.030492,6.21725e-15,0.00117835
0,1.034399,4.44089e-15,0.000689066
0,2.986217,8.88178e-15,0.00294351
0,1.013981,1.77636e-15,0.000943927
0,1.022777,3.55271e-15,0.000738986
0,2.177357,3.55271e-15,0.00307297
0,1.03089,6.82121e-13,0.000168036
0,3.001153,3.55271e-15,0.00248194
0,1.016265,1.77636e-15,0.000205541
0,8.625725,6.21725e-15,0.00100897
0,1.018793,2.66454e-15,0.000754272
0,1.024471,2.66454e-15,0.00105488
0,18.93478,4.61853e-14,0.000804011
0,1.038537,3.55271e-15,0.000577527
0,4.885828,3.55271e-15,0.00176613
0,1.019899,8.69527e-13,0.00000192988
0,2.827008,1.24345e-14,0.00159241
0,5.729767,1.15463e-14,0.000696053
0,1.024713,1.77636e-15,0.00168531
0,7.498577,7.10543e-15,0.00100795
0,1.024319,2.66454e-15,0.00146132
0,6.517764,4.79616e-13,0.000947989
0,3.960159,4.44089e-15,0.00127689
0,1.021012,2.66454e-14,0.000682185
0,6.339737,5.32907e-15,0.00200776
0,5.344206,3.55271e-15,0.00115732
0,1.023243,5.32907e-15,0.000943452
0,1.174711,2.48690e-14,2.76380e-7
0,3.460049,1.06581e-14,0.00293565
0,2.67034,3.55271e-15,0.000864099
0,5.084853,5.32907e-15,0.00208617
0,1.019822,3.55271e-15,0.00133471
0,1.016926,2.66454e-15,0.000956216
0,1.40855,1.77636e-15,0.00125823
0,1.018461,6.21725e-15,0.00102646
0,1.017068,3.73035e-14,0.00140017
0,1.014849,3.40172e-13,0.00113020
0,1.011698,3.55271e-15,0.00140407
0,1.018262,6.12843e-14,0.00114624
0,7.885304,8.88178e-15,0.000903074
0,1.02626,2.66454e-15,0.000634087
0,1.009231,8.88178e-16,0.000616662
0,1.018656,7.10543e-15,0.000994294
0,2.885898,4.44089e-15,0.00226417
0,1.013557,3.55271e-15,0.000857024
0,1.017346,5.77316e-14,0.00154294
0,1.808226,3.55271e-15,0.00282664
0,1.017562,1.77636e-15,0.00145176
0,1.018513,2.48690e-14,0.000360499
0,1.019453,7.99361e-15,0.0000651229
0,2.004633,3.55271e-15,0.00287672
0,5.937331,9.76996e-15,0.000133029
0,3.539253,3.55271e-15,0.00151375
0,1.02028,5.32907e-15,0.00171576
0,10.65287,7.99361e-15,0.000876136
0,1.013358,6.29718e-13,0.00119684
0,4.55446,6.21725e-15,0.000935709
0,10.23835,1.88294e-13,0.000357716
0,1.74755,4.44089e-15,0.000783466
0,1.098897,3.55271e-15,0.000406615
0,1.018437,3.55271e-15,0.00122235
0,1.017806,9.32587e-14,0.000183844
0,1.018266,1.77636e-15,0.00140400
0,0.9990098,3.01092e-13,0.00143878
0,1.017903,8.88178e-15,0.00124043
0,3.317096,8.88178e-15,0.00269656
0,18.63443,2.13163e-14,0.00126774
0,3.548633,5.32907e-15,0.000110011
0,2.136621,4.44089e-15,0.00189394
0,1.020703,1.77636e-15,0.000395872
0,1.006033,1.77636e-15,0.000436471
0,1.50515,1.77636e-13,0.00187542
0,1.030114,8.88178e-15,0.000208791
0,1.028375,2.66454e-15,0.000281666
0,1.022639,2.13163e-14,0.00123641
0,1.014015,2.66454e-15,0.00146373
0,4.177302,1.33227e-14,0.00228974
0,7.47636,1.95399e-14,0.000883884
0,1.026583,5.32907e-15,0.00116746
0,1.017232,3.55271e-15,0.00109110
0,9.924053,4.61853e-14,0.0000364780
0,5.38381,9.32587e-14,0.00196599
0,6.882848,8.88178e-15,0.00125743
0,2.5763,2.30926e-14,0.0000687699
0,21.74361,1.77636e-14,0.0000866924
0,8.388567,7.10543e-15,0.000701483
0,1.019131,2.66454e-15,0.00207130
0,1.021091,3.55271e-15,0.000141452
0,1.021745,3.97904e-13,0.00125537
0,3.259118,3.55271e-15,0.00126039
0,1.021853,5.68434e-14,0.00128063
0,1.021908,4.08562e-14,0.000204897
0,1.01305,4.44089e-15,0.00141434
0,1.026697,4.44089e-15,0.00184618
0,4.635094,6.21725e-15,0.000543870
0,4.497393,7.10543e-15,0.00215526
0,1.023846,5.32907e-15,0.00126488
0,1.021382,2.66454e-15,0.000235052
0,1.010356,3.55271e-15,0.00136381
0,2.514231,2.66454e-15,0.00279351
0,1.015543,1.24345e-14,0.000516396
0,4.038797,3.55271e-15,0.00101603
0,1.026942,1.77636e-15,0.0000641960
0,1.022227,2.09610e-13,0.000388363
0,5.650616,7.10543e-15,0.00119812
0,1.018832,2.66454e-15,0.000819767
0,1.024685,2.66454e-15,0.000162502
0,2.171216,2.70006e-13,0.00176575
0,1.37923,2.66454e-15,0.000860047
0,1.018086,4.44089e-15,0.00131551
0,4.297377,4.44089e-15,0.00193676
0,8.895259,1.68754e-14,0.000475780
0,2.980207,1.77636e-15,0.00306542
0,1.025111,8.26006e-14,0.00127012
0,1.01385,1.77636e-15,0.00197701
0,1.012283,2.04281e-14,0.00144684
0,4.179619,3.55271e-15,0.00108689
0,1.024863,3.55271e-15,0.000987463
0,1.919267,2.66454e-15,0.00148569
0,13.0096,1.59872e-14,0.00211164
0,1.015056,2.66454e-15,0.000233191
0,1.025757,1.57208e-13,0.00166242
0,1.029331,2.66454e-15,0.000421636
0,2.214169,6.19060e-13,0.00121597
0,10.19942,9.76996e-14,0.000537991
0,1.017179,9.37916e-13,0.00197154
0,3.494894,9.76996e-15,0.000999253
0,19.9955,2.66454e-14,0.000669372
0,1.010867,2.66454e-15,0.000917313
0,3.34359,4.97380e-14,0.000612952
0,1.325164,1.02141e-13,0.00177139
0,1.024826,2.66454e-15,0.000858365
0,0.9854884,2.66454e-15,0.00116496
0,1.018843,1.68754e-14,0.000239489
0,1.018911,6.21725e-15,0.000354606
0,1.027117,1.95399e-14,0.0000857413
0,9.341723,2.22045e-14,0.000950959
0,1.030024,3.55271e-15,0.0000260232
0,1.019826,1.77636e-15,0.00134479
0,1.017688,1.01252e-13,0.00128282
0,2.767415,7.10543e-15,0.00318836
0,1.027126,4.44089e-15,0.000411455
0,1.008674,1.77636e-15,0.00100605
0,1.014072,2.66454e-15,0.00149348
0,1.023505,1.77636e-15,0.000751107
0,1.026134,3.55271e-15,0.00186024
0,1.020253,1.86517e-14,0.000928147
0,1.028273,3.38396e-13,0.00169840
0,11.42226,1.24345e-14,0.000521753
0,1.017453,2.66454e-15,0.00175376
0,1.014874,1.77636e-15,0.000209828
0,1.018977,2.66454e-15,0.000716775
0,1.943874,5.32907e-15,0.00147225
0,1.020991,7.99361e-15,0.00108493
0,11.1881,4.44089e-15,0.000483760
0,1.027435,4.44089e-15,0.000428501
0,1.017334,9.94760e-14,0.00205918
0,1.025878,3.73035e-14,0.000417465
0,1.015042,3.55271e-15,0.00000523268
0,1.013465,1.48326e-13,0.000221463
0,1.036479,2.75335e-14,0.000404836
0,1.0188,1.42109e-14,0.00184345
0,14.10774,1.68754e-14,0.000679778
0,1.030184,3.55271e-15,0.00114488
0,1.024052,2.66454e-15,0.0000484687
0,1.049288,1.15463e-14,0.00138755
0,3.389035,2.66454e-15,0.000461171
0,1.01513,2.66454e-15,0.00154713
0,1.381476,5.32907e-15,0.00235704
0,1.020974,5.32907e-15,0.00110944
0,1.019354,3.55271e-15,0.00152586
0,1.029398,3.55271e-15,0.000376888
0,15.36872,1.06581e-14,0.000427343
0,1.016115,3.55271e-15,0.00112407
0,7.047707,2.22045e-14,0.00113444
0,2.357505,1.77636e-15,0.00268543
0,1.018502,8.88178e-15,0.00169669
0,1.387831,2.66454e-15,0.00316297
0,1.02626,1.62537e-13,0.000276474
0,14.83773,1.77636e-14,0.000489435
0,1.020917,4.26326e-14,0.00116123
0,1.018186,2.66454e-15,0.00117305
0,1.02361,7.10543e-15,0.00131616
0,1.384239,2.66454e-15,0.00178727
0,2.76638,3.55271e-15,0.00238354
0,1.013546,3.55271e-15,0.000648525
0,1.01703,1.77636e-15,0.000245707
0,1.004916,1.77636e-15,0.00129366
0,1.533141,1.39444e-13,0.00211579
0,3.903026,4.96492e-13,0.00283536
0,1.028186,2.66454e-15,0.000771149
0,1.368736,1.36779e-13,0.00174249
0,1.018588,1.77636e-15,0.000721242
0,2.666637,6.21725e-15,0.00317360
0,1.025085,2.66454e-15,0.00147360
0,15.92331,2.93099e-14,0.000134854
0,4.734134,7.10543e-15,0.000720477
0,1.0336,2.66454e-15,0.000977312
0,1.01107,3.73035e-14,0.00164204
0,6.814736,2.04281e-14,0.00147558
0,3.993653,1.24345e-14,0.000372228
0,15.488,1.16351e-13,0.00144832
0,3.899854,5.32907e-15,0.00168020
0,3.954674,1.24345e-14,0.000806398
0,1.011767,1.77636e-15,0.000562148
0,21.96849,3.46390e-14,0.000112091
0,1.023858,5.32907e-15,0.00170164
0,0.9999771,5.32907e-15,0.0000678304
0,1.016179,3.55271e-15,0.000969479
0,1.017526,2.66454e-15,0.00175941
0,4.229854,4.44089e-15,0.00299417
0,1.013765,2.66454e-15,0.000606147
0,1.016473,1.77636e-15,0.000498153
0,1.026608,5.32907e-14,0.00100260
0,5.819358,4.44089e-15,0.00273786
0,1.013619,2.66454e-15,0.000498352
0,1.026964,1.50990e-14,0.000318721
0,1.023119,6.21725e-15,0.000731886
0,2.618377,4.44089e-15,0.00190492
0,1.011969,2.66454e-15,0.000915076
0,1.009979,7.10543e-15,0.000160714
0,1.021645,5.32907e-15,0.00110897
0,1.01669,2.66454e-15,0.000596702
0,2.342404,1.24345e-14,0.00385547
0,1.018929,1.77636e-15,0.000465766
0,1.022735,1.15463e-14,0.00177210
0,1.012259,2.66454e-15,0.000668806
0,1.019334,8.88178e-15,0.000323182
0,1.052078,5.32907e-15,0.0000484781
0,1.01155,3.55271e-15,0.000238444
0,1.7654,7.99361e-15,0.00299621
0,1.031561,1.77636e-15,0.000772220
0,1.017402,2.90434e-13,0.000966267
0,1.020032,5.32907e-15,0.000731352
0,1.950596,6.21725e-15,0.00192150
0,1.0205,6.21725e-15,0.00178962
0,7.09354,7.10543e-15,0.00163018
0,1.021413,3.55271e-15,0.00165016
0,6.157616,1.42109e-14,0.00115965
0,2.699781,3.55271e-15,0.00150045
0,1.012693,2.04281e-14,0.00183820
0,1.020586,1.66089e-13,0.00182493
0,1.023747,1.77636e-15,0.00144855
0,2.273603,3.55271e-15,0.00256752
0,15.48083,3.46390e-14,0.0000927366
0,1.013926,1.07470e-13,0.000608654
0,1.017845,3.55271e-15,0.00155507
0,1.024263,1.77636e-15,0.000927618
0,1.021633,1.00364e-13,0.00106865
0,1.015918,6.03961e-14,0.000285685
0,1.023806,2.66454e-15,0.00182540
0,4.54221,1.14575e-13,0.00226497
0,1.068343,3.55271e-15,0.00138351
0,2.495712,2.66454e-15,0.00208216
0,1.024468,4.44089e-15,0.00127375
0,6.542683,7.10543e-15,0.00119158
0,1.03994,2.66454e-15,0.0000449887
0,1.013428,2.66454e-15,0.000253783
0,1.022343,2.15827e-13,0.000350862
0,6.263139,7.10543e-15,0.0000845424
0,11.57523,1.68754e-14,0.00195190
0,4.353279,7.10543e-15,0.00175669
0,1.02029,5.32907e-15,0.00112612
0,1.020121,5.32907e-15,0.00161657
0,1.009339,1.42997e-13,0.00118136
0,7.315658,1.24345e-14,0.00237102
0,4.272311,8.88178e-15,0.000691056
0,1.034593,4.74287e-13,0.000826088
0,20.47694,3.01981e-14,0.0000396451
0,1.014134,1.20792e-13,0.000436584
0,1.024482,2.48690e-14,0.00110398
0,5.625682,4.44089e-15,0.00247553
0,3.393845,2.66454e-15,0.000386384
0,2.309323,2.66454e-15,0.00337641
0,3.333544,1.42109e-14,0.00266842
0,1.01624,6.21725e-15,0.00148901
0,8.417662,9.76996e-15,0.0000861965
0,5.351311,5.32907e-15,0.00179863
0,3.69719,1.24345e-14,0.00274393
0,1.030117,3.55271e-15,0.0000705882
0,3.93401,4.44089e-15,0.00132736
0,1.015639,1.77636e-15,0.000835511
0,1.026992,1.77636e-15,0.000750377
0,5.122156,5.32907e-15,0.000911412
0,1.013495,1.86517e-14,0.00119838
0,1.009599,5.32907e-15,0.000161852
0,1.016132,3.55271e-15,0.00176860
0,4.031947,2.66454e-15,0.00255935
0,1.026107,3.55271e-15,0.00108400
0,21.94014,2.75335e-14,0.0000361959
0,1.585476,3.55271e-15,0.00106403
0,8.345273,5.04485e-13,0.000639299
0,1.026039,2.66454e-15,0.000600072
0,1.020039,3.55271e-15,0.00146964
0,1.015946,3.55271e-15,0.00198359
0,1.039423,1.09246e-13,0.000692751
0,1.021906,2.66454e-15,0.000687015
0,2.730404,1.77636e-15,0.00340644
0,0.9933928,6.21725e-15,0.000345368
0,9.31569,7.10543e-15,0.000843945
0,4.492044,3.55271e-15,0.00339052
0,1.015514,2.66454e-15,0.000281526
0,3.754949,7.99361e-15,0.00131224
0,1.023882,2.66454e-15,0.000272865
0,1.023734,2.00728e-13,0.000199718
0,5.8956,7.10543e-15,0.000729222
0,2.682413,1.42109e-14,0.00320223
0,1.697501,1.77636e-15,0.00192814
0,5.299453,4.44089e-15,0.00146201
0,1.009676,1.29674e-13,0.00172743
0,1.032527,4.44089e-15,0.000310415
0,1.047406,1.77636e-15,0.000430784
0,22.93527,2.30926e-14,0.000686046
0,7.323876,2.30926e-14,0.00125185
0,5.139612,7.99361e-15,0.0000414890
0,1.007377,8.88178e-16,0.000760230
0,1.002854,1.77636e-15,0.000133628
0,1.026811,1.28786e-13,0.00118634
0,1.016246,3.90799e-14,0.000551498
0,5.907973,3.67706e-13,0.000759686
0,1.019288,4.89386e-13,0.000825792
0,1.02204,1.59872e-14,0.00104218
0,1.507561,1.77636e-15,0.00258103
0,1.013018,1.77636e-15,0.000921344
0,1.022769,1.77636e-15,0.00126358
0,1.02974,1.77636e-15,0.000465755
0,18.19322,2.75335e-14,0.000552411
0,2.992566,2.84217e-14,0.00345277
0,2.278378,5.22249e-13,0.00148023
0,10.49336,1.50990e-14,0.000597853
0,1.014757,4.44089e-15,0.00134582
0,1.01679,1.77636e-15,0.000512775
0,4.94933,1.82965e-13,0.00163560
0,1.011954,2.86882e-13,0.000980845
0,1.018384,1.77636e-15,0.00116157
0,1.021062,7.10543e-15,0.00120043
0,1.025983,3.55271e-15,0.000493018
0,6.828169,1.15463e-14,0.00154203
0,14.52072,1.68754e-14,0.000819932
0,1.011348,6.92779e-14,0.00136456
0,1.020952,2.66454e-15,0.000994332
0,2.646647,3.55271e-15,0.00172724
0,1.026735,1.77636e-15,0.00118494
0,1.022267,4.17444e-14,0.000401214
0,1.023582,1.77636e-15,0.00104690
0,1.023238,1.77636e-15,0.00122170
0,1.008345,1.77636e-15,0.00176625
0,4.129731,3.55271e-15,0.00299515
0,1.014875,2.04281e-14,0.00119024
0,1.64545,1.77636e-15,0.000851455
0,6.542884,7.10543e-15,0.00247115
0,1.029827,2.66454e-15,0.00112163
0,1.014744,5.32907e-15,0.00132534
0,1.027236,8.88178e-15,0.00126301
0,2.758221,6.21725e-15,0.00187116
0,1.02066,4.44089e-15,0.00147112
0,11.11597,1.06581e-14,0.000510190
0,3.592297,5.32907e-15,0.00324187
0,1.02273,3.55271e-15,0.00166926
0,20.258,2.22045e-14,0.000248535
0,4.062866,5.86198e-14,0.00206826
0,1.02126,3.55271e-15,0.000854079
0,1.021769,1.86517e-14,0.00144835
0,1.016388,1.19016e-13,0.000954262
0,1.004788,2.85105e-13,0.000108948
0,8.035316,7.99361e-15,0.00225852
0,1.022978,9.76996e-15,0.00131795
0,1.024607,4.44089e-15,0.00168815
0,1.020143,1.77636e-15,0.00134425
0,1.008713,1.03917e-13,0.000991394
0,3.053847,1.59872e-14,0.00150509
0,1.714471,8.88178e-16,0.000267432
0,3.690699,4.12115e-13,0.00180906
0,2.574086,1.77636e-15,0.000194702
0,7.034764,5.32907e-15,0.000250378
0,1.568506,6.21725e-15,0.00171123
0,1.024148,4.44089e-15,0.00118877
0,1.007803,2.66454e-14,0.000560809
0,1.013855,7.99361e-15,0.000878367
0,1.027999,3.55271e-15,0.00180825
0,1.017775,6.57252e-14,0.00110811
0,1.019983,2.04281e-14,0.000424681
0,1.028068,4.44089e-15,0.000244282
0,1.018664,3.55271e-15,0.000611376
0,5.548986,5.32907e-15,0.00245925
0,2.368778,1.33227e-14,0.00227966
0,1.019413,1.77636e-15,0.00202262
0,1.016705,2.66454e-14,0.000784846
0,1.017401,3.55271e-15,0.00108870
0,1.021686,1.77636e-15,0.000577688
0,1.01819,2.66454e-15,0.00153294
0,4.007869,3.90799e-14,0.000203848
0,6.384067,2.66454e-15,0.000774750
0,7.637712,7.10543e-15,0.000786527
0,1.023013,2.66454e-15,0.00170256
0,1.020018,3.73035e-13,0.00117122
0,1.017268,5.32907e-15,0.000880364
0,1.014004,8.08242e-14,0.000159566
0,6.861435,8.88178e-15,0.000998487
0,4.129026,5.32907e-15,0.000375973
0,1.01507,2.66454e-15,0.00185563
0,1.018683,1.77636e-15,0.00176785
0,4.054419,2.66454e-15,0.00271158
0,3.773115,6.21725e-15,0.00142158
0,3.022182,8.88178e-15,0.00209137
0,1.019257,5.32907e-15,0.00116008
0,1.030115,1.77636e-15,0.000713725
0,1.007296,2.66454e-15,0.000334743
0,2.215745,1.15463e-14,0.00210922
0,9.684267,1.68754e-14,0.00117607
0,8.023623,2.22045e-14,0.0000267877
0,2.969079,7.72715e-14,0.00138740
0,1.014735,2.66454e-15,0.000125764
0,2.65147,4.44089e-15,0.00286063
0,4.382733,5.32907e-15,0.00209060
0,1.019851,1.77636e-15,0.000535545
0,1.014552,8.88178e-16,0.00109063
0,1.01797,3.55271e-15,0.000891231
0,1.023958,8.34888e-14,0.000854931
0,1.325155,5.32907e-15,0.00187893
0,4.165295,4.44089e-15,0.00249773
0,4.040885,1.06581e-14,0.00108123
0,1.032107,2.66454e-15,0.000839714
0,1.751652,2.66454e-15,0.00305297
0,1.01618,8.88178e-16,0.000439535
0,2.278832,7.10543e-15,0.00304513
0,4.529131,1.24345e-14,0.00290568
0,1.023877,5.32907e-15,0.000304762
0,6.148776,8.88178e-15,0.00186371
0,8.535761,7.99361e-15,0.000867886
0,5.700402,1.95399e-14,0.000976836
0,1.053046,5.32907e-15,0.000543447
0,1.003715,2.66454e-15,0.000342874
0,1.052567,3.55271e-15,0.000125106
0,3.922484,4.44089e-15,0.00326002
0,2.280909,1.77636e-15,0.00351336
0,1.028204,1.77636e-15,0.000518234
0,3.501612,3.55271e-15,0.00297877
0,1.01541,2.24709e-13,0.00135737
0,1.030338,8.33111e-13,0.000807873
0,1.020563,3.55271e-15,0.000580378
0,0.9808813,2.66454e-15,0.000588899
0,1.015956,6.66134e-14,0.000792122
0,6.88959,1.06581e-14,0.000701508
0,1.024335,1.77636e-15,0.000487098
0,2.19452,3.55271e-15,0.00184613
0,1.008697,2.66454e-15,0.000262438
0,14.29671,1.77636e-14,0.000108335
0,2.347808,2.66454e-15,0.00362042
0,1.535144,5.32907e-15,0.000205092
0,1.689899,4.44089e-15,0.00289326
0,10.16738,8.52651e-14,0.00188808
0,1.017776,3.99680e-14,0.000866778
0,1.014393,1.77636e-15,0.000291148
0,1.019157,3.55271e-15,0.000696109
0,1.015432,1.77636e-15,0.000529465
0,1.019581,2.66454e-15,0.000434015
0,7.424051,6.12843e-14,0.000238928
0,12.03388,2.30926e-14,0.000155106
0,1.018833,4.44089e-15,0.00165685
0,1.029652,2.66454e-15,0.000604163
0,1.019977,6.21725e-15,0.000496663
0,4.037078,7.10543e-15,0.00170567
0,1.017562,5.02709e-13,0.000654878
0,1.018908,1.77636e-15,0.000741079
0,8.835734,2.48690e-14,0.00127466
0,1.384151,4.44089e-15,0.00125653
0,7.864813,1.67866e-13,0.00231121
0,7.622265,1.06581e-14,0.00200575
0,1.027496,3.55271e-15,0.000165364
0,1.01224,3.99680e-14,0.000340163
0,1.017451,9.23706e-14,0.00193685
0,1.019139,2.66454e-15,0.0000920608
0,1.014302,7.37188e-14,0.000675919
0,1.018305,1.06581e-13,0.000525187
0,1.023141,1.33227e-14,0.000461239
0,1.023635,3.33955e-13,0.00150308
0,1.007577,4.44089e-15,0.00148812
0,1.01861,5.32907e-15,0.000639318
0,1.042273,2.66454e-15,0.00133612
0,3.835593,4.44089e-15,0.00158130
0,1.983582,2.66454e-15,0.00118377
0,1.737712,7.10543e-15,0.00202252
0,1.013886,2.66454e-15,0.000210024
0,6.093551,1.03917e-13,0.00150385
0,1.029994,4.44089e-15,0.000169107
0,1.017467,1.27898e-13,0.000588549
0,1.453574,2.66454e-15,0.00315479
0,1.026329,6.21725e-15,0.000127767
0,1.020794,1.59872e-14,0.000813705
0,1.024482,8.88178e-16,0.000514099
0,1.022718,7.10543e-14,0.00114608
0,1.023158,1.77636e-15,0.00139366
