reTau,imTau,coneDeficit,margin
0,1.137046,3.55271e-15,0.0000712893
0,1.145963,4.44089e-15,0.000128089
0,1.022898,2.66454e-15,0.0000676054
0,1.126957,2.34479e-13,0.000140053
0,1.144232,1.95399e-14,0.000401007
0,1.145866,3.55271e-15,0.000291351
0,1.1522,3.55271e-15,0.0000372428
0,1.145991,1.77636e-15,0.000231998
0,1.067151,4.44089e-15,0.0000823048
0,1.018237,3.55271e-15,0.000192883
0,1.093983,7.10543e-15,0.000114962
0,1.078824,5.32907e-15,0.0000235897
0,1.16982,7.10543e-15,0.00000617937
0,1.063909,1.77636e-15,0.000208998
0,1.028555,4.58300e-13,0.000182853
0,1.176805,2.13163e-13,0.000107228
0,1.031484,3.37508e-14,0.0000298598
0,1.017086,1.15463e-14,0.000104065
0,1.13309,3.55271e-15,0.0000679662
0,1.063725,6.21725e-15,0.000111348
0,1.119162,3.96128e-13,0.000313119
0,1.189944,1.52767e-13,0.000140402
0,1.20298,1.77636e-14,0.000224836
0,1.206632,5.32907e-15,0.000181336
0,1.143849,3.92575e-13,0.000252407
0,1.151759,2.30926e-14,0.0000113860
0,1.196754,2.66454e-15,0.00000347572
0,1.194668,3.55271e-15,0.000251384
0,1.093475,3.55271e-15,0.0000382377
0,1.139104,5.32907e-15,0.0000390872
0,1.141915,3.55271e-15,0.000181688
0,1.143666,6.21725e-15,0.000160301
0,1.207201,3.55271e-15,0.000128554
0,1.200817,5.32907e-15,0.000306586
0,1.229103,1.33227e-13,0.000249944
0,1.192189,1.77636e-15,0.000371861
0,1.216082,4.17444e-14,0.000238900
0,1.178963,4.44089e-15,0.000333708
0,1.185311,5.28466e-13,0.000281507
0,1.017593,8.88178e-15,0.0000803442
0,1.212914,2.66454e-15,0.000176617
0,1.13934,3.55271e-15,0.0000455140
0,1.180303,2.66454e-15,0.000259000
0,1.238175,3.35731e-13,0.000184027
0,1.243494,1.42109e-14,0.0000217158
0,1.25839,4.44089e-15,0.0000385482
0,1.140278,2.22045e-14,0.0000538119
0,1.1539,4.44089e-15,0.000222376
0,1.251145,5.32907e-15,0.000262547
0,1.186642,4.45866e-13,0.000123205
0,1.237363,4.44089e-15,0.000199917
0,1.241697,4.65405e-13,0.00000348741
0,1.172404,5.41789e-14,0.0000407292
0,1.031481,8.79297e-14,0.0000446305
0,1.267815,4.17444e-14,0.000425896
0,1.26485,3.01981e-14,0.0000937495
0,1.263874,3.55271e-15,0.0000472746
0,1.270946,3.55271e-15,0.000260552
0,1.069528,2.66454e-15,0.000320722
0,1.269272,1.77636e-15,0.000212339
0,1.015417,1.82077e-13,0.000118962
0,1.049782,5.32907e-15,0.0000124827
0,1.083597,2.66454e-15,0.000145178
0,1.048205,6.21725e-15,0.000200873
0,1.238861,3.55271e-15,0.000412604
0,1.155429,6.53699e-13,0.000391918
0,1.110572,3.19744e-14,0.0000228475
0,1.284202,2.66454e-15,0.000339646
0,1.027739,3.55271e-15,0.0000769300
0,1.113371,1.03917e-13,0.000355947
0,1.216638,5.34683e-13,0.000315752
0,1.253219,3.55271e-15,0.0000530816
0,1.303104,3.37508e-14,0.000140410
0,1.250111,6.85674e-13,0.000337076
0,1.009565,2.89546e-13,0.0000426993
0,1.30605,4.79616e-14,0.000133181
0,1.182567,4.44089e-15,0.0000681910
0,1.243768,1.77636e-15,0.000107393
0,1.256074,1.77636e-14,0.0000720377
0,1.265648,1.06581e-14,0.000183967
0,1.033279,4.44089e-15,0.0000249397
0,1.288897,1.08358e-13,0.000130157
0,1.290742,3.55271e-15,0.0000618866
0,1.250172,3.01092e-13,0.0000501786
0,1.312713,2.66454e-15,0.000361739
0,1.262259,1.77636e-15,0.000113681
0,1.184216,5.58664e-13,0.000360673
0,1.308085,5.32907e-15,0.000461104
0,1.337225,9.76996e-15,0.000312306
0,1.3562,1.50102e-13,0.000203464
0,1.237993,5.32907e-15,0.0000853011
0,1.251399,3.55271e-15,0.000340184
0,1.23826,2.11386e-13,0.0000796776
0,1.34807,7.10543e-15,0.0000428159
0,1.349157,2.66454e-15,0.000239298
0,1.338238,3.55271e-15,0.000635373
0,1.308736,3.64153e-14,0.000233313
0,1.341769,5.32907e-15,0.000163629
0,1.054289,1.77636e-15,0.000176476
0,1.199011,2.37144e-13,0.000149655
0,1.312811,2.30926e-14,0.0000516982
0,1.027303,7.99361e-15,0.0000660316
0,1.231894,8.79297e-14,0.000258982
0,1.02384,6.57252e-14,0.0000352833
0,1.087649,3.55271e-15,0.0000800189
0,1.192716,3.55271e-15,0.000362987
0,1.342748,3.73035e-13,0.000394450
0,1.401853,5.86198e-14,0.0000889623
0,1.341986,2.66454e-15,0.000491632
0,1.229481,5.32907e-15,0.000116783
0,1.240989,6.21725e-15,0.000160119
0,1.123245,3.55271e-15,0.0000897128
0,1.184072,4.44089e-15,0.0000721687
0,1.021355,1.77636e-15,0.0000400398
0,1.013147,3.55271e-15,0.0000654080
0,1.393258,1.77636e-15,0.000443468
0,1.428945,1.06581e-14,0.0000101835
0,1.412339,3.55271e-15,0.000246751
0,1.334943,7.10543e-15,0.000169188
0,1.444418,4.44089e-15,0.0000882530
0,1.137644,7.99361e-15,0.0000623769
0,1.472945,3.50830e-13,0.000196843
0,1.285641,2.66454e-15,0.0000781718
0,1.489753,4.44089e-15,0.000287350
0,1.296887,3.35731e-13,0.000300713
0,1.077016,3.55271e-15,0.000212514
0,1.246602,3.10862e-14,0.000454380
0,1.201742,4.44089e-15,0.000188735
0,1.143706,3.55271e-15,0.000386996
0,1.337161,2.66454e-14,0.000237012
0,1.512034,7.07878e-13,0.0000944252
0,1.505282,3.55271e-15,0.00000383840
0,1.268682,4.44089e-15,0.000231596
0,1.513671,8.88178e-15,0.0000226654
0,1.063942,4.44089e-15,0.0000542994
0,1.525797,1.42109e-14,0.000146278
0,1.539421,2.57572e-14,0.000305791
0,1.17166,2.66454e-15,0.0000232681
0,1.547495,2.66454e-15,0.000752447
0,1.043708,4.44089e-15,0.000102453
0,1.570016,8.32223e-13,0.000162658
0,1.48992,6.21725e-15,0.0000786342
0,1.580933,1.77636e-15,0.000539281
0,1.433153,4.44089e-15,0.000302806
0,1.551631,2.11386e-13,0.000132611
0,1.087112,6.21725e-15,0.0000798016
0,1.280682,1.50990e-14,0.000339655
0,1.426125,3.55271e-15,0.000114255
0,1.454236,8.52651e-14,0.000200247
0,1.367126,3.17968e-13,0.00000632586
0,1.471014,3.55271e-15,0.000420220
0,1.220089,3.55271e-15,0.0000274746
0,1.027323,7.28306e-14,0.0000117311
0,1.336528,2.56684e-13,0.000664616
0,1.399362,3.55271e-15,0.000110089
0,1.588142,3.55271e-15,0.000198152
0,1.509809,7.10543e-15,0.000125808
0,1.638708,3.55271e-15,0.0000569869
0,1.333113,1.77636e-15,0.000551689
0,1.035937,2.66454e-15,0.0000751132
0,1.204209,5.32907e-15,0.000104364
0,1.505684,2.66454e-15,0.000695985
0,1.672056,9.76996e-15,0.000389256
0,1.700134,4.44089e-15,0.000579255
0,1.368268,9.17488e-13,0.000211426
0,1.145543,5.32907e-15,0.000219242
0,1.479514,4.70735e-14,0.0000168837
0,1.378134,3.55271e-15,0.0000543048
0,1.247551,7.54952e-14,0.000388714
0,1.699319,6.39488e-14,0.0000737562
0,1.544183,2.66454e-15,0.0000239291
0,1.419024,1.95399e-14,0.0000300913
0,1.500472,3.55271e-15,0.000489626
0,1.77671,2.66454e-15,0.000304488
0,1.777449,1.28786e-13,0.000637519
0,1.827764,2.66454e-15,0.0000919554
0,1.822076,7.10543e-15,0.000176626
0,1.085367,2.66454e-15,0.000116417
0,1.668837,2.66454e-15,0.000340644
0,1.345015,1.41220e-13,0.000610964
0,1.016464,7.10543e-15,0.0000751685
0,1.412614,5.32907e-15,0.000560709
0,1.773481,4.44089e-15,0.000349782
0,1.233742,7.99361e-15,0.000186811
0,1.842971,2.66454e-15,0.000233571
0,1.428102,3.55271e-15,0.000323588
0,1.447631,2.66454e-15,0.000285938
0,1.415271,8.88178e-15,0.0000610812
0,1.784696,2.08722e-13,0.000182258
0,1.345185,2.27374e-13,0.000507804
0,1.473412,6.03961e-14,0.00000970945
0,1.490346,4.42313e-13,0.0000395360
0,1.891265,5.15143e-14,0.0000827455
0,1.883641,1.15463e-14,0.000623483
0,1.448497,1.76748e-13,0.0000581633
0,1.141386,5.32907e-15,0.0000699202
0,1.878435,1.33227e-14,0.000399672
0,1.885787,1.04805e-13,0.000583296
0,1.878705,2.66454e-15,0.000263061
0,1.892349,6.21725e-15,0.000846602
0,1.339887,7.99361e-15,0.0000567887
0,1.491808,3.97904e-13,0.00000382801
0,1.325932,2.66454e-15,0.000365659
0,1.911276,1.77636e-15,0.0000889901
0,1.349803,3.55271e-15,0.0000187220
0,1.93372,1.06581e-14,0.000169231
0,1.932535,3.55271e-15,0.000177640
0,1.295686,2.66454e-15,0.0000984038
0,1.814955,6.21725e-15,0.000317658
0,1.255786,1.77636e-15,0.000263712
0,1.433967,1.77636e-15,0.000208577
0,1.94187,9.32587e-14,0.0000336963
0,1.766246,2.66454e-15,0.000296145
0,1.504713,2.66454e-14,0.000606088
0,1.755454,5.32907e-15,0.000156698
0,1.386667,3.55271e-15,0.000142708
0,1.212274,2.66454e-15,0.000114307
0,1.971438,1.95399e-13,0.000136432
0,1.651036,1.38556e-13,0.000366312
0,1.97889,2.66454e-15,0.000225656
0,1.833985,3.55271e-15,0.000349862
0,1.450633,3.65041e-13,0.000491899
0,2.006408,3.55271e-15,0.000488791
0,1.685167,2.66454e-15,0.000674672
0,1.52185,4.60965e-13,0.000243890
0,1.367287,4.79616e-14,0.000134996
0,2.018734,6.21725e-15,0.000236706
0,1.395218,1.68754e-14,0.000161264
0,1.060085,4.61853e-14,0.000122813
0,1.760743,7.10543e-15,0.0000285760
0,1.977797,5.23137e-13,0.000479250
0,1.481919,6.57252e-14,0.0000887617
0,1.747664,8.71303e-13,0.000528977
0,1.653705,3.55271e-15,0.000171111
0,1.147979,1.53655e-13,0.000317393
0,1.479496,2.31815e-13,0.000451928
0,1.671868,8.34888e-14,0.000201765
0,1.650406,5.96856e-13,0.000567933
0,1.998618,7.10543e-15,0.000690249
0,1.472645,5.32907e-15,0.0000399362
0,1.650604,6.21725e-15,0.000456963
0,1.897756,7.10543e-15,0.000375186
0,1.708574,6.83897e-14,0.000311138
0,1.178341,3.55271e-15,0.000183917
0,1.640231,4.20997e-13,0.000132344
0,1.125091,3.55271e-15,0.00000615463
0,2.089814,3.55271e-15,0.000158279
0,2.049922,3.01981e-14,0.000462808
0,2.124331,6.21725e-15,0.000451490
0,1.85964,1.00364e-13,0.000234704
0,1.483433,1.95399e-13,0.0000450039
0,2.152517,3.55271e-15,0.000329883
0,1.130915,3.78364e-13,0.000470980
0,1.587149,2.66454e-15,0.000445477
0,1.207861,4.44089e-15,0.0000330314
0,2.03416,4.44089e-15,0.0000217935
0,1.901272,2.70894e-13,0.000174403
0,2.21844,5.16032e-13,0.000198711
0,1.897813,4.44089e-15,0.0000436278
0,2.226701,8.88178e-16,0.000521885
0,2.222564,3.55271e-15,0.000380869
0,2.211202,7.99361e-15,0.000185024
0,2.215328,6.21725e-15,0.0000143888
0,2.201328,1.06581e-14,0.000659750
0,1.945771,6.21725e-15,0.000541332
0,1.899859,3.55271e-15,0.0000638502
0,1.84902,3.55271e-15,0.000291279
0,1.346006,3.55271e-15,0.000695129
0,1.469986,7.99361e-15,0.000327799
0,1.663944,3.55271e-15,0.000303607
0,1.265142,4.44089e-15,0.000462915
0,1.88645,4.44089e-15,0.0000213547
0,1.65827,8.34888e-14,0.000427601
0,1.861013,3.55271e-15,0.0000674443
0,1.240158,4.26326e-14,0.00000337569
0,1.868803,3.55271e-15,0.000587530
0,1.236289,2.66454e-15,0.000257860
0,2.216981,1.42109e-13,0.000877199
0,2.239724,1.81188e-13,0.0000298677
0,1.051591,2.66454e-15,0.000219715
0,1.014528,5.32907e-15,0.000156629
0,1.437783,8.88178e-15,0.000138182
0,2.220651,4.44089e-15,0.000229838
0,1.722211,3.55271e-15,0.000134975
0,2.259183,2.66454e-15,0.0000311908
0,1.085833,3.55271e-15,0.000234041
0,1.446896,3.37508e-13,0.000418616
0,1.315087,1.77636e-15,0.000606496
0,2.301591,1.77636e-15,0.000887336
0,1.578586,2.66454e-15,0.000272338
0,1.129834,9.94760e-14,0.0000623548
0,2.194595,6.21725e-15,0.000547040
0,1.863249,2.48690e-14,0.000560363
0,1.395931,5.32907e-15,0.000123280
0,2.117131,4.44089e-15,0.000894113
0,2.381671,2.46914e-13,0.000199169
0,2.070516,2.55795e-13,0.00100710
0,2.025498,7.99361e-15,0.0000851084
0,1.074361,4.61853e-13,0.0000882948
0,1.320404,1.81188e-13,0.000119137
0,2.423742,6.21725e-15,0.000106198
0,1.697642,5.32907e-15,0.0000232385
0,1.161074,5.32907e-15,0.000253813
0,1.147792,7.99361e-15,0.0000887182
0,1.676653,4.44089e-15,0.000184148
0,2.43173,6.21725e-15,0.000600117
0,2.066018,6.21725e-15,0.000785162
0,2.297345,1.89182e-13,0.000538554
0,1.914729,1.19016e-13,0.000496511
0,1.844612,1.06581e-14,0.000375422
0,1.983905,1.59872e-14,0.0000597165
0,1.95843,6.21725e-15,0.000347430
0,1.904052,5.32907e-15,0.000489624
0,1.334676,7.10543e-15,0.0000879577
0,1.684879,4.44089e-15,0.000190606
0,1.015833,7.99361e-15,0.0000295122
0,1.358778,3.55271e-15,0.0000648287
0,2.391881,3.55271e-15,0.000594379
0,2.401717,5.32907e-15,0.000266360
0,1.208269,2.66454e-14,0.0000242181
0,1.961276,7.10543e-15,0.000683961
0,2.126173,3.55271e-15,0.0000237604
0,1.443197,2.49578e-13,0.000141452
0,2.15987,3.55271e-15,0.000186553
0,1.36033,1.77636e-15,0.000129390
0,1.811223,3.90799e-14,0.000667008
0,1.677876,4.44089e-15,0.000273506
0,2.015216,3.55271e-15,0.000678438
0,1.06112,2.66454e-15,0.0000577113
0,1.363954,2.66454e-15,0.0000285699
0,2.287412,5.32907e-15,0.000395978
0,1.331817,4.44089e-15,0.0000148636
0,2.063402,1.77636e-15,0.000107569
0,1.899757,3.55271e-15,0.000712552
0,1.007459,7.10543e-15,0.000136374
0,1.431721,1.77636e-15,0.000396471
0,1.814982,4.44089e-15,0.000540199
0,2.424091,9.76996e-15,0.000215452
0,2.424841,3.55271e-15,0.000362043
0,2.424676,1.77636e-15,0.0000344803
0,1.731183,1.86517e-14,0.000118746
0,2.144527,4.44089e-15,0.000420522
0,1.761496,3.55271e-15,0.000507809
0,1.591743,4.61853e-14,0.0000155642
0,2.478648,8.70415e-14,0.000469979
0,2.297495,8.88178e-15,0.000111250
0,2.244396,8.88178e-15,0.000176848
0,2.491944,1.68754e-14,0.0000712191
0,2.452185,4.44089e-15,0.000492268
0,2.295711,1.33227e-14,0.000337518
0,1.992226,3.55271e-15,0.000173184
0,1.473612,5.35572e-13,0.000110803
0,1.20757,1.77636e-15,0.0000392655
0,1.740792,2.29150e-13,0.000765761
0,2.446192,3.33955e-13,0.000338869
0,1.453712,5.32907e-15,0.000486848
0,1.310169,7.99361e-15,0.0000801254
0,1.455303,9.27258e-13,0.000369405
0,2.30942,2.66454e-15,0.000376497
0,2.562926,1.15463e-14,0.000370833
0,2.556192,4.44089e-15,0.000132776
0,2.4417,3.55271e-15,0.000713847
0,2.52745,4.59188e-13,0.000217668
0,2.539206,7.10543e-15,0.000156196
0,1.662983,8.21565e-13,0.0000671355
0,2.558334,6.21725e-15,0.000113429
0,2.245109,5.70211e-13,0.00000384351
0,1.615088,2.66454e-15,0.000156981
0,1.452031,2.66454e-15,0.000171753
0,1.666513,3.55271e-15,0.000122031
0,1.067691,9.27258e-13,0.0000382884
0,1.025973,2.66454e-15,0.0000956685
0,2.608864,5.32907e-15,0.000722330
0,2.357008,3.55271e-15,0.000350667
0,2.584994,1.77636e-15,0.0000259308
0,1.447998,1.50102e-13,0.000250530
0,1.191855,3.55271e-15,0.000328570
0,2.624341,9.76996e-15,0.000171088
0,1.012127,2.62901e-13,0.0000424453
0,2.572133,5.32907e-15,0.000231700
0,1.187772,2.66454e-15,0.000179118
0,2.592719,3.55271e-15,0.0000370446
0,2.362446,4.92939e-13,0.000212435
0,1.68544,2.66454e-15,0.00000914091
0,1.717047,7.01661e-14,0.000441435
0,2.670958,4.44089e-15,0.000215839
0,1.59099,4.44089e-15,0.0000522548
0,2.702674,6.21725e-15,0.000179637
0,1.593997,3.25073e-13,0.000585135
0,1.453959,3.55271e-15,0.0000510211
0,2.676843,2.66454e-15,0.000452918
0,2.739707,3.55271e-15,0.000704963
0,2.70046,2.66454e-15,0.0000664214
0,2.241011,1.33227e-14,0.000678851
0,2.129629,3.55271e-15,0.0000249415
0,1.461319,7.10543e-15,0.000123394
0,1.406026,8.88178e-16,0.000160510
0,2.66871,7.10543e-15,0.000123896
0,2.50025,3.55271e-15,0.000197822
0,2.213185,1.06581e-14,0.000317549
0,2.755061,2.66454e-15,0.000212646
0,2.734096,2.18492e-13,0.0000912367
0,2.307569,9.76996e-15,0.000721813
0,1.011829,5.32907e-15,0.0000431594
0,1.620793,7.99361e-15,0.000236757
0,1.752525,1.82965e-13,0.000107411
0,2.821255,9.76996e-15,0.000666000
0,2.436626,1.06581e-14,0.000695383
0,1.954691,1.77636e-15,0.000134716
0,1.015346,1.09246e-13,0.0000821315
0,1.016156,5.59552e-14,0.0000156987
0,2.341565,3.55271e-15,0.0000468090
0,2.295861,3.55271e-15,0.000619407
0,2.236657,6.21725e-15,0.0000580701
0,2.874673,7.99361e-15,0.000745560
0,1.321884,5.32907e-15,0.0000942861
0,2.927626,1.68754e-14,0.000354927
0,2.585068,7.99361e-15,0.000363082
0,2.014163,3.55271e-15,0.000691821
0,2.971379,7.10543e-15,0.000477073
0,2.319859,6.21725e-15,0.000213403
0,1.363514,4.44089e-15,0.000297501
0,2.50834,9.76996e-15,0.00000783507
0,2.118412,6.21725e-15,0.000384015
0,2.251596,5.59552e-13,0.000642742
0,2.61366,7.10543e-15,0.000583420
0,1.768767,3.55271e-15,0.000477710
0,2.143631,1.10134e-13,0.000753251
0,2.39409,2.66454e-15,0.000137244
0,2.062577,5.32907e-15,0.000370904
0,2.247315,7.99361e-15,0.0000168452
0,2.807631,1.24345e-14,0.000363084
0,2.986719,1.06581e-14,0.000153482
0,2.343549,3.55271e-15,0.000606143
0,1.84079,5.32907e-15,0.000738236
0,2.330945,3.55271e-15,0.000705134
0,1.654687,2.66454e-15,0.000705453
0,2.874217,7.99361e-15,0.000462148
0,2.681913,3.55271e-15,0.000348873
0,3.002185,4.36984e-13,0.000196121
0,3.030986,5.32907e-13,0.000279344
0,1.817905,8.61533e-14,0.000415303
0,3.077696,3.28626e-14,0.000282103
0,2.96203,1.15463e-14,0.000590187
0,2.171623,5.32907e-15,0.000483607
0,2.067123,5.32907e-15,0.000629660
0,1.028818,2.66454e-15,0.000170134
0,1.87023,6.13731e-13,0.0000198899
0,1.632853,1.77636e-15,0.0000490125
0,1.594434,3.55271e-15,0.000321321
0,1.665498,3.55271e-15,0.000178663
0,1.952227,3.55271e-15,0.0000647678
0,2.297228,5.09814e-13,0.000685731
0,2.38827,3.55271e-15,0.00000646820
0,2.66741,7.99361e-15,0.000476048
0,1.709703,7.10543e-15,0.000259655
0,2.351695,4.44089e-15,0.000712458
0,2.078174,2.66454e-15,0.000281165
0,1.047252,3.55271e-15,0.0000105526
0,1.650199,1.08358e-13,0.000315312
0,2.349265,4.44089e-15,0.000382830
0,2.386386,4.44089e-15,0.0000664057
0,3.09542,7.07878e-13,0.000272049
0,2.302403,3.19744e-14,0.000100449
0,2.047066,5.32907e-15,0.000310975
0,2.48827,4.44089e-15,0.0000959898
0,1.127792,1.21680e-13,0.000210474
0,2.249724,3.73923e-13,0.000342154
0,2.770475,1.24345e-14,0.0000359914
0,1.919095,3.55271e-15,0.0000146047
0,2.377115,1.09246e-13,0.000138674
0,2.358128,8.88178e-15,0.000386736
0,3.136864,7.99361e-15,0.000480005
0,2.686163,9.21929e-13,0.000739502
0,3.129441,1.24345e-14,0.000717052
0,2.686704,4.44089e-15,0.000201830
0,1.019064,2.66454e-15,0.0000531286
0,3.232567,6.21725e-15,0.000311311
0,1.544803,7.10543e-15,0.000326632
0,3.106673,5.32907e-15,0.000537265
0,2.52382,6.21725e-15,0.000783994
0,1.524373,7.99361e-15,0.0000774876
0,2.522974,1.77636e-15,0.000237564
0,1.016195,5.86198e-14,0.0000230542
0,2.493578,7.10543e-15,0.000170437
0,3.209143,1.59872e-14,0.0000815039
0,2.46551,3.55271e-15,0.000340496
0,1.109579,7.54952e-14,0.000179810
0,3.407194,1.24345e-14,0.000569977
0,2.022431,2.66454e-15,0.000173189
0,2.665854,4.44089e-15,0.000511966
0,3.432516,1.42109e-14,0.000133311
0,1.725317,5.32907e-15,0.000805236
0,1.758429,2.66454e-15,0.000372277
0,1.026344,2.66454e-15,0.0000967490
0,2.600827,7.10543e-15,0.000103806
0,1.47143,2.66454e-15,0.000146237
0,3.435335,3.55271e-15,0.000173182
0,2.320042,1.33227e-14,0.000758848
0,1.390548,5.95080e-13,0.000376796
0,2.567365,6.21725e-15,0.000213354
0,2.623139,6.21725e-15,0.000243433
0,1.002615,3.55271e-15,0.0000624938
0,3.446085,8.88178e-15,0.0000875413
0,3.501963,1.95399e-14,0.000327082
0,3.490295,7.10543e-15,0.000165776
0,2.444704,6.21725e-15,0.000111640
0,2.961035,1.59872e-14,0.00000893283
0,1.019823,1.77636e-15,0.000108880
0,3.490117,8.88178e-15,0.000419077
0,2.156456,2.66454e-15,0.000342767
0,1.342039,2.66454e-15,0.00000757789
0,2.29983,6.21725e-15,0.000476392
0,2.505699,5.32907e-15,0.000614399
0,2.228059,5.15143e-14,0.00000568056
0,2.252918,7.10543e-15,0.000922382
0,2.10784,5.32907e-15,0.0000261336
0,3.557745,7.99361e-15,0.000248592
0,3.169204,7.10543e-15,0.000777530
0,1.356303,9.32587e-14,0.000475913
0,2.124765,3.55271e-15,0.000470076
0,1.011788,4.44089e-15,0.000233883
0,3.670903,1.77636e-14,0.000212712
0,3.169937,4.44089e-15,0.0000174017
0,1.359099,1.86517e-14,0.000379357
0,2.534377,8.88178e-15,0.000429613
0,2.97496,7.99361e-15,0.000541219
0,2.371912,2.66454e-15,0.000897135
0,2.500768,6.21725e-15,0.000783406
0,1.340267,3.55271e-15,0.000265282
0,1.431805,2.66454e-15,0.000344243
0,1.100408,7.99361e-14,0.000213870
0,3.787798,1.15463e-14,0.000438391
0,1.508465,1.77636e-15,0.000360311
0,3.849116,1.86517e-14,0.000362462
0,3.11878,1.50990e-14,0.000265924
0,1.728725,3.55271e-15,0.000192898
0,2.531769,5.32907e-15,0.000853840
0,2.695971,9.76996e-15,0.000282914
0,2.72131,7.99361e-15,0.000565486
0,2.695556,9.76996e-15,0.000100874
0,3.612288,1.50990e-14,0.0000380000
0,2.386599,2.27374e-13,0.000464180
0,2.992183,7.10543e-15,0.000194925
0,2.416285,2.66454e-15,0.000118274
0,3.884371,1.68754e-14,0.000563028
0,1.025761,1.77636e-15,0.0000835929
0,2.613703,8.88178e-15,0.000453686
0,4.057974,1.77636e-14,0.000126021
0,2.275924,5.32907e-15,0.000482255
0,2.153987,5.32907e-15,0.000335634
0,1.022259,7.10543e-15,0.000226036
0,1.035687,4.08562e-14,0.000166818
0,2.654673,1.77636e-15,0.000439756
0,3.721903,9.76996e-15,0.000580428
0,1.018102,1.49214e-13,0.000175527
0,4.082526,7.99361e-15,0.00000751392
0,1.685704,7.10543e-15,0.000407410
0,2.333115,6.21725e-15,0.000366510
0,2.387241,3.55271e-15,0.0000936755
0,2.731737,7.99361e-15,0.000341562
0,1.574134,9.76996e-15,0.0000221666
0,2.541156,1.42109e-14,0.000231198
0,1.626447,1.77636e-15,0.0000637357
0,1.016751,6.21725e-15,0.0000682851
0,3.151469,1.06581e-14,0.000742353
0,2.264407,5.86198e-14,0.000303365
0,1.01954,3.55271e-15,0.000120959
0,1.590056,8.08242e-14,0.000468245
0,4.201539,1.31450e-13,0.00000290743
0,2.517675,3.55271e-15,0.0000501836
0,3.636206,7.10543e-15,0.000207238
0,3.028006,1.77636e-14,0.000109974
0,2.244452,6.21725e-15,0.000359442
0,1.016551,7.99361e-15,0.000258194
0,1.797218,2.66454e-15,0.000204694
0,1.715873,5.86198e-13,0.000242171
0,1.280228,9.76996e-15,0.000416948
0,3.834479,1.50990e-14,0.000302594
0,3.13842,5.32907e-15,0.000218510
0,3.242629,4.44089e-15,0.000294865
0,2.597675,1.24345e-13,0.000649499
0,1.021464,4.08562e-14,0.00000483320
0,2.067148,3.28626e-14,0.000354870
0,2.369764,4.44089e-15,0.000495030
0,2.91686,1.77636e-15,0.00000254084
0,2.506383,5.32907e-15,0.000231759
0,2.14056,6.21725e-15,0.000747671
0,1.893675,9.03277e-13,0.000182644
0,1.016586,1.84741e-13,0.0000621745
0,2.466765,1.77636e-15,0.000135252
0,4.454232,1.42109e-14,0.0000990162
0,1.522803,1.19016e-13,0.000284603
0,2.120273,6.21725e-15,0.000659168
0,3.967597,5.32907e-14,0.000197961
0,1.184936,3.55271e-15,0.000201275
0,1.993939,3.55271e-15,0.000195668
0,1.014247,5.32907e-15,0.000155366
0,3.831702,1.06581e-14,0.000185437
0,1.232367,1.22569e-13,0.000129719
0,1.152263,6.30607e-13,0.000204474
0,2.206333,3.55271e-15,0.000563684
0,3.58486,3.28626e-14,0.000160336
0,3.644498,1.33227e-14,0.000203988
0,1.094475,1.68754e-14,0.000136952
0,2.585896,5.32907e-15,0.000334947
0,4.531821,3.01981e-14,0.000149885
0,2.192352,2.66454e-15,0.000332797
0,4.547709,1.33227e-14,0.000529737
0,1.822526,4.35207e-14,0.0000655025
0,4.627017,7.99361e-15,0.000113409
0,3.044249,1.24345e-14,0.000209781
0,1.816259,1.77636e-15,0.000624675
0,2.313906,7.88702e-13,0.000500807
0,3.248615,4.44089e-15,0.000262993
0,4.765427,1.59872e-14,0.000136830
0,3.711022,2.93099e-14,0.0000685955
0,2.646996,9.76996e-15,0.000140431
0,4.867598,2.57572e-14,0.000167850
0,3.361137,5.32907e-15,0.000439568
0,2.332146,5.32907e-15,0.000719152
0,2.716976,4.44089e-15,0.0000294379
0,4.876999,6.21725e-15,0.0000852973
0,3.773162,6.21725e-15,0.000598328
0,1.521725,4.47642e-13,0.000626953
0,2.030991,1.77636e-15,0.000214161
0,4.183716,1.15463e-14,0.000263725
0,4.896656,2.84217e-14,0.000422412
0,1.025482,2.66454e-15,0.000160586
0,1.827291,4.44089e-15,0.000392991
0,1.894848,1.79412e-13,0.000378346
0,4.916684,1.24345e-14,0.000471540
0,4.911894,7.99361e-15,0.000571810
0,1.653108,1.77636e-15,0.000333429
0,1.011565,4.44089e-15,0.000232234
0,1.277155,1.77636e-15,0.0000549620
0,2.320718,1.19016e-13,0.000537900
0,2.443864,1.77636e-15,0.000612179
0,4.996381,9.76996e-15,0.0000722399
0,3.842583,7.10543e-15,0.0000288321
0,5.011105,5.16032e-13,0.000561168
0,2.704216,6.21725e-15,0.000547636
0,2.958682,2.66454e-15,0.0000957778
0,2.395544,1.06581e-14,0.000515335
0,1.83449,1.77636e-15,0.0000357899
0,3.530141,6.21725e-15,0.000272416
0,4.885551,9.16600e-13,0.0000254249
0,1.271068,7.99361e-15,0.000542137
0,3.193154,9.76996e-15,0.000223681
0,5.016946,1.42109e-14,0.000371949
0,1.791468,2.96652e-13,0.000198483
0,2.146936,5.32907e-15,0.000153127
0,1.011216,3.55271e-15,0.000242259
0,3.553381,1.33227e-14,0.000310936
0,3.472626,2.30926e-14,0.000186586
0,2.223224,4.17444e-13,0.000559834
0,2.523171,1.24345e-14,0.000654585
0,3.282877,5.32907e-15,0.000783356
0,1.205604,8.52651e-14,0.000244086
0,2.364621,9.76996e-15,0.0000929989
0,3.078604,3.55271e-15,0.000241641
0,1.653881,1.95399e-14,0.000260938
0,1.272661,6.13731e-13,0.000138780
0,2.698318,8.88178e-15,0.000548123
0,5.039276,1.06581e-14,0.000460537
0,3.073537,3.64153e-14,0.0000592343
0,4.648809,1.15463e-14,0.000644677
0,3.672233,2.22045e-14,0.0000547589
0,2.536822,3.55271e-15,0.000340725
0,4.112891,2.66454e-14,0.000562141
0,4.642484,7.10543e-15,0.000713360
0,5.110714,1.24345e-14,0.000135056
0,3.597625,1.24345e-14,0.000392867
0,3.27715,3.73035e-14,0.000319638
0,2.278221,7.99361e-15,0.0000654687
0,5.134028,1.77636e-14,0.000497534
0,3.11889,3.81917e-14,0.000234852
0,3.791997,9.76996e-15,0.000331047
0,2.480547,1.06581e-14,0.0000731285
0,2.586229,3.01981e-14,0.0000948260
0,2.615052,7.10543e-15,0.000582924
0,4.291257,2.48690e-14,0.000854643
0,4.023139,3.55271e-15,0.0000866632
0,1.478452,2.66454e-15,0.000299419
0,4.546869,1.50990e-14,0.000696463
0,2.618184,7.99361e-15,0.000808468
0,3.697021,1.06581e-14,0.000180308
0,3.06573,8.88178e-15,0.000771746
0,4.060365,6.39488e-14,0.000392621
0,2.128771,1.86517e-14,0.000418041
0,5.210687,3.10862e-14,0.000105483
0,2.582282,8.88178e-15,0.000738250
0,1.011123,6.21725e-15,0.000140004
0,2.145893,2.84217e-14,0.000344049
0,5.375673,8.26006e-14,0.0000249800
0,1.022743,5.06262e-14,0.0000513335
0,4.026505,1.38556e-13,0.0000791377
0,2.123419,5.32907e-15,0.000384348
0,3.639315,1.23457e-13,0.000402861
0,1.834294,3.55271e-15,0.000285274
0,2.723241,3.55271e-15,0.000427000
0,1.334183,5.32907e-15,0.000129914
0,4.986667,7.99361e-15,0.000390309
0,2.531116,1.50990e-14,0.000653868
0,2.797924,3.72147e-13,0.000131805
0,5.341078,2.39808e-14,0.000240490
0,2.334178,4.44089e-15,0.000402366
0,2.765144,7.10543e-15,0.000344312
0,1.735764,4.35207e-14,0.000531781
0,4.366615,1.15463e-14,0.000149360
0,1.571759,3.10862e-14,0.000615428
0,3.961474,9.76996e-15,0.0000364611
0,3.146789,8.88178e-15,0.000200988
0,4.911026,1.59872e-14,0.0000178509
0,3.608114,5.32907e-15,0.000153147
0,4.164609,5.32907e-15,0.0000902963
0,2.224283,2.66454e-15,0.000541086
0,4.034887,5.32907e-15,0.000396109
0,2.687701,6.21725e-15,0.000428014
0,1.025332,3.55271e-15,0.0000383116
0,1.018299,3.55271e-15,0.000187670
0,5.327381,4.10338e-13,0.0000627073
0,1.846615,5.32907e-15,0.000829252
0,5.410516,7.99361e-15,0.000247985
0,3.715372,3.55271e-15,0.000559570
0,2.981429,8.88178e-15,0.000532262
0,4.668286,4.44089e-15,0.000468425
0,1.90544,4.44089e-15,0.000140901
0,4.94156,3.25961e-13,0.000213112
0,2.414997,5.32907e-15,0.0000117524
0,4.689354,1.59872e-14,0.000514997
0,1.019604,3.55271e-15,0.0000974008
0,1.695244,2.00728e-13,0.000169191
0,2.327484,9.18376e-13,0.000240187
0,3.569941,5.32907e-15,0.0000139673
0,4.807885,3.55271e-15,0.000143211
0,2.984363,1.24345e-14,0.000646380
0,5.555379,7.10543e-15,0.0000475781
0,1.903389,3.55271e-15,0.000315632
0,4.997157,1.15463e-14,0.0000906829
0,4.203275,9.76996e-15,0.000417473
0,2.450725,3.55271e-15,0.000617033
0,2.007549,4.49418e-13,0.000217748
0,4.615072,1.15463e-14,0.000183903
0,4.077447,1.15463e-14,0.000257074
0,1.018104,3.55271e-15,0.0000629163
0,2.517246,5.32907e-15,0.0000838306
0,3.546454,7.10543e-15,0.000578943
0,1.023588,7.10543e-15,0.000152097
0,2.398225,1.06581e-14,0.000367172
0,5.170819,8.88178e-15,0.000103141
0,2.201274,2.66454e-15,0.000236623
0,2.53937,6.21725e-15,0.000443816
0,3.954771,9.76996e-15,0.000678162
0,4.170672,1.92735e-13,0.000404339
0,4.387641,4.15668e-13,0.000392759
0,4.267726,1.24345e-14,0.000534248
0,1.11181,2.81553e-13,0.0000410311
0,2.965648,6.21725e-15,0.000695035
0,1.766407,5.32907e-15,0.000582235
0,2.77964,7.10543e-15,0.0000993666
0,3.997719,6.21725e-15,0.000636055
0,3.156882,1.77636e-15,0.000561641
0,2.970575,9.76996e-15,0.000594488
0,3.511839,5.32907e-15,0.000283651
0,4.276641,5.32907e-15,0.000329428
0,3.967282,1.33227e-14,0.000232114
0,4.900941,3.01981e-14,0.000241777
0,3.300157,5.32907e-15,0.0000857681
0,4.239918,7.99361e-15,0.000399964
0,1.86755,6.90115e-13,0.000493041
0,4.243081,2.66454e-14,0.0000652939
0,2.316134,1.24345e-14,0.000441367
0,1.012125,2.66454e-15,0.0000519561
0,3.843049,5.32907e-15,0.000160684
0,2.655008,1.15463e-14,0.000785555
0,2.581005,4.44089e-15,0.0000367407
0,1.013509,3.55271e-15,0.00000146333
0,1.76365,3.55271e-15,0.0000144148
0,2.230753,2.66454e-15,0.000252608
0,2.229477,9.76996e-15,0.000776940
0,4.675486,9.05942e-14,0.000435790
0,1.016571,3.55271e-15,0.0000278383
0,4.696028,1.59872e-14,0.000227207
0,2.94509,3.35731e-13,0.000104452
0,1.886056,4.44089e-15,0.0000319877
0,2.031163,8.88178e-15,0.000591457
0,2.153231,6.21725e-15,0.000641702
0,4.47462,1.24345e-14,0.000271433
0,1.672419,5.41789e-14,0.000379618
0,4.263022,1.42109e-14,0.000433591
0,5.912554,3.99680e-14,0.000356889
0,2.668191,1.15463e-14,0.000390648
0,3.602525,5.32907e-15,0.000171931
0,2.114414,4.44089e-15,0.000162865
0,5.882279,1.06581e-14,0.000286321
0,5.068635,7.99361e-15,0.000195011
0,2.56235,1.06581e-14,0.000816267
0,2.30168,1.50990e-14,0.000541238
0,4.940948,1.15463e-14,0.000427421
0,3.661533,8.88178e-15,0.000471688
0,1.557567,1.77636e-15,0.000126122
0,6.006776,1.95399e-14,0.000138290
0,4.986368,1.06581e-14,0.000339261
0,1.451486,3.33955e-13,0.000730518
0,3.833464,8.88178e-16,0.000353999
0,5.104963,6.82121e-13,0.000178556
0,2.751747,3.81917e-13,0.000192853
0,2.609042,1.24345e-14,0.000891895
0,1.815156,9.12159e-13,0.000664096
0,3.507435,5.86198e-14,0.000118108
0,4.293791,1.59872e-14,0.000137403
0,3.129669,8.88178e-15,0.000567196
0,1.659138,1.33227e-14,0.000289959
0,2.235173,6.21725e-15,0.000497681
0,6.191072,6.57252e-14,0.000187695
0,2.714742,4.44089e-15,0.000352379
0,3.58923,2.30926e-14,0.000575305
0,1.016644,9.41469e-14,0.000171878
0,2.001328,2.00728e-13,0.000228294
0,2.085367,2.66454e-15,0.000243319
0,1.352291,5.32907e-15,0.000329880
0,1.027645,2.66454e-15,0.0000229997
0,4.833699,1.42109e-14,0.000115091
0,1.902479,9.76996e-15,0.000510719
0,4.194747,1.06581e-14,0.000116995
0,2.692638,3.55271e-15,0.000472603
0,5.116497,2.22045e-14,0.000335768
0,2.17068,4.44089e-15,0.000696142
0,4.531984,1.15463e-14,0.000727939
0,2.264041,7.10543e-15,0.000862557
0,1.871723,8.33111e-13,0.000877717
0,3.303894,4.44089e-15,0.000321660
0,3.407679,4.44089e-15,0.000174936
0,2.481563,2.66454e-15,0.000102049
0,2.251591,6.39488e-14,0.000288502
0,3.01435,2.66454e-14,0.000362957
0,1.027668,1.77636e-15,0.000128688
0,3.735638,1.06581e-14,0.000270442
0,3.382125,1.06581e-14,0.000156522
0,3.504803,2.66454e-15,0.00000764051
0,6.243709,3.46390e-14,0.000328772
0,1.397255,8.88178e-15,0.000267166
0,2.1731,3.55271e-15,0.000434871
0,1.625682,4.44089e-15,0.000113323
0,5.481962,1.15463e-14,0.000368827
0,3.776091,9.76996e-15,0.0000435915
0,6.310964,4.35207e-14,0.000191140
0,5.117578,1.24345e-14,0.000289339
0,3.260042,1.59872e-14,0.0000925448
0,4.240399,1.33227e-14,0.000220716
0,1.930237,4.44089e-15,0.0000629216
0,5.336078,4.44089e-15,0.000362078
0,1.016351,1.69642e-13,0.0000232657
0,1.027719,8.88178e-15,0.000291881
0,2.678026,7.10543e-15,0.000210292
0,4.071439,1.86517e-14,0.000188775
0,2.548785,2.66454e-15,0.000845497
0,1.179845,8.88178e-16,0.000166135
0,5.790756,1.59872e-14,0.0000906783
0,1.311268,4.44089e-15,0.000431007
0,4.126497,8.88178e-15,0.000202145
0,2.256952,3.01981e-14,0.000410450
0,3.109473,7.99361e-15,0.000250135
0,3.14663,7.99361e-15,0.000155326
0,3.414749,1.21680e-13,0.0000708906
0,3.693581,1.15463e-14,0.0000509619
0,1.565706,2.66454e-15,0.000487172
0,2.732389,1.15463e-14,0.0000247209
0,4.589275,3.01981e-14,0.000194416
0,5.390618,1.42109e-14,0.000240880
0,1.020495,4.44089e-15,0.0000386820
0,2.629083,7.81597e-14,0.000334047
0,1.022782,6.21725e-15,0.0000417975
0,2.800077,6.21725e-15,0.0000688309
0,6.408811,2.46025e-13,0.000362357
0,3.12017,2.48690e-14,0.00000572341
0,4.560387,5.32907e-15,0.00000763102
0,2.006038,7.10543e-15,0.0000830312
0,3.202715,4.44089e-15,0.00000409010
0,2.341182,3.55271e-15,0.000328757
0,6.428965,2.57572e-14,0.0000425001
0,1.734589,5.32907e-15,0.000446391
0,2.813233,5.32907e-15,0.000195321
0,2.988184,3.55271e-15,0.000104815
0,1.019538,2.66454e-15,0.0000744098
0,3.050771,6.21725e-15,0.000761334
0,6.54529,3.10862e-14,0.0000287815
0,5.058526,1.42109e-14,0.000233057
0,3.928346,3.28626e-14,0.0000732039
0,6.552014,7.99361e-15,0.000297266
0,4.671309,2.48690e-14,0.000297787
0,3.336395,1.06581e-14,0.000133549
0,6.531588,1.50990e-14,0.00000131509
0,2.597215,3.55271e-15,0.0000887414
0,3.744679,1.86517e-14,0.0000770165
0,2.318122,3.64153e-14,0.000424394
0,3.626425,6.21725e-15,0.000257418
0,4.438083,2.13163e-14,0.00000739654
0,1.421739,1.77636e-15,0.000338646
0,2.882751,7.99361e-15,0.000804712
0,3.363974,1.24345e-14,0.000447875
0,3.694589,2.66454e-14,0.0000239555
0,4.129685,7.99361e-15,0.000100964
0,1.028184,5.25802e-13,0.0000752488
0,4.218548,1.42109e-14,0.0000932207
0,3.901855,2.13163e-14,0.000233173
0,6.424152,7.10543e-15,0.000131703
0,5.021402,7.99361e-15,0.000195776
0,3.314652,1.15463e-14,0.000383406
0,6.77487,1.95399e-14,0.0000908948
0,4.18175,7.10543e-15,0.0000509333
0,3.0339,7.62057e-13,0.000559178
0,2.080039,8.88178e-15,0.000786505
0,6.791307,1.06581e-14,0.000127634
0,5.333312,8.88178e-15,0.000389953
0,1.660581,2.66454e-15,0.000159651
0,4.686519,1.86517e-14,0.000180444
0,4.594219,9.76996e-15,0.000117957
0,3.416389,1.33227e-14,0.000437345
0,4.504253,9.76996e-15,0.000416035
0,5.312106,7.10543e-15,0.000257268
0,3.16776,1.24345e-14,0.000552765
0,2.598616,7.10543e-15,0.000340401
0,1.355234,2.13163e-14,0.000295468
0,1.211764,3.55271e-15,0.000218338
0,4.501105,4.44089e-15,0.000313983
0,3.149959,7.10543e-15,0.000526732
0,4.08919,8.88178e-15,0.000775500
0,6.685124,1.24345e-14,0.000244781
0,4.236085,7.99361e-15,0.000163004
0,2.331874,5.32907e-15,0.000498459
0,5.16178,7.99361e-15,0.000284873
0,5.599102,2.39808e-14,0.000110414
0,4.54315,2.30926e-13,0.000470877
0,3.666532,7.10543e-15,0.000602761
0,4.387978,5.32907e-15,0.000191791
0,1.5422,5.08926e-13,0.000321423
0,2.260428,5.32907e-15,0.000716960
0,2.546119,8.63309e-13,0.000622746
0,4.601153,2.66454e-15,0.0000446576
0,3.896606,2.22045e-14,0.000628859
0,2.148401,1.15463e-14,0.000314814
0,2.941717,4.44089e-15,0.000486855
0,3.77209,1.33227e-14,0.000764298
0,2.254822,6.21725e-15,0.000448486
0,1.990825,6.21725e-15,3.53369e-9
0,2.911025,6.21725e-15,0.000539605
0,1.015022,2.66454e-15,0.0000547162
0,3.686132,7.10543e-15,0.000141549
0,4.372043,1.42109e-14,0.000474737
0,6.894195,2.22045e-14,0.000292879
0,3.828841,9.76996e-15,0.000210478
0,5.290891,9.76996e-15,0.0000579801
0,2.571213,7.10543e-15,0.000175086
0,2.763991,1.06581e-14,0.000321814
0,5.048021,1.06581e-14,0.000474018
0,2.956216,6.21725e-15,0.0000986138
0,6.755705,1.42109e-14,0.0000122630
0,1.441534,4.52971e-14,0.000192061
0,7.014063,2.39808e-14,0.000153376
0,2.728729,4.13003e-13,0.000633680
0,2.432804,6.21725e-15,0.000117865
0,1.025802,1.24345e-13,0.000208213
0,4.122851,7.99361e-15,0.000128717
0,3.017342,6.21725e-15,0.000375171
0,2.512141,3.55271e-15,0.000115824
0,3.914786,2.22045e-14,0.000790580
0,4.174098,3.55271e-14,0.000408640
0,1.641466,3.55271e-15,0.000240423
0,1.489897,7.10543e-15,0.000156179
0,1.019992,2.66454e-15,0.0000696721
0,2.325484,3.55271e-15,0.000245485
0,4.512682,3.55271e-14,0.0000564218
0,3.152215,2.22045e-14,0.000178514
0,2.060431,2.66454e-15,0.000373431
0,2.432231,1.15463e-14,0.000282987
0,3.029536,3.41949e-13,5.24582e-7
0,4.391626,8.88178e-15,0.000233489
0,7.220245,2.39808e-14,0.000163323
0,2.056133,3.55271e-15,0.000802584
0,2.25946,5.32907e-15,0.000380701
0,3.948656,9.76996e-15,0.000527055
0,4.411295,8.88178e-15,0.000274035
0,4.266267,3.73035e-14,0.0000174335
0,4.885506,2.66454e-14,0.0000607660
0,2.529935,1.11022e-13,0.000315448
0,5.654159,1.15463e-14,0.000410118
0,2.876434,7.10543e-15,0.000311504
0,1.184609,5.32907e-15,0.00000950183
0,2.016367,1.86517e-14,0.000619232
0,2.912604,4.44089e-15,0.000209665
0,3.535368,1.06581e-14,0.000524338
0,2.709553,1.38556e-13,0.00105392
0,7.209251,2.13163e-14,0.000194458
0,1.686885,4.44089e-15,0.000204856
0,2.748693,2.66454e-14,0.000434304
0,2.769889,5.86198e-14,0.000207672
0,7.365905,1.77636e-14,0.000137747
0,5.155824,2.13163e-14,0.000234942
0,1.923564,2.00728e-13,0.00000842930
0,4.469614,7.99361e-15,0.000553035
0,2.505702,2.66454e-15,0.000332265
0,4.020613,1.15463e-14,0.0000195426
0,5.172814,1.50990e-14,0.0000323081
0,1.887466,4.44089e-15,0.000495222
0,7.415476,6.66134e-13,0.0000559319
0,2.688477,9.76996e-15,0.000931969
0,3.993011,8.88178e-15,0.0000703189
0,1.020768,5.32907e-15,0.000109295
0,3.88027,8.88178e-15,0.000328267
0,7.521729,1.33227e-14,0.000119372
0,2.391213,3.55271e-15,0.000504678
0,1.998663,7.10543e-15,0.0000668644
0,2.036331,7.10543e-15,0.000340263
0,3.24128,1.06581e-14,0.000275032
0,3.9857,1.15463e-14,0.000492385
0,3.038633,1.68754e-14,0.000706581
0,2.589448,7.10543e-15,0.000300583
0,3.031053,1.42109e-14,0.000252604
0,4.486222,1.86517e-14,0.000734528
0,1.015909,1.77636e-15,0.0000396744
0,4.40286,1.24345e-14,0.0000768088
0,7.733772,1.95399e-14,0.0000472549
0,1.913804,5.32907e-15,0.0000818912
0,6.103407,2.57572e-14,0.000428955
0,3.892688,1.06581e-14,0.000268568
0,1.013443,4.44089e-15,0.000183743
0,2.011848,8.12683e-13,0.000238798
0,2.279042,6.39488e-13,0.000479309
0,6.353727,5.32907e-14,0.000323747
0,1.399615,4.79616e-14,0.000424621
0,4.791372,1.24345e-14,0.000209282
0,1.494669,2.66454e-14,0.000260356
0,3.423753,2.66454e-14,0.0000448274
0,7.171069,6.64357e-13,0.000102198
0,4.162336,7.10543e-15,0.000421856
0,4.212803,1.06581e-14,0.000251059
0,4.560239,7.99361e-15,0.000304338
0,2.249096,4.44089e-15,0.000237762
0,2.547298,2.30926e-13,0.000161708
0,3.67521,7.10543e-15,0.000314817
0,4.22001,8.88178e-15,0.000692147
0,6.79566,1.15463e-14,0.0000919565
0,2.841318,1.19016e-13,0.0000727749
0,2.813101,6.03073e-13,0.000273378
0,1.00919,3.55271e-15,0.0000880056
0,4.162609,1.50990e-14,0.000754902
0,1.328377,9.73444e-13,0.000238526
0,5.264599,1.24345e-14,0.000152178
0,2.531896,4.44089e-15,0.0000526374
0,6.167452,2.48690e-14,0.0000795866
0,1.025027,3.55271e-15,0.000270081
0,6.02022,2.66454e-14,0.000216508
0,3.320014,3.55271e-15,0.000389493
0,2.386199,4.44089e-15,0.0000437055
0,5.255514,9.76996e-15,0.000153232
0,2.630069,1.68754e-14,0.000560644
0,5.584155,1.68754e-14,0.000215450
0,3.998213,1.59872e-14,0.000165028
0,3.35295,1.50990e-14,0.000698312
0,3.722423,1.33227e-14,0.000185307
0,1.240498,3.55271e-15,0.0000912916
0,2.783845,2.66454e-15,0.000717668
0,5.116012,2.22045e-14,0.0000921758
0,7.501429,6.21725e-15,0.000310519
0,1.769432,1.27010e-13,0.0000827792
0,1.353265,7.37188e-14,0.000426062
0,2.328714,5.32907e-15,0.0000205630
0,3.193718,7.10543e-15,0.000190660
0,3.246931,7.10543e-15,0.000518668
0,4.298461,7.10543e-15,0.000432103
0,1.48582,3.78364e-13,0.0000418451
0,1.022484,2.66454e-15,0.0000143845
0,2.09228,1.68754e-13,0.000725557
0,5.566066,1.42109e-14,0.000309205
0,2.781165,5.32907e-15,0.000423400
0,3.149549,3.55271e-15,0.000304398
0,1.33803,7.10543e-15,0.000139837
0,4.218897,6.21725e-15,0.000444475
0,3.207318,5.32907e-15,0.000868055
0,4.81034,2.22045e-14,0.0000828653
0,3.055241,1.95399e-14,0.000291431
0,4.141845,5.32907e-15,0.000237718
0,5.886246,6.03961e-14,0.000253935
0,5.196292,1.77636e-14,0.000239572
0,1.499704,4.08562e-14,0.000426071
0,2.044278,3.55271e-15,0.000380691
0,5.191134,1.86517e-14,0.000312609
0,3.337794,6.41265e-13,0.000264181
0,2.773933,1.22569e-13,0.000279642
0,3.460135,1.50990e-14,0.000643601
0,3.083346,6.21725e-15,0.000122896
0,2.720199,7.10543e-15,0.0000153936
0,3.147799,2.48690e-14,0.0000298483
0,6.313219,3.90799e-14,0.0000564886
0,2.772505,6.21725e-15,0.000246659
0,7.824437,1.24345e-14,0.0000938008
0,2.56821,8.30447e-13,0.000584347
0,1.020498,5.32907e-15,0.000111937
0,4.569821,1.33227e-14,0.000421305
0,5.22316,8.88178e-15,0.000161195
0,3.842905,7.10543e-15,0.0000417727
0,4.144334,7.10543e-15,0.000232157
0,2.573465,7.10543e-15,0.000892094
0,4.792525,2.39808e-14,0.0000731999
0,3.180381,4.36984e-13,0.000761494
0,7.454715,2.66454e-14,0.0000669479
0,2.102135,3.55271e-15,0.000196236
0,4.750129,2.48690e-14,0.000405260
0,3.819619,1.42109e-14,0.000114459
0,2.724272,1.15463e-14,0.000580934
0,2.114617,5.32907e-15,0.000354916
0,7.717102,1.24345e-14,0.000330949
0,8.077559,9.76996e-15,0.000306473
0,5.034199,7.10543e-15,0.000493535
0,2.365136,4.44089e-15,0.000323984
0,4.008347,7.10543e-15,0.000484647
0,2.649686,6.21725e-15,0.0000327577
0,1.993162,5.32907e-15,0.00000832636
0,2.878819,1.42109e-14,0.000331082
0,1.860845,5.32907e-15,0.000219039
0,3.272466,7.99361e-15,0.000374118
0,2.341463,5.32907e-15,0.0000239598
0,4.574811,1.59872e-14,0.000379030
0,2.4025,8.88178e-15,0.000533618
0,4.620766,1.86517e-14,0.000232431
0,3.542915,8.88178e-15,0.000761894
0,1.017617,3.55271e-15,0.000110413
0,1.019175,5.32907e-15,0.0000156879
0,5.894881,9.76996e-15,0.000240271
0,5.833485,9.76996e-15,0.000277230
0,1.568097,6.57252e-14,0.000306795
0,1.387288,2.13163e-14,0.000416239
0,6.296859,4.70735e-14,0.000188896
0,5.343474,1.15463e-14,0.0000709323
0,1.708515,3.55271e-15,0.000124379
0,8.213607,2.75335e-14,0.000283593
0,4.108907,5.32907e-15,0.000140277
0,4.449503,9.76996e-15,0.000129241
0,1.189266,5.50671e-14,0.000123952
0,8.375444,1.77636e-14,0.000227607
0,1.814692,5.32907e-15,0.000177693
0,2.112816,2.66454e-15,0.0000756839
0,1.005923,2.66454e-15,0.000151073
0,5.751258,2.22045e-14,0.000237659
0,2.623716,7.99361e-15,0.000208568
0,2.892892,8.88178e-15,0.0000589582
0,3.352473,9.76996e-15,0.000433678
0,2.772758,7.10543e-15,0.000498863
0,4.859595,6.85674e-13,0.000177670
0,1.936881,2.66454e-15,0.0000595847
0,5.124996,9.76996e-15,0.0000188613
0,3.528134,9.76996e-15,0.000574656
0,8.455426,1.33227e-14,0.0000626613
0,2.753606,5.32907e-15,0.000103343
0,6.032169,1.77636e-14,0.000320397
0,2.725313,1.42109e-14,0.000268476
0,4.932285,1.95399e-14,0.00000865067
0,2.690214,2.13163e-14,0.00000836885
0,1.333873,9.14824e-14,0.000201104
0,3.238378,9.41469e-13,0.000436163
0,5.964739,1.81188e-13,0.000131139
0,1.65302,2.42473e-13,0.000236313
0,6.463061,7.99361e-15,0.0000160785
0,1.778634,5.04485e-13,0.000374373
0,2.947786,1.06581e-14,0.000137713
0,3.358149,4.35207e-14,0.000701028
0,5.870393,1.06581e-14,0.0000832911
0,1.454851,4.44089e-15,0.000450524
0,4.00673,1.33227e-14,0.000397636
0,2.824042,3.05533e-13,0.0000148936
0,2.932462,8.81961e-13,0.000455612
0,1.014782,2.99316e-13,0.0000578404
0,3.97757,8.29559e-13,0.000543725
0,3.653939,1.15463e-14,0.000607444
0,2.653108,2.66454e-15,0.000604532
0,2.58231,1.77636e-15,0.000295060
0,2.399077,8.88178e-15,0.000329100
0,1.374804,5.32907e-15,0.000634761
0,4.819009,4.70735e-14,0.0000839190
0,3.586714,1.03029e-13,0.000155863
0,1.510699,3.55271e-15,0.0000642834
0,4.319525,3.55271e-15,0.000173089
0,6.725649,6.21725e-15,0.00000621419
0,7.362786,9.76996e-15,0.000131242
0,3.616805,2.66454e-15,0.000525699
0,1.015314,4.44089e-15,0.000155630
0,5.758982,3.49942e-13,0.0000973033
0,3.201735,5.32907e-15,0.000102090
0,4.316842,7.10543e-15,0.0000107176
0,2.789539,1.15463e-14,0.000538639
0,2.931023,2.13163e-14,0.0000724809
0,1.344564,4.44089e-15,0.0000276622
0,2.732123,6.51035e-13,0.000384637
0,2.076018,6.21725e-15,0.0000398586
0,2.546901,1.50990e-14,0.00000505495
0,4.158601,2.75335e-14,0.000472908
0,1.02895,5.32907e-15,0.0000577926
0,1.079286,4.44089e-15,0.000144373
0,8.741228,7.54952e-14,0.0000344790
0,1.2513,4.44089e-15,0.000105254
0,3.2509,2.66454e-15,0.0000686566
0,1.994607,5.32907e-15,0.000338131
0,1.018411,2.66454e-15,0.000145935
0,3.393693,5.32907e-15,0.000435912
0,5.325953,1.59872e-14,0.0000697573
0,2.148172,3.55271e-15,0.000218024
0,3.295018,5.32907e-15,0.000395071
0,4.162102,2.39808e-14,0.000305828
0,7.612947,5.32907e-15,0.00000220641
0,8.88084,7.54952e-14,0.00000964654
0,3.26764,7.10543e-15,0.000891378
0,1.019838,5.32907e-15,0.000193949
0,2.434775,6.21725e-15,0.0000571356
0,7.635743,1.33227e-14,0.000105430
0,8.528994,1.59872e-14,0.0000525351
0,8.87859,2.09610e-13,0.0000902880
0,3.158922,3.55271e-15,0.0000524425
0,1.634287,8.88178e-15,0.000326177
0,6.038702,3.55271e-15,0.000307085
0,6.456431,7.99361e-15,0.0000304538
0,4.513386,1.77636e-14,0.000112052
0,3.919171,1.42109e-14,0.000529413
0,2.516857,4.44089e-15,0.000351718
0,4.459411,9.76996e-15,0.000438306
0,1.513332,1.06581e-14,0.000313041
0,5.716699,1.15463e-14,0.000454914
0,5.496472,1.95399e-14,0.000206473
0,2.064103,6.66134e-14,0.000727669
0,1.017601,1.77636e-15,0.000144171
0,1.571871,7.99361e-15,0.0000395746
0,2.332005,4.44089e-15,0.000509944
0,6.165767,3.37508e-14,0.000121271
0,1.866877,3.55271e-15,0.000198703
0,2.531552,2.92211e-13,0.000167211
0,4.590722,1.06581e-14,0.0000724383
0,1.011733,4.44089e-15,0.000189602
0,1.916161,2.57572e-13,0.000276749
0,1.212779,5.95080e-14,0.0000114374
0,1.887593,9.76996e-15,0.000481236
0,5.403256,6.11067e-13,0.0000509742
0,1.774527,2.66454e-15,0.000362624
0,1.923978,4.44089e-15,0.000166432
0,2.732791,4.44089e-15,0.0000722009
0,5.012506,2.13163e-14,0.000113257
0,4.441372,7.10543e-15,0.0000780767
0,6.617518,7.10543e-15,0.000138380
0,7.373021,1.77636e-14,0.0000563953
0,3.866969,1.77636e-14,0.000677767
0,8.407132,2.66454e-14,0.000153912
0,1.695473,4.44089e-15,0.000167834
0,2.511796,3.55271e-15,0.000790833
0,2.15309,5.32907e-15,0.000564344
0,2.723319,8.40217e-13,0.000321751
0,2.029041,1.77636e-15,0.000181905
0,2.59016,7.10543e-15,0.000488964
0,1.014947,2.66454e-15,0.000194913
0,6.575879,1.06581e-14,0.0000877429
0,3.399415,1.15463e-14,0.000443645
0,1.012507,2.84217e-14,0.0000345616
0,1.802897,7.99361e-14,0.000639548
0,9.434287,4.44089e-14,0.0000198754
0,2.649164,2.66454e-15,0.000286025
0,4.621987,1.33227e-14,0.000243945
0,9.470108,4.83169e-13,0.0000267039
0,6.820093,1.24345e-14,0.000280081
0,3.112261,3.55271e-15,0.000214906
0,2.514914,2.66454e-15,0.000226939
0,2.4043,5.77316e-13,0.000257657
0,1.969702,3.55271e-15,0.000112151
0,1.009064,1.33227e-14,0.000161745
0,1.871565,1.32339e-13,0.000315835
0,4.269266,1.68754e-14,0.000102598
0,3.751912,1.33227e-14,0.000222052
0,1.022698,5.32907e-15,0.0000949118
0,1.01779,4.44089e-15,0.00000315862
0,5.060643,2.13163e-14,0.000156764
0,1.936506,1.70530e-13,0.000530110
0,1.856814,5.32907e-15,0.000651205
0,2.116718,2.66454e-15,0.000172793
0,6.734574,9.76996e-15,0.000226849
0,5.151442,7.10543e-15,0.000146509
0,1.01738,2.48690e-14,0.000251095
0,1.012207,3.55271e-15,0.0000728369
0,5.204591,8.17124e-14,0.000287803
0,1.738074,3.55271e-15,0.000138118
0,3.462613,1.24345e-14,0.000370118
0,1.662948,8.88178e-15,0.000130519
0,2.862828,5.32907e-15,0.000154062
0,2.622962,3.55271e-15,0.000261378
0,4.088268,1.06581e-14,0.000115084
0,2.019393,5.32907e-15,0.000839838
0,1.015066,3.55271e-15,0.000144804
0,1.570914,2.66454e-15,0.000310825
0,1.896857,6.21725e-15,0.000381566
0,1.0269,5.32907e-15,0.000116085
0,2.124059,2.66454e-15,0.000115298
0,2.751771,1.77636e-14,0.000212877
0,5.011936,2.22045e-14,0.0000977669
0,3.029121,8.88178e-15,0.000303858
0,4.660155,6.21725e-15,0.000463055
0,3.516501,9.76996e-15,0.0000589214
0,5.717222,6.21725e-15,0.000321018
0,2.216833,5.32907e-15,0.000163490
0,3.038904,1.24345e-14,0.000945627
0,8.728609,2.66454e-14,0.000209560
0,3.855647,1.33227e-14,0.000270434
0,3.269884,5.70211e-13,0.000155859
0,5.745756,6.21725e-15,0.000550797
0,1.25155,7.54952e-13,0.000117967
0,2.60371,5.32907e-15,0.000180129
0,4.860178,7.99361e-15,0.000673176
0,6.574383,1.11910e-13,0.000144749
0,4.103716,7.99361e-15,0.000219083
0,2.23169,2.66454e-15,0.00000175199
0,2.567508,7.10543e-15,0.000689171
0,3.759319,2.57572e-13,0.000811175
0,2.690347,5.32907e-15,0.000279760
0,9.791349,2.13163e-14,0.000154889
0,9.100697,2.66454e-14,0.0000808777
0,1.016854,3.55271e-15,0.000220320
0,1.016967,7.10543e-15,0.000115998
0,1.017771,3.55271e-15,0.0000517283
0,2.341384,1.62537e-13,0.0000681543
0,4.360357,1.15463e-14,0.000348432
0,3.13186,4.44089e-15,0.000608993
0,1.923896,1.15463e-14,0.000896315
0,7.792841,7.99361e-15,0.000246909
0,5.314449,1.15463e-14,0.000102531
0,1.018244,4.44089e-15,0.0000479324
0,2.390881,2.36255e-13,0.000662195
0,1.24377,8.34888e-14,0.000245785
0,9.540237,3.46390e-14,0.000107015
0,4.384306,7.99361e-15,0.0000245703
0,2.658743,7.10543e-15,0.000119909
0,1.81928,2.39808e-14,0.000501705
0,3.794719,1.06581e-14,0.0000302368
0,2.277145,5.32907e-15,0.000804388
0,1.232134,2.66454e-14,0.0000883651
0,5.718555,1.86517e-14,0.0000702613
0,5.476834,1.24345e-14,0.000365156
0,2.934994,1.24345e-14,0.000580516
0,5.536327,4.44089e-15,0.000147981
0,2.563232,8.88178e-15,0.0000365760
0,2.486371,6.21725e-15,0.000453385
0,2.624382,6.21725e-15,0.0000257072
0,4.12377,8.88178e-15,0.00000726387
0,1.018161,3.55271e-15,0.0000990094
0,5.025323,1.50990e-14,0.000195048
0,4.025442,1.15463e-14,0.000321842
0,1.022549,3.55271e-15,0.0000606210
0,2.062759,9.94760e-14,0.0000512856
0,1.679703,4.44089e-15,0.000269989
0,2.199223,4.44089e-15,0.000472696
0,2.825138,3.55271e-15,0.00000188432
0,1.654163,3.55271e-15,0.000318968
0,4.82016,1.42109e-14,0.0000978699
0,1.017108,4.44089e-15,0.0000871200
0,1.020906,2.66454e-14,0.0000119683
0,4.647263,1.06581e-14,0.0000144280
0,2.471818,6.21725e-15,0.000224229
0,1.397625,3.55271e-15,0.000381435
0,3.137475,7.99361e-14,0.000569268
0,1.030232,5.32907e-15,0.000116518
0,4.050842,1.42109e-14,0.0000915183
0,2.407303,4.32543e-13,0.0000802172
0,3.90374,8.09131e-13,0.0000340441
0,5.077015,9.76996e-15,0.000389266
0,2.208089,4.44089e-15,0.0000649154
0,2.206705,6.21725e-15,0.00115121
0,4.316208,1.33227e-14,0.0000208089
0,3.617288,1.06581e-14,0.0000448832
0,7.51723,1.59872e-14,0.000162254
0,3.683918,2.66454e-15,0.000244792
0,3.18117,7.99361e-15,0.0000961204
0,4.219931,1.15463e-14,0.000181291
0,4.181901,1.15463e-14,0.000382073
0,1.254995,5.32907e-14,0.000272764
0,2.68831,3.55271e-14,0.000188812
0,4.115085,7.10543e-15,0.000601773
0,7.432043,1.06581e-14,0.000149586
0,2.095847,3.55271e-15,0.000215905
0,10.25942,4.88498e-14,0.00000831087
0,1.728658,2.13163e-14,0.000567724
0,3.218169,5.32907e-15,0.000560392
0,3.926448,7.10543e-15,0.000178696
0,4.561738,1.33227e-14,0.000402913
0,2.688039,1.42109e-14,0.000526580
0,7.491003,1.50990e-14,0.0000545976
0,5.713161,9.76996e-15,0.000156805
0,6.045535,1.24345e-14,0.000237682
0,3.557089,6.21725e-15,0.0000421087
0,5.645881,3.73035e-14,0.000325182
0,2.82461,5.32907e-15,0.0000908208
0,5.336159,1.15463e-14,0.0000497377
0,1.87961,1.73195e-13,0.000371946
0,2.526097,6.21725e-15,0.000535040
0,3.118696,3.01981e-14,0.00000940978
0,2.249446,6.43041e-13,0.000357233
0,2.030617,1.24345e-13,0.000142749
0,6.249482,3.46390e-14,0.000118962
0,4.052781,1.15463e-14,0.000268565
0,6.720157,7.99361e-15,0.0000437095
0,5.411532,8.88178e-15,0.000352225
0,1.975524,5.32907e-14,0.0000582583
0,1.128921,2.66454e-15,0.000391776
0,3.871412,8.88178e-15,0.0000488657
0,4.880537,2.22045e-14,0.0000812751
0,3.87566,1.77636e-14,0.0000267634
0,1.76272,2.66454e-15,0.0000873354
0,2.115849,6.21725e-15,0.000323161
0,2.115124,1.77636e-15,0.000697340
0,3.666052,8.88178e-15,0.000779603
0,10.47101,5.59552e-14,0.0000747244
0,2.648917,7.99361e-15,0.000555042
0,4.674441,1.50990e-14,0.000125808
0,3.33289,7.10543e-14,0.000644063
0,3.89603,8.88178e-15,0.000797256
0,7.760047,1.95399e-14,0.0000439394
0,2.26171,9.76996e-15,0.000147841
0,1.516981,1.54543e-13,0.000179709
0,8.436633,1.42109e-14,0.000171253
0,1.010192,5.68434e-14,0.000198526
0,4.126919,1.68754e-14,0.000277688
0,2.735961,1.42109e-14,0.000517720
0,3.402642,9.76996e-15,0.0000944624
0,4.627002,1.68754e-14,0.000457967
0,2.67126,1.15463e-14,0.000351135
0,2.203545,5.00044e-13,0.000627239
0,6.093783,1.68754e-14,0.000286786
0,1.02266,4.44089e-15,0.000146775
0,2.663358,6.21725e-15,0.000720223
0,4.842712,1.24345e-14,0.000265313
0,2.178407,7.10543e-15,0.000171935
0,2.05606,5.32907e-15,0.000223566
0,2.148887,7.99361e-15,0.000706386
0,4.386555,1.06581e-14,0.000590745
0,3.925992,1.86517e-14,0.000453591
0,6.5571,1.42109e-14,0.000126946
0,1.022973,3.55271e-15,0.0000192613
0,2.596181,5.53335e-13,0.000677037
0,4.457856,1.15463e-14,0.000322628
0,1.010407,3.55271e-15,0.0000976984
0,2.756478,3.55271e-15,0.000194440
0,3.787439,9.76996e-15,1.28455e-7
0,4.624875,1.15463e-14,0.000444816
0,1.656445,4.96492e-13,0.000523987
0,4.778054,1.15463e-14,0.000468817
0,5.356465,2.18492e-13,0.0000944360
0,10.26022,2.93099e-14,0.0000989675
0,3.805084,2.84217e-14,0.000939589
0,1.08109,5.32907e-15,0.000105952
0,3.91393,2.30926e-14,0.00000689147
0,3.983318,9.76996e-15,0.000443891
0,1.033201,7.10543e-15,0.00000818874
0,5.644195,5.32907e-15,0.000375399
0,4.338919,6.21725e-15,0.000347908
0,2.721075,3.55271e-15,0.000210969
0,3.608885,1.24345e-14,0.000599697
0,4.518303,1.15463e-14,0.000538581
0,6.043833,1.33227e-14,0.0000235792
0,2.31914,3.55271e-15,0.00102392
0,5.26899,1.95399e-14,0.000144206
0,2.504934,7.99361e-15,0.0000392751
0,8.249629,5.32907e-15,0.000185802
0,3.529196,7.99361e-15,0.000451595
0,4.472721,4.44089e-15,0.000486096
0,10.34939,3.90799e-14,0.00000854669
0,2.438703,7.10543e-15,0.000528695
0,4.331345,1.24345e-14,0.0000889626
0,2.666443,4.97380e-14,0.000268885
0,2.712681,4.31655e-13,0.0000482484
0,4.071972,6.21725e-15,0.0000343746
0,10.32086,2.93099e-14,0.000240666
0,1.8988,4.44089e-15,0.000522578
0,3.951892,1.06581e-14,0.000501922
0,3.041329,7.99361e-15,0.000310919
0,4.032309,6.21725e-15,0.0000699190
0,2.270108,6.21725e-15,0.000639418
0,3.844353,1.95399e-14,0.000400382
0,2.25254,8.88178e-15,0.000315248
0,2.04731,8.88178e-16,0.000582395
0,3.087788,6.21725e-15,0.000877896
0,5.000349,5.50671e-14,0.000215162
0,10.04042,1.77636e-14,0.0000864787
0,1.0172,3.25073e-13,0.000169701
0,4.471052,7.99361e-15,0.000216462
0,2.538134,9.23706e-14,0.000386140
0,1.578446,5.32907e-15,0.000302384
0,4.676944,1.59872e-14,0.0000239675
0,8.668205,1.86517e-14,0.0000801485
0,1.036924,2.66454e-15,0.0000471259
0,3.096356,1.68754e-14,0.000251589
0,2.323959,4.44089e-15,0.0000401574
0,2.973748,5.32907e-15,0.000364591
0,2.511074,9.76996e-15,0.000134942
0,1.290743,6.21725e-15,0.000245606
0,1.021902,3.55271e-15,0.0000667018
0,1.115674,4.79616e-14,0.000328920
0,2.772986,7.99361e-15,0.0000448344
0,5.805853,2.30926e-14,0.000496771
0,5.605985,1.33227e-14,0.000392131
0,4.928797,7.10543e-15,0.000284017
0,3.516978,7.10543e-15,0.000274242
0,2.690618,4.44089e-15,0.000178309
0,6.708244,1.15463e-14,0.000140790
0,6.244729,1.33227e-14,0.0000177895
0,1.01178,4.44089e-15,0.000116683
0,2.189848,7.99361e-15,0.000265146
0,1.018792,4.08562e-14,0.000129335
0,1.884608,4.44089e-15,0.000657888
0,2.52761,4.44089e-15,0.0000318043
0,2.36049,3.55271e-15,0.000346872
0,8.568086,3.19744e-14,0.000201810
0,6.842117,1.15463e-14,0.000187327
0,2.774627,5.32907e-15,0.000668829
0,2.531084,6.21725e-15,0.000803138
0,5.011627,5.32907e-15,0.000418439
0,5.379155,2.22045e-14,0.000258919
0,1.009777,1.77636e-15,0.0000120393
0,2.226633,3.55271e-15,0.000333593
0,4.414525,7.90479e-14,0.0000829898
0,6.07942,2.39808e-14,0.000152625
0,4.24993,3.01981e-14,0.000151088
0,6.289275,2.93099e-14,0.0000611671
0,2.61263,3.55271e-15,0.000540660
0,5.571429,2.66454e-14,0.0000765531
0,5.296675,5.41789e-14,0.0000622153
0,4.634065,1.77636e-14,0.000430467
0,3.670243,1.50990e-14,0.0000834221
0,3.568551,6.83897e-14,0.000574762
0,4.35068,5.32907e-15,0.000628247
0,4.274472,1.59872e-14,0.0000995444
0,4.654276,1.24345e-14,0.000110904
0,5.139426,1.03029e-13,0.0000469005
0,1.012329,5.48894e-13,0.0000950921
0,4.668485,1.06581e-14,0.000690090
0,1.744137,8.88178e-15,0.000202911
0,1.183808,8.72191e-13,0.0000314979
0,3.40063,7.99361e-15,0.000485053
0,3.109121,9.76996e-15,0.000627469
0,4.739116,1.33227e-14,0.0000377905
0,2.076517,2.12275e-13,0.000703516
0,1.019684,2.66454e-15,0.0000947236
0,1.59777,5.32907e-15,0.000146355
0,6.189224,3.85469e-13,0.0000493957
0,1.025746,7.10543e-15,0.00000863491
0,1.866942,7.10543e-15,0.000232557
0,1.213496,3.55271e-15,0.0000717075
0,4.956763,9.76996e-15,0.0000832374
0,4.630914,7.10543e-15,0.000389431
0,3.518454,1.77636e-14,0.0000408104
0,6.210769,2.48690e-14,0.0000163980
0,3.135688,9.76996e-15,0.0000126084
0,2.667173,7.28306e-14,0.0000209811
0,10.35149,2.93099e-14,0.000213124
0,1.027173,3.55271e-15,0.000292926
0,3.525773,8.74856e-13,0.000522543
0,2.139407,7.10543e-15,0.000497513
0,5.670437,1.24345e-14,0.000359164
0,5.028297,1.24345e-14,0.0000635312
0,4.577493,8.88178e-15,0.000418726
0,3.405558,5.02709e-13,0.000100338
0,3.252022,4.52971e-14,0.000666609
0,4.670415,3.55271e-14,0.000949811
0,1.938545,3.55271e-15,0.0000267035
0,4.432121,1.15463e-14,0.000326356
0,2.421515,4.02345e-13,0.000104734
0,4.993113,1.33227e-14,0.000636236
0,5.834925,1.59872e-14,0.000215545
0,3.256782,2.66454e-15,0.000193342
0,4.911883,6.92779e-14,0.000482568
0,1.699662,5.32907e-14,0.000438301
0,2.037,3.55271e-15,0.000139572
0,6.27372,1.50990e-14,0.0000563747
0,5.272104,1.06581e-14,0.0000962754
0,1.438944,1.77636e-15,0.000351256
0,3.345369,6.21725e-15,0.000158815
0,2.512368,2.66454e-15,0.000877911
0,2.485343,5.32907e-15,0.000558994
0,2.528892,7.10543e-15,0.0000316783
0,1.594625,3.55271e-15,0.000276653
0,3.258942,1.06581e-14,0.000197965
0,3.569647,7.10543e-15,0.000279900
0,3.278186,7.10543e-15,0.000560225
0,10.96132,4.08562e-14,0.000133828
0,4.205993,6.21725e-15,0.0000243477
0,1.831583,3.55271e-15,0.000200156
0,4.977792,1.33227e-14,0.000616040
0,5.931091,1.06581e-14,0.000468574
0,5.55451,1.77636e-14,0.000265606
0,4.242606,1.59872e-14,0.000334710
0,5.763158,9.76996e-15,0.000458923
0,2.216494,4.52971e-14,0.000797218
0,5.179691,8.88178e-15,0.000456652
0,5.748048,1.42109e-14,0.0000170267
0,3.25002,1.59872e-14,0.0000962996
0,1.467681,7.44294e-13,0.000410576
0,7.080787,1.86517e-14,0.000100301
0,1.020396,9.76996e-15,0.000122906
0,4.89622,3.64153e-14,0.000277995
0,9.024714,3.73035e-14,0.0000383031
0,2.30266,4.44089e-15,0.000237440
0,4.695307,1.06581e-14,0.000512713
0,2.370085,2.66454e-15,0.000205968
0,3.988542,3.01981e-13,0.000114662
0,4.147271,9.76996e-15,0.000149938
0,5.25743,1.86517e-14,0.000159086
0,1.410603,3.55271e-15,0.00000516994
0,1.028854,4.44089e-15,0.0000927140
0,11.15577,5.41789e-14,0.0000595570
0,3.182193,3.26850e-13,0.000310152
0,2.526676,7.10543e-15,0.000629339
0,1.431418,8.88178e-15,0.000531994
0,1.988216,4.44089e-15,0.000585396
0,3.360641,1.15463e-14,0.000174675
0,3.742423,1.15463e-14,0.0000267316
0,2.910736,7.10543e-15,0.000756912
0,6.716806,1.50990e-14,0.000225399
0,3.420025,5.42677e-13,0.000187410
0,1.022159,4.44089e-15,0.000255042
0,4.008822,9.50351e-14,0.0000491882
0,3.238997,6.21725e-15,0.000165477
0,6.659925,1.42109e-14,0.000252240
0,3.195938,9.76996e-15,0.000617588
0,1.592209,4.44089e-15,0.000360427
0,5.018466,1.15463e-14,0.0000588821
0,2.523742,8.88178e-15,0.000222190
0,4.46336,4.44089e-15,0.000478709
0,6.652195,9.76996e-15,0.000129537
0,3.00375,9.76996e-15,0.000529745
0,6.509349,1.33227e-14,0.000326522
0,6.676156,2.75335e-14,0.0000481098
0,2.218687,5.32907e-15,0.000134278
0,2.874081,6.21725e-14,0.0000851549
0,4.534032,1.06581e-14,0.000296852
0,5.177503,8.88178e-15,0.000435507
0,2.111645,4.44089e-15,0.000344284
0,6.401516,1.86517e-14,0.000101737
0,2.793503,3.33955e-13,0.000574281
0,2.044457,4.44089e-15,0.000796223
0,7.313082,1.33227e-14,0.000207297
0,2.96257,1.59872e-14,0.0000788779
0,3.77039,8.88178e-15,0.000135506
0,1.389532,8.88178e-16,0.000142310
0,1.711732,3.55271e-15,0.000156018
0,4.820498,1.15463e-14,0.000250294
0,3.707896,2.30926e-14,0.000244343
0,1.434744,4.44089e-15,0.0000712891
0,1.967917,6.21725e-15,0.000114626
0,5.516381,6.21725e-15,0.000130868
0,3.768468,1.42109e-14,0.0000778513
0,1.040635,6.69687e-13,0.000303850
0,1.024187,3.73035e-14,0.000114961
0,1.182913,2.66454e-15,0.0000379548
0,4.830237,2.66454e-14,0.000718872
0,2.110161,6.21725e-15,0.000514692
0,2.417098,5.32907e-15,0.000376092
0,1.017498,7.10543e-15,0.0000795041
0,1.554518,6.39488e-14,0.000155478
0,1.733508,4.44089e-15,0.000502646
0,4.16051,9.76996e-15,0.000399063
0,7.557016,2.39808e-14,0.0000165838
0,6.134246,2.06057e-13,0.000354379
0,4.894111,1.24345e-14,0.000234554
0,1.834164,2.93099e-14,0.0000346447
0,7.506889,2.22045e-14,0.000342526
0,1.532414,2.66454e-14,0.000354613
0,3.094551,7.99361e-15,0.000800718
0,6.003126,1.15463e-14,0.000126174
0,1.79005,3.55271e-15,0.0000639809
0,4.359071,2.13163e-14,0.000624111
0,5.042784,2.22045e-14,0.00000493219
0,2.662485,7.99361e-15,0.000566522
0,3.371763,4.44089e-15,0.000368614
0,4.925553,1.42109e-14,0.000512747
0,1.033382,8.45546e-13,0.00000714136
0,4.319307,2.04281e-14,0.000696328
0,1.593884,2.66454e-15,0.0000971270
0,5.006591,1.50990e-14,0.000146845
0,2.48024,5.32907e-15,0.000877185
0,11.39926,6.75016e-14,0.0000130537
0,3.251052,3.55271e-15,0.000307453
0,1.73814,1.91847e-13,0.000227046
0,1.011585,6.62581e-13,0.000182671
0,1.29313,5.32907e-15,0.000182221
0,1.015494,4.08562e-14,0.000281924
0,1.010098,5.32907e-15,0.0000467112
0,1.380768,2.39808e-14,0.000106038
0,11.43118,1.11022e-13,0.000157601
0,1.01851,1.77636e-15,0.0000155959
0,4.233465,1.02141e-13,0.000383428
0,2.298737,1.42109e-13,0.000319999
0,8.15214,4.61853e-14,0.000156572
0,2.548094,7.28306e-14,0.000586276
0,2.215926,3.55271e-15,0.0000740274
0,2.198752,5.32907e-15,0.000416970
0,1.01549,7.10543e-15,0.0000565244
0,4.111904,6.21725e-15,0.000770426
0,3.349458,1.15463e-14,0.000562345
0,5.78475,1.68754e-14,0.000394796
0,3.939686,1.33227e-14,0.0000360791
0,3.133522,6.21725e-15,0.000221504
0,3.681124,2.04281e-14,0.000115369
0,6.147002,1.77636e-14,0.0000708288
0,1.012939,4.44089e-15,0.000218555
0,3.834462,1.06581e-14,0.000297422
0,1.191499,5.50671e-14,0.0000384673
0,2.830293,3.55271e-15,0.000484999
0,1.02077,1.24345e-14,0.0000577578
0,1.011437,4.44089e-15,0.000139895
0,1.87514,8.97060e-13,0.0000519745
0,5.681406,1.59872e-14,0.0000541060
0,2.947889,1.42109e-14,0.0000657191
0,6.598064,1.95399e-14,0.0000186846
0,5.529428,1.50990e-14,0.000239677
0,4.394389,1.42109e-14,0.000224506
0,3.574952,4.44089e-15,0.000369441
0,4.430324,9.76996e-15,0.000401626
0,1.269416,3.09086e-13,0.000149524
0,2.175522,4.44089e-15,0.000495167
0,1.934762,7.99361e-15,0.000176155
0,1.909985,9.82325e-13,0.000695067
0,1.021303,3.55271e-15,0.000246524
0,2.768899,5.32907e-15,0.000607532
0,2.617179,1.77636e-14,0.000268533
0,2.938971,1.06581e-14,0.000155421
0,2.527736,6.21725e-15,0.000222010
0,2.080395,6.92779e-13,0.000387011
0,2.38375,5.32907e-15,0.000253699
0,4.751373,1.24345e-14,0.0000617958
0,3.911541,1.42109e-14,0.000160739
0,2.067209,3.55271e-15,0.000347816
0,5.003718,1.50990e-14,0.000395361
0,1.010904,5.41789e-14,0.000131517
0,4.053062,1.15463e-14,0.000543469
0,6.543375,1.24345e-14,0.000427348
0,1.8113,4.44089e-13,0.00109782
0,2.310139,4.44089e-15,0.000205836
0,4.957585,1.15463e-14,0.000137080
0,1.877643,4.44089e-15,0.000409181
0,5.436396,1.33227e-14,0.000370889
0,4.923737,1.95399e-14,0.000189040
0,4.259324,1.54543e-13,0.000170141
0,2.749494,2.84217e-14,0.000178531
0,7.26591,7.99361e-15,0.000420507
0,2.658669,5.32907e-15,0.0000575077
0,3.672662,7.99361e-15,0.000372398
0,1.757757,2.66454e-15,0.000602079
0,3.802455,1.06581e-14,0.000228021
0,5.237439,6.21725e-15,0.000185554
0,3.327881,5.32907e-15,0.000187054
0,4.969113,2.66454e-14,0.000324070
0,1.602121,1.19016e-13,0.000406614
0,1.011195,5.32907e-15,0.000197224
0,2.830598,7.99361e-15,0.000156977
0,2.23898,7.99361e-15,0.000779860
0,1.625687,6.21725e-15,0.000336621
0,2.270238,1.38556e-13,0.00107633
0,4.045914,2.22045e-14,0.000423304
0,3.75153,1.50990e-14,0.000174123
0,1.627741,3.55271e-15,0.000279793
0,4.807985,1.42109e-14,0.000268968
0,2.759442,1.77636e-15,0.000121268
0,7.983876,7.99361e-15,0.000128695
0,2.890757,2.93099e-14,0.000347642
0,4.955553,1.15463e-14,0.000192142
0,1.020913,5.32907e-15,0.000268136
0,3.117654,6.21725e-15,0.000258754
0,4.439361,2.13163e-14,0.000112234
0,4.208684,6.21725e-15,0.000221537
0,2.26925,6.29718e-13,0.000470434
0,4.549679,1.95399e-14,0.000266203
0,2.028234,1.50990e-13,0.0000791002
0,1.019413,4.44089e-15,0.000246318
0,5.661969,7.99361e-15,0.000128826
0,3.769456,1.75859e-13,0.0000705346
0,8.36597,1.33227e-14,6.02830e-7
0,4.732197,1.50990e-14,0.0000349166
0,2.1711,4.44089e-15,0.000669911
0,1.026971,7.44294e-13,0.000145049
0,9.017929,5.24025e-14,0.000113426
0,8.694945,3.47278e-13,0.00000646207
0,3.660733,7.10543e-15,0.0000575520
0,3.809407,1.59872e-14,0.000168458
0,1.494324,5.32907e-15,0.000274170
0,4.362397,1.68754e-14,0.0000941984
0,3.509249,2.79776e-13,0.000903104
0,12.52446,2.39808e-14,0.0000962461
0,2.776043,8.88178e-15,0.000300160
0,2.115268,1.14575e-13,0.000883730
0,2.556025,4.44089e-15,0.000353379
0,2.930776,1.68754e-14,0.000423102
0,1.297439,2.66454e-15,0.000164156
0,4.164442,1.59872e-14,0.000211259
0,3.250489,1.86517e-14,0.000259769
0,3.964946,5.32907e-15,0.000314744
0,11.77363,4.79616e-14,0.000121115
0,2.278509,2.66454e-15,0.000379289
0,4.144938,8.88178e-15,0.000483478
0,3.430707,2.66454e-15,0.000746288
0,3.678168,1.68754e-14,0.000499938
0,3.617173,9.76996e-15,0.000353849
0,4.792206,8.88178e-15,0.000834275
0,5.507815,1.42109e-14,0.000247510
0,1.850769,1.33227e-14,0.000259502
0,2.14242,1.06581e-14,0.000344953
0,4.243918,1.77636e-14,0.000681999
0,3.685701,8.88178e-15,0.000326771
0,2.879961,1.15463e-14,0.0000843020
0,5.491855,1.24345e-14,0.000311438
0,4.395553,1.68754e-13,0.0000770957
0,3.481443,1.06581e-14,0.000487062
0,5.769516,2.22045e-14,0.000586404
0,5.033634,2.39808e-14,0.000360486
0,4.976096,2.46025e-13,0.000147966
0,9.247922,4.17444e-14,0.0000231156
0,4.052579,1.06581e-14,0.0000866860
0,4.158123,1.59872e-14,0.000653992
0,3.43864,8.88178e-15,0.000454346
0,7.229192,9.76996e-15,0.000171164
0,4.914845,7.99361e-15,0.000479669
0,2.398584,3.17968e-13,0.000160832
0,1.672331,5.32907e-15,0.000549132
0,2.17842,1.27898e-13,0.000465462
0,4.088123,7.10543e-15,0.000112365
0,4.351589,1.06581e-14,0.000454210
0,5.717806,1.19016e-13,0.000199802
0,3.798553,1.50990e-14,0.000361406
0,2.196718,9.76996e-15,0.000356236
0,2.566167,3.55271e-15,0.000118575
0,9.897848,2.84217e-14,7.52190e-8
0,12.59528,2.13163e-14,0.000114999
0,6.036044,2.30926e-14,0.000170985
0,1.171655,5.32907e-15,0.000121565
0,1.04118,1.01252e-13,0.000146891
0,2.163786,6.21725e-15,0.0000201006
0,4.152413,1.24345e-14,0.000259381
0,3.860974,8.88178e-15,0.000130512
0,2.906688,1.24345e-14,0.000697084
0,4.481925,1.33227e-14,0.000631660
0,4.033182,1.33227e-14,0.000304641
0,1.024657,7.99361e-15,0.000214353
0,1.006333,1.06581e-14,0.000148119
0,2.076692,4.44089e-15,0.000196746
0,2.996945,5.32907e-15,0.000600390
0,8.227884,2.13163e-14,0.000143771
0,2.342854,6.21725e-15,0.000552458
0,2.67247,7.99361e-15,0.000666739
0,1.717756,4.44089e-15,0.000600393
0,3.025491,9.32587e-14,0.000511318
0,3.980274,2.04281e-14,0.000314471
0,1.871905,2.66454e-15,0.000282960
0,4.254072,1.59872e-14,0.000262538
0,4.950117,2.22045e-14,0.0000148111
0,6.434504,1.15463e-14,0.000109032
0,1.024701,4.44089e-15,0.000172892
0,2.558545,4.44089e-15,0.000470823
0,2.602602,4.44089e-15,0.000274352
0,2.662689,4.44089e-15,0.000112192
0,8.312512,1.86517e-14,0.000277240
0,1.917785,3.55271e-15,0.000495131
0,4.245404,1.59872e-14,0.000331534
0,2.006829,7.81597e-14,0.000217487
0,1.948382,7.99361e-15,0.000680507
0,5.77378,2.30926e-14,0.000170873
0,4.719916,8.88178e-15,0.000666671
0,2.172488,1.24345e-14,0.000470406
0,2.546441,7.99361e-15,0.000376361
0,7.557593,1.86517e-14,0.000125706
0,5.268414,1.15463e-14,0.0000139340
0,4.233209,1.24345e-14,0.000537277
0,2.852085,8.52651e-14,0.000395920
0,3.231806,5.32907e-15,0.00109300
0,2.20582,9.76996e-15,0.000772254
0,10.93862,9.58345e-13,0.0000278015
0,4.042371,1.06581e-14,0.000419338
0,1.342161,2.66454e-15,0.0000998331
0,4.904281,8.79297e-14,0.0000286883
0,4.271253,1.24345e-14,0.000762608
0,2.471807,6.92779e-14,0.000117038
0,1.852048,4.44089e-15,0.000171901
0,2.586673,1.77636e-15,0.000163230
0,3.538191,1.15463e-14,0.000464179
0,2.475766,6.21725e-15,0.000556236
0,2.425839,1.59872e-14,0.000300165
0,3.609433,4.44089e-15,0.000153787
0,2.595849,1.68754e-14,0.000369233
0,1.407376,5.32907e-15,0.000176081
0,2.658142,3.55271e-15,0.000366805
0,4.731239,2.46025e-13,0.000128596
0,1.996964,2.09610e-13,0.000192585
0,5.751722,2.66454e-14,0.0000165880
0,3.424381,7.99361e-15,0.000677940
0,11.55066,5.50671e-14,0.0000504315
0,1.958955,5.32907e-15,0.000562427
0,2.691145,2.30926e-14,0.000400953
0,6.60056,5.84421e-13,0.000409624
0,1.012073,7.99361e-15,0.0000432608
0,2.98279,8.88178e-15,0.000378761
0,5.056292,1.50990e-14,8.32034e-7
0,5.669359,1.46549e-13,0.000359471
0,1.890659,6.21725e-15,0.000357323
0,2.549773,4.44089e-15,0.000428171
0,3.122635,6.66134e-14,0.000217106
0,7.192335,1.06581e-14,0.000257037
0,1.634091,8.88178e-15,0.000216208
0,1.020253,4.44089e-15,0.000237985
0,2.981967,4.44089e-15,0.0000706525
0,1.520642,1.68754e-13,0.000423357
0,5.166715,8.88178e-15,0.000713563
0,2.120006,4.44089e-15,0.000100613
0,3.125595,3.55271e-15,0.000468014
0,3.622825,8.88178e-15,0.0000264662
0,5.901821,8.88178e-15,0.000188014
0,3.188251,5.32907e-15,0.000212052
0,2.727701,1.77636e-14,0.000237299
0,4.241317,5.32907e-15,0.000751522
0,3.087293,7.99361e-15,0.000766970
0,3.996385,1.79412e-13,0.0000581804
0,2.221858,2.75335e-14,0.0000938689
0,4.459509,9.76996e-15,0.000129111
0,6.524348,2.57572e-14,0.0000387718
0,1.745444,5.41789e-13,0.000277549
0,7.984863,1.33227e-14,0.0000856275
0,5.213143,1.24345e-14,0.000361324
0,1.018388,2.30926e-14,0.0000568053
0,2.587401,2.66454e-15,0.000170591
0,3.999797,8.88178e-15,0.0000327322
0,1.461758,3.55271e-15,0.000580031
0,4.399109,5.32907e-15,0.000163924
0,6.586686,2.13163e-14,0.000203075
0,4.530976,1.42109e-14,0.000103299
0,2.575056,1.06581e-14,0.000339653
0,3.12282,3.55271e-15,0.000394359
0,3.533324,1.33227e-14,0.00104066
0,3.664655,1.33227e-14,0.000233767
0,2.921006,7.10543e-15,0.000473211
0,8.315893,1.50990e-14,0.000165788
0,4.925048,1.50990e-14,0.0000286571
0,1.425881,6.21725e-15,0.000222557
0,2.482693,1.15463e-14,0.000573527
0,7.6573,2.66454e-14,0.0000358750
0,4.315385,1.50990e-14,0.0000923079
0,10.70896,1.33227e-14,0.000175074
0,1.925194,4.44089e-15,0.000200616
0,3.612713,8.88178e-15,0.000843750
0,1.008044,1.77636e-15,0.000167734
0,2.792451,7.99361e-15,0.0000723914
0,1.91374,5.32907e-15,0.000515307
0,4.916506,3.01981e-14,0.0000444125
0,3.335811,3.55271e-15,0.000612291
0,5.446341,1.15463e-14,0.000638187
0,3.465001,1.06581e-14,0.000232212
0,2.728017,6.21725e-15,0.000414862
0,2.65229,4.44089e-15,0.000700432
0,2.058916,5.92415e-13,0.000750979
0,1.607141,1.42997e-13,0.000365683
0,1.910899,4.44089e-15,0.0000362009
0,2.398772,1.39444e-13,0.000332509
0,7.626463,1.50990e-14,0.0000589327
0,2.953921,8.88178e-15,0.0000885221
0,5.330046,7.99361e-15,0.000282279
0,3.057142,9.85878e-13,0.000437256
0,2.711858,3.55271e-15,0.000709650
0,2.423011,2.66454e-15,0.000239816
0,7.596409,1.15463e-14,0.000206144
0,4.077135,3.55271e-15,0.000637537
0,5.281762,2.48690e-14,0.000360681
0,8.388984,3.99680e-14,0.000123544
0,1.962745,5.32907e-15,0.000422214
0,5.892163,2.66454e-14,0.0000302395
0,9.555277,2.30926e-14,0.00000924199
0,10.24609,3.81917e-14,0.000119910
0,8.781199,2.04281e-14,0.0000494351
0,2.33762,7.99361e-15,0.000874533
0,3.644402,3.55271e-15,0.000531256
0,4.62259,3.23297e-13,0.000249647
0,7.88008,2.30926e-14,0.000358640
0,4.555488,1.77636e-14,0.000119727
0,4.591682,8.88178e-15,0.000714959
0,6.828503,2.30926e-14,0.000254996
0,2.605306,4.44089e-15,0.000157586
0,5.000047,9.76996e-15,0.000438533
0,3.571845,8.88178e-15,0.000103759
0,2.974732,3.55271e-15,0.000158396
0,6.852954,6.21725e-15,0.000342439
0,4.844036,3.81917e-14,0.000713256
0,2.185486,2.66454e-15,0.00100568
0,1.404167,2.93987e-13,0.000459992
0,4.269598,5.32907e-15,0.0000914711
0,8.233817,1.59872e-14,0.000260766
0,2.722597,4.44089e-15,0.000682349
0,4.984849,1.06581e-14,0.0000689060
0,2.195428,4.44089e-15,0.0000951003
0,1.021907,2.84217e-14,0.0000992284
0,6.026663,6.21725e-15,0.000109208
0,2.031481,9.76996e-15,0.000351948
0,5.599733,8.88178e-15,0.000231725
0,2.532247,4.44089e-15,0.000393705
0,3.375221,6.21725e-15,0.000653347
0,6.536959,3.01981e-14,0.000400849
0,1.856515,7.00773e-13,0.000476565
0,3.324901,6.21725e-15,0.000192783
0,1.940675,3.55271e-15,0.0000478784
0,7.229867,2.04281e-14,0.000294903
0,1.718826,1.33227e-14,0.000186988
0,5.214834,9.76996e-15,0.000127873
0,2.099612,8.88178e-15,0.00000641787
0,2.196568,7.99361e-15,0.000679179
0,4.852275,1.50990e-14,0.000648532
0,3.18016,6.21725e-15,0.0000675304
0,1.14633,3.55271e-15,0.00000617235
0,1.975042,2.66454e-15,0.000195383
0,4.180134,7.10543e-15,0.000111665
0,1.967033,1.66978e-13,0.000247622
0,3.07975,7.10543e-15,0.000477740
0,3.199617,6.61693e-13,0.00000637129
0,5.043809,1.15463e-14,0.000373272
0,2.558538,7.99361e-14,0.000304647
0,3.043333,1.50990e-14,0.000112841
0,2.609683,3.10862e-14,0.000396341
0,3.226553,5.32907e-15,0.000135860
0,2.915793,6.21725e-15,0.000132683
0,4.524297,1.50990e-14,0.000206163
0,3.06354,1.15463e-14,0.000283673
0,4.041733,6.21725e-15,0.000367247
0,7.437636,1.50990e-14,0.000328520
0,1.321704,1.66978e-13,0.000123091
0,7.814219,8.88178e-15,0.0000403612
0,2.290089,3.55271e-15,0.000242131
0,3.626773,4.44089e-15,0.000589420
0,2.374135,5.48006e-13,0.0000612575
0,5.472001,1.42109e-14,0.00000304691
0,5.413474,8.88178e-15,0.0000618591
0,1.692192,5.32907e-15,0.000182375
0,5.382323,5.32907e-15,0.000379836
0,2.895054,1.59872e-14,0.000219734
0,6.995362,2.93099e-14,0.000298885
0,6.870448,8.88178e-15,0.0000146622
0,11.6239,2.75335e-14,0.000117667
0,6.569815,1.24345e-14,0.000288398
0,7.795601,2.57572e-14,0.000242097
0,2.689478,1.15463e-14,0.000496375
0,3.778192,9.76996e-15,0.000226838
0,2.360018,6.21725e-15,0.000303266
0,3.657236,7.99361e-15,0.000104671
0,4.043284,1.02141e-13,0.000110950
0,4.325079,5.32907e-15,0.0000745722
0,3.320861,1.50990e-14,0.000142787
0,3.786589,1.06581e-14,0.000634813
0,1.768162,3.55271e-15,0.000324849
0,1.951705,2.84217e-14,0.000256923
0,4.894867,3.57936e-13,0.000585099
0,9.27791,2.57572e-14,0.0000981971
0,1.363964,8.97060e-14,0.000427751
0,4.942212,1.77636e-14,0.000378426
0,4.605931,1.24345e-14,0.0000113507
0,5.125519,2.13163e-14,0.000255848
0,1.548151,1.86517e-14,0.000145367
0,5.383569,1.77636e-14,0.000480181
0,1.017212,5.32907e-15,0.000153995
0,4.478602,1.50990e-14,0.000472634
0,5.757217,8.88178e-15,0.000384382
0,10.75122,4.26326e-14,0.000162077
0,4.157408,5.68434e-14,0.000515398
0,5.938148,1.50990e-14,0.0000468892
0,3.152519,7.10543e-15,0.000522706
0,7.707769,1.68754e-14,0.000236611
0,4.797612,1.15463e-14,0.000354974
0,1.514036,1.59872e-13,0.000534786
0,3.713183,1.15463e-14,0.000466935
0,1.716637,4.44089e-15,0.0000355591
0,2.191997,1.77636e-15,0.000330738
0,1.020021,4.44089e-15,0.000159431
0,4.574786,1.77636e-14,0.000269597
0,5.884739,2.25597e-13,0.000334967
0,5.219721,2.48690e-14,0.000318420
0,2.826898,3.55271e-15,0.000501222
0,4.249271,5.32907e-15,0.000259078
0,7.153619,3.28626e-14,0.000310901
0,2.637824,6.21725e-15,0.000587054
0,2.298887,7.99361e-15,0.000299199
0,9.78796,2.81553e-13,0.000119358
0,4.272491,2.84217e-14,0.000478623
0,5.745627,1.06581e-14,0.000384059
0,4.532471,2.66454e-14,0.000330379
0,4.965714,2.84217e-14,0.0000583255
0,2.435749,6.21725e-15,0.000684032
0,3.547905,6.50147e-13,0.000744471
0,3.641579,5.32907e-15,0.00000679102
0,2.23213,2.66454e-15,0.000294960
0,8.837676,4.17444e-14,0.000120209
0,4.841089,8.88178e-15,0.000670987
0,6.188706,5.62217e-13,0.000201383
0,5.711193,1.50990e-13,0.000401254
0,1.016908,9.59233e-14,0.0000151936
0,3.912453,1.42109e-14,0.0000133521
0,4.096813,1.15463e-14,0.000107429
0,2.813567,4.44089e-15,0.000524839
0,2.146407,4.79616e-14,0.000254823
0,7.124021,2.22045e-14,0.000256441
0,2.955729,5.71099e-13,0.000190592
0,2.951741,7.99361e-15,0.0000888678
0,3.724729,7.99361e-15,0.000462418
0,4.297497,4.17444e-14,0.000541927
0,1.753593,1.27898e-13,0.000120192
0,5.178084,4.44089e-15,0.0000194441
0,4.231234,3.33067e-13,0.000459473
0,4.141677,1.06581e-14,0.000599773
0,3.86809,1.24345e-14,0.000192918
0,2.242115,4.44089e-15,0.000573114
0,2.521126,1.15463e-14,0.000127074
0,1.876794,2.30926e-14,0.000641887
0,1.571057,4.44089e-15,0.000747080
0,2.614334,7.99361e-15,0.000100505
0,4.560386,1.50990e-14,0.000198917
0,3.200135,1.77636e-14,0.000977489
0,2.957137,7.99361e-15,0.000128133
0,2.019561,4.44089e-15,0.000218090
0,3.549809,6.21725e-15,0.000123947
0,1.020983,1.83853e-13,0.0000987399
0,4.042539,1.68754e-14,0.0000803159
0,2.402814,2.66454e-15,0.000604058
0,5.114348,2.91323e-13,0.000304430
0,1.86221,7.10543e-15,0.000686029
0,2.809696,4.44089e-15,0.000138144
0,5.805663,1.06581e-14,0.0000656110
0,6.763275,2.04281e-14,0.0000723923
0,5.683587,2.13163e-14,0.000142034
0,5.486448,1.42109e-14,0.000151709
0,9.547668,2.13163e-14,0.0000391764
0,3.347328,8.88178e-15,0.000149355
0,2.290916,6.21725e-15,0.0000419024
0,3.285519,7.10543e-15,0.0000806436
0,6.810848,1.24345e-14,0.000197177
0,4.370863,3.55271e-15,0.000398146
0,1.79077,8.88178e-15,0.000354463
0,2.275649,9.76996e-15,0.000771269
0,2.966187,7.10543e-15,0.0000992649
0,1.022402,1.15463e-14,0.000109123
0,4.525323,6.21725e-15,0.000816438
0,5.456054,1.59872e-14,0.000328205
0,2.028809,1.24345e-14,0.0000556494
0,3.564112,7.99361e-15,0.000737110
0,2.678536,5.32907e-15,0.000192630
0,4.559874,1.42109e-14,0.000135334
0,5.778302,2.48690e-14,0.000297927
0,5.121062,1.24345e-14,0.0000200918
0,3.639309,1.24345e-14,0.000373960
0,4.783864,1.68754e-14,0.000201471
0,4.056998,1.66089e-13,0.000695667
0,1.364105,6.21725e-15,0.000116594
0,4.025546,5.56000e-13,0.000395690
0,2.3045,5.40901e-13,0.000853269
0,2.41257,5.32907e-15,0.000561338
0,1.052276,6.21725e-15,0.000264674
0,3.889802,7.10543e-15,0.000196192
0,2.729857,8.88178e-15,0.000237031
0,2.899913,1.06581e-14,0.000714890
0,2.36902,5.32907e-15,0.0000393595
0,4.686401,1.33227e-14,0.000122674
0,5.022881,1.42109e-14,0.0000169123
0,2.533006,1.77636e-15,0.000146099
0,3.520824,1.68754e-14,0.000249099
0,6.863169,1.42109e-14,0.000304735
0,3.988141,7.10543e-15,0.000555339
0,4.00211,6.35048e-13,0.000272567
0,3.194588,5.49782e-13,0.000534412
0,2.292684,1.35003e-13,0.000527504
0,1.022102,3.55271e-15,0.000181014
0,1.499157,1.77636e-15,0.000200601
0,4.317893,7.99361e-15,0.000219765
0,7.317635,1.77636e-14,0.0000292785
0,3.825043,7.10543e-14,0.000443283
0,3.816138,7.99361e-15,0.000550964
0,6.874728,3.19744e-14,0.000192299
0,1.012081,2.66454e-15,0.0000979853
0,2.641795,8.88178e-15,0.000164212
0,10.17889,1.59872e-14,0.0000695536
0,4.211129,1.24345e-14,0.000257111
0,3.146884,1.24345e-14,0.0000860699
0,2.377456,1.59872e-14,0.000119124
0,1.215247,3.55271e-15,0.000173783
0,4.060646,1.24345e-14,0.000392391
0,1.721468,3.55271e-15,0.000381366
0,4.953355,1.95399e-14,0.0000395751
0,2.135668,6.21725e-15,0.0000370252
0,2.417107,2.66454e-15,0.000505987
0,8.486133,2.75335e-14,0.000291232
0,2.944433,5.24025e-14,0.000541140
0,1.471655,5.32907e-15,0.000206398
0,1.016804,2.66454e-15,0.0000859245
0,9.698812,3.01981e-14,0.000134362
0,4.33127,1.06581e-14,0.000294909
0,5.14357,9.76996e-15,0.000552213
0,2.549344,6.21725e-15,0.000638146
0,6.772059,1.77636e-14,0.000407137
0,2.497491,5.32907e-15,0.000326464
0,3.821577,6.21725e-15,0.000541192
0,5.021817,2.13163e-14,0.0000230566
0,6.162209,9.76996e-15,0.0000114078
0,2.717758,1.19016e-13,0.000354722
0,5.270332,8.88178e-15,0.000191832
0,1.012607,4.44089e-15,0.0000659617
0,3.547426,1.06581e-14,0.000284672
0,2.977715,1.50990e-14,0.000191189
0,3.384088,6.21725e-15,0.000724551
0,3.138272,4.44089e-15,0.000374468
0,1.714471,4.44089e-15,0.000194331
0,2.071698,8.88178e-15,0.000275709
0,2.94585,2.48690e-14,0.0000457644
0,1.011161,1.06581e-14,0.000136008
0,1.010737,3.55271e-15,0.0000909896
0,4.33504,1.42109e-14,0.000342260
0,4.460439,5.32907e-15,0.000705170
0,9.519324,1.24345e-14,0.0000688356
0,1.010929,2.30926e-14,0.0000153654
0,6.30574,1.15463e-14,0.0000374881
0,8.14885,2.22045e-14,0.000180298
0,3.737038,1.15463e-14,0.000159443
0,2.282564,8.88178e-15,0.000204443
0,4.097627,1.59872e-14,0.000684659
0,4.138317,4.44089e-15,0.000432098
0,4.450425,7.10543e-15,0.000105641
0,3.730108,9.76996e-15,0.0000548930
0,4.184566,7.99361e-15,0.000343578
0,1.012359,7.53175e-13,0.000129337
0,6.045513,1.29674e-13,0.000153192
0,1.008103,2.52243e-13,0.000102241
0,4.794309,8.88178e-15,0.000113268
0,1.015481,1.27898e-13,0.000123061
0,7.331082,6.30607e-14,0.0000846862
0,1.730196,3.55271e-15,0.000197448
0,4.996555,2.48690e-14,0.000309070
0,4.330014,9.59233e-14,0.000900741
0,3.815014,1.24345e-14,0.000437758
0,2.251454,4.44089e-15,0.000106960
0,4.339989,5.32907e-15,0.000194110
0,4.011365,3.45501e-13,0.000244787
0,1.812509,7.10543e-15,0.000245393
0,9.79065,8.08242e-14,0.0000554001
0,2.377455,4.44089e-15,0.000402679
0,2.024749,8.34888e-13,0.000444084
0,1.014962,4.44089e-15,0.0000472679
0,6.972575,7.10543e-15,0.0000855246
0,3.923892,1.86517e-14,0.0000514450
0,2.17179,4.44089e-15,0.000645314
0,3.08763,1.06581e-14,0.000512694
0,7.998466,2.30926e-14,0.00000109131
0,4.682072,3.01981e-14,0.000391137
0,2.639678,7.33635e-13,0.000269266
0,1.028481,4.13003e-13,0.000194837
0,1.595874,7.99361e-15,0.000364113
0,4.299033,1.50990e-14,0.000624687
0,7.15004,2.04281e-14,0.000154558
0,3.926692,1.68754e-14,0.000357092
0,4.726618,9.23706e-14,0.000780799
0,3.147099,4.44089e-15,0.000775084
0,4.168303,8.88178e-15,0.000100896
0,1.588807,4.44089e-15,0.000431525
0,2.527835,3.55271e-15,0.000181511
0,2.813583,1.24345e-14,0.000112196
0,3.862355,5.00933e-13,0.000176954
0,2.921789,9.76996e-15,0.000709103
0,0.9996188,8.88178e-15,0.000122763
0,2.673966,4.65405e-13,0.000508478
0,3.774882,6.21725e-15,0.000171688
0,3.691254,8.88178e-15,0.000506004
0,4.029453,7.99361e-15,0.000169805
0,4.985948,3.46390e-14,0.000335334
0,8.931961,1.86517e-14,0.0000220841
0,4.916754,1.33227e-14,0.000574883
0,7.426916,1.68754e-14,0.0000127497
0,2.34281,2.66454e-15,0.000122646
0,1.01768,3.73035e-14,0.00000860085
0,2.885594,8.26006e-14,0.000968519
0,2.922386,9.76996e-15,0.000327419
0,2.311692,1.86517e-14,0.000596399
0,2.631109,7.10543e-15,0.000555763
0,2.2984,1.33227e-14,0.000219523
0,2.151824,3.55271e-15,0.000336441
0,8.688429,9.76996e-14,0.000391102
0,4.291347,1.77636e-14,0.000397198
0,2.509207,5.32907e-15,0.000269863
0,2.507289,1.35003e-13,0.000868085
0,6.451385,1.86517e-14,0.000133280
0,4.495357,1.33227e-14,0.000913566
0,2.442181,5.58664e-13,0.000560460
0,3.094611,5.45342e-13,0.000457393
0,4.462078,1.42109e-14,0.000234323
0,4.906278,4.97380e-13,0.000597111
0,3.505233,5.32907e-15,0.0000700028
0,9.651713,2.84217e-14,0.000202655
0,3.768771,4.44089e-15,0.000263830
0,9.501275,2.22045e-14,0.0000984064
0,8.55576,3.28626e-14,0.0000700452
0,4.266572,1.77636e-14,0.000374727
0,8.679879,1.86517e-14,0.000212740
0,1.010069,7.99361e-15,0.000131978
0,4.645569,1.59872e-14,0.000319152
0,4.263112,1.75859e-13,0.0000119084
0,6.7318,9.76996e-15,0.000158095
0,2.813119,7.10543e-15,0.000200681
0,4.76593,5.15143e-14,0.000576743
0,1.603988,1.24345e-14,0.000189109
0,2.274366,1.06581e-14,0.000470027
0,1.288959,2.66454e-15,0.000431244
0,3.434576,9.76996e-15,0.0000342212
0,5.045608,1.24345e-14,0.0000278906
0,2.843173,5.32907e-15,0.000215580
0,2.51238,2.66454e-15,0.000704987
0,2.836205,2.22045e-13,0.000413155
0,2.742331,4.07674e-13,0.00108634
0,8.136736,5.79092e-13,0.00000932512
0,5.913699,8.26006e-14,0.0000122903
0,3.747143,4.44089e-15,0.000190693
0,3.247945,4.44089e-15,0.000570345
0,5.01227,2.93099e-14,0.000448793
0,1.008912,3.55271e-15,0.000149971
0,1.008018,4.98268e-13,0.00000263044
0,8.977135,5.86198e-14,0.000101560
0,5.1241,1.77636e-14,0.000184375
0,2.722717,2.48690e-14,0.000695326
0,5.236921,2.78000e-13,0.0000528462
0,2.178748,5.32907e-15,0.000170993
0,3.925214,2.22045e-14,0.000211572
0,4.556371,5.32907e-15,0.000633090
0,1.019523,2.66454e-15,0.0000745072
0,1.013442,4.44089e-15,0.0000970379
0,2.394556,4.44089e-15,0.000476152
0,1.674283,2.66454e-15,0.000240395
0,2.38033,2.11386e-13,0.000105379
0,1.826168,3.28626e-14,0.000743299
0,1.069807,2.66454e-15,0.000173756
0,2.746877,3.55271e-15,0.000212061
0,3.657038,1.24345e-14,0.000484790
0,6.571899,2.84217e-14,0.0000330548
0,4.789243,7.10543e-15,0.000303368
0,7.047547,1.59872e-14,0.00000901789
0,3.478962,1.06581e-14,0.000508522
0,1.294759,7.10543e-14,0.0000487434
0,11.23321,2.04281e-14,0.0000295264
0,2.570804,6.21725e-15,0.000273710
0,2.166983,2.66454e-15,0.000317741
0,1.628569,1.09246e-13,0.000557456
0,4.433976,1.06581e-14,0.000186883
0,3.345435,7.99361e-15,0.000358874
0,3.30668,5.32907e-15,0.000454157
0,5.240756,1.59872e-14,0.000294258
0,2.2904,2.66454e-15,0.000740045
0,2.215644,1.15463e-14,0.000186019
0,1.018809,5.39124e-13,0.0000506267
0,1.661544,1.77636e-13,0.000607240
0,3.242737,5.32907e-15,0.000244631
0,2.633121,3.55271e-15,0.0000761285
0,1.361848,9.50351e-13,0.000123081
0,3.245848,4.44089e-15,0.000800286
0,4.822207,3.24185e-13,0.000617171
0,4.55191,1.95399e-14,0.000238827
0,2.346632,4.35207e-14,0.0000128281
0,2.591739,8.88178e-15,0.000330115
0,6.905209,1.88294e-13,0.000308085
0,1.011425,1.77636e-15,0.0000384488
0,11.74724,3.81917e-14,0.0000505456
0,2.186994,9.76996e-15,0.000537647
0,4.300683,9.76996e-15,0.0000705988
0,1.874381,1.77636e-14,0.000229448
0,2.432213,1.24345e-13,0.000895902
0,6.097355,1.59872e-14,0.0000458162
0,4.726458,2.84217e-14,0.000100830
0,3.210164,9.76996e-15,0.000550714
0,3.396606,5.17808e-13,0.000811055
0,2.863216,9.76996e-15,0.000528571
0,6.050517,1.68754e-14,0.000144407
0,3.950266,1.24345e-14,0.000232075
0,4.230098,4.44089e-15,0.0000661485
0,2.692928,7.99361e-15,0.000114700
0,4.740462,5.32907e-15,0.000334283
0,1.017116,4.44089e-15,0.0000986692
0,1.186058,4.08562e-14,0.000152894
0,4.51182,5.32907e-15,0.000359972
0,8.107894,7.10543e-15,0.000339730
0,4.275774,6.12843e-14,0.0000411269
0,2.529741,8.88178e-15,0.000232517
0,1.987042,2.48690e-14,0.0000262698
0,2.187807,3.55271e-15,0.000410826
0,2.943791,1.50990e-14,0.000197284
0,1.46127,1.95399e-14,0.000114722
0,2.026213,4.44089e-15,0.000711230
0,4.195955,8.88178e-15,0.000620869
0,7.777741,1.42109e-14,0.0000733092
0,1.013701,4.44089e-15,0.0000567785
0,3.988001,1.33227e-14,0.000289002
0,3.891175,2.04281e-14,0.0000470033
0,1.00856,2.66454e-15,0.000146933
0,8.20046,1.33227e-14,0.0000732308
0,7.26094,1.68754e-14,0.0000426883
0,1.796947,4.44089e-15,0.000188093
0,2.2393,6.66134e-14,0.000352240
0,1.011478,2.66454e-15,0.0000564017
0,3.559732,1.06581e-14,0.000407067
0,2.962124,4.41425e-13,0.000285838
0,3.449115,5.32907e-15,0.000551061
0,2.336993,7.99361e-15,0.000629180
0,5.27245,7.10543e-15,0.0000895792
0,3.799175,2.65565e-13,0.000389894
0,1.545936,1.50990e-13,0.000257963
0,1.011521,3.97904e-13,0.000194450
0,1.232785,5.32907e-15,0.000370284
0,3.798683,8.88178e-15,0.000451915
0,2.3719,6.11067e-13,0.000211429
0,1.01267,4.40536e-13,0.000151752
0,10.5924,2.48690e-14,0.000116730
0,1.082494,4.44089e-15,0.0000339335
0,2.655021,9.76996e-15,0.000712637
0,4.527543,1.15463e-14,0.0000422821
0,2.840008,2.66454e-15,0.000578712
0,3.641829,8.88178e-15,0.000124689
0,3.399238,5.34683e-13,0.0000457165
0,2.467523,4.64517e-13,0.000380653
0,4.77439,9.76996e-15,0.000849079
0,1.475207,4.44089e-15,0.000284598
0,3.116215,4.44089e-15,0.000758555
0,5.139496,3.19744e-14,0.000362241
0,7.61875,1.59872e-14,0.000112823
0,3.661754,9.76996e-15,0.000175443
0,1.006654,4.44089e-15,0.0000276458
0,2.252049,3.55271e-15,0.000985921
0,4.250685,1.50990e-14,0.000102940
0,1.708239,2.04281e-14,0.000368573
0,4.036869,8.88178e-15,0.000341566
0,3.316818,7.10543e-15,0.000262222
0,6.696747,6.21725e-15,0.0000965004
0,2.332208,8.88178e-15,0.000792509
0,2.622439,5.32907e-15,0.000377156
0,1.87904,2.03393e-13,0.000128804
0,4.163047,1.68754e-14,0.000761069
0,6.022449,9.76996e-15,0.0000562594
0,2.441445,6.21725e-15,0.000705524
0,1.460072,1.77636e-15,0.000516786
0,3.896779,1.50990e-14,0.000198344
0,1.010984,6.21725e-15,0.0000315795
0,8.808997,5.68434e-14,0.000197676
0,2.536992,1.43885e-13,0.000656761
0,1.012946,8.88178e-15,0.000137727
0,1.003852,7.99361e-15,0.000177953
0,5.121647,2.04281e-14,0.0000778119
0,4.351175,1.24345e-14,0.000389001
0,2.191009,6.21725e-15,0.000411906
0,4.033436,3.55271e-15,0.000475246
0,3.62792,8.88178e-15,0.0000557242
0,3.212046,1.06581e-14,0.000779378
0,2.512082,4.44089e-15,0.000389531
0,3.126165,3.19744e-14,0.0000676857
0,4.364,7.99361e-15,0.0000634705
0,5.190308,1.59872e-14,0.0000587798
0,8.978664,2.22045e-14,0.000141189
0,1.01035,4.70735e-14,0.0000812209
0,8.498972,3.64153e-14,0.0000764099
0,3.349507,7.39853e-13,0.000463610
0,2.737137,2.66454e-15,0.000211631
0,5.60479,2.39808e-14,0.000168154
0,8.721994,6.03961e-14,0.000284919
0,4.383657,5.32907e-15,0.000267979
0,1.36801,3.55271e-15,0.000198562
0,6.687055,1.42109e-14,0.000131068
0,4.086121,1.24345e-14,0.000671858
0,3.6467,1.06581e-14,0.000372661
0,2.627115,7.10543e-15,0.000497449
0,2.240429,5.32907e-15,0.000723423
0,1.931384,1.41220e-13,0.000931334
0,3.473833,4.44089e-15,0.000239810
0,2.650996,8.88178e-15,0.000474302
0,2.180731,7.24754e-13,0.0000553676
0,6.993471,1.33227e-14,0.0000408902
0,1.015397,3.55271e-15,0.00000315597
0,6.700636,1.06581e-14,0.000151191
0,5.233635,3.10862e-14,0.000477376
0,6.118132,1.77636e-14,0.000197346
0,1.013144,3.55271e-15,0.0000573493
0,3.345655,8.88178e-15,0.000162253
0,1.308306,5.32907e-15,0.000228243
0,4.585059,5.32907e-15,0.000609398
0,1.017112,7.10543e-15,0.00000237730
0,2.473154,4.26326e-14,0.000374476
0,4.846882,7.10543e-15,0.0000438209
0,9.861675,2.57572e-14,0.000123468
0,2.903478,5.32907e-15,0.000357915
0,4.232393,1.68754e-14,0.000287833
0,4.944902,1.86517e-14,0.0000185108
0,1.397169,4.44089e-15,0.0000800278
0,1.888269,4.28990e-13,0.000346044
0,4.245682,1.77636e-14,0.000685477
0,2.543451,5.32907e-15,0.000314788
0,2.963812,3.19744e-14,0.000278293
0,1.732365,1.24345e-14,0.00000383915
0,2.057116,6.21725e-15,0.000601968
0,3.482533,8.88178e-15,0.000207457
0,3.810963,4.98268e-13,0.000492930
0,1.324997,2.04281e-13,0.000216810
0,1.010206,1.77636e-15,0.0000116656
0,5.030782,1.42109e-14,0.000629422
0,4.990448,1.68754e-14,0.000437224
0,1.008327,3.55271e-15,0.000211132
0,1.010005,3.55271e-15,0.000147764
0,5.233859,7.10543e-15,0.000564327
0,1.02806,7.99361e-15,0.0000821316
0,10.69766,6.48370e-14,0.0000634108
0,3.380404,7.10543e-15,0.000705912
0,4.591627,1.50990e-14,0.000294105
0,2.841032,4.44089e-15,0.000101975
0,3.633561,6.21725e-15,0.000210185
0,2.23624,4.44089e-15,0.000679409
0,1.013022,4.44089e-15,0.0000565951
0,1.033072,5.32907e-15,0.000139836
0,4.523635,1.06581e-14,0.000286653
0,6.028095,1.68754e-14,0.000181662
0,3.854246,1.06581e-14,0.000455392
0,3.3747,3.55271e-15,0.00000733513
0,2.128131,1.33227e-14,0.000434962
0,8.791648,1.77636e-14,0.000179179
0,6.15854,7.10543e-15,0.000111052
0,3.923514,5.32907e-15,0.000235353
0,3.542246,7.99361e-15,0.000218900
0,3.862896,8.88178e-15,0.000559184
0,1.786777,4.44089e-15,0.000293130
0,11.98579,6.21725e-14,0.0000575300
0,5.011428,3.10862e-14,0.000365603
0,6.868213,1.95399e-14,0.0000851223
0,1.025406,3.55271e-15,0.0000795279
0,2.761151,9.76996e-15,0.000222516
0,4.162142,7.10543e-15,0.000397126
0,1.729711,4.44089e-15,0.000292226
0,5.390563,2.04281e-14,0.000381368
0,1.514117,2.48690e-14,0.000195557
0,6.734156,1.42109e-14,0.000426666
0,1.875961,4.20997e-13,0.000832131
0,3.657043,1.89182e-13,0.000436426
0,3.594615,8.88178e-15,0.0000628496
0,2.881144,3.55271e-15,0.0000467230
0,3.971696,1.42109e-14,0.000479695
0,10.85874,4.61853e-14,0.000233211
0,3.684903,2.47802e-13,0.000498849
0,8.66115,2.93099e-14,0.0000827951
0,1.768479,4.44089e-15,0.0000182486
0,1.955419,2.66454e-15,0.000266484
0,5.84485,7.99361e-15,0.000190572
0,3.974062,7.99361e-15,0.000140121
0,2.269736,5.32907e-15,0.000349580
0,5.196823,2.30926e-14,0.000321351
0,2.964396,1.59872e-14,0.000760782
0,5.526376,3.28626e-14,0.000406502
0,4.041252,9.76996e-15,0.000297132
0,5.204233,1.42109e-14,0.000301399
0,5.01283,8.88178e-15,0.000204798
0,2.521351,5.32907e-15,0.000688196
0,3.570449,2.66454e-15,0.000501524
0,1.235301,1.04805e-13,0.000341138
0,3.393471,7.99361e-15,0.000832462
0,2.721821,1.06581e-14,0.000294876
0,2.125171,6.21725e-15,0.0000517587
0,3.39719,3.55271e-15,0.000776176
0,1.021686,4.44089e-15,0.0000584612
0,3.832183,4.44089e-15,0.000165625
0,10.30936,2.39808e-14,0.0000407634
0,4.78176,4.44089e-15,0.000104591
0,1.212783,8.88178e-16,0.000250207
0,3.844638,1.59872e-14,0.00000937344
0,3.317752,9.76996e-15,0.000182336
0,3.388201,9.76996e-15,0.000392920
0,4.726663,8.24230e-13,0.0000517140
0,3.785796,1.59872e-14,0.000376545
0,1.013781,7.10543e-15,0.000235699
0,3.349283,1.15463e-13,0.000455489
0,7.809901,1.68754e-14,0.000133514
0,5.054296,1.97176e-13,0.000103919
0,2.651509,2.66454e-15,0.0000641285
0,5.651076,7.10543e-15,0.000370441
0,2.14252,3.55271e-15,0.0000446812
0,1.470206,7.10543e-15,0.000380887
0,2.056667,5.32907e-15,0.000637317
0,2.325248,2.66454e-15,0.000688287
0,6.320221,2.75335e-14,0.000712719
0,4.327364,1.59872e-14,0.000365606
0,4.222342,2.34479e-13,0.000268246
0,6.255541,2.22045e-14,0.000462786
0,2.680998,7.99361e-15,0.000881115
0,3.110804,3.55271e-15,0.000222435
0,1.025194,5.32907e-15,0.000138797
0,2.137202,5.32907e-15,0.000377386
0,1.366346,9.81437e-13,0.000124136
0,3.116067,2.48690e-14,0.000651869
0,3.929954,5.13367e-13,0.000938559
0,7.518228,2.30926e-14,0.00000771399
0,3.134343,4.44089e-15,0.000376305
0,6.614847,8.88178e-15,0.0000328112
0,2.924788,1.42109e-14,0.000100251
0,3.552855,7.10543e-15,0.000480139
0,2.931618,1.06581e-14,0.000338406
0,1.024587,5.32907e-15,0.00000144917
0,1.017287,1.33227e-13,0.000155136
0,2.15218,3.28626e-14,0.000632832
0,2.285335,7.30971e-13,0.000738116
0,9.512768,7.99361e-15,0.0000268396
0,5.042154,2.71783e-13,0.000100861
0,3.066221,6.21725e-15,0.000236075
0,7.316803,2.04281e-14,0.000130467
0,2.474851,7.99361e-15,0.0000339990
0,2.204357,7.99361e-15,0.000613704
0,2.171335,5.32907e-15,0.000559245
0,1.94548,5.89750e-13,0.0000525951
0,1.89585,6.21725e-15,0.000216174
0,2.852888,6.62581e-13,0.000140804
0,4.048614,1.50990e-14,0.000556240
0,8.456942,2.13163e-14,0.00000357633
0,2.710543,4.44089e-15,0.00105701
0,1.011871,5.32907e-15,0.000148002
0,1.301393,2.27374e-13,0.0000225180
0,13.62875,3.55271e-14,0.0000372178
0,5.614093,1.77636e-14,0.000348889
0,1.787435,2.91323e-13,0.000320748
0,2.072963,2.66454e-15,0.000671517
0,2.261385,7.99361e-15,0.000332384
0,1.024132,3.55271e-15,0.000354377
0,2.193434,3.55271e-15,0.0000790084
0,2.068333,4.44089e-15,0.000628834
0,2.92627,8.88178e-15,0.0000663860
0,3.842496,1.50990e-14,0.000123019
0,2.11341,5.32907e-15,0.000106787
0,1.021618,1.86517e-14,0.0000934697
0,3.218166,1.24345e-14,0.000412844
0,2.267921,7.10543e-15,0.000332202
0,3.48991,1.33227e-14,0.000386491
0,4.041215,8.34888e-14,0.000494904
0,2.810636,2.85993e-13,0.000609163
0,4.294381,1.06581e-14,0.000224164
0,4.175307,5.32907e-15,0.000223503
0,2.316872,6.75016e-14,0.000498380
0,7.009778,2.57572e-14,0.000192890
0,8.353425,5.32907e-15,0.000140417
0,5.197637,3.88134e-13,0.000783933
0,2.342844,2.66454e-15,0.00105128
0,4.201832,1.33227e-14,0.000273884
0,1.024669,5.50671e-14,0.000187131
0,5.863949,1.42109e-14,0.000187867
0,1.731476,7.10543e-15,0.000293326
0,4.124626,3.45501e-13,0.000613530
0,1.112622,5.77316e-13,0.00000668856
0,2.617187,5.32907e-15,0.000401378
0,3.595898,4.44089e-15,0.000243190
0,2.804543,7.10543e-15,0.000255414
0,1.019349,3.55271e-15,0.000129931
0,1.020492,4.44089e-15,0.0000582024
0,6.189715,5.32907e-15,0.000123682
0,4.331832,5.01821e-13,0.000556908
0,2.074345,9.76996e-15,0.000547403
0,2.771403,8.88178e-15,0.000398860
0,3.781593,4.44089e-15,0.000344188
0,5.550456,2.22045e-14,0.0000985285
0,8.461082,3.55271e-14,0.0000585116
0,3.31078,1.42109e-14,0.000146147
0,6.668107,4.05009e-13,0.000105680
0,2.502387,6.21725e-15,0.000594869
0,3.286776,8.88178e-15,0.000304894
0,2.428409,4.44089e-15,0.000148737
0,1.026165,3.55271e-15,0.000105927
0,10.29452,6.21725e-14,0.0000124648
0,3.656389,1.06581e-14,0.000238488
0,5.834464,2.30926e-14,0.000396900
0,2.884511,7.99361e-15,0.000357916
0,4.04389,1.50990e-14,0.0000913019
0,2.508334,8.88178e-15,0.000328227
0,8.420717,1.06581e-14,0.000164123
0,5.024232,3.01981e-14,0.0000680921
0,2.861137,4.44089e-15,0.000334585
0,2.720408,1.15463e-14,0.000282019
0,2.856218,3.55271e-15,0.000591562
0,1.025062,8.88178e-15,0.0000425248
0,3.304055,5.32907e-15,0.000438268
0,7.070042,7.99361e-15,0.000256936
0,5.225948,4.74287e-13,0.0000110910
0,2.875386,9.76996e-15,0.000130667
0,4.902307,4.41425e-13,0.000641353
0,3.627768,2.75335e-14,0.000151418
0,2.286619,6.21725e-15,0.000250679
0,3.02658,1.33227e-14,0.000278993
0,2.497362,3.55271e-15,0.000273361
0,1.447204,8.88178e-15,0.000219107
0,4.679615,2.30926e-14,0.000159433
0,2.695103,7.60281e-13,0.000345497
0,4.131164,9.76996e-15,0.0000471020
0,2.707036,5.32907e-15,0.000582476
0,10.23346,4.52971e-14,0.0000564546
0,2.024006,6.21725e-15,0.000148968
0,1.808382,5.32907e-15,0.000133129
0,1.02489,3.55271e-15,0.0000912282
0,3.371751,5.32907e-15,0.000244821
0,2.730829,9.76996e-15,0.000234314
0,9.727865,2.07834e-13,0.000277642
0,2.014151,3.55271e-15,0.000577920
0,3.467007,1.33227e-14,0.000114668
0,3.056316,6.21725e-15,0.000667077
0,1.856026,3.55271e-15,0.000459786
0,4.590808,1.42109e-14,0.000722730
0,5.746395,9.76996e-15,0.000301249
0,2.691047,1.15463e-14,0.0000375028
0,2.915986,1.68754e-14,0.000301471
0,4.057221,1.51879e-13,0.000417155
0,9.805565,3.64153e-14,0.0000627980
0,4.51977,1.77636e-14,0.000211831
0,2.537575,5.32907e-15,0.0000725026
0,2.969322,1.77636e-15,0.000339421
0,1.024959,3.55271e-15,0.0000832267
0,3.266615,4.44089e-15,0.000740355
0,5.59111,2.22045e-14,0.000214480
0,1.943598,3.22409e-13,0.00109240
0,3.623035,7.99361e-15,0.000278149
0,3.596782,1.06581e-14,0.000281491
0,4.888549,2.75335e-14,0.000583066
0,1.601021,3.55271e-15,0.000236145
0,3.908969,1.42109e-14,0.0000579359
0,6.986949,1.59872e-14,0.0000149782
0,2.686141,6.21725e-15,0.000675716
0,7.502673,2.48690e-14,0.000180861
0,2.120833,1.35003e-13,0.000755420
0,1.498709,1.77636e-15,0.000177720
0,1.709596,5.68434e-14,0.000822617
0,2.942636,6.21725e-15,0.000235393
0,3.518293,9.76996e-15,0.000454354
0,7.576299,1.86517e-14,0.000248117
0,3.360247,5.32907e-15,0.000181516
0,5.06833,7.99361e-15,0.000727787
0,1.646981,7.99361e-14,0.000144847
0,3.761096,1.59872e-14,0.0000110686
0,6.407478,6.03961e-14,0.000333482
0,8.51569,3.90799e-14,0.0000916279
0,1.608313,2.74447e-13,0.000526813
0,2.421738,2.66454e-15,0.000485202
0,1.813187,4.44089e-15,0.000262968
0,1.01263,5.32907e-15,0.00000330051
0,3.256334,6.21725e-15,0.000533817
0,4.13209,2.30926e-14,0.000311033
0,4.383603,7.99361e-15,0.000453426
0,4.191053,9.76996e-15,0.000154340
0,4.266797,8.88178e-15,0.000179445
0,4.274046,3.46390e-14,0.0000314181
0,6.938971,2.84217e-14,0.000516669
0,2.3398,3.55271e-14,0.000480510
0,1.025269,6.21725e-15,0.0000602778
0,1.88437,2.66454e-15,0.0000778486
0,2.31143,4.44089e-15,0.000365063
0,2.123422,5.32907e-15,0.000615623
0,3.415862,1.68754e-14,0.000375032
0,4.015869,1.59872e-14,0.0000611784
0,2.508261,5.32907e-15,0.000264065
0,10.04161,5.68434e-14,0.00000393662
0,5.515467,7.99361e-15,0.0000946547
0,2.11802,3.55271e-15,0.0000930710
0,2.567258,4.44089e-15,0.0000956739
0,2.692159,9.76996e-15,0.0000980905
0,1.024499,3.55271e-15,0.000135635
0,2.318032,7.10543e-15,0.00000890805
0,3.897434,6.03961e-14,0.000244326
0,4.150082,9.76996e-15,0.0000331746
0,2.236832,6.21725e-15,0.000686352
0,12.35219,3.37508e-14,0.0000184341
0,1.023046,9.23706e-14,0.0000312181
0,2.385718,1.95399e-14,0.000233943
0,4.385563,1.15463e-14,0.000640429
0,3.157303,3.55271e-15,0.0000493204
0,2.16968,5.32907e-15,0.000131455
0,1.030253,1.24345e-14,0.0000684393
0,6.527683,7.99361e-15,0.0000793154
0,3.174434,4.26326e-14,0.000198921
0,7.871961,1.59872e-14,0.0000746033
0,1.021887,5.32907e-15,0.000157059
0,4.673317,2.66454e-14,0.000319883
0,1.268019,1.77636e-15,0.0000671704
0,7.128264,2.46025e-13,0.000280922
0,2.874527,1.24345e-14,0.000467253
0,2.801208,7.99361e-15,0.000894594
0,1.396913,4.26326e-14,0.000534488
0,2.102576,7.10543e-15,0.000620152
0,1.02212,6.48370e-14,0.000335468
0,2.392367,5.84421e-13,0.0000898384
0,2.430039,2.84217e-14,0.000238513
0,2.092219,2.66454e-15,0.000419027
0,5.524308,8.88178e-15,0.000418160
0,5.569012,5.32907e-15,0.000274567
0,3.852965,3.01092e-13,0.000539679
0,3.797672,1.50990e-14,0.000568486
0,3.485216,4.44089e-15,0.000476573
0,7.439395,1.59872e-14,0.000523950
0,7.896059,1.06581e-14,0.000383338
0,3.572333,6.21725e-15,0.000701858
0,1.820656,2.55795e-13,0.000851208
0,3.660379,1.15463e-14,0.000505985
0,2.278855,5.32907e-15,0.0000213755
0,1.289045,1.83853e-13,0.000298965
0,5.567485,9.76996e-15,0.000166099
0,6.180606,2.04281e-14,0.000231491
0,1.017926,2.66454e-15,0.000129940
0,1.648436,1.06581e-14,0.000524371
0,1.265987,2.56684e-13,0.000174266
0,10.03147,7.01661e-14,0.000175358
0,4.344698,1.68754e-14,0.000378666
0,4.776245,9.76996e-15,0.00000652364
0,1.017262,2.66454e-15,0.0000274640
0,7.572329,1.06581e-14,0.0000675045
0,4.629662,1.95399e-14,0.000392545
0,2.803416,5.32907e-15,0.000732134
0,3.242703,5.45342e-13,0.000250956
0,2.341898,1.33227e-14,0.000161658
0,2.809981,4.44089e-15,0.0000312935
0,3.435917,6.21725e-15,0.000144028
0,2.915489,9.76996e-15,0.0000258532
0,2.182083,4.44089e-15,0.00106095
0,1.012642,3.55271e-15,5.14840e-7
0,2.522708,5.32907e-15,0.0000154858
0,3.130454,1.35003e-13,0.000378112
0,6.446081,1.59872e-14,0.0000723003
0,2.858658,7.10543e-15,0.0000786730
0,1.011912,1.99840e-13,0.0000519444
0,2.712766,8.88178e-15,0.000367199
0,2.165168,2.43361e-13,0.000680159
0,5.659478,1.68754e-14,0.000199133
0,2.791925,4.52083e-13,0.000219718
0,7.303254,9.32587e-14,0.000173723
0,4.588043,7.10543e-15,0.000734269
0,3.687971,6.21725e-15,0.000414453
0,3.643327,5.32907e-15,0.0000771384
0,4.259079,1.33227e-14,0.000625038
0,8.105911,2.66454e-14,0.000132113
0,4.532819,1.06581e-14,0.000509062
0,2.727989,7.10543e-15,0.000412388
0,5.483714,6.75016e-14,0.000214249
0,3.180079,8.88178e-15,0.000875086
0,8.630134,2.04281e-14,0.0000685954
0,1.936973,5.32907e-15,0.0000103535
0,4.827157,1.33227e-14,0.000117325
0,3.050137,6.21725e-15,0.000277075
0,5.66876,3.37508e-14,0.0000445168
0,5.697215,7.10543e-15,0.0000513059
0,3.862206,1.95399e-14,0.000421390
0,8.784825,2.04281e-14,0.000269455
0,3.685807,3.01981e-14,0.0000648849
0,4.216086,1.50990e-14,0.0000655653
0,4.483231,1.06581e-14,0.0000206360
0,1.022938,6.76792e-13,0.0000638092
0,3.913687,8.88178e-15,0.000365961
0,3.633451,4.42313e-13,0.000102460
0,1.012354,3.55271e-15,0.000154188
0,5.25159,5.32907e-14,0.000305684
0,1.024116,7.46070e-13,0.0000857719
0,1.622516,3.55271e-14,0.000272289
0,10.12608,8.26006e-14,0.000103876
0,5.051475,1.50990e-14,0.000485927
0,3.54843,3.55271e-15,0.0000872407
0,1.022649,3.55271e-15,0.000169384
0,3.30774,6.21725e-15,0.000188203
0,4.298809,2.13163e-14,0.000189667
0,3.590125,7.99361e-15,0.0000432469
0,4.114822,2.13163e-14,0.000335343
0,8.544779,1.33227e-14,0.0000634740
0,6.131644,1.15463e-14,0.000261069
0,2.9118,7.99361e-15,0.000351521
0,1.189429,2.70006e-13,0.0000109837
0,3.818862,1.15463e-14,0.000162097
0,2.91772,6.21725e-15,0.000207516
0,3.236616,5.32907e-15,0.0000287248
0,1.662541,5.35572e-13,0.000453447
0,1.019875,3.01981e-14,0.000142595
0,2.412275,5.32907e-15,0.000273543
0,1.048936,7.99361e-15,0.000226152
0,4.838244,2.48690e-14,0.000745816
0,1.809869,5.32907e-15,0.000436522
0,3.941713,5.86198e-14,0.000292608
0,6.431383,2.30926e-14,0.000153124
0,3.089897,5.32907e-15,0.000147245
0,2.655476,9.76996e-15,0.000386548
0,1.735973,1.34115e-13,0.0000541103
0,3.584876,7.10543e-15,6.26670e-7
0,1.340513,1.77636e-15,0.0000758523
0,3.732244,2.66454e-15,0.000686452
0,4.794711,3.37508e-14,0.0000671851
0,2.923087,7.10543e-15,0.000279650
0,7.654479,8.88178e-15,0.000134155
0,3.852491,1.50990e-14,0.000361320
0,3.64053,7.10543e-15,0.000619653
0,3.350659,7.99361e-15,0.000676699
0,3.486595,6.21725e-15,0.000351298
0,1.031853,3.55271e-15,0.0000816282
0,2.793754,4.44089e-15,0.0000247830
0,4.776223,1.59872e-14,0.000438676
0,1.322177,2.66454e-15,0.000138698
0,3.899065,7.00773e-13,0.000400641
0,3.36221,9.76996e-15,0.000311223
0,3.977734,1.33227e-14,0.000686997
0,10.21939,9.59233e-14,0.000105232
0,1.015187,5.46230e-13,0.0000358117
0,8.736754,2.22045e-14,0.000229784
0,3.319245,4.44089e-15,0.000112959
0,4.420817,1.68754e-14,0.000306737
0,3.591343,8.88178e-15,0.000308421
0,1.027435,5.32907e-15,0.0000406121
0,5.196753,1.95399e-14,0.0000944361
0,5.693547,1.06581e-14,0.0000984231
0,5.087564,7.72715e-14,0.000183934
0,3.220692,6.48370e-14,0.000140257
0,1.860126,2.66454e-15,0.0000880534
0,5.311285,2.11386e-13,0.000270957
0,1.018625,1.06581e-14,0.0000400902
0,8.76605,1.86517e-14,0.000253078
0,2.106898,3.55271e-15,0.000541991
0,2.320102,9.76996e-15,0.000391387
0,7.525009,1.24345e-14,0.000418906
0,2.926928,1.42109e-14,0.000585910
0,1.170364,3.55271e-15,0.0000602564
0,5.07769,1.59872e-14,0.000456062
0,3.240396,3.55271e-15,0.000112114
0,4.097973,1.24345e-14,0.0000976023
0,2.983958,1.06581e-14,0.000348109
0,2.108883,5.32907e-15,0.000332584
0,2.870417,3.55271e-15,0.000139473
0,1.014537,4.44089e-15,0.0000516179
0,1.916747,8.88178e-15,0.000265868
0,11.43518,3.19744e-13,0.000287537
0,1.822782,9.59233e-13,0.000187237
0,6.452447,3.55271e-15,0.0000774419
0,4.746567,1.86517e-14,0.000328677
0,4.231973,8.88178e-15,0.000661804
0,5.063248,1.68754e-14,0.000361276
0,4.421402,2.04281e-14,0.000259082
0,1.720873,3.73035e-14,0.000307947
0,7.696515,1.77636e-14,0.0000684206
0,4.146544,1.95399e-14,0.000454142
0,4.256038,1.06581e-14,0.000125345
0,2.116114,3.55271e-15,0.0000497251
0,3.834388,1.50990e-14,0.0000558439
0,1.024794,6.03961e-14,0.0000233053
0,2.785449,3.55271e-15,0.000292221
0,1.017089,7.90479e-14,0.000228867
0,2.563166,2.66454e-15,0.0000396684
0,1.02695,2.30926e-14,0.000255331
0,3.719614,9.76996e-15,0.000270289
0,2.066562,5.32907e-15,0.000205570
0,1.786537,3.55271e-15,0.0000403330
0,7.46462,1.24345e-14,0.000384184
0,1.771976,2.66454e-15,0.000354095
0,8.574568,1.15463e-14,0.00000263703
0,3.703976,8.88178e-15,0.000447987
0,7.640784,2.30926e-14,0.000140670
0,1.917642,3.73035e-14,0.000679113
0,2.629361,9.59233e-14,0.000936315
0,7.786407,8.97060e-14,0.000125882
0,2.011132,7.10543e-15,0.0000183903
0,5.053223,1.86517e-14,0.000470398
0,2.331743,5.32907e-15,0.000640224
0,3.46388,9.76996e-15,0.000330990
0,2.843069,5.32907e-15,0.000237969
0,2.86366,1.10134e-13,0.000364867
0,4.816166,1.59872e-14,0.0000216348
0,7.721718,1.08358e-13,0.0000106616
0,4.518953,1.24345e-14,0.0000998638
0,2.269887,3.55271e-15,0.000514281
0,2.724515,3.55271e-15,0.000121455
0,1.796104,5.24025e-14,0.00000298309
0,1.724191,5.32907e-15,0.000472204
0,1.455102,3.55271e-15,0.0000285377
0,7.851235,1.24345e-14,0.0000403330
0,5.371776,9.76996e-15,0.000104722
0,3.666569,1.24345e-14,0.000574766
0,4.621953,1.42109e-14,0.0000146874
0,5.968065,1.59872e-14,0.0000443289
0,3.362929,8.88178e-15,0.000332358
0,1.041557,4.44089e-15,0.0000516090
0,2.913826,1.77636e-13,0.000930134
0,7.760145,1.50990e-14,0.000295829
0,1.023376,6.21725e-15,0.000104024
0,4.092581,1.42109e-14,0.000254569
0,3.351562,8.88178e-15,0.000785026
0,3.469837,4.44089e-15,0.000459936
0,1.227636,5.32907e-15,0.0000336286
0,4.332667,1.24345e-14,0.000456550
0,2.83814,1.77636e-15,0.000276900
0,6.793234,1.86517e-14,0.000382955
0,2.502156,4.44089e-15,0.000279210
0,2.477078,7.99361e-15,0.000161767
0,5.611642,3.55271e-14,0.0000677270
0,4.496763,9.76996e-15,0.000360627
0,2.295399,1.06581e-14,0.0000521426
0,3.792933,2.22045e-14,0.000396995
0,1.614727,3.55271e-15,0.000338341
0,2.564244,2.66454e-15,0.000577879
0,3.192675,4.08562e-14,0.000157486
0,5.296999,1.42109e-14,0.000262327
0,1.695618,2.66454e-15,0.000283242
0,10.25728,2.86882e-13,0.0000390793
0,3.134552,5.32907e-15,0.000904987
0,4.138908,8.70415e-14,0.000281178
0,3.077469,2.39808e-14,0.000605622
0,2.142534,6.66134e-14,0.000873268
0,3.657887,6.21725e-15,0.000440912
0,4.164127,1.15463e-14,0.000202398
0,4.855941,5.86198e-14,0.000180936
0,4.669456,7.19425e-14,0.000369051
0,2.974032,1.15463e-14,0.000174261
0,2.348108,7.10543e-15,0.000624963
0,1.717963,1.68754e-14,0.000545933
0,2.569637,5.32907e-15,0.000841770
0,11.98444,3.10862e-14,0.000224627
0,5.078578,4.61853e-14,0.000279069
0,3.22503,9.76996e-15,0.0000691981
0,6.013606,1.06581e-14,0.0000336924
0,4.340279,4.13891e-13,0.000169152
0,4.561427,1.06581e-14,0.000228042
0,1.922887,1.77636e-15,0.0000657583
0,2.006161,1.68754e-14,0.000156749
0,2.043844,3.55271e-15,0.000281140
0,1.568417,8.88178e-15,0.000297270
0,8.478763,3.55271e-14,0.000122677
0,5.64611,1.33227e-14,0.000384303
0,7.420257,8.88178e-15,0.000332091
0,3.830694,7.63833e-14,0.000158583
0,7.970922,1.50990e-14,0.000148558
0,2.557639,8.88178e-16,0.000639443
0,1.873829,2.13163e-14,0.000110587
0,3.950225,1.95399e-14,0.000512904
0,5.512854,1.50990e-14,0.000131616
0,5.293517,1.15463e-14,0.000605562
0,1.14228,2.66454e-15,0.000227452
0,7.888773,1.86517e-14,0.000154335
0,1.32141,2.75335e-13,0.000482074
0,2.253722,8.88178e-16,0.000851410
0,1.023104,2.66454e-15,0.000130713
0,3.088718,1.42109e-14,0.000180571
0,5.343527,8.88178e-15,0.0000394480
0,10.90447,3.90799e-14,0.0000921293
0,4.571489,1.95399e-14,0.000212974
0,3.680683,5.16920e-13,0.000267601
0,5.3238,2.22045e-14,0.000613270
0,2.086004,5.32907e-15,0.000332062
0,2.971899,4.44089e-15,0.000376091
0,1.775186,2.01617e-13,0.000207481
0,2.455017,6.27942e-13,0.000517704
0,2.723549,7.99361e-15,0.000456628
0,8.862874,2.57572e-14,0.0000478422
0,2.494311,6.21725e-15,0.000495587
0,4.111808,7.10543e-15,0.000796770
0,2.546679,5.32907e-15,0.000788014
0,1.791959,4.44089e-15,0.0000214234
0,3.452125,3.55271e-15,0.000668467
0,2.329829,1.59872e-13,0.000338043
0,1.713649,1.25233e-13,0.000125460
0,3.406305,6.21725e-15,0.0000606215
0,3.071293,5.32907e-15,0.000528586
0,5.011451,1.42109e-14,0.000263263
0,2.701831,1.22569e-13,0.000442383
0,3.682656,1.15463e-14,0.000340090
0,8.315491,2.66454e-14,0.00000302461
0,2.088913,3.55271e-15,0.000360140
0,3.282459,7.10543e-15,0.000153456
0,1.019098,6.21725e-15,0.0000662515
0,4.724864,1.24345e-14,0.0000925489
0,1.71111,1.77636e-15,0.000252406
0,7.878761,1.24345e-14,0.000236358
0,6.095069,1.24345e-14,0.000481641
0,1.017209,1.77636e-15,0.000133396
0,3.298051,5.32907e-15,0.000371192
0,1.361898,1.24345e-14,0.000527852
0,5.459383,1.59872e-14,0.000181961
0,4.149069,5.32907e-15,0.000387511
0,4.115584,1.15463e-14,0.000322043
0,3.379536,1.86517e-14,0.0000667290
0,3.881145,7.99361e-15,0.0000153308
0,1.014091,1.42997e-13,0.000100088
0,2.659797,1.77636e-15,0.000582108
0,2.794855,4.44089e-15,0.000183330
0,2.784864,5.32907e-15,0.000408843
0,4.471843,2.30926e-14,0.000491358
0,1.332263,2.66454e-15,0.000297353
0,1.683495,5.50671e-14,0.000427944
0,14.26049,3.81917e-14,0.00000998362
0,5.898988,1.68754e-14,0.00000321949
0,2.591859,4.44089e-15,0.000663067
0,2.933349,1.06581e-14,0.000461201
0,8.975316,2.93099e-14,0.0000173134
0,7.694738,1.06581e-14,0.000206269
0,2.326454,5.32907e-15,0.0000787110
0,5.527396,9.32587e-13,0.000213159
0,1.204308,9.76996e-15,0.000139882
0,1.014995,1.31450e-13,0.000300521
0,1.7572,8.88178e-15,0.000565202
0,1.977653,6.21725e-15,0.000578025
0,5.825941,1.06581e-14,0.000367687
0,3.623123,5.32907e-15,0.0000690310
0,2.185962,4.44089e-15,0.000583129
0,1.299286,6.21725e-15,0.000528646
0,4.740056,3.37508e-14,0.000106345
0,2.555779,1.57208e-13,0.000449257
0,6.485701,1.15463e-14,0.000135027
0,1.401862,6.83897e-14,0.000154683
0,1.652636,3.01981e-14,0.000290876
0,1.019012,3.55271e-15,0.000225357
0,7.613419,1.42109e-14,0.0000890569
0,1.02496,1.06581e-14,0.0000921125
0,1.649533,4.44089e-15,0.000443664
0,3.87921,8.88178e-15,0.000582444
0,1.493445,8.34888e-14,0.000284212
0,2.247678,3.46390e-14,0.000660493
0,4.260179,7.10543e-15,0.000279257
0,2.447502,7.99361e-15,0.00000369713
0,2.687472,2.96652e-13,0.000197787
0,3.206793,4.44089e-15,0.000103774
0,2.232062,1.15463e-14,0.000737414
0,7.624118,1.33227e-14,0.000231031
0,1.436793,8.88178e-15,0.000507386
0,2.922264,7.10543e-15,0.000821744
0,6.74861,2.57572e-14,0.0000955646
0,3.173021,6.21725e-15,0.0000896350
0,1.919969,7.10543e-15,0.000632988
0,1.740986,2.66454e-15,0.0000306038
0,2.654593,1.77636e-15,0.000770999
0,7.453978,1.77636e-14,0.0000957064
0,6.781966,1.77636e-14,0.000252617
0,4.248333,6.21725e-15,0.000489548
0,2.764666,8.88178e-15,0.000713086
0,12.38132,2.48690e-14,0.0000313976
0,2.298447,9.94760e-13,0.000374004
0,2.519108,9.41469e-13,0.000101363
0,8.889378,3.65930e-13,0.00000712913
0,5.800418,1.31450e-13,0.000107395
0,2.022633,3.90799e-14,0.000922711
0,1.39704,9.76996e-15,0.000147725
0,8.51539,8.88178e-15,0.0000183909
0,2.180812,4.44089e-15,0.000391775
0,5.171796,1.24345e-14,0.000111125
0,5.348333,1.86517e-14,0.0000390552
0,2.759277,8.23341e-13,0.000306802
0,3.388769,2.57572e-13,0.000238463
0,3.303115,7.10543e-15,0.000198357
0,1.019988,5.41789e-14,0.0000166731
0,2.468792,3.64153e-14,0.000201958
0,2.264541,5.32907e-15,0.000101258
0,3.567324,7.99361e-15,0.000765321
0,1.875554,1.95399e-14,0.000177742
0,1.012944,7.10543e-15,0.000271101
0,3.486402,5.12479e-13,0.0000792476
0,4.992004,8.88178e-15,0.000313819
0,3.56225,3.10862e-14,0.000134552
0,2.887374,6.21725e-15,0.0000726339
0,8.887963,3.55271e-14,0.000122249
0,11.35071,2.75335e-14,0.0000795617
0,3.367658,8.88178e-15,0.00000491480
0,12.00791,2.30926e-14,0.0000806129
0,2.8767,2.57572e-14,0.000256522
0,4.133633,1.42109e-14,0.000702147
0,4.095188,8.88178e-15,0.000298967
0,2.346208,7.99361e-15,0.000241136
0,1.025021,3.55271e-15,0.0000437754
0,1.021993,4.87610e-13,0.0000344885
0,3.218587,1.15463e-14,0.000501908
0,4.529285,6.21725e-15,0.0000475407
0,8.397391,2.04281e-14,0.0000433622
0,3.857533,1.59872e-14,0.0000896853
0,3.829621,7.10543e-15,0.000507233
0,3.450414,7.99361e-15,0.000780946
0,3.457793,6.21725e-15,0.000283112
0,2.30324,6.21725e-15,0.000810147
0,4.965279,4.52971e-14,0.000475445
0,4.635345,1.15463e-14,0.000449146
0,2.098129,3.55271e-15,0.000433323
0,4.586447,7.10543e-15,0.000106769
0,3.264752,4.44089e-15,0.000343803
0,7.482969,1.95399e-14,0.0000791157
0,5.768405,1.42109e-14,0.0000197714
0,3.169027,1.22569e-13,0.000562890
0,4.688718,1.06581e-14,0.0000391203
0,1.710702,7.01661e-14,0.000474979
0,11.77209,6.96332e-13,0.0000948893
0,1.0198,7.10543e-15,0.0000293253
0,3.210004,7.10543e-15,0.000471798
0,2.565876,3.55271e-15,0.000132231
0,2.553654,3.55271e-15,0.000336982
0,1.018013,3.55271e-15,0.0000240789
0,3.506711,2.42473e-13,0.000283482
0,2.231998,2.19380e-13,0.000191616
0,6.605226,1.42109e-14,0.000310246
0,1.011673,6.73239e-13,0.000233468
0,1.95494,2.13163e-13,0.000528951
0,3.923553,2.13163e-14,0.000896648
0,8.238147,5.88862e-13,0.0000516964
0,3.370047,6.21725e-15,0.0000746907
0,1.021604,2.66454e-15,0.000186072
0,3.663688,8.88178e-15,0.0000948988
0,10.1846,2.39808e-14,0.000151314
0,1.474585,2.66454e-15,0.000285900
0,1.739569,3.30402e-13,0.000353112
0,3.24721,3.55271e-15,0.000304332
0,3.550607,6.21725e-15,0.000120386
0,7.18046,1.24345e-14,0.000402695
0,3.93619,8.88178e-15,0.000203630
0,1.597133,5.32907e-14,0.000157698
0,2.174566,4.44089e-15,0.000261306
0,1.0119,8.88178e-15,0.000122893
0,4.466879,2.36255e-13,0.000237863
0,6.66341,1.24345e-14,0.000179967
0,1.067375,2.57572e-13,0.0000448844
0,9.948385,2.75335e-14,0.000135786
0,4.746875,1.06581e-14,0.000464790
0,6.763773,1.50990e-14,0.0000579206
0,7.635061,5.75540e-13,0.000264770
0,2.504071,7.81597e-14,0.000660385
0,1.013955,7.90479e-14,0.0000135272
0,4.122276,1.59872e-14,0.000230355
0,3.904602,5.32019e-13,0.0000776216
0,3.631707,5.32907e-15,0.0000774122
0,3.918316,5.21361e-13,0.000756168
0,3.371299,4.44089e-15,0.000485541
0,3.655942,8.88178e-15,0.000931523
0,4.257993,8.88178e-15,0.000205599
0,3.279786,6.21725e-15,0.000853220
0,3.772371,1.33227e-14,0.000147768
0,2.076007,7.99361e-15,0.000754135
0,1.018926,1.68754e-14,0.0000855705
0,5.666964,1.59872e-14,0.000505846
0,5.324566,3.55271e-14,0.000159597
0,3.496921,1.68754e-14,0.0000218845
0,2.101835,1.06581e-14,0.0000561234
0,4.191286,2.04281e-14,0.000250486
0,4.042201,1.15463e-14,0.000410361
0,7.98091,9.76996e-15,0.0000364861
0,4.827661,4.44089e-15,0.000349134
0,1.416056,1.32339e-13,0.000229201
0,3.517199,5.32907e-15,0.000411848
0,3.988687,6.48370e-13,0.000160010
0,2.066167,4.35207e-14,0.000809269
0,2.969681,7.99361e-15,0.000434040
0,3.768459,3.55271e-15,0.00000748104
0,1.031505,5.32907e-15,0.000233193
0,1.02256,8.88178e-15,0.0000114023
0,1.724605,2.66454e-15,0.0000486538
0,1.711387,2.66454e-15,0.000174085
0,4.153506,1.42109e-14,0.000182971
0,5.240758,3.55271e-15,0.000297336
0,3.435978,8.88178e-15,0.000478735
0,7.694036,3.09974e-13,0.000110016
0,9.513106,3.37508e-14,0.000117952
0,2.493998,6.21725e-15,0.000251991
0,2.065023,5.32907e-15,0.000228997
0,2.675067,6.21725e-15,0.000607811
0,2.587299,5.32907e-15,0.000750384
0,4.636022,8.88178e-15,0.000431218
0,1.171906,3.55271e-15,0.0000929235
0,3.45886,9.76996e-14,0.0000168961
0,6.516078,7.21201e-13,0.0000579711
0,2.820627,7.99361e-15,0.000507307
0,8.322682,5.59552e-14,0.000123698
0,2.01997,2.66454e-15,0.0000767720
0,2.528403,3.55271e-15,0.000388100
0,5.087066,1.77636e-14,0.0000384988
0,1.020465,1.11910e-13,0.00000173970
0,1.019013,4.44089e-15,0.000207044
0,6.531618,4.61853e-14,0.000248200
0,1.18041,4.44089e-15,0.000219816
0,1.020637,8.09131e-13,0.0000376771
0,1.959125,4.44089e-15,0.00000338585
0,1.707335,2.66454e-15,0.000510242
0,2.112173,3.55271e-15,0.000354928
0,6.719965,1.06581e-14,0.000271065
0,4.59542,4.44089e-15,0.000131855
0,10.72276,3.50830e-13,0.0000645125
0,2.654487,6.03961e-13,0.000533272
0,4.358635,1.95399e-14,0.000423272
0,6.899415,1.42109e-14,0.000253934
0,1.003373,2.38032e-13,0.0000222635
0,7.845638,1.06581e-14,0.000227442
0,3.322869,8.88178e-15,0.0000465613
0,1.025332,2.57572e-14,0.000186704
0,4.813015,2.39808e-14,0.000474245
0,2.117432,3.94351e-13,0.000307023
0,4.744365,1.77636e-14,0.0000441264
0,4.477034,9.76996e-15,0.0000642154
0,7.565152,1.33227e-14,0.0000125859
0,2.556864,1.77636e-15,0.000833324
0,1.016784,6.21725e-15,0.000115968
0,3.365312,7.10543e-14,0.000454536
0,3.780978,1.15463e-14,0.0000587094
0,4.88096,2.66454e-14,0.00000745705
0,6.615921,3.55271e-15,0.000315075
0,1.021531,2.66454e-15,0.000165371
0,1.958123,2.15827e-13,0.000575530
0,5.277831,1.06581e-14,0.000353154
0,7.165648,9.59233e-14,0.000140282
0,1.013281,4.44089e-15,0.000258449
0,4.793615,1.77636e-14,0.0000470536
0,2.916503,4.44089e-15,0.000574862
0,3.781268,4.27214e-13,0.000586675
0,14.09415,8.97060e-14,0.0000105914
0,3.659123,3.55271e-15,0.000343780
0,1.546587,4.44089e-15,0.000171146
0,4.724318,1.42109e-14,0.000699763
0,2.198395,4.44089e-15,0.000113126
0,10.42007,3.55271e-14,0.000252887
0,2.536266,1.15463e-14,0.000118446
0,1.192874,5.56000e-13,0.0000419397
0,2.682727,7.99361e-15,0.000471461
0,4.253957,1.95399e-14,0.000570596
0,1.756174,7.99361e-15,0.000416221
0,1.01603,5.32907e-15,0.0000901432
0,3.782911,2.41585e-13,0.000521797
0,1.015253,3.55271e-15,0.000212453
0,1.015928,9.23706e-14,0.0000443764
0,6.664239,7.99361e-15,0.000262103
0,7.633957,2.13163e-14,0.000234144
0,1.692838,4.44089e-15,0.000278433
0,2.147341,6.21725e-15,0.000507666
0,3.694328,6.30607e-14,0.0000349770
0,3.657303,8.37552e-13,0.000698212
0,1.015555,4.44089e-15,0.0000829453
0,4.103669,1.59872e-14,0.000239137
0,3.557415,9.76996e-15,0.000354817
0,8.054126,1.68754e-14,0.000199738
0,9.648935,1.50990e-14,0.000159707
0,3.684578,5.32907e-15,0.000146530
0,4.476879,2.66454e-14,0.000277217
0,6.760442,1.33227e-14,0.000212707
0,4.910608,7.99361e-15,0.000536158
0,1.01743,6.21725e-15,0.000233216
0,1.018686,3.55271e-15,0.0000228769
0,4.107326,1.33227e-14,0.000152542
0,2.503925,1.77636e-15,0.000302728
0,2.026364,5.32907e-15,0.000774922
0,1.746587,4.44089e-15,0.000478430
0,1.599326,1.50990e-14,0.000816796
0,4.019523,2.57572e-14,0.0000156949
0,3.414832,7.99361e-15,0.000226617
0,1.015869,3.28626e-14,0.000174495
0,2.553269,4.72511e-13,0.000654459
0,3.076638,6.21725e-15,0.000338738
0,9.438016,1.95399e-14,0.000114473
0,2.751483,3.55271e-15,0.000330570
0,2.94985,9.76996e-15,0.000277467
0,1.710951,1.85629e-13,0.0000349521
0,3.551416,1.77636e-14,0.000536840
0,6.10926,2.80664e-13,0.000160686
0,1.620808,1.77636e-15,0.000480897
0,4.782779,1.77636e-14,0.000140244
0,1.013816,3.55271e-15,0.000103107
0,4.45123,2.84217e-14,0.000167236
0,2.425514,2.66454e-15,0.0000236071
0,1.030866,5.32907e-15,0.000118874
0,4.790591,1.24345e-14,0.0000609001
0,3.21725,9.76996e-15,0.0000643963
0,4.58893,4.63629e-13,0.000161463
0,1.355032,1.77636e-14,0.000622636
0,6.572823,2.66454e-14,0.000255690
0,2.442094,4.44089e-15,0.000365663
0,3.59154,7.10543e-15,0.000479925
0,6.972261,8.95284e-13,0.0000295819
0,1.037721,1.77636e-15,0.0000971762
0,8.932057,4.35207e-14,0.0000106265
0,2.360349,5.32907e-15,0.000253176
0,2.945501,3.55271e-15,0.000173060
0,2.259835,8.88178e-15,0.000512883
0,2.969563,5.32907e-15,0.000365638
0,3.503974,1.15463e-14,0.00000157141
0,3.881604,7.10543e-15,0.000252383
0,3.273902,5.32907e-15,0.000456980
0,1.498581,2.87770e-13,0.000465665
0,6.732779,1.42109e-14,0.000178197
0,1.01492,2.66454e-15,0.0000579850
0,2.627565,7.99361e-15,0.000343600
0,5.963506,8.88178e-15,0.00000636868
0,4.321268,7.99361e-15,0.000409113
0,2.280311,2.24709e-13,0.000349448
0,6.75204,1.42109e-14,0.000377621
0,7.616107,4.44089e-14,0.000296268
0,1.867686,3.55271e-15,0.000545031
0,4.739223,9.50351e-14,0.000466768
0,2.855373,8.88178e-15,0.000653136
0,5.163843,5.70211e-13,0.000258386
0,2.228044,8.88178e-15,0.0000675185
0,1.018629,1.79412e-13,0.000183050
0,2.124824,4.44089e-15,0.000286946
0,2.706859,7.99361e-15,0.000426061
0,4.719131,1.15463e-14,0.000301575
0,7.176243,2.93099e-14,0.0000528466
0,2.803273,4.44089e-15,0.000882834
0,4.89785,1.15463e-14,0.000811572
0,5.02155,2.22045e-14,0.000388248
0,3.840927,7.10543e-15,0.000284982
0,2.039558,5.32907e-15,0.000692200
0,1.704531,3.55271e-15,0.000592508
0,2.902655,5.32907e-15,0.000585004
0,1.770453,5.32907e-15,0.000348806
0,3.188797,2.66454e-15,0.000679249
0,1.03361,4.44089e-15,0.00000222442
0,4.566593,7.99361e-15,0.000582933
0,4.110959,1.86517e-14,0.0000741204
0,4.963169,1.50990e-14,0.000398410
0,8.504402,5.50671e-14,0.00000502753
0,4.79651,1.06581e-14,0.000487769
0,4.884285,1.50990e-14,0.000365630
0,3.348432,5.32907e-15,0.000231619
0,4.148666,1.06581e-14,0.000558386
0,1.020955,5.32907e-15,0.000242475
0,2.509676,7.99361e-15,0.000399864
0,2.33429,6.21725e-15,0.000961696
0,1.981006,6.16396e-13,0.00103036
0,2.975975,2.66454e-15,0.0000399139
0,1.267548,7.38964e-13,0.000202079
0,4.185953,5.32907e-15,0.00000715070
0,3.047256,3.55271e-15,0.000281982
0,1.13257,4.44089e-15,0.000183511
0,7.30557,4.08562e-14,0.000104530
0,2.74777,7.99361e-15,0.000769667
0,8.745024,3.90799e-14,0.000105667
0,1.030774,7.10543e-15,0.000148048
0,1.023493,7.10543e-15,0.000158149
0,3.071092,1.15463e-14,0.000143573
0,2.454554,6.21725e-15,0.0000412646
0,7.373953,1.68754e-14,0.000237522
0,1.78837,4.44089e-15,0.000463257
0,2.687553,5.32907e-15,0.000183844
0,4.312235,3.55271e-15,0.000152911
0,1.79899,3.55271e-15,0.000168276
0,2.694695,4.44089e-15,0.000229942
0,6.125729,2.13163e-14,0.000122103
0,3.050327,2.69118e-13,0.000780166
0,2.695997,3.90799e-14,0.000829074
0,3.801512,7.99361e-15,0.000170906
0,4.228247,1.42109e-14,0.000150540
0,3.978844,1.24345e-14,0.000365244
0,2.323727,6.21725e-15,0.000866060
0,5.568858,5.32907e-15,0.000509478
0,2.624272,1.42109e-14,0.000206870
0,2.675399,3.55271e-15,0.000688893
0,1.015584,4.68958e-13,0.000103212
0,2.808192,2.71783e-13,0.000847783
0,3.740736,7.10543e-15,0.000759292
0,7.90371,2.13163e-14,0.000193124
0,1.026484,6.21725e-15,0.0000625042
0,8.109566,2.04281e-14,0.000185025
0,3.103498,4.44089e-15,0.0000794252
0,3.593842,5.32907e-15,0.000609377
0,1.816652,4.44089e-15,0.0000410365
0,1.383229,2.01617e-13,0.000354390
0,5.156841,1.86517e-14,0.000794328
0,1.890174,3.55271e-15,0.000721507
0,1.677932,4.44089e-15,0.000140975
0,3.557464,9.76996e-15,0.000797030
0,1.121836,3.10862e-13,0.0000855546
0,3.811404,7.99361e-15,0.000453505
0,6.033964,1.50990e-14,0.000238458
0,2.811245,5.32907e-15,0.000286291
0,4.533018,1.06581e-14,0.000309940
0,1.022553,2.66454e-15,0.000103129
0,5.890218,3.99680e-14,0.0000658960
0,1.030238,1.59872e-14,0.000197839
0,3.082699,1.24345e-14,0.000186313
0,1.035313,2.22045e-14,0.000136683
0,4.893349,1.50990e-14,0.000159873
0,2.154168,6.21725e-15,0.0000290957
0,1.013294,3.55271e-15,0.00000523286
0,10.74527,3.64153e-14,0.0000209524
0,3.211506,1.50990e-14,0.0000597249
0,9.970702,5.24025e-14,0.0000425148
0,1.01842,2.66454e-15,0.000104939
0,9.926436,3.19744e-14,0.000153345
0,1.574638,5.32907e-15,0.000221232
0,1.448366,9.59233e-14,0.0000608830
0,5.827838,4.88498e-14,0.00000613476
0,3.502817,1.95399e-14,0.000603063
0,8.469049,3.64153e-14,0.000315417
0,8.668625,1.50990e-14,0.000218432
0,7.985483,1.77636e-14,0.0000128106
0,1.026469,5.64881e-13,0.000130538
0,1.304757,4.44089e-15,0.000360688
0,1.58203,7.99361e-15,0.000577550
0,11.39839,6.48370e-14,0.000104689
0,2.506135,4.44089e-15,0.000273416
0,4.646354,1.77636e-14,0.000382837
0,8.593458,3.81917e-14,0.000282331
0,2.312062,9.29923e-13,0.000302269
0,2.299491,4.44089e-15,0.0000386791
0,2.893165,3.20632e-13,0.000261841
0,2.358763,2.66454e-15,0.000756628
0,5.98612,4.70735e-14,0.000353531
0,5.229669,1.06581e-14,0.000248860
0,4.300212,6.21725e-15,0.000779258
0,1.014698,4.44089e-15,0.000133391
0,1.017353,4.44089e-15,0.0000353446
0,2.090088,3.55271e-15,0.000189081
0,2.822271,7.99361e-15,0.000275474
0,7.756913,6.21725e-15,0.0000668518
0,2.795063,3.55271e-15,0.000527926
0,4.320084,8.88178e-15,0.000297021
0,1.010681,9.40581e-13,0.000183547
0,1.033465,2.66454e-15,0.0000729407
0,6.636789,2.13163e-14,0.000243286
0,6.144059,1.06581e-14,0.000133618
0,1.8026,5.32907e-15,0.000923294
0,1.014858,5.32907e-15,0.0000766356
0,5.227797,6.99885e-13,0.0000518203
0,4.111847,1.44773e-13,0.0000615087
0,3.3847,5.32907e-15,0.000702902
0,3.404116,7.10543e-15,0.000352355
0,4.969094,2.48690e-14,0.000389817
0,6.202143,1.68754e-14,0.0000166347
0,1.818597,6.48370e-14,0.000474688
0,4.323704,1.24345e-14,0.000283272
0,2.832067,7.10543e-15,0.000282213
0,1.108358,3.01981e-14,0.0000321394
0,2.404145,9.76996e-15,0.000804148
0,7.151183,7.10543e-14,0.0000536035
0,7.803333,8.88178e-15,0.000137677
0,4.888235,1.24345e-14,0.000292042
0,1.024574,2.66454e-15,0.0000846523
0,1.1756,5.06262e-14,0.000215514
0,3.840793,1.33227e-14,0.000269601
0,1.020591,7.99361e-15,0.000223461
0,4.908849,1.24345e-14,0.000205940
0,2.616575,5.32907e-15,0.000348691
0,2.514418,7.10543e-15,0.0000834381
0,9.462854,4.08562e-14,0.0000524909
0,5.177086,8.88178e-15,0.000348429
0,1.019126,4.44089e-15,0.0000242842
0,2.343123,5.32907e-15,0.000391482
0,1.015046,4.37872e-13,0.000111043
0,1.768897,1.66089e-13,0.000493929
0,3.49885,1.06581e-14,0.000226596
0,1.019179,5.32907e-15,0.0000146540
0,1.015066,3.55271e-15,0.0000441467
0,2.33426,3.55271e-15,0.0000587028
0,1.594003,1.77636e-15,0.000568331
0,7.341133,2.30926e-14,0.0000760885
0,4.729723,1.33227e-14,0.000278788
0,2.319903,6.21725e-15,0.000709665
0,1.140746,2.66454e-15,0.000116664
0,3.873715,3.01981e-14,0.000527142
0,2.786072,1.06581e-14,0.000290159
0,1.89782,6.21725e-15,0.000704428
0,6.06545,2.04281e-14,0.000666936
0,1.484296,1.77636e-15,0.0000959270
0,1.015356,3.55271e-15,0.0000715475
0,3.102652,2.93099e-14,0.00000555234
0,4.975906,8.88178e-15,0.000636669
0,3.839234,6.21725e-15,0.000389229
0,3.431378,5.13367e-13,0.000351700
0,2.32806,6.21725e-13,0.000697528
0,9.74299,2.39808e-14,0.0000927094
0,3.686138,1.33227e-14,0.000544339
0,1.017708,3.55271e-15,0.0000913865
0,1.025117,8.88178e-16,0.0000302575
0,4.437864,1.42109e-14,0.000177066
0,2.10044,1.06581e-14,0.000532070
0,1.021393,1.84741e-13,0.00000136192
0,2.515175,4.44089e-15,0.000205483
0,7.597384,2.22045e-14,0.0000617857
0,3.619233,7.10543e-15,0.000635236
0,2.920144,8.88178e-15,0.000301230
0,3.066934,1.15463e-14,0.000495032
0,1.863983,6.21725e-15,0.000569273
0,2.108581,2.66454e-15,0.000376541
0,7.528394,2.39808e-14,0.0000914903
0,1.843691,5.32907e-15,0.000122182
0,1.013815,1.42109e-14,0.000218436
0,2.666717,9.76996e-15,0.000813122
0,2.651462,3.55271e-15,0.000772358
0,6.432806,3.19744e-14,0.000158957
0,4.952771,7.10543e-14,0.000240721
0,1.852978,5.32907e-15,0.000691092
0,2.009852,8.88178e-15,0.0000896944
0,4.930368,1.77636e-14,0.000141071
0,1.8412,6.39488e-14,0.000564824
0,1.470155,1.50990e-13,0.000167061
0,2.237307,3.55271e-15,0.000357925
0,3.530929,5.39124e-13,0.000140395
0,2.161576,3.78364e-13,0.000177659
0,4.769936,8.88178e-15,0.000572672
0,3.100221,6.21725e-15,0.000228391
0,6.303031,1.86517e-14,0.000100933
0,1.314875,1.77636e-15,0.000517951
0,1.005831,9.85878e-14,0.00000128606
0,3.104807,7.99361e-15,0.000570151
0,2.694225,2.66454e-15,0.000109965
0,1.580951,1.77636e-15,0.000312690
0,1.788075,2.04281e-14,0.000468116
0,3.543677,8.88178e-15,0.0000646678
0,1.337099,1.77636e-15,0.000181882
0,1.194881,2.84217e-14,0.000155769
0,1.854815,4.44089e-15,0.000698557
0,5.575564,1.13687e-13,0.000236610
0,1.032557,2.66454e-15,0.000184001
0,2.642992,1.24345e-14,0.000331145
0,3.694242,1.06581e-14,0.000374324
0,2.512885,6.92779e-14,0.000481702
0,1.017926,6.83897e-13,0.0000776326
0,1.019121,4.44089e-15,0.0000319400
0,3.580137,6.21725e-15,0.000233484
0,6.39896,1.06581e-14,0.0000796435
0,3.80355,2.66454e-15,0.0000404434
0,2.475592,7.10543e-15,0.000312887
0,5.131008,1.68754e-14,0.000207806
0,5.060114,1.77636e-14,0.0000929109
0,4.251712,5.32907e-15,0.000208498
0,5.228664,7.99361e-15,0.000315727
0,5.237832,2.75335e-14,0.000467449
0,1.545721,6.91891e-13,0.000221592
0,1.024333,1.06581e-14,0.0000767406
0,4.162783,1.59872e-14,0.000231807
0,11.47863,3.10862e-14,0.0000447165
0,3.311651,4.44089e-15,0.000781183
0,3.714781,2.93099e-14,0.000684165
0,4.512431,6.83897e-14,0.000586570
0,1.406942,4.63629e-13,0.0000912204
0,1.766807,4.44089e-15,0.0000634526
0,1.022935,5.32907e-15,0.0000301523
0,1.755254,3.55271e-15,0.000103997
0,1.814723,4.44089e-15,0.0000827723
0,7.568059,1.15463e-14,0.000141286
0,3.529739,9.76996e-15,0.0000554997
0,4.959409,1.06581e-14,0.000279402
0,5.101059,1.06581e-14,0.0000577869
0,5.315162,1.24345e-14,0.000269520
0,4.079676,1.06581e-14,0.00000759262
0,2.131026,1.86517e-14,0.000475430
0,1.012635,3.55271e-15,0.0000914672
0,5.381041,8.88178e-15,0.000172845
0,1.022647,7.72715e-13,0.000116541
0,4.210651,2.04281e-14,0.0000463468
0,4.218864,1.06581e-14,0.000903832
0,5.388563,1.06581e-14,0.0000543739
0,2.471643,6.21725e-15,0.000473691
0,4.666959,1.72307e-13,0.000179909
0,2.561652,8.88178e-15,0.0000384697
0,4.017781,2.30926e-14,0.000284835
0,3.117406,1.06581e-14,0.000132767
0,8.960338,5.50671e-14,0.000310741
0,4.215969,6.21725e-15,0.000742772
0,1.479271,4.44089e-15,0.0000868395
0,3.735213,7.10543e-15,0.000757229
0,1.020655,3.55271e-15,0.000101584
0,7.602038,1.24345e-14,0.00000854935
0,4.842851,3.55271e-14,0.000442200
0,7.472439,6.21725e-15,0.000211553
0,3.523253,8.88178e-15,0.000294136
0,1.015079,3.55271e-15,0.000149691
0,1.136848,4.29878e-13,0.000335531
0,5.362721,1.77636e-14,0.000330677
0,1.025696,7.10543e-15,0.0000709516
0,4.226784,2.04281e-14,0.000456442
0,5.808916,1.86517e-14,0.000431262
0,4.795878,1.59872e-14,0.000518909
0,5.177192,1.59872e-14,0.000524934
0,1.014275,4.44089e-15,0.000151251
0,5.211861,1.06581e-14,0.000337236
0,4.621451,1.77636e-14,0.000477203
0,7.156463,3.55271e-14,0.000271259
0,1.023441,2.66454e-15,0.000193941
0,9.934663,3.01981e-14,0.000213276
0,6.72445,1.59872e-14,0.0000355605
0,9.719589,9.76996e-15,0.000187963
0,1.016372,1.77636e-15,0.000128644
0,1.011324,7.42517e-13,0.00000711669
0,2.532271,4.44089e-15,0.000301707
0,3.60609,4.44089e-15,0.000911118
0,1.255006,6.21725e-15,0.000106574
0,6.068222,1.59872e-14,0.000165828
0,2.870782,7.10543e-15,0.000297073
0,1.027469,3.55271e-15,0.00000442613
0,3.080406,2.58460e-13,0.000565138
0,3.955264,2.30926e-14,0.000572812
0,4.760379,8.88178e-15,0.00000594454
0,3.619935,6.30607e-13,0.000401307
0,10.68742,6.57252e-14,0.000113427
0,1.019968,6.21725e-15,0.0000380146
0,5.095275,5.32907e-14,0.0000228410
0,2.816611,7.10543e-15,0.0000906990
0,2.975575,9.76996e-15,0.000111533
0,4.774366,1.06581e-14,0.000610399
0,8.866812,3.10862e-14,0.000258272
0,1.016628,7.10543e-15,0.0000378882
0,9.439869,6.48370e-14,0.0000565658
0,2.511952,4.44089e-15,0.000658091
0,2.175735,3.55271e-15,0.000101720
0,5.451174,7.99361e-15,0.0000815388
0,2.739674,5.32907e-15,0.000519661
0,4.870601,7.10543e-15,0.0000484496
0,4.958459,2.22045e-14,0.0000318244
0,1.775493,2.96652e-13,0.000380237
0,4.959676,1.15463e-14,0.000153357
0,1.337709,4.44089e-15,0.000143482
0,2.054536,2.66454e-15,0.0000539282
0,3.551215,1.42109e-14,0.000318673
0,4.449653,5.32907e-15,0.000186104
0,2.5815,5.32907e-15,0.000173739
0,4.651015,5.32907e-15,0.000386166
0,1.014896,1.03029e-13,0.0000131507
0,8.550666,3.01981e-14,0.0000524114
0,2.95543,6.21725e-15,0.000187033
0,4.514971,1.06581e-14,0.000503500
0,5.389835,1.59872e-14,0.000289411
0,2.597198,1.15463e-14,0.000267290
0,3.13163,7.99361e-15,0.000564183
0,2.92444,2.84217e-14,0.0000126692
0,3.341247,5.32907e-15,0.000264743
0,2.46596,1.77636e-15,0.000162871
0,7.715166,1.33227e-14,0.000415162
0,1.01601,1.77636e-15,0.0000914424
0,4.621159,1.06581e-14,0.000377574
0,4.999115,1.33227e-14,0.000216852
0,9.679161,1.15463e-14,0.000113075
0,1.818637,6.21725e-15,0.000384821
0,3.033742,1.49214e-13,0.0000203718
0,6.192362,1.77636e-14,0.000231616
0,4.178853,3.64153e-14,0.0000149866
0,3.983708,1.68754e-14,0.000765248
0,7.573234,1.68754e-14,0.000163820
0,3.205054,1.24345e-14,0.000112991
0,2.709711,6.21725e-15,0.000299220
0,3.360461,1.15463e-14,0.0000613788
0,2.035097,6.03073e-13,0.000556379
0,10.57803,4.26326e-14,0.000185117
0,2.958659,4.44089e-15,0.000442557
0,2.867968,3.55271e-15,0.000181305
0,5.856206,1.50990e-14,0.000317274
0,4.022368,1.06581e-14,0.0000653589
0,1.019831,2.66454e-15,0.0000564117
0,3.706533,1.33227e-14,0.000195289
0,5.095198,6.21725e-15,0.0000757368
0,1.024854,7.10543e-15,0.0000488854
0,1.861277,5.32907e-15,0.000105892
0,6.674984,1.06581e-14,0.0000647163
0,1.220651,3.55271e-15,0.0000413775
0,1.017039,3.55271e-15,0.0000870269
0,4.911131,1.51879e-13,0.000608302
0,3.155963,1.15463e-14,0.000282665
0,10.72319,1.24345e-14,0.0000594835
0,2.705244,3.55271e-15,0.00115417
0,1.855805,3.55271e-15,0.000749849
0,8.41839,2.93099e-14,0.0000920855
0,2.166975,8.88178e-15,0.000388075
0,1.016663,3.55271e-15,0.000160751
0,1.014508,4.44089e-15,0.0000217679
0,2.229435,7.10543e-15,0.000174310
0,2.289762,4.27214e-13,0.000275403
0,5.641412,1.42109e-14,0.0000314497
0,5.564929,1.42109e-14,0.000547559
0,9.324883,3.64153e-14,0.000158868
0,11.44978,5.24025e-14,0.0000162590
0,1.51047,1.77636e-15,0.000132708
0,2.715866,7.99361e-15,0.000408231
0,2.889597,7.99361e-15,0.000359439
0,1.344107,5.32907e-15,0.0000152385
0,1.019093,5.32907e-15,0.0000253512
0,1.787531,5.32907e-15,0.000187650
0,1.959335,2.87770e-13,0.000130726
0,4.886171,8.88178e-15,0.000380167
0,1.020259,3.11751e-13,0.000120345
0,4.247263,1.50990e-14,0.000451717
0,4.204866,1.77636e-14,0.000785382
0,4.272823,7.63833e-14,0.000688494
0,3.679489,1.77636e-14,0.000240711
0,3.113843,8.88178e-15,0.000499898
0,2.056286,7.99361e-15,0.000243339
0,5.032577,3.91687e-13,0.000113562
0,2.955764,6.21725e-15,0.000590213
0,5.5558,1.50990e-14,0.000353197
0,9.979041,3.19744e-14,0.000128702
0,4.787464,1.68754e-14,0.000727771
0,4.453247,1.59872e-14,0.000228080
0,1.005367,7.99361e-15,0.000288516
0,4.77485,6.21725e-15,0.000450975
0,8.190602,2.48690e-14,0.0000320531
0,1.968682,8.17124e-14,0.0000112088
0,1.019396,3.55271e-15,0.0000207917
0,3.612128,1.59872e-14,0.000135213
0,6.778938,1.59872e-14,0.000282890
0,1.021157,3.55271e-15,0.000236043
0,3.89007,1.24345e-14,0.0000282121
0,2.459626,3.55271e-15,0.000239585
0,5.075257,2.93099e-14,0.000594209
0,2.287532,5.32907e-15,0.000256783
0,1.700038,4.58300e-13,0.000447078
0,4.94505,2.39808e-14,0.000435200
0,5.408537,6.21725e-15,0.000160175
0,1.018959,1.42109e-14,0.0000894355
0,3.686033,1.06581e-14,0.000762827
0,4.585138,1.50990e-14,0.0000221270
0,2.923754,5.32907e-15,0.000138074
0,3.820441,6.21725e-15,0.000356522
0,4.904574,1.86517e-14,0.000401991
0,2.439581,3.55271e-15,0.000232718
0,3.054392,2.04281e-14,0.000796854
0,7.372072,1.33227e-14,0.000519033
0,2.237338,2.30926e-14,0.000284760
0,4.912438,1.50990e-14,0.0000278164
0,1.02035,1.77636e-15,0.000205048
0,3.041355,7.99361e-15,0.000159276
0,4.733485,1.33227e-14,0.0000554591
0,4.707377,1.15463e-14,0.000229459
0,1.337906,3.55271e-15,0.000229814
0,1.147391,1.98952e-13,0.0000389508
0,5.540804,8.88178e-15,0.000455590
0,1.856496,4.44089e-15,0.000376060
0,2.284644,7.10543e-15,0.000182376
0,7.448774,3.19744e-14,0.0000924784
0,5.569963,2.48690e-14,0.000109476
0,2.101432,6.21725e-15,0.000215672
0,8.413015,3.46390e-14,0.0000871869
0,2.597908,2.39808e-14,0.000856677
0,6.996614,5.08038e-13,0.000118812
0,4.376948,1.68754e-14,0.000341533
0,4.903587,2.48690e-14,0.000553411
0,2.195403,3.55271e-15,0.000155988
0,1.437615,5.32907e-15,0.000135491
0,4.733922,2.71783e-13,0.0000397011
0,1.984931,6.21725e-15,0.000137864
0,9.56602,6.30607e-14,0.0000774829
0,1.358542,1.95399e-14,0.000281736
0,1.027905,3.55271e-15,0.000230380
0,4.505746,1.42109e-14,0.000382369
0,4.248938,7.99361e-15,0.000272060
0,3.154923,1.42109e-14,0.000682376
0,1.804992,3.55271e-15,0.000566689
0,1.013412,2.66454e-15,0.0000300393
0,2.852295,4.44089e-15,0.000573906
0,3.317656,1.42109e-14,0.000247463
0,3.407719,6.21725e-15,0.000453454
0,6.029322,4.44089e-15,0.000203815
0,1.559071,7.92255e-13,0.000200337
0,1.015582,5.32907e-15,0.00000301042
0,9.858393,9.78773e-13,0.000130030
0,2.24278,5.15143e-14,0.0000842485
0,5.24233,1.15463e-14,0.00000701055
0,2.915723,7.99361e-15,0.000553661
0,5.15473,2.22045e-14,0.000435882
0,3.50839,8.65086e-13,0.0000714912
0,5.571033,1.86517e-14,0.000363166
0,2.190653,7.10543e-15,0.000368908
0,2.955571,1.42109e-14,0.000289888
0,2.062565,4.44089e-15,0.000769422
0,2.293989,3.65930e-13,0.000259401
0,1.015814,6.21725e-15,0.0000600813
0,3.14744,6.21725e-15,0.000241616
0,5.468001,5.32907e-15,0.0000976091
0,5.305643,1.15463e-14,0.000217676
0,2.562381,2.66454e-15,0.000243118
0,5.338354,7.10543e-15,0.000244955
0,11.02113,3.55271e-14,0.0000661819
0,1.611947,3.55271e-15,0.000168778
0,2.060066,3.55271e-15,0.000764975
0,7.141806,1.50990e-14,0.000404438
0,3.369481,4.44089e-15,0.000147070
0,4.129563,3.55271e-15,0.000406419
0,2.132435,7.10543e-15,0.000126539
0,1.739794,7.10543e-15,0.000594300
0,2.575196,1.06581e-14,0.000172751
0,6.3916,1.77636e-14,0.000259458
0,2.693125,4.44089e-15,0.000467151
0,2.170949,7.99361e-15,0.000117600
0,4.486487,1.06581e-14,0.000616095
0,2.722578,5.32907e-15,0.000329346
0,1.689196,1.33227e-14,0.000254286
0,7.557147,8.88178e-15,0.000275546
0,1.023254,9.89431e-13,0.0000400370
0,6.108708,3.10862e-14,0.0000371280
0,1.011835,3.55271e-15,0.000239125
0,2.194807,7.31859e-13,0.000890561
0,1.25265,1.06581e-14,0.000406906
0,2.721014,8.88178e-15,0.000636486
0,1.973064,8.88178e-15,0.000115337
0,10.07262,5.58664e-13,0.000191271
0,3.548109,1.15463e-14,0.000278275
0,3.939989,7.99361e-15,0.0000755199
0,1.837961,6.21725e-15,0.000377456
0,4.301868,1.06581e-14,0.000365666
0,4.21988,7.99361e-15,0.000260585
0,2.546465,1.06581e-14,0.000105044
0,2.730914,5.32907e-15,0.000966696
0,4.771943,5.86198e-14,0.0000850479
0,4.143549,1.24345e-14,0.000382784
0,3.418006,6.21725e-15,0.000328208
0,1.026173,2.66454e-15,0.0000243764
0,11.38836,1.68754e-14,0.000137779
0,5.061755,2.13163e-14,0.000706484
0,9.602007,9.41469e-14,0.000125905
0,3.12332,2.84217e-14,0.00000663174
0,6.610102,1.15463e-14,0.000123387
0,1.018245,2.66454e-15,0.000277328
0,4.961097,2.30926e-14,0.000208296
0,2.104022,2.57572e-13,0.000221674
0,7.480908,2.48690e-14,0.000334466
0,1.02685,4.44089e-15,0.000170466
0,2.537792,5.32907e-15,0.000537289
0,8.83581,3.10862e-14,0.000147514
0,4.681412,7.10543e-13,0.000131449
0,1.01425,2.13163e-14,0.000167821
0,4.10977,9.76996e-15,0.000560233
0,1.742837,4.52971e-13,0.000225976
0,1.568095,2.66454e-15,0.000245627
0,5.357411,1.42109e-14,0.000146893
0,8.750026,2.39808e-14,0.000274789
0,1.01989,4.52971e-13,0.000298276
0,2.977118,7.10543e-15,0.000568362
0,4.750444,5.77316e-14,0.0000848055
0,1.881678,2.38032e-13,0.0000820756
0,1.700895,1.15463e-14,0.000342170
0,7.999455,1.24345e-14,0.000151309
0,2.194775,4.44089e-15,0.000111704
0,2.03641,3.32179e-13,0.000154084
0,5.915537,1.86517e-14,0.000425828
0,2.527881,3.55271e-15,0.000696816
0,1.019673,1.77636e-15,0.000128417
0,8.043501,3.90799e-14,0.000375153
0,1.020722,6.21725e-15,0.00000828584
0,1.952333,1.77636e-15,0.000447945
0,4.012313,7.99361e-15,0.000317772
0,1.017363,6.21725e-15,0.0000241751
0,3.699014,1.06581e-14,0.000220446
0,2.685954,9.76996e-15,0.000956012
0,4.699284,8.88178e-15,0.000156823
0,3.112074,2.66454e-15,0.000220017
0,4.45487,8.88178e-15,0.0000908312
0,2.72199,5.46230e-13,0.000601951
0,4.199746,7.10543e-15,0.000226539
0,3.127085,1.50990e-14,0.000284638
0,6.515405,2.13163e-14,0.000294748
0,6.565864,2.78888e-13,0.000136430
0,2.413629,6.21725e-15,0.000155268
0,5.095325,7.10543e-15,0.000209464
0,4.32342,1.15463e-14,0.000659080
0,2.745344,3.55271e-15,0.000169284
0,11.05081,2.39808e-14,0.0000377702
0,5.79684,7.10543e-14,0.0000459890
0,3.973045,1.89182e-13,0.000695324
0,3.872652,1.15463e-14,0.000174326
0,2.070263,3.82805e-13,0.000414561
0,4.739656,4.26326e-14,0.000417656
0,1.130312,9.76996e-15,0.0000650678
0,4.187729,1.06581e-14,0.0000870311
0,1.01369,8.88178e-15,0.000217031
0,2.290877,1.15463e-14,0.000769522
0,1.018294,2.66454e-15,0.0000585597
0,1.815921,2.66454e-15,0.000456361
0,5.444539,8.88178e-15,0.0000640526
0,2.78392,4.44089e-15,0.000583750
0,3.73687,1.15463e-14,0.000414983
0,2.308754,5.32907e-15,0.000533458
0,4.884193,2.84217e-14,0.000127476
0,3.106611,1.24345e-14,0.000558060
0,9.136856,3.64153e-14,0.0000247849
0,5.919122,2.10498e-13,0.0000627072
0,7.298657,9.76996e-15,0.0000469025
0,2.960252,5.77316e-14,0.0000367895
0,2.158342,5.32907e-15,0.000153312
0,1.026252,2.66454e-15,0.0000128492
0,5.569542,1.42109e-14,0.0000401915
0,8.545623,6.39488e-14,0.000333594
0,6.339361,1.15463e-14,0.000127784
0,1.007523,3.55271e-15,0.000109550
0,2.590748,9.07718e-13,0.000462036
0,6.852312,2.39808e-14,0.0000983478
0,2.604731,2.08722e-13,0.0000574281
0,5.852769,1.33227e-14,0.000566958
0,3.439442,7.99361e-15,0.000423580
0,10.62627,2.22045e-14,0.000136750
0,2.158041,2.66454e-15,0.000940291
0,2.486515,1.06581e-14,0.000294767
0,3.884763,4.44089e-15,0.0000329605
0,7.239393,4.88498e-14,0.000449628
0,2.523665,3.19744e-14,0.000814403
0,4.840487,1.73195e-13,0.0000165163
0,8.02007,1.68754e-14,0.000205497
0,7.423824,1.33227e-14,0.0000315634
0,4.246257,1.24345e-14,0.000672018
0,4.380829,8.70415e-14,0.000539872
0,1.355409,1.77636e-15,0.000566611
0,2.601569,5.32907e-15,0.000654230
0,2.184659,8.88178e-15,0.000733738
0,4.788281,2.13163e-14,0.000209472
0,2.065773,7.99361e-15,0.000542016
0,6.613779,5.16920e-13,0.0000253628
0,1.028883,9.76996e-15,0.0000827530
0,1.022034,8.88178e-15,0.0000251514
0,4.833305,2.40696e-13,0.000449683
0,4.920969,4.26326e-14,0.000259249
0,4.199701,1.86517e-14,0.000316835
0,4.332489,1.24345e-14,0.000170755
0,3.360642,1.33227e-14,0.000769620
0,1.018983,7.46070e-13,0.0000169900
0,5.008799,1.86517e-14,0.0000336397
0,2.378705,9.76996e-15,0.00000751152
0,5.532462,1.06581e-14,0.000510194
0,2.665042,5.32907e-15,0.000540482
0,3.245904,8.88178e-15,0.000879482
0,5.656459,1.33227e-14,0.000541539
0,3.199224,5.32907e-15,0.000149532
0,1.02434,5.25802e-13,0.0000751012
0,7.595012,9.76996e-15,0.000288822
0,3.37969,6.21725e-15,0.000244574
0,1.304479,2.66454e-15,0.000608538
0,4.270851,1.68754e-14,0.000711669
0,12.27945,3.64153e-14,0.00000732003
0,5.136991,1.41220e-13,0.000249984
0,2.809988,7.10543e-15,0.000278667
0,8.894425,7.19425e-14,0.000185599
0,4.929152,1.06581e-14,0.000227960
0,2.036805,2.05169e-13,0.000258816
0,6.551545,2.13163e-14,0.0000387132
0,2.713833,1.50990e-14,0.000349510
0,7.622392,9.76996e-15,0.0000221803
0,3.50975,9.76996e-15,0.000528241
0,1.635965,3.55271e-15,0.000266676
0,1.796841,8.43769e-14,0.000323794
0,2.651113,1.07470e-13,0.000297416
0,4.098149,1.68754e-14,0.00000775064
0,1.891289,6.21725e-15,0.0000475289
0,2.680713,2.39808e-14,0.000344616
0,1.485254,3.55271e-15,0.0000631506
0,4.775191,1.33227e-14,0.000518716
0,4.02621,8.08242e-14,0.000210063
0,2.811203,8.88178e-15,0.0000140454
0,2.712197,1.06581e-14,0.000205647
0,2.787414,5.32907e-15,0.000287470
0,4.439561,1.24345e-14,0.0000642028
0,2.513725,1.15463e-14,0.000764432
0,5.852765,8.88178e-15,0.000634616
0,4.271956,1.15463e-14,0.000100232
0,1.783539,2.66454e-15,0.000190514
0,1.843668,6.21725e-15,0.000381274
0,1.01239,6.39488e-14,0.000137538
0,4.704428,1.06581e-14,0.000285495
0,6.531381,5.86198e-14,0.000259300
0,3.350833,7.10543e-15,0.000425005
0,1.78339,4.30767e-13,0.000342226
0,2.341761,4.44089e-15,0.000330720
0,3.421705,8.88178e-15,0.000366455
0,8.469193,2.04281e-14,0.00000765875
0,5.936151,2.48690e-14,0.0000188152
0,10.03637,1.95399e-14,0.000124167
0,1.966874,4.44089e-15,0.000211098
0,7.369164,9.94760e-14,0.000257599
0,1.01573,5.32907e-15,0.000139427
0,4.237945,3.78364e-13,0.000350042
0,2.138925,5.32907e-15,0.000304935
0,1.813186,2.66454e-15,0.000972300
0,1.92045,4.44089e-15,0.0000589872
0,4.91092,4.35207e-14,0.000453403
0,2.231743,5.32907e-15,0.000498188
0,1.849861,1.77636e-15,0.000279635
0,1.013531,4.44089e-15,0.0000112654
0,3.231742,8.88178e-15,0.000212241
0,2.712972,7.99361e-15,0.000177583
0,4.251063,9.76996e-15,0.000332398
0,3.647885,7.10543e-15,0.000506484
0,12.15717,1.42109e-14,0.0000592620
0,2.26763,3.16192e-13,0.000844623
0,2.228625,7.63833e-14,0.000441787
0,2.062915,2.66454e-15,0.000699903
0,7.923699,9.76996e-15,0.0000657322
0,3.70184,5.32907e-15,0.00000936559
0,2.93569,1.42109e-14,0.0000132528
0,5.064987,1.42109e-14,0.000572916
0,3.009402,1.15463e-14,0.000406465
0,1.019712,1.23457e-13,0.000225070
0,9.735712,1.24345e-14,0.0000971998
0,7.021517,1.77636e-14,0.0000976795
0,12.17223,2.95763e-13,0.00000505511
0,2.44134,4.44089e-15,0.000150082
0,4.731324,1.68754e-14,0.000379229
0,5.474462,8.88178e-15,0.000135373
0,4.278842,5.32907e-15,0.000173997
0,3.866584,7.10543e-15,0.000339789
0,2.619796,7.10543e-15,0.000235949
0,2.290913,3.53495e-13,0.000296254
0,4.740585,1.68754e-14,0.000134440
0,2.172171,8.88178e-15,0.000777529
0,4.674139,1.33227e-14,0.00000445849
0,3.755868,6.21725e-15,0.000494707
0,1.023147,6.21725e-15,0.000115438
0,2.45732,3.55271e-15,0.0000585077
0,4.218341,2.04281e-14,0.000227146
0,4.892806,1.59872e-14,0.000535422
0,6.473741,2.22045e-14,0.000243117
0,1.957504,3.55271e-15,0.000171558
0,2.260405,4.44089e-15,0.0000180583
0,1.725402,8.88178e-13,0.000244509
0,6.151837,1.15463e-14,0.000549427
0,4.055611,2.57572e-14,0.000519276
0,3.517057,2.04281e-14,0.000220864
0,2.029313,6.21725e-15,0.000331596
0,4.511218,7.81597e-14,0.000647935
0,9.033586,6.30607e-14,0.000117327
0,6.211362,1.24345e-14,0.000379894
0,3.79102,8.88178e-15,0.000656790
0,7.412224,1.95399e-14,0.0000205316
0,2.629656,7.10543e-15,0.000233179
0,1.018189,1.77636e-15,0.000189728
0,5.510062,1.33227e-14,0.000125651
0,4.046981,1.77636e-14,0.000474765
0,3.61627,4.44089e-15,0.0000899317
0,8.825168,2.30926e-14,0.0000314181
0,3.997029,2.30926e-14,0.0000710201
0,3.301748,3.55271e-15,0.000434973
0,6.424133,1.50990e-14,0.000246031
0,3.025481,1.24345e-14,0.000148560
0,1.563241,5.32907e-15,0.000264450
0,1.013439,2.66454e-15,0.0000553485
0,2.79421,6.83897e-14,0.000115901
0,1.235194,2.04281e-14,0.000228689
0,2.212578,4.25437e-13,0.000628489
0,1.95374,4.44089e-15,0.000237359
0,1.02544,9.69003e-13,0.000167136
0,2.157454,1.77636e-15,0.000241043
0,2.830047,7.10543e-15,0.000198218
0,1.779331,1.77636e-15,0.000306324
0,1.018571,8.70415e-14,0.0000883616
0,2.045249,8.70415e-14,0.000373797
0,5.758998,2.48690e-14,0.000150549
0,4.088406,2.13163e-14,0.000213003
0,4.362235,1.33227e-14,0.000681789
0,1.774666,3.81917e-13,0.000483650
0,1.013247,2.86882e-13,0.000182224
0,1.015774,2.93099e-14,0.0000184397
0,7.251764,2.57572e-14,0.0000641638
0,8.460193,1.59872e-14,0.000354690
0,5.265704,9.76996e-15,0.0000330040
0,2.252571,6.21725e-15,0.000459354
0,1.012979,6.21725e-15,0.0000148586
0,4.564334,1.77636e-14,0.000492468
0,4.262635,1.79412e-13,0.000286219
0,6.785797,8.88178e-15,0.000102520
0,1.79533,3.55271e-15,0.000963737
0,9.291691,2.22045e-14,0.0000182075
0,2.909991,5.32907e-15,0.000357218
0,3.576678,4.97380e-14,0.000488709
0,3.478002,5.32907e-15,0.000293627
0,1.557788,4.44089e-15,0.000124708
0,1.966453,4.44089e-15,0.000567622
0,4.739975,2.66454e-14,0.000203787
0,6.816068,1.77636e-14,0.0000254892
0,1.569314,1.03917e-13,0.000228136
0,4.163888,1.33227e-14,0.000215885
0,2.660642,5.41789e-13,0.000200174
0,3.602155,6.21725e-15,0.000567596
0,11.65983,2.75335e-14,0.0000184808
0,5.226962,1.59872e-14,0.000367644
0,3.517196,5.32907e-15,0.000481535
0,1.032475,1.24345e-14,0.0000150569
0,3.152557,7.99361e-15,0.000536020
0,2.802175,6.21725e-15,0.000478340
0,2.142155,6.21725e-15,0.000136208
0,1.207334,5.32907e-15,0.0000719373
0,4.4365,1.15463e-14,0.000286448
0,9.313969,1.95399e-14,0.000100112
0,4.007427,8.88178e-15,0.000273959
0,7.521851,1.50990e-14,0.000165590
0,5.76453,3.55271e-14,0.000180535
0,1.486494,1.77636e-15,0.0000877336
0,2.091578,4.44089e-15,0.0000751606
0,2.61085,4.44089e-15,0.000141857
0,10.33533,5.15143e-14,0.000187502
0,5.275534,8.88178e-15,0.000151403
0,3.202962,6.43929e-13,0.000749475
0,1.994512,3.55271e-15,0.000538661
0,1.013981,6.21725e-15,0.000222735
0,2.316136,1.06581e-14,0.000683577
0,3.359023,9.76996e-15,0.000204807
0,2.570206,8.88178e-15,0.000214161
0,1.956051,1.77636e-15,0.000875765
0,4.238408,1.50990e-14,0.000209541
0,5.758919,2.84217e-14,0.0000922479
0,2.195489,4.44089e-15,0.000167896
0,6.603748,5.32907e-15,0.000161782
0,1.240635,1.77636e-15,0.0000926178
0,1.296277,1.10134e-13,0.000164828
0,4.318417,7.10543e-15,0.000148306
0,2.087106,3.55271e-15,0.0000407599
0,5.478264,8.88178e-15,0.000619670
0,8.862532,1.86517e-14,0.0000863714
0,2.803722,4.44089e-15,0.000251353
0,2.933659,3.01981e-14,0.000173911
0,2.311439,8.88178e-15,0.000393322
0,4.92566,1.42109e-14,0.000391269
0,3.740646,6.21725e-15,0.000800788
0,1.855203,1.77636e-13,0.000113091
0,1.008494,7.10543e-15,0.0000907423
0,3.185133,1.15463e-14,0.000454785
0,4.917443,8.88178e-15,0.000697176
0,2.183509,3.55271e-15,0.000798690
0,3.504152,5.24025e-14,0.000605101
0,3.165761,1.06581e-14,0.000154852
0,4.153508,1.95399e-14,0.0000247725
0,1.01597,4.61853e-14,0.000113509
0,1.010856,5.32907e-15,0.000305560
0,2.197363,1.06581e-14,0.000152684
0,8.321107,1.68754e-14,0.000194770
0,2.580755,2.22045e-14,0.000130130
0,3.465097,6.21725e-15,0.0000801919
0,1.013644,5.32907e-15,0.0000572545
0,3.488857,2.13163e-14,0.000996521
0,5.909748,5.05374e-13,0.000217586
0,1.170174,1.77636e-15,0.0000324042
0,1.004917,5.32907e-15,0.0000113478
0,3.332567,7.70939e-13,0.000316111
0,2.830654,2.46914e-13,0.000233442
0,1.830399,6.92779e-13,0.000480671
0,1.451855,7.37188e-14,0.000612601
0,5.575391,2.57572e-14,0.000477770
0,7.681971,2.39808e-14,0.000187849
0,6.902018,1.24345e-14,0.00000370090
0,1.392473,5.08038e-13,0.000188908
0,3.31894,1.42109e-14,0.0000950441
0,4.597578,1.15463e-14,0.000330601
0,1.020857,2.66454e-15,0.0000708967
0,14.3399,2.22045e-14,0.0000138987
0,3.701565,5.32907e-15,0.0000735589
0,5.262681,8.88178e-15,0.0000706302
0,4.300041,1.59872e-14,0.000466694
0,1.015478,7.77156e-13,0.00000576795
0,2.982929,6.21725e-15,0.000575266
0,3.558026,4.13003e-13,0.000385083
0,2.120325,3.55271e-15,0.000413113
0,2.144731,6.21725e-15,0.000313215
0,5.048298,7.99361e-15,0.000370708
0,2.012123,1.24345e-14,0.0000452254
0,11.9449,9.35252e-13,0.000187002
0,1.566279,4.44089e-15,0.000319941
0,2.902012,1.06581e-14,0.0000388685
0,6.452832,2.04281e-14,0.000301795
0,3.814769,7.99361e-15,0.000854395
0,4.131913,1.06581e-14,0.0000770227
0,2.39036,4.44089e-15,0.000683772
0,10.74609,4.52971e-14,0.000105249
0,1.898862,3.55271e-15,0.000225051
0,4.083445,9.76996e-15,0.0000408074
0,3.164334,6.21725e-15,0.000358660
0,2.886119,7.99361e-15,0.000646489
0,2.691099,9.76996e-15,0.000296936
0,3.508344,3.46390e-13,0.0000420175
0,2.470087,2.66454e-15,0.000815796
0,2.588858,6.21725e-15,0.000575281
0,2.389211,5.32907e-15,0.000509956
0,4.340428,2.04281e-14,0.000251848
0,2.293207,6.11067e-13,0.000152169
0,4.209195,1.42109e-14,0.000368456
0,4.767273,1.50990e-14,0.000216242
0,3.803438,1.15463e-14,0.000763900
0,6.246332,1.24345e-14,0.000129550
0,1.634254,5.32907e-15,0.000719745
0,7.494987,9.59233e-14,0.000223652
0,5.727902,1.33227e-14,0.000473104
0,1.142555,6.21725e-15,0.000152189
0,9.68975,8.97060e-14,0.000113892
0,2.963775,6.67910e-13,0.000345033
0,5.056878,2.22045e-14,0.0000464449
0,4.513253,1.86517e-14,0.000124290
0,8.372872,2.13163e-14,0.0000581765
0,2.527978,2.66454e-15,0.000148668
0,2.880748,4.51195e-13,0.000712215
0,4.637707,1.15463e-14,0.000122343
0,6.321236,1.59872e-14,0.0000271856
0,7.354533,1.06581e-14,0.00000522719
0,1.004308,2.66454e-15,0.000167059
0,1.005679,3.55271e-15,0.000103451
0,7.10893,1.33227e-14,0.000160797
0,3.261127,5.06262e-14,0.000362202
0,2.794366,2.48690e-14,0.000162541
0,3.490064,1.24345e-14,0.000577553
0,2.205553,6.21725e-15,0.000183299
0,4.539173,7.99361e-15,0.000237423
0,5.624114,9.76996e-15,0.000380971
0,1.33621,1.41220e-13,0.000135194
0,1.916635,3.55271e-15,0.0000680142
0,2.409719,7.10543e-15,0.000687271
0,3.803798,7.10543e-15,0.000483912
0,3.737027,1.06581e-14,0.000488068
0,2.099087,5.96856e-13,0.0000810264
0,2.449705,7.99361e-15,0.000329299
0,5.284023,1.77636e-14,0.000151467
0,2.835759,5.32907e-15,0.000664161
0,2.524811,3.26850e-13,0.000993695
0,2.230938,7.99361e-15,0.000682817
0,10.77395,6.75016e-14,0.000147493
0,5.91871,3.81917e-14,0.000218006
0,1.943736,7.10543e-15,0.000240548
0,6.533635,2.75335e-14,0.000316524
0,1.962183,6.21725e-15,0.00102812
0,5.212885,1.86517e-14,0.000302310
0,8.431824,4.50306e-13,0.0000280480
0,4.527769,7.10543e-15,0.0000838398
0,5.767256,1.68754e-14,0.000358347
0,3.424159,6.21725e-15,0.0000999517
0,3.618471,4.44089e-15,0.000772205
0,5.391863,1.24345e-14,0.0000793182
0,2.565318,5.32907e-15,0.000185745
0,7.421201,1.50990e-14,0.0000382643
0,9.993317,1.59872e-14,0.0000802886
0,2.656892,3.55271e-15,0.000595082
0,3.077987,5.32907e-15,0.000456571
0,4.249647,1.50990e-14,0.000242442
0,4.246319,2.13163e-14,0.0000974098
0,3.71048,1.15463e-14,0.000132902
0,5.160099,1.68754e-14,0.000243878
0,3.156908,5.32907e-15,0.000441581
0,4.097388,1.59872e-14,0.000217355
0,7.140738,1.95399e-14,0.000108760
0,1.800527,1.10134e-13,0.000361392
0,6.86913,2.62901e-13,0.00000969033
0,2.826332,9.76996e-15,0.000553362
0,3.863717,1.33227e-14,0.000430006
0,3.342647,6.21725e-15,0.000130209
0,5.209502,2.30926e-14,0.000104385
0,5.967384,1.95399e-14,0.000316588
0,3.539423,6.21725e-15,0.000129602
0,1.891802,3.55271e-15,0.000374800
0,3.49546,8.88178e-15,0.000179059
0,1.017062,9.59233e-14,0.00000338121
0,2.168987,4.44089e-15,0.000650572
0,1.721266,5.53335e-13,0.000435081
0,6.99662,1.68754e-14,0.000115764
0,2.289962,7.99361e-15,0.000285263
0,8.563419,2.39808e-14,0.000102883
0,11.58055,2.84217e-14,0.0000732200
0,8.502502,2.13163e-14,0.0000284747
0,8.807996,2.48690e-14,0.000218782
0,1.963519,7.10543e-15,0.000131759
0,4.256897,1.15463e-14,0.000564855
0,5.899199,7.10543e-15,0.000653283
0,4.060784,5.32907e-15,0.000691532
0,2.289746,3.83693e-13,0.0000232364
0,8.679455,5.06262e-14,0.000221544
0,7.80812,1.06581e-14,0.0000861462
0,1.730846,1.78524e-13,0.000474928
0,4.493409,9.76996e-15,0.000212393
0,1.086885,1.06581e-14,0.000119888
0,3.19576,7.10543e-15,0.000180761
0,11.04914,2.66454e-14,0.000184083
0,3.292748,2.07834e-13,0.00104262
0,4.219611,2.93099e-14,0.000126390
0,3.107774,5.32907e-15,0.000102569
0,3.745526,5.32907e-15,0.000107459
0,3.919076,8.88178e-15,0.000123132
0,2.614077,5.32907e-15,0.000313643
0,5.16274,1.06581e-14,0.000344354
0,4.779794,1.06581e-14,0.00000289188
0,8.504769,1.77636e-14,0.000220594
0,2.495719,8.88178e-15,0.000500201
0,1.977303,3.55271e-15,0.000218318
0,3.379598,8.88178e-15,0.000183648
0,5.273411,1.42109e-14,0.0000922786
0,3.735189,6.21725e-15,0.000862474
0,3.022554,7.10543e-15,0.000414774
0,4.479276,1.50990e-14,0.000301837
0,2.130907,4.44089e-15,0.000470446
0,1.020543,4.44089e-15,0.000170407
0,1.006299,2.66454e-15,0.000112729
0,5.36705,9.76996e-15,0.000207560
0,2.207378,7.99361e-15,0.000477795
0,1.016569,4.44089e-15,0.0000245193
0,1.00685,1.77636e-15,0.000155349
0,6.403008,9.76996e-15,0.0000644788
0,1.778556,5.32907e-15,0.000762065
0,3.083823,7.99361e-15,0.000207386
0,2.822188,5.77316e-14,0.000337776
0,2.10141,5.32907e-15,0.000326619
0,4.227958,1.06581e-14,0.000196217
0,3.210775,6.21725e-15,0.000733738
0,7.884813,5.32907e-15,0.0000510586
0,1.495671,6.21725e-15,0.0000572061
0,4.586836,1.24345e-14,0.000637250
0,5.231528,7.99361e-15,0.0000263701
0,3.184051,3.55271e-15,0.000964994
0,1.769531,4.44089e-15,0.0000978771
0,7.354267,6.21725e-15,0.000377065
0,1.010852,1.77636e-15,0.000148336
0,5.379072,3.55271e-15,0.00000678289
0,4.398733,1.77636e-14,0.000423505
0,2.286282,4.44089e-15,0.000532223
0,3.157661,1.33227e-14,0.000206784
0,6.592764,8.88178e-15,0.0000678426
0,1.009774,4.01457e-13,0.0000550780
0,4.049645,1.15463e-14,0.000497092
0,4.394814,1.15463e-14,0.000672684
0,2.688778,3.55271e-15,0.0000186714
0,3.720983,1.06581e-14,0.00000207076
0,2.449981,2.66454e-15,0.000155727
0,4.182083,8.88178e-15,0.00000595114
0,7.237505,1.15463e-14,0.000112071
0,2.431504,7.37188e-14,0.0000480767
0,1.795567,3.55271e-15,0.000435116
0,1.524952,2.93099e-14,0.0000275802
0,2.179869,5.32907e-15,0.00100781
0,3.759455,1.06581e-14,0.000230983
0,1.362098,5.32907e-15,0.0000735753
0,8.794579,3.19744e-14,0.000148356
0,1.904968,1.06581e-14,0.000423779
0,5.737051,8.88178e-15,0.000295843
0,1.578914,2.66454e-15,0.0000720110
0,6.939694,1.06581e-14,0.000404446
0,3.931814,5.32907e-15,0.0000654421
0,1.608896,3.22409e-13,0.000164742
0,3.274837,7.10543e-15,0.000514908
0,2.88579,7.10543e-15,0.0000620380
0,3.290946,5.32907e-15,0.0000211993
0,7.188041,1.24345e-14,0.000430348
0,5.900437,2.30926e-14,0.000102958
0,5.027243,1.59872e-14,0.0000292478
0,6.922523,1.15463e-14,0.000177389
0,3.051314,5.32907e-15,0.000157253
0,1.405671,3.55271e-15,0.0000563723
0,2.56294,4.44089e-15,0.0000111154
0,1.006463,3.55271e-15,0.0000472404
0,4.752764,2.66454e-14,0.000255202
0,1.001593,4.44089e-15,0.000109476
0,5.5496,2.22045e-14,0.000418395
0,1.815519,5.32907e-15,0.000505451
0,6.35061,1.77636e-14,0.000164769
0,4.396354,1.33227e-14,0.000447460
0,10.44435,3.90799e-14,0.000101656
0,6.891765,3.64153e-14,0.0000903316
0,2.374267,7.10543e-15,0.000577730
0,6.108338,1.77636e-14,0.000231819
0,1.010542,2.75335e-14,0.000107928
0,2.004382,4.44089e-15,0.000296899
0,1.006676,3.55271e-15,0.000143456
0,3.039056,5.32907e-15,0.000299243
0,1.012075,2.66454e-15,0.000197282
0,2.164111,1.25233e-13,0.000842665
0,1.70147,1.27010e-13,0.000346555
0,2.269605,4.39648e-13,0.000455762
0,4.652915,1.68754e-14,0.000329019
0,2.267384,6.21725e-15,0.000220989
0,2.627501,2.78000e-13,0.000550661
0,1.000624,2.66454e-15,0.0000827566
0,2.402938,3.55271e-15,0.0000663996
0,7.029072,2.30926e-14,0.0000675230
0,1.006906,4.44089e-15,0.000137728
0,4.968907,5.15143e-13,0.0000541149
0,3.643039,7.10543e-15,0.0000902744
0,5.700123,1.68754e-14,0.000496215
0,4.109597,4.26326e-14,0.000568676
0,3.082502,1.06581e-14,0.000544290
0,5.395908,2.57572e-14,0.000267581
0,3.81847,9.76996e-15,0.000203506
0,1.003846,2.66454e-15,0.0000799934
0,1.207657,7.81597e-14,0.000146909
0,2.640012,7.10543e-15,0.000173450
0,8.354835,3.10862e-14,0.000129972
0,2.887358,7.10543e-15,0.000324774
0,8.424042,1.59872e-14,0.000209407
0,8.954974,1.42109e-14,0.000233708
0,4.661134,1.59872e-14,0.000295568
0,4.54175,2.13163e-14,0.000118138
0,2.880787,1.24345e-14,0.000184200
0,2.607782,3.55271e-15,0.000219908
0,1.007347,2.66454e-15,0.000103513
0,4.900035,2.57572e-14,0.000384869
0,4.026548,4.44089e-15,0.000125717
0,8.118585,6.48370e-14,0.000105226
0,2.065792,4.44089e-15,0.000235713
0,2.592223,4.44089e-15,0.0000376169
0,2.09786,3.55271e-15,0.000241493
0,11.31218,6.48370e-14,0.0000729750
0,3.235901,5.32907e-15,0.000736928
0,3.807542,1.59872e-14,0.000191592
0,5.573589,7.10543e-15,0.000614334
0,10.62279,1.50990e-14,0.000145397
0,3.041406,9.76996e-15,0.000163553
0,1.350527,5.32907e-15,0.000350063
0,5.090528,2.39808e-14,0.00000865151
0,9.692529,1.06581e-14,0.000141296
0,4.547294,7.99361e-15,0.000170335
0,5.074057,2.30926e-14,0.00000465780
0,4.48226,9.41469e-14,0.000102495
0,5.391926,1.50990e-14,0.000448162
0,2.350899,2.66454e-15,0.000679012
0,2.543503,4.44089e-15,0.000254046
0,3.110569,3.55271e-15,0.000350483
0,1.706316,3.55271e-15,0.000255918
0,6.505081,1.33227e-14,0.0000936708
0,1.007954,2.66454e-15,0.00000761756
0,3.788662,9.94760e-14,0.000230748
0,1.00799,6.21725e-15,0.0000955631
0,2.719036,1.24345e-14,0.000367011
0,7.574046,1.68754e-14,0.000145997
0,5.06903,1.33227e-14,0.000161538
0,1.13951,3.55271e-15,0.000113136
0,4.237526,1.50990e-14,0.000298348
0,4.462553,7.99361e-15,0.000518796
0,3.675733,1.24345e-14,0.000577806
0,2.6226,8.88178e-15,0.000371062
0,3.606959,8.88178e-15,0.0000851009
0,5.628037,5.16920e-13,0.000260775
0,4.448834,3.55271e-15,0.000102055
0,2.152677,7.99361e-15,0.000413677
0,10.05626,1.61648e-13,0.0000960916
0,1.687194,5.32907e-15,0.000496683
0,2.704899,7.10543e-15,0.000545522
0,3.012945,2.13163e-14,0.000636509
0,4.274458,8.88178e-15,0.000693908
0,2.583226,1.06581e-14,0.000131169
0,3.726181,6.21725e-15,0.000732184
0,1.901008,1.06581e-14,0.0000286178
0,0.998669,1.24345e-13,0.000217353
0,10.8398,1.34115e-13,0.000112532
0,3.119738,5.32907e-15,0.000182644
0,8.722185,4.97380e-14,0.000175641
0,4.688739,8.88178e-15,0.000320973
0,5.09484,1.24345e-14,0.000310021
0,1.435547,5.32907e-15,0.000149182
0,2.509663,6.21725e-15,0.000280121
0,3.841355,2.04281e-14,0.000467212
0,2.619775,1.15463e-13,0.000332768
0,4.917202,3.35731e-13,0.000213390
0,1.947485,8.52651e-14,0.000163812
0,3.563162,9.76996e-15,0.0000630888
0,1.812943,7.10543e-15,0.00117108
0,2.121355,2.66454e-15,0.000294830
0,7.558596,1.59872e-14,0.0000855932
0,2.925112,8.88178e-15,0.0000635544
0,3.116026,9.76996e-15,0.000483071
0,10.0589,2.13163e-14,0.000117363
0,4.854218,1.06581e-14,0.000180501
0,3.481392,7.10543e-15,0.000460633
0,2.715962,3.55271e-15,0.000370921
0,3.684676,7.99361e-15,0.000881305
0,1.939276,7.40741e-13,0.0000832372
0,1.64426,3.55271e-15,0.000267940
0,0.9908435,3.55271e-15,0.000101477
0,2.352378,3.55271e-15,0.000850386
0,14.16746,9.85878e-14,0.0000491885
0,5.457516,1.59872e-14,0.000314784
0,2.287239,2.66454e-15,0.000791223
0,1.260828,9.50351e-14,0.000540950
0,1.265058,2.48690e-14,0.000524321
0,1.354003,4.44089e-15,0.000301402
0,1.996973,4.44089e-15,0.0000255380
0,10.18524,2.04281e-14,0.000143748
0,2.121903,5.32907e-15,0.000489957
0,2.784092,8.88178e-15,0.000114651
0,2.483531,8.88178e-15,0.000465519
0,8.20194,3.28626e-14,0.000132446
0,2.742776,4.99156e-13,0.000119853
0,8.550226,7.10543e-15,0.000236402
0,2.466057,1.06581e-14,0.000346663
0,3.627228,1.06581e-14,0.000126019
0,2.670602,7.10543e-15,0.000812485
0,2.865939,7.10543e-15,0.000657656
0,4.552549,7.99361e-15,0.000690432
0,4.382853,1.33227e-14,0.0000786221
0,2.510719,9.76996e-15,0.000506844
0,4.506756,1.42109e-14,0.000187152
0,1.959527,7.10543e-15,0.0000770360
0,1.501645,2.66454e-15,0.000325934
0,1.450959,1.06581e-14,0.0000175614
0,2.348587,1.42109e-14,0.000276032
0,2.200524,9.41469e-14,0.000231220
0,4.533906,1.15463e-14,0.000275745
0,4.622146,8.06466e-13,0.000513970
0,3.204142,1.06581e-14,0.000525987
0,2.735622,4.51195e-13,0.000113736
0,3.360174,4.44089e-15,0.000335377
0,1.016693,7.10543e-15,0.000177803
0,3.379763,3.55271e-15,0.000239913
0,2.330852,3.55271e-15,0.000325551
0,1.653368,3.55271e-15,0.000705710
0,2.323003,4.44089e-15,0.000124656
0,8.095328,1.33227e-14,0.000361896
0,8.675838,1.86517e-14,0.000269534
0,1.989632,5.11591e-13,0.000619592
0,10.48316,3.19744e-14,0.0000431002
0,2.158532,7.10543e-15,0.000200075
0,4.527751,9.76996e-15,0.0000967850
0,4.31851,7.10543e-15,0.000123511
0,4.426318,2.48690e-14,0.000462270
0,1.005658,1.15463e-14,0.000130999
0,2.857247,9.76996e-15,0.000386347
0,7.243418,1.77636e-14,0.000216389
0,4.124323,7.10543e-15,0.000128631
0,0.9992904,9.41469e-14,0.0000758375
0,4.151993,1.09246e-13,0.000583264
0,2.578077,8.88178e-15,0.0000555204
0,4.239046,1.15463e-14,0.0000542507
0,6.666331,3.55271e-14,0.0000637727
0,1.007867,7.99361e-15,0.000217963
0,3.303123,6.21725e-15,0.000523774
0,3.632533,1.33227e-14,0.0000359456
0,2.373457,4.44089e-15,0.0000761592
0,5.601186,7.99361e-15,0.000395634
0,2.267218,6.21725e-15,0.000299187
0,2.451858,7.99361e-15,0.0000996927
0,6.374067,1.86517e-14,0.000253674
0,5.095789,1.06581e-14,0.000250793
0,5.929839,1.86517e-14,0.000321996
0,1.958797,2.60236e-13,0.000333543
0,1.009792,2.66454e-15,0.0000193845
0,8.666877,3.55271e-14,0.000181488
0,4.495946,2.04281e-14,0.000779599
0,5.62393,2.04281e-14,0.000257449
0,5.201049,1.24345e-14,0.000236634
0,4.235191,8.88178e-15,0.000178428
0,2.251487,2.66454e-15,0.000238880
0,5.86798,2.30926e-14,0.000243974
0,1.667973,8.11795e-13,0.000202779
0,1.004362,7.10543e-15,0.0000722716
0,1.021541,1.77636e-15,0.0000432285
0,5.429334,1.50990e-14,0.000111800
0,1.008168,5.32907e-15,0.000191009
0,3.092899,1.33227e-14,0.000479249
0,3.100009,9.76996e-15,0.000110909
0,5.991539,1.68754e-14,0.0000377179
0,2.204829,3.55271e-15,0.000340772
0,3.253597,1.24345e-14,0.0000508453
0,1.00818,6.41265e-13,0.0000744260
0,1.354232,4.44089e-15,0.0000577411
0,1.011466,5.32907e-15,0.0000770169
0,5.196054,2.04281e-14,0.00000806863
0,4.264357,1.50990e-14,0.000236614
0,5.417103,1.06581e-14,0.000128959
0,1.014762,2.84217e-14,0.000247258
0,1.010792,3.55271e-15,0.0000534063
0,1.01747,1.77636e-15,0.000145892
0,2.669323,1.24345e-14,0.000302319
0,11.04998,2.75335e-14,0.000153208
0,2.405984,4.44089e-15,0.000107552
0,2.968799,9.23706e-14,0.000199159
0,5.865075,1.50990e-14,0.000110363
0,2.425394,3.55271e-15,0.000784484
0,9.607209,4.17444e-14,0.0000547553
0,2.816518,1.24345e-14,0.000218994
0,3.234027,5.32907e-15,0.000346905
0,4.522053,1.06581e-14,0.000193785
0,8.210303,1.33227e-14,0.000210906
0,2.314828,9.23706e-14,0.0000682648
0,1.009413,1.77636e-15,0.000107042
0,5.743097,2.30926e-14,0.000272958
0,2.996297,6.21725e-15,0.00000977055
0,3.85511,1.77636e-14,0.000143363
0,3.10474,1.24345e-14,0.000150416
0,3.901089,2.39808e-14,0.000111616
0,6.307805,6.30607e-14,0.0000317098
0,2.903777,6.21725e-15,0.000702627
0,1.714842,1.86517e-14,0.000296601
0,1.763074,4.44089e-15,0.000667011
0,2.844843,6.21725e-15,0.000249557
0,2.913894,7.10543e-15,0.000141920
0,3.257117,7.10543e-15,0.000437372
0,2.837561,7.99361e-15,0.000184474
0,5.048249,1.68754e-14,0.000411002
0,3.509533,1.42109e-14,0.000166046
0,2.477841,9.76996e-15,0.0000648735
0,3.471607,4.44089e-15,0.0000221576
0,1.448496,3.55271e-15,3.99569e-8
0,5.896883,1.86517e-14,0.0000309359
0,5.420982,2.84217e-14,0.0000163971
0,5.294555,7.99361e-15,0.000184898
0,3.296279,3.55271e-15,0.000380848
0,6.840238,2.00728e-13,0.000224399
0,7.549873,1.24345e-14,0.0000829991
0,2.239594,7.10543e-15,0.000466677
0,3.941272,1.24345e-14,0.000606176
0,5.257849,1.33227e-14,0.000243453
0,4.304068,7.10543e-15,0.000168894
0,1.915812,7.99361e-15,0.000340427
0,4.321448,7.10543e-15,0.000691188
0,4.72647,2.04281e-14,0.000294525
0,4.943853,1.77636e-14,0.000343702
0,7.693932,2.84217e-14,0.000128511
0,2.921479,4.44089e-15,0.000669198
0,4.465717,1.59872e-14,0.000402947
0,10.29447,4.97380e-14,0.0000453993
0,2.337167,3.55271e-15,0.000511642
0,5.608714,2.30926e-14,0.000169028
0,1.565362,3.55271e-15,0.0000483293
0,3.43179,3.22409e-13,0.000499252
0,3.106632,7.99361e-15,0.000796507
0,2.239569,7.10543e-15,0.000595669
0,5.159069,4.60076e-13,0.000561990
0,6.946714,7.10543e-15,0.0000907494
0,3.435282,7.99361e-15,0.000285367
0,1.009748,3.55271e-15,0.000186381
0,2.914448,1.24345e-14,0.000422663
0,6.382734,1.06581e-14,0.000264946
0,2.126135,5.32907e-15,0.000821610
0,3.107811,8.88178e-15,0.000578683
0,6.873569,5.19584e-13,0.0000259156
0,2.512645,2.66454e-15,0.000153429
0,9.910763,2.49578e-13,0.0000481674
0,1.431434,1.77636e-15,0.000175730
0,1.634138,6.66134e-14,0.000167978
0,5.325104,3.55271e-15,0.000238668
0,3.316828,1.33227e-14,0.000476939
0,4.867366,1.59872e-14,0.000684641
0,2.024865,3.55271e-15,0.000575460
0,3.078526,1.77636e-15,0.00000116639
0,3.822001,1.59872e-14,0.000510308
0,4.994993,2.66454e-14,0.000147454
0,3.862541,1.24345e-14,0.0000501111
0,1.791252,2.26485e-13,0.000266293
0,5.138244,3.10862e-14,0.000591314
0,1.943084,9.78773e-13,0.000808519
0,7.293358,7.99361e-15,0.000164625
0,2.125342,5.32907e-15,0.000805785
0,3.756673,9.76996e-15,0.000739008
0,8.569706,3.28626e-14,0.0000756991
0,1.725053,5.32907e-15,0.000585471
0,6.431496,1.68754e-14,0.000173874
0,5.273898,1.33227e-14,0.000172693
0,4.093368,1.42109e-14,0.000263790
0,9.775586,1.86517e-14,0.000235427
0,3.609638,4.44089e-15,0.000413918
0,1.513634,2.66454e-15,0.000118767
0,2.26145,5.32907e-15,0.000471553
0,5.61134,1.24345e-14,0.000592247
0,5.309674,1.59872e-14,0.000127492
0,4.929043,1.06581e-14,0.000464304
0,1.859005,5.32907e-15,0.000316103
0,3.424544,1.42109e-14,0.000411389
0,1.547028,4.52083e-13,0.0000501117
0,5.249783,7.10543e-15,0.000476742
0,2.796231,5.77316e-13,0.000615341
0,1.007053,4.44089e-15,0.0000862530
0,1.931136,7.10543e-15,0.000191107
0,7.826899,1.33227e-14,0.0000268475
0,5.661733,3.28626e-14,0.000252384
0,8.538546,1.59872e-14,0.000273634
0,6.367725,1.33227e-14,0.000278786
0,2.656913,7.10543e-15,0.000143112
0,1.987695,5.32907e-15,0.000615286
0,2.534932,6.21725e-15,0.0000707293
0,2.128558,8.88178e-15,0.000468420
0,2.276965,4.44089e-15,0.000616119
0,10.67585,5.06262e-14,0.000181015
0,7.88366,1.24345e-14,0.000199815
0,3.142994,8.88178e-15,0.0000256776
0,8.63835,4.52971e-14,0.0000946911
0,3.803144,1.15463e-14,0.000342744
0,2.653845,6.21725e-15,0.00100910
0,5.504213,1.15463e-14,0.0000338976
0,4.16867,7.99361e-15,0.000217320
0,4.040661,4.44089e-15,0.000233155
0,1.873884,7.99361e-15,0.000324522
0,1.002395,4.44089e-15,0.000193514
0,1.940391,3.55271e-15,0.000404118
0,8.731947,3.01981e-14,0.000301964
0,2.290825,7.10543e-15,0.0000364436
0,2.515304,8.88178e-15,0.000791162
0,2.258276,1.33227e-14,0.000177556
0,3.777069,3.55271e-15,0.00100693
0,5.999376,1.06581e-14,0.0000208901
0,3.786146,7.10543e-15,0.000131241
0,3.238462,9.14824e-14,0.000261646
0,2.713325,5.32907e-15,0.00103323
0,1.002827,7.10543e-15,0.0000419920
0,2.016279,5.32907e-15,0.000466614
0,3.878683,7.99361e-15,0.000342128
0,2.987938,6.21725e-15,0.000911767
0,1.006704,6.21725e-15,0.000141714
0,10.45479,3.19744e-14,0.0000434923
0,5.424008,7.99361e-15,0.000142924
0,1.009508,3.55271e-15,0.0000186244
0,2.313198,2.84217e-13,0.000348267
0,8.269941,4.44089e-15,0.0000193128
0,3.616565,4.44089e-15,0.0000714315
0,6.669015,9.76996e-15,0.000266410
0,3.272836,1.24345e-14,0.000403408
0,7.050656,3.10862e-14,0.00000307378
0,3.782554,1.24345e-14,0.000679987
0,3.015378,8.88178e-15,0.000427916
0,4.691147,3.64153e-14,0.0000921343
0,6.107092,9.76996e-15,0.000447154
0,2.482587,8.88178e-15,0.000684629
0,2.328743,8.88178e-15,0.000388101
0,2.105612,3.55271e-15,0.0000573992
0,5.465713,1.86517e-14,0.000591486
0,1.95392,9.68114e-14,0.000733290
0,3.692838,1.68754e-14,0.000617152
0,3.80275,1.77636e-14,0.000290837
0,3.085159,7.99361e-15,0.0000831998
0,1.005244,3.55271e-15,0.0000902828
0,1.736387,9.94760e-14,0.000513880
0,2.805181,1.59872e-14,0.000816765
0,2.349741,8.88178e-15,0.000628709
0,1.471446,4.22773e-13,0.000262036
0,2.225817,6.21725e-15,0.000135761
0,2.12863,7.99361e-15,0.000300500
0,2.254573,1.24345e-14,0.000960367
0,4.351102,1.15463e-14,0.000790999
0,1.763676,1.15463e-14,0.000481117
0,1.009785,5.16032e-13,0.000282325
0,4.943316,2.04281e-14,0.000764198
0,3.628315,8.88178e-15,0.000259864
0,11.57282,2.39808e-14,0.00000887653
0,4.254751,1.68754e-14,0.000263916
0,6.38258,3.19744e-14,0.000317473
0,2.631229,5.32907e-15,0.000270142
0,4.58769,1.33227e-14,0.000524285
0,2.983959,8.97060e-14,0.000283651
0,4.194041,1.33227e-14,0.000158187
0,1.771218,3.94351e-13,0.000330008
0,4.57119,6.48370e-13,0.000158515
0,3.078332,7.10543e-15,0.000201462
0,4.565941,7.99361e-15,0.000812221
0,4.126102,2.84217e-14,0.000210230
0,1.137831,3.55271e-15,0.0000112154
0,1.009513,3.55271e-15,0.0000617182
0,4.149365,9.76996e-15,0.000135761
0,1.802172,4.44089e-15,0.000952893
0,2.455749,7.99361e-15,0.000849331
0,3.098704,1.95399e-14,0.000437495
0,3.022832,7.99361e-15,0.000191252
0,1.006211,8.88178e-15,0.0000493408
0,3.599665,5.32907e-15,0.000436801
0,1.641082,9.80549e-13,0.0000914330
0,2.316626,5.32907e-15,0.0000603705
0,2.213838,5.32907e-15,0.000986689
0,1.004504,4.44089e-15,0.000250247
0,6.992953,1.24345e-14,0.00000284152
0,1.002445,4.44089e-15,0.0000138294
0,1.004846,4.44089e-15,0.0000275430
0,4.912784,2.93099e-14,0.000130989
0,4.314134,7.99361e-15,0.000429339
0,4.26893,4.74287e-13,0.000402644
0,1.01042,5.32907e-15,0.0000601622
0,5.808249,7.46070e-14,0.0000856041
0,2.114632,2.66454e-15,0.0000507338
0,4.580305,9.76996e-15,0.000504816
0,3.220764,1.59872e-14,0.0000442224
0,5.281799,1.77636e-14,0.000161228
0,4.506779,1.15463e-14,0.0000722255
0,1.191111,4.44089e-15,0.000268577
0,5.360239,2.84217e-14,0.00000659627
0,4.464241,1.47438e-13,0.0000139593
0,4.989497,7.99361e-15,0.0000582621
0,9.495863,4.41425e-13,0.000125921
0,2.675115,6.21725e-15,0.0000443679
0,0.9973853,3.55271e-15,0.000115193
0,1.911077,4.44089e-15,0.000979710
0,5.32858,9.76996e-15,0.000436497
0,1.006219,2.66454e-15,0.000315695
0,5.870457,2.84217e-14,0.000300862
0,4.464435,1.77636e-14,0.000149944
0,2.976968,7.10543e-15,0.0000158531
0,11.76182,3.55271e-14,0.0000451065
0,10.89621,1.77636e-14,0.0000811763
0,3.310315,4.44089e-15,0.000483429
0,2.594118,8.88178e-15,0.000453938
0,1.821477,9.77884e-13,0.000730610
0,2.602075,1.06581e-14,0.000198441
0,3.83715,3.01092e-13,0.000534331
0,1.70145,4.44089e-15,0.000168956
0,4.372927,1.68754e-14,0.00000296429
0,2.112747,1.12799e-13,0.000283228
0,1.740608,3.55271e-15,0.00000313297
0,2.211395,5.32907e-15,0.0000903034
0,5.422986,1.24345e-14,0.000329925
0,11.13083,7.01661e-14,0.000162907
0,4.375724,8.34888e-14,0.000529777
0,2.879749,4.44089e-15,0.000391993
0,4.632637,2.66454e-14,0.0000409921
0,4.406311,1.68754e-14,0.000187812
0,1.050191,3.55271e-15,0.0000651478
0,2.315995,7.10543e-15,0.000909801
0,2.719694,4.88498e-14,0.000622651
0,3.187163,5.32907e-15,0.000407347
0,8.578637,2.30926e-14,0.0000161358
0,2.17673,3.55271e-15,0.000114707
0,7.000012,1.42109e-14,0.000291192
0,2.75107,3.55271e-15,0.000131124
0,4.121082,3.37508e-14,0.000269327
0,1.932979,6.21725e-15,0.000373902
0,4.28756,7.10543e-15,0.0000854196
0,2.729579,7.10543e-15,0.000361841
0,2.747433,7.10543e-15,0.00106775
0,6.315061,1.42109e-14,0.000273525
0,6.894178,2.84217e-14,0.000114599
0,4.17615,8.88178e-15,0.000650871
0,7.417341,3.81917e-14,0.0000726629
0,4.722583,7.10543e-15,0.000566002
0,8.664905,3.01981e-14,0.000243944
0,3.99784,2.48690e-14,0.0000746209
0,6.435033,6.21725e-15,0.000345558
0,7.227516,1.24345e-14,0.0000464881
0,9.304984,5.77316e-14,0.000307083
0,4.899979,2.66454e-14,0.000155088
0,2.46965,8.88178e-15,0.000405001
0,2.194201,3.55271e-15,0.000690312
0,3.881945,3.55271e-15,0.0000339692
0,5.610775,2.93099e-14,0.0000920827
0,4.268404,8.88178e-15,0.000808599
0,3.501719,7.10543e-15,0.0000841556
0,4.286181,1.15463e-14,0.000373801
0,14.46152,4.97380e-14,0.0000312527
0,5.370463,1.24345e-14,0.000173048
0,2.149439,2.47802e-13,0.000360446
0,4.842678,1.77636e-14,0.000738382
0,3.112643,1.42109e-14,0.00104340
0,4.447963,1.15463e-14,0.000844995
0,2.611296,3.55271e-15,0.000740217
0,3.684825,6.21725e-15,0.000337844
0,8.371108,1.95399e-14,0.000196733
0,2.021154,3.55271e-15,0.000131964
0,6.394926,3.46390e-14,0.0000433579
0,4.451127,3.64153e-14,0.0000311912
0,1.770288,1.50990e-14,0.000154786
0,2.314922,7.99361e-15,0.000187938
0,7.516487,9.76996e-15,0.000100592
0,10.16727,5.68434e-14,0.00000359936
0,4.823288,1.50990e-14,0.000404772
0,2.398343,3.55271e-15,0.000302276
0,1.846229,2.93099e-14,0.000365259
0,7.663955,1.86517e-14,0.000190638
0,8.589239,2.04281e-14,0.000290391
0,3.3319,7.99361e-15,0.0000757622
0,3.187831,6.21725e-15,0.000849975
0,1.446848,2.66454e-15,0.000674446
0,11.79456,2.22045e-14,0.0000207584
0,5.156099,2.93099e-14,0.000325127
0,1.773702,4.44089e-15,0.000143845
0,4.873142,1.33227e-14,0.000527347
0,1.01119,3.55271e-15,0.0000900657
0,1.56882,3.55271e-15,0.000568928
0,11.61655,1.95399e-14,0.0000994026
0,0.9972401,4.44089e-15,0.000188281
0,6.335519,1.15463e-14,0.000281549
0,1.892461,4.44089e-15,0.000367234
0,1.845222,3.55271e-15,0.000149859
0,9.347979,2.66454e-14,0.0000639684
0,1.005769,5.61329e-13,0.000205108
0,6.020723,2.39808e-14,0.000447464
0,4.384662,1.86517e-14,0.000475468
0,4.69089,1.59872e-14,0.000217286
0,9.851749,8.34888e-14,0.0000902211
0,7.949399,1.59872e-14,0.000137831
0,3.740626,3.92575e-13,0.000552555
0,2.123864,1.40332e-13,0.000357582
0,0.9906524,3.55271e-15,0.00000643219
0,4.501828,2.22045e-14,0.000187601
0,4.231805,7.99361e-15,0.000271817
0,4.874524,1.68754e-14,0.000334977
0,5.137189,7.10543e-15,0.000515525
0,2.831741,7.99361e-15,0.000180723
0,3.675071,7.99361e-15,0.000144806
0,1.717987,6.21725e-15,0.000191747
0,3.9226,9.76996e-15,0.000226145
0,2.703123,8.88178e-15,0.000213296
0,2.272211,2.04281e-14,0.000457428
0,4.976382,8.88178e-15,0.000683546
0,6.096836,2.84217e-14,0.000147718
0,3.280396,9.76996e-15,0.000125213
0,2.941479,9.76996e-15,0.000148378
0,5.664074,7.99361e-15,0.000370436
0,6.628168,7.99361e-15,0.000467290
0,1.008537,4.44089e-15,0.00000728767
0,5.003485,3.10862e-14,0.000142610
0,3.730774,1.24345e-14,0.000601477
0,2.957293,9.76996e-15,0.000402652
0,9.617255,2.30926e-14,0.0000493894
0,0.9997152,7.63833e-14,0.0000982547
0,2.293873,4.44089e-15,0.000756198
0,2.085872,1.13687e-13,0.000631073
0,2.519316,7.10543e-15,0.000589359
0,5.085936,3.64153e-14,0.000141876
0,3.302545,3.55271e-15,0.000262631
0,4.470261,5.32907e-15,0.000343406
0,3.433472,7.99361e-15,0.000924064
0,1.958577,2.66454e-15,0.000323274
0,3.477706,1.86517e-14,0.000872605
0,2.042506,4.44089e-15,0.000591240
0,3.630412,3.55271e-15,0.0000657844
0,1.311695,6.21725e-15,0.000392778
0,1.004143,2.66454e-15,0.00000991501
0,6.004418,4.70735e-14,0.000206865
0,4.353142,1.42109e-14,0.000482391
0,4.090741,1.15463e-14,0.000546348
0,4.665136,4.67182e-13,0.000530436
0,2.240183,9.76996e-15,0.000182576
0,7.181309,3.99680e-14,0.0000297874
0,1.443317,3.55271e-15,0.000281309
0,4.799683,2.04281e-14,0.000499913
0,1.420275,3.57936e-13,0.000310231
0,4.629934,8.88178e-15,0.000522066
0,2.556519,7.10543e-15,0.000876307
0,8.096714,7.99361e-15,0.000184027
0,2.592146,3.55271e-15,0.000223011
0,3.870152,1.42109e-14,0.000147115
0,4.59303,1.06581e-14,0.000319539
0,4.622837,1.33227e-14,0.000159682
0,1.005647,6.21725e-15,0.000130318
0,4.344158,4.91163e-13,0.000582358
0,1.793692,3.55271e-15,0.000946649
0,10.68149,1.86517e-14,0.0000162817
0,2.857886,8.30447e-13,0.000525581
0,4.975629,1.68754e-14,0.000366531
0,1.000019,3.55271e-15,0.000132414
0,2.551803,7.10543e-15,0.000188985
0,5.509603,8.34000e-13,0.000290023
0,2.248077,3.55271e-15,0.0000363470
0,1.400836,2.79776e-13,0.000440336
0,2.263978,1.24345e-14,0.000426296
0,3.677345,8.88178e-15,0.000348739
0,8.226591,7.99361e-15,0.000306407
0,2.952046,6.21725e-15,0.0000709411
0,5.642598,7.10543e-15,0.000511732
0,5.462384,8.88178e-15,0.000287871
0,6.428095,2.93099e-14,0.000142500
0,4.224633,1.59872e-14,0.000844602
0,3.663697,1.15463e-14,0.0000863628
0,4.106814,2.13163e-14,0.000327207
0,3.55204,4.44089e-15,0.000272894
0,2.652183,6.73239e-13,0.000226449
0,7.302345,1.15463e-14,0.000335445
0,7.731209,1.33227e-14,0.000139896
0,8.201238,5.48894e-13,0.00000268520
0,10.35937,6.18172e-13,0.0000569338
0,2.458229,4.44089e-15,0.000962410
0,3.321534,7.99361e-15,0.000214192
0,2.374635,4.44089e-15,0.000952966
0,2.08694,2.66454e-15,0.0000809051
0,3.345654,3.55271e-15,0.000141486
0,2.096522,5.79981e-13,0.000536651
0,6.483027,7.10543e-15,0.000225250
0,2.603111,1.06581e-14,0.000159557
0,3.455573,4.44089e-15,0.000303857
0,2.492036,3.30402e-13,0.000102303
0,7.503985,1.42109e-14,0.000211551
0,2.622083,8.88178e-15,0.00000209890
0,1.002525,3.55271e-15,0.000101052
0,2.672657,5.32907e-15,0.000381288
0,2.745845,5.32907e-15,0.000892638
0,2.891398,4.44089e-15,0.000181557
0,7.44348,5.32907e-14,0.000157030
0,9.963019,6.73239e-13,0.000234596
0,4.020894,3.55271e-15,0.000376656
0,10.13205,4.70735e-14,0.000200247
0,1.013448,5.95080e-13,0.0000834105
0,3.787121,1.15463e-14,0.000811581
0,2.776432,1.15463e-14,0.000382128
0,4.498218,3.55271e-15,0.000151640
0,1.009128,3.55271e-15,0.0000407608
0,1.005058,5.41789e-14,0.00000267041
0,1.008838,3.55271e-15,0.0000917983
0,3.691402,7.99361e-15,0.000467736
0,5.576426,1.86517e-14,0.000452160
0,1.010599,4.44089e-15,0.000171117
0,6.133495,1.33227e-14,0.000156863
0,2.146939,5.50671e-14,0.000537001
0,1.980353,6.21725e-15,0.000370997
0,7.101781,6.20837e-13,0.000127550
0,11.15273,2.57572e-14,0.000134149
0,7.653867,7.99361e-15,0.0000309212
0,4.052839,1.24345e-14,0.000435321
0,4.30867,3.55271e-15,0.000261598
0,3.40023,2.66454e-15,0.0000477749
0,10.38177,1.95399e-14,0.000238031
0,2.255303,4.44089e-15,0.000855639
0,2.06027,4.44089e-15,0.000235266
0,5.592368,1.42109e-14,0.000286861
0,3.330356,5.32907e-15,0.000349421
0,1.738528,7.99361e-15,0.000197063
0,1.008092,1.24345e-14,0.000214583
0,5.776279,5.15143e-14,0.000271095
0,7.468133,1.33227e-14,0.000418536
0,6.116523,1.95399e-14,0.000111783
0,3.19908,9.94760e-14,0.000705462
0,1.932385,1.33227e-14,0.000131400
0,5.342833,1.42109e-14,0.000538179
0,2.646004,1.24345e-14,0.000546868
0,1.720067,6.21725e-15,0.000364779
0,2.032791,5.32907e-15,0.000357768
0,1.308721,3.01981e-14,0.0000513229
0,1.005887,8.88178e-15,0.0000440434
0,4.145197,1.15463e-14,0.000225607
0,2.765613,8.88178e-15,0.0000184617
0,1.010656,1.15463e-14,0.000311923
0,1.021047,5.32907e-15,0.0000684889
0,14.70983,5.32907e-14,0.0000542577
0,3.156599,3.55271e-15,0.000677871
0,8.270216,1.68754e-14,0.000199969
0,2.119339,4.44089e-15,0.000182586
0,1.116984,2.04281e-13,0.0000311170
0,3.92848,1.59872e-14,0.000188168
0,5.949862,3.08198e-13,0.000277429
0,7.192211,1.59872e-14,0.00000461525
0,4.714252,2.16716e-13,0.000356039
0,5.589104,9.76996e-15,0.000182823
0,2.239645,1.24345e-14,0.000670100
0,2.570225,8.32223e-13,0.000363683
0,3.422787,7.99361e-15,0.000823300
0,5.039336,7.28306e-14,0.0000882840
0,1.243913,7.10543e-15,0.000134911
0,6.451556,7.10543e-14,0.000104156
0,3.738374,7.99361e-15,0.000169513
0,3.332606,7.99361e-15,0.000645845
0,4.840692,2.84217e-14,0.000164395
0,5.581083,5.15143e-14,0.000110720
0,5.195084,1.95399e-14,0.000130009
0,1.793297,1.68754e-14,0.000763271
0,4.055329,7.99361e-15,0.000406304
0,7.609483,8.88178e-15,0.000280564
0,2.294027,3.55271e-15,0.000364555
0,5.737413,1.95399e-14,0.000252272
0,5.272986,1.15463e-14,0.0000539560
0,1.007401,7.10543e-15,0.000120996
0,4.629197,1.68754e-14,0.00000329613
0,1.012255,2.66454e-15,0.0000748452
0,7.260645,1.50990e-14,0.000150843
0,2.261519,4.44089e-15,0.000486103
0,5.400757,1.15463e-14,0.000264251
0,2.286692,3.64153e-14,0.000798547
0,2.758973,2.84217e-13,0.000148285
0,4.395079,2.30926e-14,0.000271492
0,1.662057,3.55271e-15,0.000540613
0,8.553814,2.13163e-14,0.0000485448
0,3.462593,3.73035e-14,0.000287444
0,2.172439,7.99361e-15,0.000452421
0,5.295654,5.32907e-15,0.0000588664
0,1.011175,3.55271e-15,0.000269728
0,3.327892,3.55271e-15,0.000542184
0,2.755631,5.32907e-15,0.000138876
0,2.170507,9.76996e-15,0.000501184
0,2.471137,4.44089e-15,0.000719039
0,3.380756,5.32907e-15,0.000181666
0,3.665845,5.32907e-15,0.000958544
0,3.845286,6.21725e-15,0.0000385591
0,2.95601,3.62377e-13,0.000432944
0,2.521697,3.55271e-15,0.000554161
0,3.235411,5.32907e-15,0.000359866
0,6.316725,1.24345e-14,0.0000766549
0,5.300027,1.15463e-14,0.000303354
0,4.243295,5.32907e-15,0.000438221
0,3.360883,4.42313e-13,0.000392582
0,1.009241,7.10543e-15,0.000155979
0,3.430612,8.88178e-15,0.000620869
0,7.192336,2.04281e-14,0.0000169002
0,1.007274,3.55271e-15,0.000218897
0,1.998207,2.66454e-15,0.000280619
0,1.453473,1.97176e-13,0.000112743
0,1.086162,5.32907e-15,0.000259179
0,2.963628,3.55271e-15,0.000402254
0,2.205492,3.95239e-13,0.000348110
0,3.689688,1.68754e-14,0.000241778
0,3.788459,1.77636e-14,0.0000156599
0,1.010853,4.44089e-15,0.0000756260
0,3.198206,8.88178e-15,0.000296198
0,4.755121,9.76996e-15,0.000420756
0,3.538053,7.99361e-15,0.000337605
0,4.23503,7.10543e-15,0.000754703
0,1.870536,5.32907e-15,0.000698537
0,8.175415,2.87770e-13,0.000225696
0,2.105855,8.34888e-14,0.000420840
0,5.557338,1.95399e-14,0.000114071
0,6.772024,5.32907e-15,0.0000858946
0,4.924328,3.73035e-14,0.0000861928
0,7.5571,7.99361e-15,0.0000671066
0,1.012123,2.66454e-15,0.000126799
0,4.842261,1.86517e-14,0.000271048
0,9.002272,5.32907e-15,0.000268826
0,3.742947,7.99361e-15,0.000894203
0,3.809148,6.12843e-14,0.000780199
0,4.559175,1.59872e-14,0.0000171427
0,6.697366,2.04281e-14,0.000340171
0,3.500558,1.15463e-14,0.000668117
0,1.086934,5.32907e-15,0.0000909182
0,2.080967,7.99361e-15,0.000243334
0,4.269733,7.10543e-15,0.000341359
0,3.403851,7.10543e-15,0.00105756
0,3.675031,1.06581e-14,0.000521364
0,2.67452,4.44089e-15,0.000504062
0,3.160082,5.32907e-15,0.000460140
0,4.15765,1.28786e-13,0.000730397
0,4.316582,1.33227e-14,0.000280055
0,0.9890677,5.32907e-15,0.000213256
0,1.916596,7.10543e-15,0.000242767
0,4.41292,1.95399e-14,0.000405305
0,3.55876,8.88178e-15,0.000148906
0,4.000983,3.19744e-14,0.0000516245
0,6.421855,1.42109e-14,0.000164602
0,2.047022,2.66454e-15,0.0000349011
0,8.885656,6.57252e-14,0.000139289
0,5.10761,1.22569e-13,0.000554505
0,2.466966,2.66454e-15,0.0000419958
0,2.844671,4.44089e-15,0.000378777
0,2.654065,7.99361e-15,0.000477058
0,1.744895,5.32907e-15,0.0000284842
0,3.857437,1.50990e-14,0.000511486
0,1.882717,3.55271e-15,0.000624082
0,1.009715,3.10862e-14,0.000110282
0,6.788379,3.81917e-14,0.000110434
0,5.610554,1.42109e-14,0.000526542
0,2.354997,2.66454e-15,0.000580325
0,4.832198,1.59872e-14,0.000268249
0,2.066034,9.41469e-14,0.000286442
0,4.583022,3.08198e-13,0.000436685
0,5.168316,1.15463e-14,0.000604142
0,9.032229,1.80300e-13,0.000298899
0,2.018453,5.32907e-15,0.000177805
0,5.105307,3.09086e-13,0.000700510
0,3.686756,6.21725e-15,0.000205505
0,2.105824,1.30562e-13,0.000271192
0,4.814833,1.02141e-13,0.000126981
0,2.330484,6.21725e-15,0.0000437140
0,3.188899,7.69163e-13,0.000251846
0,2.710689,7.99361e-15,0.000786470
0,2.213411,6.21725e-15,0.000899796
0,2.559978,5.32907e-15,0.000562300
0,1.013464,3.55271e-15,0.000117967
0,7.078854,1.77636e-14,0.0000799214
0,4.076623,4.44089e-15,0.000317588
0,1.807106,6.21725e-15,0.000443794
0,2.387735,2.66454e-15,0.0000451161
0,1.000684,6.21725e-14,0.000175631
0,2.349105,7.10543e-15,0.0000128255
0,4.271683,3.90799e-14,0.0000436544
0,2.955086,1.15463e-14,0.000341966
0,1.831285,8.88178e-15,0.000597952
0,5.041818,3.81917e-14,0.000301504
0,4.975032,1.33227e-14,0.000129627
0,4.868044,1.33227e-14,0.000285208
0,1.485026,5.32907e-15,0.000577987
0,2.846597,4.36984e-13,0.0000553296
0,1.594391,1.74083e-13,0.000204719
0,1.005272,7.28306e-14,0.0000974395
0,2.813858,5.32907e-15,0.000203398
0,2.168553,6.21725e-15,0.000578894
0,7.313338,2.75335e-14,0.000590991
0,6.967379,2.04281e-14,0.000232390
0,2.703458,2.47802e-13,0.000492656
0,7.107577,1.95399e-14,0.0000946015
0,4.97338,1.42109e-14,0.000219966
0,11.70623,5.24025e-14,0.0000336039
0,3.141841,7.10543e-15,0.000416883
0,1.951706,8.60645e-13,0.000863300
0,7.250213,3.10862e-14,0.0000950525
0,1.652486,5.32907e-15,0.000317806
0,0.9911552,4.44089e-15,0.0000959479
0,5.890771,1.33227e-14,0.000153636
0,1.011838,1.46549e-13,0.0000380623
0,4.123419,1.68754e-14,0.000146221
0,2.687707,6.21725e-15,0.000700085
0,4.660376,7.10543e-15,0.000233182
0,4.810756,1.50990e-14,0.0000224856
0,3.383221,7.99361e-15,0.000203547
0,1.821064,3.55271e-15,0.000816970
0,1.008054,4.44089e-15,0.000126514
0,6.441393,2.22045e-14,0.0000390012
0,3.773763,1.15463e-14,0.0000473949
0,3.469992,1.24345e-14,0.000548919
0,1.660311,4.44089e-15,0.0000640936
0,2.075208,6.21725e-15,0.000249595
0,5.524449,1.59872e-14,0.000472851
0,2.201676,1.24345e-14,0.0000389025
0,9.419185,7.99361e-15,0.0000425482
0,3.522871,6.21725e-15,0.000708319
0,2.943615,5.32907e-15,0.000205410
0,4.638079,2.04281e-14,0.000459936
0,1.813962,1.85629e-13,0.000477387
0,3.577465,9.76996e-15,0.00000355311
0,6.243255,7.10543e-15,0.000126335
0,3.561336,9.76996e-15,0.0000514613
0,4.541731,2.30926e-14,0.000628548
0,2.388716,6.21725e-15,0.000190388
0,5.278769,2.13163e-14,0.000608669
0,1.924193,6.51923e-13,0.000528013
0,3.291839,8.88178e-15,0.000500280
0,3.138297,7.10543e-15,0.0000399007
0,1.056403,2.04281e-14,0.0000777753
0,2.406222,3.55271e-15,0.000110077
0,1.014175,1.77636e-15,0.000227407
0,3.337228,6.21725e-15,0.000313200
0,4.18162,3.55271e-15,0.000817833
0,4.133022,8.88178e-15,0.000176754
0,2.974436,1.06581e-14,0.000298826
0,2.724712,4.44089e-15,0.000705210
0,1.010486,3.55271e-15,0.000168547
0,10.41352,6.92779e-14,0.000165741
0,6.337345,7.19425e-14,0.000405995
0,1.447699,3.55271e-15,0.000565370
0,2.254241,7.10543e-15,0.000447876
0,2.450759,2.80664e-13,0.000735118
0,1.307218,2.66454e-15,0.000260825
0,6.495003,1.77636e-14,0.000318448
0,4.501945,1.24345e-14,0.0000293921
0,4.320755,5.32907e-15,0.0000364915
0,4.120722,2.04281e-14,0.000341803
0,1.007634,2.66454e-15,0.000198459
0,1.685719,3.90799e-14,0.000267796
0,6.004092,3.25961e-13,0.000270303
0,3.046401,1.77636e-14,0.000333458
0,1.008081,6.21725e-15,0.0000306384
0,5.991559,2.30926e-14,0.000161939
0,2.14723,5.32907e-15,0.000161482
0,3.557881,6.21725e-15,0.000147073
0,3.54409,5.32907e-15,0.000386202
0,3.549553,7.10543e-15,0.000460382
0,2.506027,1.21680e-13,0.000749295
0,1.004458,8.88178e-15,0.000145520
0,1.371418,3.55271e-15,0.000222161
0,1.895726,4.44089e-15,0.000651207
0,5.189808,5.32907e-15,0.000447546
0,1.020663,3.55271e-15,0.0000448834
0,2.709473,4.44089e-15,0.000501030
0,1.634461,6.21725e-15,0.000493041
0,4.815234,2.66454e-15,0.000750907
0,9.585564,2.30926e-14,0.0000171455
0,3.146245,5.32907e-15,0.0000428095
0,4.868067,2.30926e-14,0.000261986
0,2.750241,7.99361e-15,0.0000925905
0,4.851893,2.84217e-14,0.000904096
0,1.786564,3.55271e-15,0.000387720
0,2.456546,2.21156e-13,0.000406714
0,1.004462,2.66454e-15,0.0000681164
0,4.136556,1.42109e-14,0.0000555499
0,4.497853,1.15463e-14,0.000361784
0,9.610314,3.82805e-13,0.0000916721
0,1.890979,3.55271e-15,0.000576754
0,1.978143,5.32907e-15,0.000188058
0,9.240969,3.73035e-14,0.0000288826
0,1.015266,5.32907e-15,0.0000140877
0,3.830151,7.10543e-15,0.000540687
0,3.316236,2.66454e-15,0.000353074
0,10.2409,2.22045e-14,0.0000460122
0,1.816074,6.66134e-14,0.000506114
0,8.13495,6.76792e-13,0.000269910
0,2.045728,2.66454e-15,0.0000211649
0,9.278827,1.59872e-14,0.000300011
0,4.238721,5.32907e-15,0.0000457394
0,2.869814,7.10543e-15,0.000377237
0,2.170201,7.10543e-15,0.0000438882
0,4.963291,2.84217e-14,0.000492552
0,6.086249,1.15463e-14,0.0000602516
0,1.006208,1.85629e-13,0.000147319
0,5.636188,2.30926e-14,0.000197729
0,4.982305,1.24345e-14,0.000237578
0,3.257467,1.77636e-15,0.000410942
0,1.015052,2.93099e-14,0.000105179
0,2.174587,3.55271e-15,0.000330190
0,7.03952,7.99361e-15,0.00000270389
0,2.027099,8.88178e-15,0.000187657
0,3.21868,5.32907e-15,0.000630944
0,4.740147,2.39808e-14,0.000270991
0,2.241176,2.66454e-15,0.000498849
0,2.214126,7.99361e-15,0.00108804
0,3.696103,1.15463e-14,0.000387904
0,9.185514,2.13163e-14,0.000225372
0,3.445849,1.06581e-14,0.000315931
0,7.113255,1.68754e-14,0.0000248231
0,2.834982,1.61648e-13,0.000106004
0,1.014126,1.42109e-14,0.0000341911
0,3.076129,4.44089e-15,0.000411039
0,3.455677,7.10543e-15,0.000752771
0,4.324846,5.00933e-13,0.000285854
0,4.026944,2.75335e-14,0.000553113
0,1.228548,3.55271e-15,0.000127953
0,3.952391,3.19744e-14,0.0000113306
0,4.686159,2.04281e-14,0.000607551
0,5.339455,7.99361e-15,0.000226649
0,4.019403,1.68754e-14,0.000257631
0,11.94394,3.10862e-14,0.0000249924
0,4.408811,7.10543e-15,0.0000681273
0,2.217931,7.10543e-15,0.000825905
0,1.009164,8.88178e-15,0.000149172
0,3.451012,5.32907e-15,0.000123103
0,2.241188,4.44089e-15,0.000288967
0,5.226022,7.10543e-15,0.000101910
0,1.519682,2.93099e-14,0.00000686715
0,2.519655,4.44089e-15,0.000368902
0,1.02952,7.10543e-15,0.0000319524
0,5.881442,2.39808e-14,0.000290303
0,2.285288,2.66454e-15,0.000186602
0,5.622742,3.55271e-14,0.000364020
0,1.477585,7.10543e-15,0.000263950
0,11.47996,5.68434e-14,0.0000849952
0,1.150729,3.55271e-15,0.000189959
0,4.533579,1.77636e-14,0.000243057
0,2.643523,1.15463e-14,0.000651604
0,2.108016,5.32907e-15,0.000111128
0,7.566851,4.79616e-14,0.0000954725
0,9.396621,3.01981e-14,0.0000770963
0,2.005835,3.19744e-14,0.000433935
0,2.874398,1.77636e-14,0.000151513
0,2.710337,3.55271e-15,0.000681742
0,4.344699,1.06581e-14,0.000170561
0,1.441746,2.66454e-15,0.0000845714
0,3.723706,1.15463e-14,0.000831995
0,1.014159,2.66454e-15,0.0000802401
0,1.010042,3.55271e-15,0.0000147962
0,3.841491,7.99361e-15,0.0000735863
0,2.079327,3.55271e-15,0.000397319
0,1.273674,2.66454e-15,0.000161768
0,5.934573,1.68754e-14,0.000363105
0,4.024429,1.42109e-14,0.000148181
0,6.983291,1.33227e-14,0.000354064
0,1.476676,7.10543e-15,0.000354132
0,6.513481,9.76996e-15,0.0000193582
0,3.117874,2.45137e-13,0.000209507
0,2.333948,8.88178e-15,0.000318955
0,1.013754,1.68754e-14,0.000160131
0,1.145229,5.32907e-15,0.000291713
0,8.175074,1.06581e-14,0.000106734
0,2.556458,9.76996e-15,0.000237632
0,7.471822,8.88178e-15,0.000325411
0,6.14775,1.15463e-14,0.000208526
0,6.407099,2.22045e-14,0.0000917816
0,2.691698,3.55271e-15,0.000790681
0,3.437648,3.19744e-14,0.0000801217
0,2.318371,5.32907e-15,0.000812463
0,3.487265,8.88178e-15,0.000293669
0,3.419845,2.66454e-15,0.000637803
0,3.245311,1.59872e-13,0.000308104
0,7.807504,1.59872e-14,0.0000207872
0,2.038532,5.32907e-15,0.000171894
0,3.621721,1.77636e-14,0.000240461
0,10.03894,4.61853e-13,0.000125488
0,3.421092,6.21725e-14,0.00000597337
0,10.80007,2.04281e-14,0.0000554850
0,1.822859,3.07310e-13,0.000163149
0,4.350202,1.33227e-14,0.000110604
0,5.237567,1.06581e-14,0.000223072
0,6.086298,1.06581e-14,0.000186970
0,5.421075,1.15463e-14,0.00000378216
0,1.633892,1.41220e-13,0.000189655
0,1.819215,3.55271e-15,0.000503392
0,5.092163,3.01981e-14,0.0000540498
0,3.870455,2.35367e-13,0.000547519
0,3.182266,8.88178e-15,0.000683301
0,3.010882,7.99361e-15,0.000146277
0,4.663775,7.64722e-13,0.0000505807
0,1.589023,5.40012e-13,0.000256899
0,10.86827,6.75016e-14,0.0000118707
0,3.992194,1.77636e-14,0.000226840
0,2.796774,1.15463e-14,0.000436808
0,1.991302,3.01981e-14,0.0000565985
0,1.62586,4.44089e-15,0.0000991435
0,3.309594,9.76996e-15,0.0000157819
0,7.41027,1.77636e-14,0.0000567739
0,3.563572,4.44089e-15,0.000505423
0,1.012854,8.09131e-13,0.0000353054
0,5.730508,1.42109e-14,0.000277127
0,3.891967,5.32907e-15,0.000184692
0,9.452512,3.19744e-14,0.000105868
0,4.84183,2.14939e-13,0.0000526889
0,4.572128,3.30402e-13,0.0000186915
0,5.885345,1.50990e-14,0.000426082
0,4.906401,1.24345e-14,0.000664461
0,7.619364,1.32339e-13,0.000269712
0,10.28832,3.90799e-14,0.000168919
0,1.302108,1.77636e-15,0.0000234270
0,3.629205,7.10543e-15,0.000724880
0,5.090403,1.01252e-13,0.00000370117
0,3.836819,1.50990e-14,0.000774721
0,0.9894439,1.42109e-14,0.00000845777
0,5.009787,1.33227e-14,0.000278439
0,4.232859,7.99361e-15,0.000409403
0,2.129215,6.21725e-15,0.000655991
0,2.028273,2.48690e-14,0.000410833
0,4.282263,1.15463e-14,0.000201059
0,1.008878,2.48690e-13,0.0000695892
0,2.091227,3.55271e-15,0.0000861352
0,11.52603,2.39808e-14,0.000232089
0,1.01251,1.37668e-13,0.000141789
0,2.837523,1.24345e-14,0.000402852
0,3.018523,7.10543e-15,0.000161575
0,7.823393,1.59872e-14,0.0000493096
0,6.154751,5.91527e-13,0.000502964
0,4.244946,1.24345e-14,0.0000311016
0,5.848347,2.48690e-14,0.000503704
0,3.460384,1.06581e-14,0.000667265
0,2.846974,8.88178e-15,0.000863301
0,2.350011,6.21725e-15,0.00108428
0,2.005695,5.32907e-15,0.000500567
0,4.197322,1.33227e-14,0.000484308
0,4.6589,1.50990e-14,0.0000262798
0,3.467506,7.10543e-15,0.000494328
0,3.109216,1.24345e-14,0.0000666483
0,5.178085,1.24345e-14,0.000366787
0,2.506801,1.55431e-13,0.000343866
0,1.915349,4.44089e-15,0.000155292
0,1.908189,2.23821e-13,0.000457404
0,4.073952,1.59872e-14,0.000708847
0,2.182332,2.66454e-15,0.000578941
0,3.611372,9.76996e-15,0.0000890866
0,1.915849,6.21725e-15,0.000845643
0,4.341724,2.30926e-14,0.000409757
0,1.264795,1.77636e-15,0.0000278644
0,1.438184,6.90115e-13,0.000123971
0,2.239046,5.32907e-15,0.000151682
0,6.395237,1.86517e-14,0.0000587618
0,5.463313,1.59872e-14,0.0000741922
0,3.469421,2.66454e-15,0.000444799
0,1.696594,4.44089e-15,0.000506124
0,4.633184,1.42109e-14,0.000451508
0,1.015531,2.66454e-15,0.0000330072
0,2.03785,4.88498e-14,0.000531103
0,3.90629,1.68754e-14,0.000467788
0,1.008309,8.88178e-15,0.0000816573
0,3.080738,3.55271e-15,0.000623219
0,6.202704,4.90274e-13,0.000247235
0,4.773731,2.39808e-14,0.0000783370
0,3.480994,5.32907e-15,0.000200767
0,2.818106,7.10543e-15,0.000766318
0,2.322102,4.44089e-15,0.000471756
0,5.351518,9.76996e-15,0.000300252
0,2.101651,7.99361e-15,0.000835470
0,9.691275,2.04281e-14,0.0000428571
0,3.238437,7.10543e-15,0.000623869
0,10.886,4.26326e-14,0.0000279674
0,3.415107,1.15463e-14,0.000403352
0,8.463788,9.76996e-15,0.000118592
0,5.593844,4.44089e-15,0.000528741
0,4.159929,1.33227e-14,0.000247204
0,2.889577,9.76996e-15,0.000381451
0,1.011748,1.42109e-14,0.00000906174
0,2.081577,7.99361e-15,0.000643420
0,1.552056,2.66454e-15,0.000332239
0,1.906315,5.32907e-15,0.0000176585
0,1.005925,5.32907e-15,0.000177837
0,2.892021,4.44089e-14,0.000109638
0,4.583349,1.15463e-14,0.0000609586
0,3.847593,6.21725e-15,0.000130178
0,2.671749,3.55271e-15,0.0000840751
0,4.341366,9.76996e-15,0.000530972
0,5.007414,8.61533e-14,0.000107890
0,2.292894,4.44089e-15,0.000579139
0,1.70453,1.91847e-13,0.000298722
0,4.649615,7.10543e-15,0.000474438
0,1.491743,8.44658e-13,0.000345480
0,5.862243,2.30926e-14,0.000209006
0,2.212992,8.88178e-15,0.000116349
0,2.227809,5.32907e-15,0.000804602
0,2.830685,1.37668e-13,0.000317155
0,8.409471,5.15143e-14,0.0000603710
0,2.176657,1.06581e-14,0.000304309
0,2.5178,7.10543e-15,0.00000842571
0,5.612044,8.88178e-15,0.0000319838
0,1.814496,3.55271e-15,0.000212590
0,2.779068,1.44773e-13,0.000485273
0,5.625885,1.77636e-14,0.000377774
0,3.280409,6.21725e-15,0.000138770
0,5.061916,1.33227e-14,0.000562501
0,4.36511,2.57572e-14,0.00000800677
0,1.320462,2.66454e-15,0.000121126
0,4.191662,8.88178e-15,0.000302138
0,1.712396,7.10543e-15,0.0000221407
0,1.002486,8.49987e-13,0.0000724195
0,1.010506,3.55271e-15,0.00000572858
0,2.531873,3.55271e-15,0.000582438
0,2.599741,4.44089e-15,0.000274322
0,3.870363,8.88178e-15,0.000505621
0,4.656819,1.15463e-14,0.000815106
0,4.626256,2.30926e-14,0.000181702
0,2.536928,7.10543e-15,0.000563134
0,7.597906,1.15463e-14,0.000386325
0,1.017819,5.32907e-15,0.000169179
0,2.437444,5.32907e-15,0.000222198
0,4.309548,2.30926e-14,0.000203702
0,2.618409,5.32907e-15,0.000797317
0,6.721273,1.42109e-14,0.000360119
0,4.553375,8.88178e-15,0.000523257
0,7.084962,1.95399e-14,0.000408631
0,6.458662,1.59872e-14,0.000199480
0,2.012201,3.55271e-15,0.0000449931
0,8.565739,2.84217e-14,0.0000339893
0,9.469452,7.99361e-15,0.0000549547
0,9.30082,1.59872e-14,0.000110281
0,2.101489,8.43769e-14,0.00104947
0,4.991822,7.99361e-15,0.000519157
0,8.267216,1.59872e-14,0.0000145299
0,2.099348,5.32907e-15,0.000167985
0,4.536826,8.75744e-13,0.000210459
0,1.007973,2.66454e-15,0.000125518
0,1.006551,4.44089e-15,0.000273616
0,4.143306,9.76996e-15,0.000457128
0,1.973519,1.42109e-14,0.000496149
0,2.658309,7.10543e-15,0.000745350
0,2.200634,2.14939e-13,0.000150997
0,3.500116,5.32907e-15,0.000148842
0,1.014148,2.66454e-15,0.0000487386
0,4.349605,5.32907e-15,0.0000529673
0,2.875414,1.33227e-14,0.000383849
0,11.82513,3.75699e-13,0.000140238
0,4.610632,9.76996e-15,0.000147147
0,4.796967,2.84217e-14,0.000375515
0,2.034839,1.72307e-13,0.000155396
0,2.098657,7.10543e-15,0.000578600
0,11.37473,2.48690e-14,0.0000800799
0,8.770027,1.77636e-14,0.0000330934
0,1.020168,2.66454e-15,0.0000332117
0,6.769882,7.10543e-15,0.000108596
0,1.57115,1.77636e-15,0.000162701
0,6.028346,4.17444e-14,0.000101536
0,6.345522,4.08562e-14,0.0000810506
0,3.919909,7.10543e-15,0.000355344
0,3.195075,2.66454e-15,0.000569680
0,1.00393,4.44089e-15,0.0000727720
0,2.096848,7.28306e-14,0.000270533
0,1.005318,3.55271e-15,0.0000408428
0,3.509965,1.24345e-14,0.000542905
0,8.83936,1.50990e-14,0.000195900
0,3.067195,2.99316e-13,0.000123604
0,2.23859,6.21725e-15,0.000532574
0,3.003586,9.76996e-15,0.000621657
0,2.637354,6.21725e-15,0.000259470
0,2.234604,3.55271e-15,0.000712698
0,9.559558,1.81188e-13,0.0000606447
0,1.461351,1.77636e-15,0.000576737
0,3.12611,7.10543e-15,0.000719669
0,3.382722,8.88178e-15,0.000766163
0,1.56132,2.66454e-15,0.000185317
0,2.931421,5.32907e-15,0.000307294
0,11.75338,3.01981e-14,0.000214941
0,1.299308,3.55271e-15,0.0000143797
0,7.280522,1.15463e-14,0.0000386628
0,6.369277,7.99361e-15,0.000130105
0,3.283309,4.44089e-15,0.000277426
0,4.217313,2.66454e-15,0.000448622
0,6.170833,3.46390e-14,0.000159999
0,1.009788,3.55271e-15,0.000256246
0,2.910371,7.10543e-15,0.000704528
0,3.611868,7.99361e-15,0.000263620
0,1.626956,5.32907e-15,0.0000463101
0,2.291383,5.43565e-13,0.000378880
0,2.72872,7.99361e-15,0.000225798
0,2.159148,5.48006e-13,0.000932826
0,4.355854,2.04281e-14,0.000520443
0,5.192655,2.13163e-14,0.000635046
0,2.770641,1.06581e-14,0.000862865
0,15.27097,4.52971e-14,0.0000220215
0,2.879342,3.93463e-13,0.000205587
0,2.238176,8.88178e-15,0.00000507349
0,1.018087,5.32907e-15,0.0000317759
0,1.279244,2.66454e-15,0.000421904
0,9.532843,4.98268e-13,0.0000745535
0,1.825531,4.44089e-15,0.000816631
0,5.852286,1.24345e-14,8.85804e-7
0,4.678822,6.21725e-15,0.000663134
0,3.8523,7.10543e-15,0.000199760
0,3.140794,7.10543e-15,0.000728476
0,7.048147,1.95399e-14,0.000236242
0,2.464652,1.82077e-13,0.000553694
0,2.605607,8.88178e-15,0.000307924
0,3.968954,2.66454e-14,0.000377917
0,3.170809,4.44089e-15,0.000716677
0,4.169453,1.68754e-14,0.000651787
0,3.337625,4.54747e-13,0.000332398
0,3.512217,1.68754e-14,0.000189143
0,15.46561,4.79616e-14,0.0000290389
0,4.540134,1.42109e-14,0.000614511
0,6.222353,2.57572e-14,0.000235852
0,3.15816,5.41789e-14,0.0000718290
0,4.299182,8.88178e-15,0.000720149
0,9.432147,3.19744e-14,0.0000371545
0,3.5701,6.92779e-14,0.000632901
0,2.981377,4.44089e-15,0.000506686
0,3.363628,4.44089e-15,0.000296167
0,3.476234,1.06581e-14,0.000222839
0,1.005384,7.10543e-15,0.000276170
0,1.00772,1.06581e-14,0.0000900320
0,2.744083,9.76996e-15,0.000309720
0,3.116758,4.61853e-14,0.0000115176
0,8.534537,1.59872e-14,0.0000502624
0,3.677057,3.55271e-15,0.0000882323
0,4.794476,7.99361e-15,0.0000929065
0,9.012953,2.39808e-14,0.000147143
0,4.321509,1.42109e-14,0.00000636423
0,2.090871,6.21725e-15,0.000128024
0,3.604595,1.15463e-14,0.000239800
0,15.61905,3.55271e-14,0.0000205144
0,8.699395,1.68754e-14,0.000192764
0,6.715254,2.04281e-14,0.0000232077
0,2.876495,7.10543e-15,0.000959302
0,10.67154,2.75335e-14,0.000145231
0,6.43775,1.59872e-14,0.000322209
0,8.042084,6.75016e-14,0.0000283940
0,2.519128,4.44089e-15,0.000315618
0,5.66506,2.46025e-13,0.000465122
0,2.88203,5.32907e-15,0.000371190
0,1.554963,2.66454e-15,0.000507508
0,2.715848,3.55271e-15,0.000478883
0,6.322832,3.37508e-14,0.000456814
0,2.039908,6.21725e-15,0.0000188805
0,4.411395,1.15463e-14,0.000435160
0,5.809857,6.21725e-15,0.0000292363
0,4.804405,7.99361e-15,0.00000129484
0,6.522806,1.50990e-14,0.000145431
0,2.870077,6.21725e-15,0.000489413
0,5.845919,2.57572e-14,0.00000560204
0,1.67606,3.55271e-15,0.0000138741
0,2.64798,6.21725e-15,0.000397771
0,8.623017,1.77636e-14,0.0000591974
0,3.82163,6.21725e-15,0.000416293
0,2.289959,3.55271e-15,0.000126992
0,1.005141,3.55271e-15,0.0000769986
0,6.972797,3.28626e-14,0.000204128
0,3.225318,2.66454e-15,0.0000901326
0,3.262784,9.64562e-13,0.000254917
0,2.842738,5.32907e-15,0.000674333
0,4.278311,7.10543e-15,0.000632662
0,4.488349,6.52811e-13,0.000136108
0,4.552622,2.13163e-13,0.000483738
0,1.342189,4.44089e-15,0.000243939
0,2.873518,3.55271e-15,0.000286297
0,1.985584,5.32907e-15,0.000445430
0,9.322763,3.10862e-14,0.000105748
0,4.260239,1.06581e-14,0.0000120399
0,3.018797,7.10543e-15,0.000722410
0,2.185023,4.44089e-15,0.000621248
0,5.19976,1.06581e-14,0.0000491645
0,1.006879,1.77636e-15,0.000102433
0,12.02535,6.87450e-13,0.0000393509
0,3.973409,2.13163e-14,0.000234615
0,2.969778,1.06581e-14,0.000572917
0,4.978421,4.44089e-15,0.000811071
0,2.465255,1.53655e-13,0.0000322603
0,2.138353,6.21725e-15,0.000351494
0,2.120829,9.41469e-14,0.000639525
0,2.05622,6.19060e-13,0.000819667
0,7.298108,1.15463e-14,0.000406515
0,4.621898,2.54019e-13,0.000349972
0,4.003444,1.50990e-14,0.000529004
0,2.189151,5.32907e-15,0.0000710671
0,15.33818,1.58984e-13,0.0000403225
0,3.483808,1.50990e-14,0.000819787
0,4.612881,9.76996e-15,0.000110446
0,3.523085,4.44089e-15,0.000305311
0,1.663413,3.37508e-14,0.000479011
0,2.255515,3.55271e-15,0.000745583
0,6.059595,2.04281e-14,0.000282657
0,8.161123,3.99680e-13,0.000284757
0,7.231719,1.86517e-14,0.000229999
0,6.184128,1.77636e-14,0.000292607
0,4.172761,2.30926e-14,0.000473418
0,1.947039,4.21885e-13,0.0000363397
0,1.009678,2.57572e-14,0.000149313
0,3.424087,5.32907e-15,0.000479667
0,9.048423,2.66454e-14,0.000261414
0,3.823257,7.99361e-15,0.000114055
0,5.843723,1.06581e-14,0.0000782483
0,6.508171,1.33227e-14,0.000192442
0,7.372033,1.15463e-14,0.0000845165
0,10.70129,2.30926e-14,0.0000310825
0,6.218126,1.42109e-14,0.000289475
0,1.582113,3.55271e-15,0.000129550
0,5.962399,6.21725e-15,0.0000904197
0,4.195199,2.75335e-14,0.000595999
0,1.004586,3.55271e-15,0.000139139
0,5.766767,3.58824e-13,0.0000233065
0,1.840541,4.44089e-15,0.000153524
0,3.543067,1.24345e-14,0.00000336679
0,1.449426,3.55271e-15,0.000391273
0,5.479719,1.24345e-14,0.000120143
0,8.073959,1.68754e-14,0.000262706
0,3.866485,1.42109e-14,0.000651866
0,3.992922,1.06581e-14,0.000417643
0,4.621786,1.24345e-14,0.000267559
0,5.357414,6.21725e-15,0.000189774
0,15.31324,5.24025e-14,0.0000334975
0,2.931423,4.44089e-15,0.000289788
0,3.738222,7.10543e-15,0.000809087
0,1.80656,1.77636e-15,0.000311190
0,1.917712,5.32907e-15,0.000113832
0,3.336414,7.99361e-15,0.000802443
0,1.010773,6.21725e-15,0.000240195
0,3.162711,3.55271e-15,0.000832336
0,4.159973,1.59872e-14,0.000368741
0,5.569728,1.77636e-14,0.000523804
0,7.600289,8.88178e-15,0.000244026
0,5.207707,7.99361e-15,0.000215640
0,2.743181,5.32907e-15,0.0000795805
0,2.61445,1.24345e-14,0.000776328
0,1.852133,4.44089e-15,0.000456260
0,3.692809,1.42109e-14,0.000606139
0,3.015121,8.88178e-15,0.000614903
0,2.75506,6.21725e-15,0.000746566
0,3.414959,5.32907e-15,0.000488328
0,3.906482,2.92211e-13,0.000432739
0,1.009122,3.55271e-15,0.000244691
0,5.616921,1.33227e-14,0.000319369
0,4.523953,1.24345e-14,0.000335272
0,3.5295,9.25482e-13,0.000409347
0,2.087264,2.66454e-15,0.000693080
0,2.579596,3.59712e-13,0.000333753
0,1.03063,8.88178e-15,0.000132403
0,4.988413,1.06581e-14,0.000367857
0,2.512611,3.55271e-15,0.000199698
0,4.751801,9.76996e-15,0.000584204
0,4.768005,9.76996e-15,0.000700323
0,8.063231,1.42109e-14,0.0000209527
0,3.673373,2.04281e-14,0.000721118
0,4.633224,1.06581e-14,0.000465071
0,2.514368,7.10543e-15,0.000512633
0,5.147545,1.15463e-14,0.000199290
0,2.008103,1.42109e-14,0.000210638
0,3.198408,1.15463e-14,0.000150782
0,8.606783,3.46390e-14,0.000189984
0,9.075857,1.68754e-14,0.0000875963
0,1.649688,5.23137e-13,0.000734218
0,2.161609,2.66454e-15,0.00107000
0,1.734856,2.84217e-14,0.000749033
0,2.796598,7.10543e-15,0.000540360
0,7.226906,1.50990e-14,0.000239520
0,11.75833,2.66454e-14,0.00000189972
0,2.645266,4.44089e-15,0.000109080
0,2.815024,1.06581e-14,0.000387463
0,1.829324,7.10543e-15,0.0000278137
0,8.990264,1.33227e-14,0.000294217
0,3.730777,1.06581e-14,0.000272870
0,6.201906,2.48690e-14,0.0000638658
0,5.131962,2.30926e-14,0.000532642
0,3.403057,5.32907e-15,0.0000803498
0,2.411066,6.21725e-15,0.000896498
0,3.629758,7.99361e-15,0.000356769
0,3.805934,7.99361e-15,0.0000864484
0,1.577714,2.66454e-15,0.000311881
0,4.088048,1.15463e-14,0.000517718
0,3.342246,7.99361e-15,0.000271164
0,8.89877,4.73399e-13,0.0000608148
0,4.949242,6.21725e-15,0.000127473
0,2.870605,7.10543e-15,0.000780073
0,1.177244,2.66454e-15,0.0000121026
0,2.889127,6.21725e-15,0.000197404
0,1.01929,1.75859e-13,0.000161833
0,1.013265,2.66454e-15,0.0000771533
0,3.809065,7.99361e-13,0.000290069
0,4.950107,2.75335e-14,0.000552104
0,2.201455,5.32907e-15,0.000351260
0,6.631093,6.21725e-15,0.000124385
0,2.278574,4.44089e-15,0.000812553
0,5.446833,1.50990e-14,0.000174204
0,5.520183,1.77636e-14,0.000513577
0,3.450498,3.92575e-13,0.00106675
0,3.029894,7.99361e-15,0.000266777
0,10.80219,3.46390e-14,0.0000276213
0,2.109308,3.55271e-15,0.000933618
0,6.657009,1.33227e-14,0.0000352849
0,8.507845,2.13163e-14,0.000179179
0,5.346452,7.10543e-15,0.000165754
0,8.115434,4.44089e-14,0.000123136
0,1.013101,3.55271e-15,0.0000161566
0,3.908416,8.88178e-15,0.000135986
0,2.686016,7.99361e-15,0.000293858
0,5.133975,1.06581e-14,0.000386098
0,5.533988,5.59552e-14,0.000526148
0,1.550135,2.66454e-15,0.000455001
0,12.46567,3.81917e-14,0.0000232535
0,8.915262,2.35367e-13,0.000154063
0,4.471818,1.42109e-14,0.000226362
0,3.942438,5.32907e-15,0.000229890
0,5.888264,2.30926e-14,0.000138777
0,3.314258,6.21725e-15,0.000616600
0,6.704153,2.30926e-14,0.0000381042
0,4.170029,1.15463e-14,0.00000418364
0,4.023773,1.29674e-13,0.000239941
0,1.189123,5.53335e-13,0.00000722973
0,11.71094,2.48690e-14,0.0000472174
0,1.011428,7.99361e-15,2.24870e-7
0,5.64029,1.95399e-14,0.0000982506
0,1.020784,7.99361e-15,0.0000312514
0,3.693522,1.50990e-14,0.000157762
0,4.914201,1.95399e-14,0.000477689
0,2.748667,4.44089e-15,0.000261106
0,1.011659,7.99361e-15,0.000264845
0,3.266673,5.32907e-15,0.000550013
0,5.031994,2.22045e-14,0.000182205
0,4.647423,1.24345e-14,0.0000757399
0,1.00841,1.77636e-15,0.0000384528
0,8.024099,1.33227e-14,0.0000767932
0,5.654175,2.57572e-14,0.0000777211
0,3.570083,5.40012e-13,0.000490435
0,2.287505,4.44089e-15,0.0000331536
0,6.552643,5.32907e-15,0.0000606612
0,5.038278,1.59872e-14,0.000295248
0,3.899195,8.88178e-15,0.000447346
0,2.274696,5.32907e-15,0.000529243
0,3.804408,1.42109e-14,0.000654526
0,2.430513,5.32907e-15,0.000607809
0,4.967219,1.59872e-14,0.0000690389
0,4.490583,1.42109e-14,0.000283508
0,1.01997,3.55271e-15,0.0000303624
0,4.22681,8.88178e-15,0.0000474768
0,6.711155,2.73559e-13,0.000118464
0,3.685714,9.18376e-13,0.000764814
0,2.308423,3.55271e-15,0.00104362
0,6.990994,1.86517e-14,0.0000771752
0,3.367585,7.10543e-15,0.000673444
0,1.02412,4.44089e-15,0.0000305561
0,3.19725,5.32907e-15,0.0000825611
0,8.925453,5.24025e-14,0.0000770243
0,3.077662,9.76996e-15,0.000462043
0,6.11803,2.22045e-14,0.000285811
0,5.986166,1.77636e-14,0.000145701
0,2.562729,2.18492e-13,0.000549266
0,1.873698,5.32907e-15,0.000460371
0,2.54835,1.33227e-14,0.000165784
0,6.36932,1.24345e-14,0.000333012
0,6.789492,2.13163e-14,0.000142628
0,1.032631,6.21725e-15,0.000243476
0,4.04837,7.10543e-15,0.000748383
0,6.10479,1.42109e-14,0.000333020
0,5.819072,2.22045e-14,0.000283615
0,2.773523,3.55271e-14,0.000696139
0,1.99115,2.66454e-15,0.000242029
0,1.017712,2.66454e-15,0.0000870978
0,4.477821,2.13163e-14,0.000395507
0,4.282215,2.13163e-14,0.0000617113
0,7.11449,1.06581e-14,0.0000516426
0,5.63281,1.59872e-14,0.000150437
0,4.570151,1.06581e-14,0.000311302
0,4.293679,1.50990e-14,0.000322387
0,2.204846,7.10543e-15,0.000430664
0,4.585942,9.76996e-15,0.0000203203
0,1.015327,4.44089e-15,0.0000217378
0,2.220396,6.21725e-15,0.000304268
0,6.778562,2.22045e-14,0.000276828
0,4.777957,1.00364e-13,0.000687694
0,3.788838,6.21725e-15,0.000256914
0,2.500685,7.99361e-15,0.000280751
0,2.723537,5.32907e-15,0.000195013
0,4.456941,5.36460e-13,0.000260847
0,2.89644,7.90479e-14,0.000345173
0,2.21935,5.32907e-15,0.000389068
0,5.757863,2.66454e-14,0.0000646266
0,2.838958,7.10543e-15,0.000607357
0,2.656494,7.10543e-15,0.000315305
0,3.781673,6.21725e-15,0.000505723
0,1.022402,4.44089e-15,0.000119168
0,3.576108,1.24345e-14,0.000609919
0,3.684975,1.06581e-14,0.000759200
0,5.573171,2.84217e-14,0.000369012
0,2.253723,4.68958e-13,0.000862437
0,6.463273,4.44089e-15,0.000364451
0,4.574272,1.59872e-14,0.000267722
0,4.466767,1.24345e-14,0.0000344531
0,2.455881,8.97060e-14,0.000390784
0,2.633742,8.88178e-15,0.00000511161
0,1.018092,4.44089e-15,0.0000306541
0,6.019403,1.42109e-14,0.000282381
0,3.900455,4.44089e-15,0.000220369
0,3.036646,2.21156e-13,0.000626108
0,5.192567,1.33227e-14,0.000158639
0,8.120383,1.59872e-14,0.000145641
0,2.624716,6.21725e-15,0.000711427
0,2.698345,1.06581e-14,0.000884566
0,5.081541,2.75335e-14,0.0000642832
0,7.026086,2.95763e-13,0.0000608623
0,5.206974,1.77636e-14,0.000684697
0,1.009945,6.21725e-14,0.0000325271
0,4.002012,1.95399e-14,0.0000268460
0,8.802668,7.99361e-15,0.000108502
0,1.829829,1.24345e-14,0.000456092
0,1.678912,3.55271e-15,0.000337812
0,6.944343,1.24345e-14,0.0000485144
0,7.149904,2.64677e-13,0.000227030
0,4.774315,2.13163e-14,0.000229454
0,4.508557,2.99316e-13,9.92634e-7
0,11.72432,5.24025e-14,0.000164826
0,4.508069,1.86517e-14,0.000697511
0,1.009832,2.66454e-15,0.00000488087
0,1.845282,5.32907e-15,0.000405397
0,2.474174,6.21725e-15,0.0000925400
0,6.141135,1.68754e-14,0.000163494
0,3.50887,4.44089e-15,0.000144769
0,3.501054,1.06581e-14,0.000192544
0,4.170146,1.24345e-14,0.000176386
0,4.220185,7.10543e-15,0.000436915
0,4.763052,2.22045e-14,0.000210788
0,3.620952,7.10543e-15,0.000161015
0,4.486884,9.76996e-15,0.000169598
0,1.010769,3.55271e-15,0.00000889666
0,1.021068,7.10543e-15,0.0000508863
0,2.032422,9.76996e-14,0.000227060
0,2.665591,3.55271e-15,0.000285583
0,2.837054,3.46390e-14,0.000613361
0,6.055221,1.86517e-14,0.00000108406
0,7.418812,2.57572e-14,0.000399512
0,5.021285,1.42109e-14,0.000253028
0,1.947569,1.24345e-14,0.000113387
0,1.006378,5.32907e-15,0.0000291968
0,1.776156,3.55271e-15,0.000238392
0,6.377732,2.75335e-14,0.000301654
0,1.531408,3.55271e-15,0.000163981
0,1.722254,3.15303e-13,0.000156230
0,1.016025,9.75220e-13,0.0000743542
0,6.489325,1.06581e-14,0.000160192
0,4.440605,6.21725e-15,0.000243013
0,3.918504,1.33227e-14,0.000419235
0,3.35059,5.70211e-13,0.0000346444
0,6.31019,6.48370e-14,0.000306376
0,4.682965,2.04281e-14,0.0000884425
0,1.223193,4.44089e-15,0.000447807
0,3.498074,7.19425e-14,0.000811131
0,4.727826,1.95399e-14,0.000313409
0,3.370542,1.06581e-14,0.000359293
0,3.011281,1.15463e-14,0.000920999
0,6.007738,4.17444e-14,0.000200644
0,3.696004,1.33227e-14,0.000465167
0,1.5056,4.88498e-14,0.000338685
0,4.333724,6.21725e-15,0.000272321
0,1.0074,7.10543e-15,0.000118937
0,8.36139,1.33227e-14,0.000133531
0,2.611174,1.15463e-14,0.0000209272
0,5.814637,1.06581e-14,0.000372512
0,3.916611,1.95399e-14,0.000126535
0,4.331967,6.21725e-15,0.000506676
0,4.174151,1.33227e-14,0.000460406
0,3.022032,8.88178e-15,0.000133984
0,2.005868,5.32907e-15,0.000312454
0,2.670762,4.44089e-15,0.000593696
0,4.956927,2.66454e-14,0.000585776
0,1.010483,8.88178e-15,0.0000574887
0,2.071253,3.55271e-15,0.000581934
0,1.416542,2.66454e-15,0.000794668
0,3.024283,1.15463e-14,0.000541562
0,2.71914,5.32907e-15,0.000458326
0,1.011028,2.66454e-15,0.0000235696
0,1.011924,4.44089e-15,0.0000113393
0,3.04704,4.44089e-15,0.000165261
0,5.65107,7.10543e-15,0.000181525
0,1.139354,5.32907e-15,0.000231627
0,5.319065,7.99361e-15,0.000157458
0,1.008566,4.44089e-15,0.0000712869
0,3.064086,6.21725e-15,0.000152424
0,3.895871,2.66454e-15,0.000183114
0,1.901235,3.55271e-15,0.000165694
0,3.640457,1.50990e-14,0.000155042
0,5.026164,1.59872e-14,0.000348047
0,6.278792,1.24345e-14,0.000168992
0,1.920994,5.32907e-15,0.000411136
0,4.513893,1.86517e-14,0.000493846
0,11.42498,5.50671e-14,0.0000457288
0,1.00359,2.66454e-15,0.0000881909
0,4.330083,8.88178e-15,0.000816196
0,9.220661,9.76996e-15,0.000218848
0,3.802317,7.46070e-14,0.000119474
0,5.435273,1.59872e-14,0.000129257
0,1.012443,3.55271e-15,0.0000677041
0,6.166549,1.06581e-14,0.000335505
0,1.361545,4.97380e-14,0.000209942
0,8.227976,9.09495e-13,0.000194950
0,4.773609,7.99361e-15,0.000854434
0,10.03323,1.86517e-14,0.0000257200
0,3.431568,5.32907e-15,0.000422458
0,4.102468,1.14575e-13,0.000379785
0,1.018839,1.23457e-13,0.000303372
0,6.761157,2.13163e-14,0.00000250387
0,1.007611,4.44089e-15,0.0000400124
0,6.164724,1.24345e-14,0.000543279
0,3.404583,5.32907e-15,0.0000552087
0,2.128732,1.76748e-13,0.00108611
0,1.015093,2.66454e-15,0.0000447814
0,3.653556,3.55271e-15,0.0000636824
0,4.937432,4.44089e-15,0.000317603
0,2.961997,2.13163e-14,0.000538737
0,1.418816,1.15463e-13,0.000520522
0,1.443134,4.52971e-14,0.000107012
0,1.781521,3.55271e-15,0.000572878
0,3.155062,6.21725e-15,0.000159383
0,9.052256,2.30926e-14,0.0000109970
0,3.141355,1.77636e-14,0.000156631
0,2.099921,5.32907e-15,0.00000257341
0,2.495794,9.76996e-15,0.000338151
0,2.574946,3.55271e-15,0.000517020
0,8.921793,1.86517e-14,0.000190409
0,8.82428,1.59872e-14,0.0000891635
0,5.034483,9.81437e-13,0.000429368
0,1.910615,3.55271e-15,0.000481090
0,5.412907,1.59872e-14,0.000316715
0,9.28623,4.61853e-14,0.0000488323
0,2.590555,1.42109e-14,0.000987542
0,3.376137,3.55271e-15,0.000599576
0,2.176089,4.44089e-15,0.000951614
0,4.224205,6.21725e-15,0.000496042
0,8.572749,2.22045e-14,0.00000873540
0,3.069326,7.99361e-15,0.0000834092
0,1.024279,2.66454e-15,0.0000828669
0,4.75233,2.13163e-14,0.000422252
0,6.561927,1.06581e-14,0.000428822
0,4.523284,1.50990e-14,0.000542535
0,3.585743,8.88178e-15,0.000148266
0,3.354048,3.55271e-15,0.000198646
0,6.944169,2.30926e-14,0.0000980152
0,11.85068,2.22045e-14,0.0000975571
0,5.58211,7.10543e-15,0.000492612
0,3.964592,1.06581e-14,0.0000129377
0,2.07685,5.32907e-15,0.0000482847
0,11.36054,6.75016e-14,0.000155851
0,6.001537,2.66454e-14,0.000241252
0,2.229097,7.10543e-15,0.000332865
0,7.467832,8.88178e-15,0.000149641
0,3.713487,8.88178e-15,0.000249271
0,5.439398,1.68754e-14,0.000378940
0,1.565683,6.21725e-15,0.0000887982
0,11.4783,4.17444e-14,0.00000160524
0,1.017239,3.55271e-15,0.000144618
0,3.84244,7.10543e-15,0.000423461
0,1.937229,4.44089e-15,0.000422467
0,1.006508,1.04805e-13,0.000241423
0,2.947754,6.21725e-15,0.0000642158
0,1.577121,4.44089e-15,0.000358387
0,3.816867,9.76996e-15,0.0000202707
0,7.502939,2.13163e-14,0.0000193087
0,5.821368,7.10543e-15,0.0000970991
0,9.98901,2.66454e-14,0.000243436
0,5.768278,3.90799e-14,0.000109364
0,10.11096,4.35207e-14,0.000163527
0,3.688716,1.24345e-14,0.000415528
0,2.429253,7.99361e-15,0.000945184
0,8.1496,2.84217e-14,0.000155871
0,1.505118,4.44089e-15,0.000528867
0,7.554177,1.42109e-14,0.0000783355
0,2.223207,8.81073e-13,0.0000323759
0,2.202796,7.99361e-15,0.000372832
0,8.788467,2.30926e-14,0.0000349380
0,5.523619,7.99361e-15,0.0000232090
0,1.222754,3.55271e-15,0.000228874
0,1.326645,4.79616e-14,0.000440383
0,4.959537,1.06581e-14,0.000128567
0,1.656079,2.48690e-14,0.000244698
0,2.471943,8.88178e-15,0.000204257
0,1.6509,1.77636e-15,0.0000875820
0,2.12592,3.55271e-15,0.000521958
0,4.436152,6.21725e-15,0.000357371
0,1.014871,2.66454e-15,0.000236607
0,2.135138,5.32907e-15,0.000980256
0,3.1122,7.10543e-15,0.000206139
0,3.89716,1.06581e-14,0.000380276
0,3.190202,7.10543e-15,0.000833371
0,1.896768,5.32907e-15,0.000432076
0,3.029057,8.88178e-15,0.000609432
0,2.263321,8.88178e-15,0.000319290
0,3.68224,3.55271e-15,0.000226004
0,7.407325,1.68754e-14,0.0000652890
0,4.39257,1.77636e-14,0.000655074
0,4.087217,1.50990e-14,0.000340052
0,2.283222,9.76996e-15,0.000664759
0,1.209167,4.88498e-13,0.000106027
0,2.165512,2.81553e-13,0.000293773
0,1.014006,6.21725e-15,0.000251330
0,7.445806,7.99361e-15,0.000360443
0,2.776299,3.79252e-13,0.000529459
0,5.021378,1.24345e-14,0.0000902415
0,4.674253,6.21725e-15,0.0000231438
0,2.386397,3.55271e-15,0.000119610
0,2.997798,8.34888e-13,0.00108238
0,3.249916,7.10543e-15,0.0000882669
0,2.10977,4.43201e-13,0.0000543175
0,7.672181,1.15463e-14,0.0000246100
0,2.958542,4.44089e-15,0.000374891
0,4.693738,2.30926e-14,0.000218066
0,5.302085,2.48690e-14,0.0000322789
0,2.505965,7.10543e-15,0.000418837
0,9.051884,1.15463e-14,0.0000145048
0,1.017625,4.44089e-15,0.000181240
0,2.468426,3.55271e-15,0.00000811406
0,2.112565,3.37508e-14,0.000103097
0,3.611531,4.44089e-15,0.000263507
0,3.435356,1.33227e-14,0.000181862
0,3.878865,8.88178e-15,0.000308690
0,5.74075,5.60441e-13,0.000565692
0,1.810184,1.76748e-13,0.000125303
0,2.172553,5.03597e-13,0.000728884
0,7.779301,5.32907e-15,0.000238221
0,2.922583,3.49054e-13,0.000200359
0,3.168435,5.77316e-14,0.000123451
0,3.189588,4.44089e-15,0.000466355
0,3.441052,9.76996e-15,0.000620466
0,3.941559,6.21725e-14,0.000126670
0,11.82448,3.90799e-14,0.0000165440
0,7.672031,1.06581e-14,0.0000570380
0,5.435454,1.86517e-14,0.000154718
0,3.425825,4.44089e-15,0.000195083
0,3.981914,1.33227e-14,0.000154014
0,3.594443,3.01981e-14,0.000623718
0,8.057535,4.31655e-13,0.0000917348
0,3.900311,7.99361e-15,0.000101216
0,1.712808,4.44089e-15,0.0000484147
0,4.396226,1.06581e-14,0.000978046
0,2.41342,3.55271e-15,0.000213904
0,6.196132,1.77636e-14,0.000198685
0,8.903362,2.39808e-14,0.0000850160
0,4.072804,8.88178e-15,0.000238666
0,2.486148,2.66454e-15,0.000191215
0,2.294875,4.44089e-15,0.000233142
0,5.495625,4.26326e-14,0.000201558
0,1.688979,2.13163e-13,0.000567808
0,2.997708,9.76996e-15,0.000368818
0,5.001883,1.06581e-14,0.0000459899
0,1.005721,5.32907e-15,0.000145397
0,2.368675,3.55271e-15,0.000239116
0,2.792789,1.69642e-13,0.000259224
0,1.013727,2.66454e-15,0.000146871
0,5.551888,2.75335e-14,0.0000774794
0,1.833001,2.22045e-14,0.000223395
0,3.57247,4.44089e-15,0.000565502
0,4.145182,1.06581e-14,0.000267603
0,1.812451,2.66454e-15,0.000154819
0,3.494059,7.74492e-13,0.000510818
0,2.699284,2.39808e-14,0.000362708
0,1.015829,3.10862e-13,0.000241922
0,3.185357,1.42109e-14,0.000673758
0,2.575103,7.10543e-15,9.41797e-7
0,5.468239,1.68754e-14,0.0000349472
0,5.633779,1.50990e-14,0.000132611
0,1.710231,2.66454e-15,0.000185200
0,3.273522,4.44089e-15,0.000171243
0,2.778906,4.25437e-13,0.000165056
0,5.411482,9.76996e-15,0.000511675
0,7.604649,1.24345e-14,0.000145176
0,2.449508,9.76996e-15,0.000280306
0,2.933785,2.66454e-15,0.000475566
0,1.024745,7.10543e-15,0.0000282877
0,10.65696,3.67706e-13,0.0000733533
0,5.626416,7.10543e-15,0.000149590
0,1.019025,6.87450e-13,0.00000124210
0,1.01939,1.77636e-15,0.000223322
0,3.190606,8.88178e-15,0.000273234
0,8.192197,2.30926e-14,0.0000458739
0,4.412145,1.06581e-14,0.000656329
0,4.531537,1.24345e-14,0.000147547
0,9.323992,1.59872e-14,0.000275667
0,1.268827,1.77636e-15,0.000173834
0,3.369404,9.76996e-15,0.000637053
0,2.166827,8.88178e-15,0.000370072
0,1.01688,4.44089e-15,0.00000268775
0,6.2968,5.95080e-14,0.0000537215
0,3.706538,1.59872e-14,0.000610272
0,7.835025,9.76996e-15,0.0000174522
0,1.970511,2.55795e-13,0.00000898277
0,3.093118,7.99361e-15,0.000245681
0,1.284247,3.55271e-15,0.000120689
0,2.087467,2.66454e-15,0.000119136
0,3.012639,8.88178e-15,0.000447803
0,1.008445,5.32907e-15,0.00000125308
0,2.527074,2.22045e-13,0.000112236
0,3.073047,5.32907e-15,0.000383040
0,6.162941,1.95399e-14,0.000213220
0,6.048053,3.55271e-15,0.000457019
0,1.019196,7.21201e-13,0.0000587102
0,3.544478,5.32907e-15,0.000325225
0,1.350111,2.66454e-15,0.000647823
0,4.093686,7.99361e-15,0.000233001
0,1.019473,5.32907e-13,0.0000281767
0,1.791648,3.55271e-15,0.0000726512
0,7.91015,1.59872e-14,0.000243838
0,9.833714,2.57572e-14,0.000143896
0,4.615737,5.32907e-15,0.000292508
0,2.20538,5.32907e-15,0.000371590
0,7.680241,1.95399e-14,0.000217844
0,11.97247,2.22045e-14,0.000122418
0,5.607246,1.50990e-14,0.000327528
0,4.083637,5.32907e-15,0.000352532
0,9.583246,1.77636e-14,0.0000399347
0,2.732805,7.99361e-15,0.000261710
0,10.1323,3.01981e-14,0.0000324753
0,2.505404,2.66454e-15,0.000304123
0,8.617829,2.57572e-14,0.0000788402
0,4.911982,8.17124e-14,0.000303035
0,3.665324,2.66454e-15,0.0000928117
0,3.37048,7.10543e-15,0.0000329311
0,10.49425,2.30926e-14,0.000107479
0,1.024901,2.66454e-15,0.000177318
0,1.66976,7.99361e-15,0.0000662395
0,10.15563,2.43361e-13,0.0000630230
0,1.020225,9.91207e-13,0.000115498
0,7.817045,1.06581e-14,0.000190343
0,2.293949,3.55271e-15,0.0000222370
0,3.02217,3.55271e-15,0.000164728
0,4.311995,1.77636e-14,0.000337738
0,9.367739,1.77636e-14,0.0000171795
0,1.017671,2.66454e-15,0.000203796
0,3.513652,1.15463e-14,0.000499716
0,3.183715,7.10543e-15,0.000318233
0,1.788451,7.10543e-15,0.000487801
0,6.031438,2.13163e-14,0.000232995
0,2.473825,6.21725e-15,0.000771235
0,3.121121,5.52447e-13,0.0000707425
0,8.575783,1.95399e-14,0.0000288771
0,5.474351,2.30926e-14,0.000129482
0,1.718929,4.44089e-15,0.000545169
0,1.018838,8.88178e-15,0.000197479
0,1.711093,8.79297e-14,0.000322545
0,1.008733,5.32907e-15,0.000101755
0,4.335828,1.50990e-14,0.000261088
0,1.015695,4.44089e-15,0.0000526556
0,3.564716,4.44089e-15,0.000581737
0,4.338516,1.68754e-13,0.000267167
0,3.026594,5.32907e-15,0.000230037
0,2.175773,9.76996e-15,0.000155235
0,1.543872,1.50102e-13,0.000286328
0,4.463181,1.31450e-13,0.000569706
0,4.176474,3.55271e-14,0.000496905
0,5.55469,3.99680e-14,0.000389304
0,2.058534,5.32907e-15,0.0000272994
0,3.19256,4.44089e-15,0.000673400
0,3.373198,5.32907e-15,0.0000581226
0,3.360951,7.99361e-15,0.0000260242
0,6.212899,2.13163e-14,0.000329449
0,3.381619,7.99361e-15,0.000406200
0,3.540451,1.06581e-14,0.000183153
0,7.854501,1.24345e-14,0.000252824
0,1.689409,3.55271e-15,0.000572168
0,5.41607,1.15463e-14,0.000452844
0,6.024625,1.42109e-14,0.000286442
0,4.499298,1.86517e-14,0.000146814
0,4.368109,1.59872e-14,0.000499378
0,2.321551,1.33227e-14,0.0000495405
0,5.118231,1.95399e-14,0.000549803
0,5.815877,1.95399e-14,0.000261437
0,2.775382,2.38032e-13,0.0000566454
0,4.413278,1.24345e-14,0.000573000
0,4.892204,1.50990e-14,0.000311985
0,2.02031,2.66454e-15,0.000726045
0,4.472573,4.61853e-14,0.0000935557
0,1.36941,5.32907e-15,0.000496344
0,2.962063,9.76996e-15,0.000907708
0,15.42639,3.10862e-14,0.0000296707
0,3.326327,7.10543e-15,0.000340002
0,3.138535,7.10543e-15,0.000541740
0,11.42853,3.19744e-14,0.000174288
0,2.892374,5.32907e-15,0.000873416
0,4.823484,4.28102e-13,0.000221183
0,1.003559,6.50147e-13,0.0000382328
0,5.404457,9.11271e-13,0.000281197
0,3.422521,1.06581e-14,0.0000330924
0,3.658047,3.53495e-13,0.000334981
0,3.017955,5.32907e-15,0.000160770
0,3.343355,6.21725e-15,0.0000717746
0,1.010043,3.55271e-15,0.00000724484
0,6.003915,1.42109e-14,0.000127194
0,4.77969,1.25233e-13,0.000224162
0,3.781385,7.10543e-15,0.0000892195
0,4.193841,1.06581e-14,0.000124200
0,1.82711,6.21725e-15,0.000380102
0,8.828568,2.13163e-14,0.000274867
0,8.234949,9.76996e-15,0.000119127
0,3.572809,1.42109e-14,9.18524e-8
0,2.486471,1.15463e-14,0.000334901
0,6.368861,3.55271e-14,0.0000826060
0,5.492322,1.68754e-14,0.000116627
0,1.179266,1.77636e-15,0.000248693
0,11.36772,7.37188e-14,0.000144755
0,3.03002,6.21725e-15,0.000590419
0,1.017,4.72511e-13,0.0000715867
0,5.28629,2.49578e-13,0.000456982
0,7.83894,9.51239e-13,0.000262577
0,1.692608,2.27374e-13,0.000472759
0,6.065439,1.59872e-14,0.000142522
0,1.951493,2.66454e-15,0.000241150
0,2.476922,7.10543e-15,0.000146081
0,1.009201,4.44089e-15,0.000101665
0,5.712509,1.06581e-14,0.000232454
0,1.176042,1.95399e-14,0.000244883
0,2.381457,3.55271e-15,0.000209994
0,2.154308,5.32907e-15,0.000522731
0,4.785247,7.10543e-15,0.000670405
0,4.665331,7.10543e-15,0.000471737
0,9.263367,1.70530e-13,0.0000349258
0,1.587771,9.76996e-15,0.000843661
0,1.015637,7.10543e-15,0.000130742
0,2.649081,2.66454e-15,0.0000617709
0,7.070831,1.59872e-14,0.0000953811
0,3.553685,8.88178e-15,0.000234836
0,3.571075,1.15463e-14,0.000191307
0,12.27315,2.22045e-14,0.000127568
0,9.165557,3.55271e-14,0.00000365931
0,4.351206,1.15463e-14,0.000474061
0,3.244303,1.06581e-14,0.000251849
0,2.083228,1.15463e-14,0.000193590
0,1.014594,9.76996e-15,0.0000605726
0,5.860883,2.57572e-14,0.000272736
0,1.009046,2.66454e-15,0.000288903
0,9.967776,1.06581e-14,0.000174651
0,10.72428,5.77316e-14,0.0000216617
0,1.018174,5.32907e-15,0.000106205
0,2.559849,5.32907e-15,0.000545479
0,2.770253,6.21725e-15,0.000875384
0,5.521718,7.10543e-15,0.0000643742
0,6.146415,9.76996e-15,0.000294705
0,8.729595,1.59872e-14,0.000451405
0,1.915543,3.55271e-15,0.000643666
0,1.832995,7.10543e-15,0.000204307
0,3.398031,5.32907e-15,0.000187134
0,2.372266,3.55271e-15,0.0000977046
0,2.583157,8.88178e-15,0.000676628
0,8.464778,1.33227e-14,0.000331106
0,2.618618,2.50466e-13,0.000881005
0,2.649249,7.99361e-15,0.0000389057
0,2.944426,7.10543e-14,0.000154075
0,5.411531,1.86517e-14,0.000275689
0,10.32881,3.64153e-14,0.000239282
0,2.046365,6.66134e-14,0.000568813
0,10.72075,3.10862e-14,0.0000409333
0,3.687184,4.44089e-15,0.000551411
0,4.489313,1.15463e-14,0.000330951
0,1.443181,7.10543e-15,0.0000589013
0,3.019526,1.15463e-14,0.00108804
0,5.471199,1.15463e-14,0.000366095
0,4.00976,7.01661e-14,0.000375571
0,2.262351,4.44089e-15,0.000577495
0,2.306481,8.97060e-14,0.0000181534
0,6.766769,7.10543e-15,0.000429681
0,1.740083,7.10543e-15,0.000409692
0,2.766921,7.10543e-15,0.000614095
0,2.781771,5.32907e-15,0.0000191955
0,5.078085,2.30926e-14,0.000211105
0,6.132599,2.84217e-14,0.000355848
0,5.199444,5.32907e-15,0.000492301
0,3.446129,1.24345e-14,0.000536856
0,8.656993,1.68754e-14,0.000156997
0,1.023336,3.55271e-15,0.000267187
0,3.227565,1.24345e-14,0.000273599
0,4.154814,9.32587e-14,0.000114636
0,6.580157,1.68754e-14,0.0000937432
0,3.066693,7.99361e-15,0.000916333
0,1.017196,3.55271e-15,0.0000187135
0,3.915683,5.04485e-13,0.000372579
0,1.710046,4.44089e-15,0.0000663886
0,2.752696,6.21725e-15,0.000212774
0,1.82491,2.66454e-15,0.000298454
0,2.626793,9.76996e-15,0.000230382
0,4.806587,1.50990e-14,0.00000275448
0,3.85492,1.77636e-14,0.000370905
0,2.633125,4.97380e-13,0.000424827
0,2.872805,5.32907e-15,0.000891223
0,3.011114,6.21725e-15,0.000553362
0,5.422561,6.21725e-15,0.0000991726
0,1.818637,2.66454e-15,0.000174684
0,3.057874,8.88178e-15,0.000173084
0,1.704612,4.97380e-13,0.000791573
0,4.492694,7.99361e-15,0.000111209
0,2.623017,3.55271e-15,0.000385870
0,1.020811,5.32907e-15,0.0000548353
0,2.302135,5.32907e-15,0.000377041
0,4.929691,1.08358e-13,0.000165904
0,3.820418,5.77316e-13,0.000373567
0,5.285733,2.04281e-14,0.000250030
0,1.580722,5.32907e-15,0.000623504
0,6.511789,3.19744e-14,0.000100289
0,1.011174,2.66454e-15,0.000297528
0,2.390701,4.44089e-15,0.000119205
0,1.011217,1.29674e-13,0.0000867629
0,2.051122,7.10543e-15,0.0000238092
0,2.64891,3.30402e-13,0.000486923
0,1.009181,3.55271e-15,0.0000596068
0,5.182639,7.99361e-15,0.000563805
0,7.164461,8.88178e-15,0.000112205
0,1.740298,3.28626e-14,0.000147607
0,1.828162,5.60441e-13,0.000435171
0,11.073,3.19744e-14,0.0000264772
0,4.487716,2.75335e-14,0.0000661984
0,3.635277,1.42109e-14,0.000299212
0,1.177437,2.66454e-15,0.000378685
0,3.749394,1.15463e-14,0.0000260797
0,5.351979,2.57572e-14,0.0000979072
0,7.019668,9.96536e-13,0.000294901
0,6.19621,3.19744e-14,0.000255294
0,4.418426,3.55271e-15,0.000353850
0,2.521962,5.24025e-13,0.000865088
0,1.014854,5.32907e-15,0.0000670263
0,9.63069,4.17444e-14,0.000153766
0,3.990878,3.55271e-15,0.000206069
0,3.88714,8.88178e-15,0.000298851
0,2.512806,7.10543e-15,0.000731449
0,5.548704,1.77636e-14,0.0000439692
0,5.523709,7.10543e-15,0.0000696714
0,9.792248,3.37508e-14,0.000274511
0,1.706545,5.50671e-14,0.000356320
0,7.471719,7.10543e-15,0.0000751781
0,3.389115,1.33227e-14,0.000427349
0,2.336253,5.32907e-15,0.000391653
0,9.608777,3.10862e-14,0.0000229415
0,2.140975,1.24345e-13,0.000308747
0,2.222825,8.88178e-15,0.000222819
0,1.415043,8.88178e-15,0.000462641
0,2.942644,7.10543e-15,0.000144163
0,2.895844,4.44089e-15,0.000434813
0,4.942391,1.42109e-14,0.000730795
0,4.027428,1.77636e-14,0.000235695
0,1.008196,6.21725e-14,0.000118120
0,1.299925,1.33227e-13,0.000521300
0,1.261955,7.99361e-14,0.000204301
0,1.717803,2.06946e-13,0.000398544
0,2.284317,3.55271e-15,0.000173555
0,3.774771,7.99361e-15,0.000165473
0,2.15241,4.44089e-15,0.000145757
0,3.70935,1.06581e-14,0.000565813
0,2.919942,5.32907e-15,0.000232404
0,3.638312,3.64153e-13,0.000115304
0,1.860402,4.44089e-15,0.000224425
0,2.199896,5.32907e-13,0.000866057
0,3.520767,3.55271e-15,0.000428714
0,7.322783,6.21725e-15,0.000128588
0,2.734688,7.10543e-15,0.000431254
0,6.754439,1.86517e-14,0.000266387
0,1.003205,6.21725e-15,0.000107133
0,1.618875,5.32907e-15,0.000225371
0,1.014831,3.55271e-15,0.000159221
0,2.316464,6.21725e-15,0.000662835
0,3.900802,5.32907e-15,0.000657192
0,4.189562,1.71418e-13,0.000228995
0,1.462421,8.88178e-15,0.000350641
0,2.097079,9.76996e-15,0.000413098
0,5.24259,8.95284e-13,0.000139033
0,3.864986,1.24345e-14,0.000389806
0,10.55803,5.50671e-14,0.0000192339
0,1.598243,3.55271e-15,0.000279230
0,9.189966,1.06581e-14,0.000210323
0,2.657576,2.66454e-15,0.000121720
0,15.6013,4.35207e-14,0.0000156316
0,2.106993,5.32907e-15,0.000545628
0,3.402804,9.25482e-13,0.000210649
0,3.805685,8.88178e-15,0.000431807
0,2.904729,1.06581e-14,0.000256675
0,3.400631,3.64153e-14,0.000572781
0,2.036635,4.44089e-15,0.0000326094
0,4.779173,2.13163e-14,0.0000827489
0,6.196691,4.88498e-14,0.000149485
0,2.40206,7.99361e-15,0.000843872
0,7.719504,2.22045e-14,0.000309143
0,4.463184,1.95399e-14,0.000451639
0,3.337532,5.32907e-15,0.000484381
0,2.923476,8.88178e-15,0.000182470
0,2.195003,9.76996e-15,0.000953947
0,1.012044,4.44089e-15,0.000128989
0,4.259274,8.88178e-15,0.000409362
0,3.542775,4.44089e-15,0.0000577989
0,4.651931,7.10543e-15,0.000328191
0,9.163433,1.77636e-14,0.000251928
0,3.975113,1.50990e-14,0.0000413360
0,1.980281,2.04281e-14,0.000631226
0,3.500348,6.21725e-15,0.000127226
0,2.871488,9.41469e-13,0.0000993085
0,5.433208,1.86517e-14,0.000335546
0,5.695692,1.86517e-14,0.000161839
0,1.001677,7.10543e-15,0.0000557063
0,5.710817,6.21725e-15,0.000273134
0,3.533961,1.42109e-14,0.000419850
0,4.57861,7.10543e-15,0.0000903933
0,3.494878,1.42109e-14,0.000151673
0,0.9989195,4.52083e-13,0.000206459
0,4.686916,8.88178e-15,0.0000262211
0,2.310106,7.10543e-15,0.000346019
0,10.91193,2.66454e-14,0.0000839346
0,11.19501,2.48690e-14,0.0000405304
0,2.627925,3.55271e-15,0.000396326
0,2.293823,7.10543e-15,0.000186037
0,7.477413,8.88178e-15,0.0000757401
0,3.285378,8.88178e-15,0.0000592638
0,8.324437,1.86517e-14,0.000218174
0,3.45173,1.59872e-14,0.000310505
0,4.786685,5.25802e-13,0.000784806
0,2.348993,9.76996e-15,0.000229361
0,2.086221,9.41469e-14,0.000776716
0,5.006607,1.95399e-14,0.000360028
0,1.810944,6.21725e-15,0.000512959
0,2.176904,6.21725e-15,0.0000125522
0,2.337643,7.99361e-15,0.00000678336
0,1.004069,4.44089e-15,0.000188602
0,4.641299,1.15463e-14,0.000194151
0,4.155034,8.88178e-15,0.000141322
0,2.788692,7.10543e-15,0.0000289185
0,1.42954,7.54952e-14,0.0000301462
0,4.21434,2.75335e-14,0.000307658
0,2.152886,7.99361e-15,0.000756446
0,2.431342,1.10134e-13,0.000504393
0,2.235467,9.76996e-15,0.000435761
0,5.592773,1.59872e-14,0.0000803474
0,4.64413,1.06581e-14,0.000282256
0,1.949349,3.55271e-15,0.000152146
0,3.007573,5.32907e-15,0.0000799399
0,2.946801,3.55271e-15,0.000236419
0,2.716525,3.55271e-15,0.0000507406
0,5.156015,6.21725e-14,0.0000721971
0,1.008789,5.32907e-15,0.0000855712
0,9.116208,2.13163e-14,0.000101619
0,1.603893,3.55271e-15,0.000189774
0,1.921622,2.66454e-15,0.000349486
0,1.85858,5.32907e-15,0.000401944
0,3.769795,8.88178e-15,0.000374394
0,1.006363,1.06581e-14,0.000281730
0,1.865643,1.80300e-13,0.0000248579
0,6.466516,1.77636e-14,0.000244115
0,3.380729,8.88178e-15,0.000527217
0,4.635865,1.59872e-14,0.000539738
0,2.471134,1.24345e-14,0.000854416
0,2.189369,3.92575e-13,0.000309006
0,1.005946,5.32907e-15,0.0000956117
0,3.352495,7.99361e-15,0.000427436
0,2.725503,3.55271e-15,0.000190261
0,3.492956,5.32907e-15,0.000176730
0,4.961618,1.33227e-14,0.0000172475
0,2.378295,3.01092e-13,0.000598839
0,2.289475,1.59872e-14,0.00113689
0,5.651038,7.10543e-15,0.000119585
0,5.879385,1.68754e-14,0.000580530
0,8.823193,2.22045e-14,0.0000121354
0,3.147984,6.21725e-15,0.000271919
0,4.297942,2.30926e-14,0.000551137
0,2.14265,4.44089e-15,0.00000812940
0,1.00689,5.19584e-13,0.0000200949
0,3.519636,2.22045e-14,0.000640722
0,7.651757,1.59872e-14,0.000101138
0,2.257936,5.32907e-15,0.000154943
0,2.107302,1.33227e-14,0.0000228353
0,3.823174,5.32907e-15,0.000420257
0,1.905266,3.55271e-15,0.000322387
0,4.688658,1.77636e-14,0.000308728
0,3.87154,7.10543e-15,0.000811242
0,5.484626,1.22569e-13,0.0000848185
0,2.537578,2.66454e-15,0.000526773
0,5.239306,8.88178e-15,0.000433019
0,2.937365,7.10543e-15,0.0000243554
0,2.734971,1.06581e-14,0.000889581
0,4.693942,4.08562e-14,0.000183275
0,3.034532,1.06581e-14,0.000595894
0,4.406752,7.99361e-15,0.0000376055
0,2.246841,3.55271e-15,0.000889724
0,4.300691,1.68754e-14,0.000536631
0,2.714795,3.55271e-15,0.000253259
0,1.703727,5.63105e-13,0.000278311
0,1.56799,2.48690e-14,0.000119260
0,3.031222,5.32907e-15,0.0000551254
0,1.007264,1.33227e-14,0.0000282163
0,3.547887,7.10543e-15,0.000301758
0,7.342298,2.93099e-14,0.000183341
0,2.745071,1.15463e-14,0.000372169
0,1.598431,8.67750e-13,0.000118056
0,6.531479,9.76996e-15,0.0000153614
0,6.920007,1.95399e-14,0.000252784
0,2.154299,8.34888e-14,0.000118321
0,12.0549,3.10862e-14,0.0000157602
0,4.829921,1.33227e-14,0.000394499
0,5.412307,7.99361e-15,0.000352704
0,4.500403,6.21725e-15,0.000538489
0,9.723558,4.52971e-14,0.000177624
0,7.66505,1.59872e-14,0.0000361345
0,3.847487,1.33227e-14,0.000636881
0,2.684801,3.55271e-15,0.000323435
0,2.360592,2.75335e-14,0.000663941
0,1.886417,7.10543e-15,0.000175997
0,8.375658,3.01981e-14,0.000139125
0,4.191839,1.15463e-14,0.000733354
0,7.313319,2.75335e-14,0.000284949
0,3.008271,7.99361e-15,0.000273230
0,2.48257,7.10543e-15,0.000478184
0,3.099454,4.44089e-15,0.000305285
0,5.525204,1.77636e-14,0.000413682
0,4.263201,2.22045e-14,0.000293671
0,2.049465,1.15463e-14,0.000891068
0,3.401932,9.76996e-15,0.000148246
0,4.501024,1.42109e-14,0.000629912
0,2.243061,4.05009e-13,0.000954970
0,3.430553,5.32907e-15,0.0000505397
0,2.811651,6.51923e-13,0.000410752
0,6.311322,8.88178e-15,0.000409214
0,4.564108,5.32907e-15,0.000469647
0,3.733046,1.42109e-14,0.000153816
0,2.684649,1.42109e-14,0.000187786
0,1.584053,8.34888e-14,0.000407157
0,2.841041,2.31815e-13,0.000402936
0,2.058987,1.57208e-13,0.000344932
0,5.417314,2.22045e-14,0.000295066
0,6.280335,1.50990e-14,0.000189332
0,4.17495,2.22045e-14,0.000169872
0,1.417202,4.44089e-15,0.000105077
0,4.206131,5.32907e-15,0.0000445675
0,5.869431,1.15463e-14,0.0000869596
0,8.384139,1.68754e-14,0.000105765
0,3.554671,1.15463e-14,0.0000704786
0,3.561153,7.10543e-15,0.000897818
0,2.640402,1.15463e-14,0.000900185
0,4.406969,1.59872e-14,0.000524984
0,3.390175,2.66454e-15,0.0000572735
0,1.02701,7.10543e-15,0.0000524495
0,6.760584,9.76996e-15,0.000168603
0,1.706906,2.66454e-15,0.000317286
0,2.186382,8.88178e-15,0.000435387
0,1.584804,2.66454e-15,0.000550464
0,2.987231,7.99361e-15,0.0000893475
0,2.554821,8.88178e-15,0.000595352
0,6.475013,7.10543e-15,0.000171316
0,1.872668,1.77636e-15,0.00100787
0,3.115993,4.44089e-15,0.000485878
0,4.488088,9.88543e-13,0.000232481
0,7.462601,8.88178e-15,0.0000646696
0,3.371314,1.59872e-14,0.000197565
0,10.53016,1.86517e-14,0.000132508
0,7.88388,6.21725e-15,0.000281294
0,1.003902,2.66454e-15,0.000177628
0,3.710519,6.21725e-15,0.000217113
0,2.279,4.44089e-15,0.000275574
0,2.315343,7.10543e-15,0.000797948
0,3.303071,4.44089e-15,0.0000535016
0,4.228839,1.77636e-14,0.000600774
0,3.112632,1.15463e-14,0.000125558
0,2.127986,3.55271e-15,0.0000236783
0,8.262439,1.06581e-14,0.000217240
0,5.762763,1.68754e-14,0.0000477551
0,1.249391,4.44089e-15,0.0000320513
0,2.502963,9.76996e-15,0.0000304669
0,2.687087,1.06581e-14,0.00112338
0,3.011621,1.11022e-13,0.000778662
0,3.992178,2.75335e-14,0.000308070
0,3.195777,9.76996e-15,0.000200947
0,4.88867,8.88178e-15,0.0000766038
0,1.739733,5.63105e-13,0.000604178
0,4.27236,2.66454e-14,0.000255967
0,4.717028,1.24345e-14,0.000252870
0,4.745718,1.33227e-14,0.000260726
0,6.538613,9.76996e-15,0.000135465
0,5.216436,2.48690e-14,0.000179177
0,3.2049,6.21725e-15,0.0000514635
0,4.385419,6.21725e-15,0.000323205
0,2.962522,7.10543e-15,0.000155416
0,5.695924,7.99361e-15,0.000528658
0,1.002298,8.88178e-15,0.0000130913
0,2.970611,1.50990e-13,0.000652183
0,4.56038,2.48690e-14,0.000227404
0,4.452042,6.75016e-14,0.0000500256
0,3.792888,7.19425e-14,0.000812572
0,2.178813,7.99361e-15,0.000613010
0,1.007742,7.10543e-15,0.000118832
0,3.183248,7.99361e-15,0.000126678
0,3.301055,6.21725e-15,0.000289788
0,4.27002,7.99361e-15,0.0000966878
0,0.9965978,5.32907e-15,0.0000491419
0,3.320547,7.99361e-15,0.000674174
0,5.204938,9.76996e-15,0.000411807
0,3.800602,2.04281e-14,0.000554563
0,1.365356,4.78728e-13,0.0000484219
0,1.026811,3.55271e-15,0.0000613489
0,4.76487,7.72715e-14,0.0000261800
0,7.834228,1.06581e-14,0.000197173
0,5.193576,7.10543e-15,0.00000938078
0,2.561932,5.55112e-13,0.0000607890
0,3.969266,1.59872e-14,0.000212313
0,1.805558,8.88178e-15,0.000454715
0,4.813464,2.30926e-14,0.000225931
0,2.5663,4.44089e-15,0.000356551
0,4.168074,1.24345e-14,0.000533300
0,10.72204,4.96492e-13,0.000115574
0,3.336656,7.99361e-15,0.000647705
0,2.284641,8.88178e-15,0.000163052
0,3.89555,4.44089e-15,0.000268848
0,2.935628,2.65565e-13,0.000298929
0,11.29493,6.57252e-14,0.000120599
0,1.008383,1.68754e-14,0.000285497
0,1.011698,4.44089e-15,0.000136498
0,1.009981,3.55271e-15,0.000118770
0,1.315419,2.66454e-15,0.0000331914
0,4.805776,2.04281e-14,0.0000943323
0,2.295764,5.32907e-15,0.000991346
0,7.31295,2.48690e-14,0.000222115
0,5.53638,2.39808e-14,0.000390025
0,4.425591,4.44089e-15,0.000354230
0,2.46346,6.21725e-15,0.000540258
0,7.212054,1.15463e-14,0.000495260
0,5.048713,3.01981e-14,0.0000224001
0,4.171216,1.86517e-14,0.000365643
0,1.602579,7.10543e-15,0.000579185
0,1.714874,3.55271e-15,0.000572184
0,4.162021,1.06581e-14,0.000382672
0,7.687371,7.99361e-15,0.0000966304
0,5.626522,7.99361e-15,0.000475912
0,13.07227,4.52971e-14,0.0000464864
0,2.188959,2.66454e-15,0.0000426056
0,6.582003,1.06581e-14,0.000201132
0,2.448959,5.32907e-15,0.0000894554
0,5.428204,1.15463e-14,0.000607159
0,5.034626,1.68754e-14,0.00000872077
0,3.313154,8.88178e-15,0.000661653
0,3.450371,7.10543e-15,0.000112513
0,3.103017,1.06581e-14,0.000245938
0,4.609289,7.99361e-15,0.0000592378
0,4.715874,3.10862e-14,0.000104853
0,3.508485,1.33227e-14,0.0000208020
0,2.71152,8.88178e-15,0.0000429055
0,6.532055,9.76996e-15,0.000250364
0,1.019885,1.77636e-15,0.000101919
0,3.967849,1.95399e-14,0.000269579
0,2.779779,6.21725e-15,0.000122174
0,9.969536,4.97380e-14,0.0000418024
0,2.31895,3.55271e-15,0.00101517
0,8.904984,3.90799e-14,0.000204341
0,4.044356,3.64153e-14,0.000389506
0,1.857711,7.10543e-15,0.000553713
0,1.006665,3.55271e-15,0.000176680
0,1.011302,7.99361e-15,0.000120990
0,3.310505,7.10543e-15,0.000858194
0,1.007295,4.44089e-15,0.0000590024
0,1.004359,2.66454e-15,0.000130676
0,1.006769,9.76996e-15,0.000211257
0,1.005401,5.60441e-13,0.0000275375
0,3.068899,5.32907e-15,0.000592007
0,2.436087,3.23297e-13,0.000610719
0,4.690969,1.15463e-14,0.000657350
0,3.830081,1.77636e-14,0.000739343
0,9.500254,8.88178e-15,0.000154040
0,4.953106,7.10543e-15,0.000335004
0,1.862683,4.92939e-13,0.000448889
0,5.648052,8.88178e-15,0.000257934
0,2.541504,3.55271e-15,0.000454127
0,1.587263,4.44089e-15,0.000212919
0,1.968389,4.17444e-14,0.00106874
0,3.740837,4.44089e-15,0.000469020
0,3.741816,7.77156e-13,0.000108736
0,1.065707,4.44089e-15,0.0000796045
0,2.116635,4.44089e-15,0.000155108
0,2.566365,5.32907e-15,0.00104178
0,1.859427,6.21725e-15,0.000207175
0,1.019293,7.99361e-15,0.00000737497
0,1.014404,4.44089e-15,0.000312222
0,2.492639,5.32907e-15,0.000358776
0,4.976176,1.42109e-14,0.000460582
0,5.71837,2.48690e-14,0.000406686
0,2.617141,1.40332e-13,0.000989245
0,3.464189,3.55271e-15,0.000695711
0,1.340844,7.10543e-15,0.000381794
0,10.71356,6.57252e-14,0.000225495
0,2.154589,3.55271e-15,0.000596392
0,7.364482,2.84217e-14,0.000145585
0,3.781853,1.06581e-14,0.000137144
0,2.138958,8.88178e-15,0.000135755
0,3.168128,6.21725e-15,0.000334272
0,1.004383,6.09290e-13,0.0000146576
0,3.308493,2.92211e-13,0.000734590
0,2.77684,5.32907e-15,0.0000936320
0,3.151846,1.59872e-14,0.000609265
0,1.002793,7.99361e-15,0.0000269260
0,4.025351,1.24345e-14,0.000546232
0,3.432799,1.15463e-14,0.000173681
0,2.943159,1.33227e-14,0.000160395
0,3.498469,1.33227e-14,0.0000192519
0,3.498301,7.10543e-15,0.000472920
0,1.007126,2.66454e-15,0.0000911536
0,7.660277,1.77636e-14,0.000110686
0,15.00054,3.90799e-14,0.0000187211
0,2.521997,1.24345e-14,0.000463933
0,1.558016,1.44773e-13,0.0000779485
0,5.608255,1.50990e-14,0.0000425520
0,1.00748,2.66454e-15,0.0000272081
0,3.526029,1.77636e-14,0.000495094
0,2.320196,4.44089e-15,0.000419165
0,7.767467,9.76996e-15,0.0000836320
0,1.933751,1.01252e-13,0.000331022
0,4.675808,4.88498e-14,0.0000305679
0,3.45807,1.15463e-14,0.000301135
0,4.343292,2.04281e-14,0.000505753
0,1.86804,1.06581e-14,0.000948999
0,7.105064,1.50990e-14,0.000206867
0,1.007214,1.42109e-14,0.0000751657
0,3.655713,6.21725e-15,0.0000172160
0,1.00896,8.88178e-15,0.0000340824
0,4.887876,2.84217e-14,0.000108492
0,3.062089,6.21725e-15,0.000708008
0,2.577166,6.21725e-15,0.000396202
0,2.577086,2.66454e-15,0.000335315
0,3.025788,6.21725e-15,0.000378756
0,1.839653,3.55271e-15,0.000273028
0,7.86785,1.68754e-14,0.000143671
0,2.749142,6.21725e-15,0.000164243
0,7.446273,1.05693e-13,0.000323313
0,1.487321,4.44089e-15,0.000126174
0,9.216231,2.30926e-14,0.000369365
0,7.794877,3.62377e-13,0.0000884444
0,2.475392,3.55271e-15,0.00108780
0,8.85474,3.64153e-14,0.000124765
0,1.175297,1.06581e-14,0.000259841
0,4.841471,5.32907e-15,0.000112737
0,2.587348,7.99361e-15,0.000204838
0,11.63254,5.32907e-14,0.000259308
0,3.993869,1.42109e-14,0.000496828
0,2.488621,3.55271e-15,0.000417072
0,8.857116,3.99680e-14,0.000132554
0,4.530636,1.77636e-14,0.000204413
0,7.947398,2.57572e-14,0.000239167
0,7.318914,1.95399e-14,0.000294132
0,2.23452,7.99361e-15,0.000268654
0,10.01403,1.11910e-13,0.0000182759
0,1.010945,1.50990e-13,0.000123894
0,2.924061,1.33227e-14,0.000207424
0,2.692852,4.44089e-15,0.0000751994
0,1.261956,5.32907e-15,0.000257782
0,2.772575,5.44453e-13,0.000110363
0,7.361585,7.99361e-15,0.000343461
0,2.666502,2.65565e-13,0.000426475
0,1.632095,4.44089e-15,0.0000570160
0,4.459843,1.42109e-14,0.000106901
0,6.138406,2.04281e-14,0.000275049
0,1.368621,4.44089e-15,0.000384681
0,2.777181,1.24345e-14,0.000403575
0,2.749091,5.32907e-15,0.000601547
0,1.008122,6.21725e-15,0.0000313695
0,1.425303,3.55271e-15,0.000215423
0,7.824729,4.44089e-15,0.000142703
0,2.122504,7.10543e-14,0.000846996
0,3.724872,8.88178e-15,0.000132618
0,1.889254,6.20837e-13,0.000324267
0,3.285388,3.55271e-15,0.000192115
0,2.213562,3.55271e-15,0.000230973
0,6.007513,5.35572e-13,0.000588726
0,3.184408,3.55271e-15,0.000808844
0,2.034648,9.76996e-15,0.0000234721
0,3.955451,2.04281e-14,0.000391835
0,1.009108,6.21725e-15,0.0000748836
0,1.011637,3.55271e-15,0.0000511906
0,3.609395,7.10543e-15,0.000473230
0,9.089442,1.42109e-14,0.0000769973
0,4.140742,2.93099e-14,0.000168071
0,4.815645,3.10862e-14,0.00000318369
0,1.99693,6.21725e-15,0.000182240
0,1.003775,4.44089e-15,0.000110259
0,1.018555,2.22045e-14,0.000269322
0,2.331674,8.88178e-15,0.000725690
0,3.170322,3.55271e-15,0.000721225
0,2.086038,5.32907e-15,0.000836414
0,3.269369,5.32907e-15,0.000205008
0,2.549475,2.66454e-15,0.00000378146
0,4.414662,6.21725e-15,0.0000724391
0,5.338024,4.47642e-13,0.000156468
0,7.624483,7.19425e-14,0.000101859
0,9.450588,3.46390e-14,0.000175085
0,6.69252,2.75335e-14,0.000147639
0,2.262724,7.10543e-15,0.000302526
0,9.038849,1.77636e-14,0.0000647629
0,7.624914,7.99361e-15,0.000365078
0,3.569094,1.68754e-14,0.000385819
0,7.253907,1.95399e-14,0.000145349
0,7.705743,7.10543e-15,0.0000562975
0,1.018388,4.44089e-15,0.000163326
0,1.844891,4.44089e-15,0.000111159
0,1.841811,5.32907e-15,0.000298079
0,2.350576,7.10543e-15,0.000599893
0,2.915558,6.21725e-15,0.000256109
0,2.27588,7.99361e-15,0.0000760801
0,1.01456,7.10543e-15,0.000116549
0,3.156388,5.32907e-15,0.000518798
0,2.837312,1.15463e-14,0.000159689
0,1.010897,3.37508e-13,0.0000442708
0,5.06945,1.50990e-14,0.0000164150
0,2.022587,3.82805e-13,0.000503690
0,2.687178,1.24345e-14,0.00118434
0,3.549207,5.32907e-15,0.000251071
0,2.142942,7.99361e-15,0.000841584
0,5.749711,2.48690e-14,0.0000566266
0,1.713824,3.55271e-15,0.000195134
0,7.43984,1.06581e-14,0.0000715661
0,15.64225,8.92619e-13,0.0000252744
0,5.911178,3.55271e-14,0.000135841
0,7.749595,1.15463e-14,0.000334030
0,3.06604,3.55271e-15,0.00000273739
0,1.007913,7.99361e-15,0.0000646454
0,9.515739,1.86517e-14,0.000130349
0,8.404828,4.61853e-14,0.000344436
0,2.233501,4.44089e-15,0.000974511
0,2.896425,6.21725e-15,0.000886359
0,7.995261,1.33227e-14,0.000122585
0,9.906377,1.42109e-14,0.000267933
0,5.019894,1.15463e-14,0.0000279739
0,2.216528,7.44294e-13,0.000738254
0,4.533042,1.42109e-14,0.000427408
0,1.009938,5.32907e-15,0.000219131
0,1.800845,1.24345e-13,0.000293217
0,4.496049,1.06581e-14,0.000606565
0,4.473176,2.30926e-14,0.000669131
0,5.383337,1.33227e-14,0.00000312226
0,5.51926,1.50990e-14,0.000306246
0,1.001041,4.44089e-15,0.0000247222
0,4.431146,5.32907e-15,0.000139894
0,4.257696,9.53904e-13,0.000171392
0,1.005829,1.51879e-13,0.000152453
0,8.588982,1.50990e-14,0.000336856
0,1.006516,3.55271e-15,0.0000271975
0,3.618807,5.32907e-15,0.000390099
0,6.896971,1.59872e-14,0.000250156
0,3.173154,1.15463e-14,0.000777821
0,6.48914,1.06581e-14,0.0000337178
0,1.893446,6.21725e-14,0.000340129
0,7.363219,1.24345e-14,0.000527166
0,1.228552,7.10543e-15,0.000171913
0,4.863211,2.39808e-14,0.000583202
0,3.200274,1.77636e-15,0.000587741
0,1.593021,2.66454e-14,0.0000204874
0,3.088805,5.32907e-15,0.000508484
0,3.726851,9.76996e-15,0.000521325
0,7.03401,1.59872e-14,0.000163482
0,8.119374,1.59872e-14,0.000285045
0,2.728177,8.88178e-15,0.000443006
0,1.000209,7.10543e-15,0.0000792953
0,5.57482,8.88178e-15,0.000554522
0,1.003514,1.15463e-14,0.000215942
0,11.43867,1.06581e-14,0.0000908894
0,3.808839,1.33227e-14,0.000649940
0,11.07042,1.59872e-14,0.0000733157
0,1.885753,2.66454e-15,0.000421298
0,1.013699,3.19744e-14,0.0000527653
0,7.28063,7.10543e-15,0.0000305597
0,3.507473,7.99361e-15,0.000714579
0,1.009158,5.32907e-15,0.000170200
0,9.905285,1.86517e-14,0.0000859397
0,5.133331,1.86517e-14,0.000229608
0,2.933672,1.06581e-14,0.000184151
0,6.675348,1.50990e-14,0.0000858852
0,4.420338,1.95399e-14,0.000132099
0,3.003299,7.99361e-15,0.000519071
0,3.66976,7.10543e-15,0.0000941531
0,2.249379,5.32907e-15,0.000607655
0,3.255067,6.82121e-13,0.000819208
0,2.993652,5.32907e-15,0.000695227
0,1.449836,5.32907e-15,0.00000612645
0,4.090656,1.77636e-14,0.000360059
0,0.988385,2.66454e-15,0.0000354312
0,1.014706,3.55271e-15,0.0000208289
0,6.03181,8.88178e-15,0.000441354
0,7.20819,1.50990e-14,0.000293694
0,3.196083,7.10543e-15,0.000160960
0,1.740008,5.32907e-15,0.0000582742
0,3.987054,1.68754e-14,0.0000408477
0,8.659613,2.93099e-14,0.0000815211
0,4.84399,7.10543e-15,0.000724105
0,4.017142,6.66134e-14,0.000124965
0,6.898337,2.04281e-14,0.000313295
0,2.320883,8.88178e-15,0.000191334
0,7.296883,5.54223e-13,0.000336831
0,3.070896,9.76996e-14,0.000418297
0,5.657481,9.68114e-14,0.0000514480
0,1.997904,5.32907e-15,0.000794272
0,4.047246,1.15463e-14,0.000191927
0,5.771832,3.55271e-14,0.000146451
0,4.004877,5.68434e-14,0.0000664660
0,3.17972,1.59872e-14,0.000403709
0,5.782992,2.84217e-14,0.000420555
0,12.15156,3.90799e-14,0.0000784971
0,1.008841,7.99361e-15,0.0000849360
0,1.009984,6.21725e-14,0.000130642
0,1.249007,7.99361e-15,0.000169915
0,4.93815,2.13163e-14,0.000165963
0,3.03837,1.42109e-14,0.000580790
0,3.10571,7.10543e-15,0.000272501
0,1.23552,8.88178e-15,0.000155590
0,7.538484,7.10543e-15,0.000158298
0,9.177033,1.24345e-14,0.000145788
0,1.460066,4.17444e-14,0.000366891
0,2.572197,9.76996e-15,0.000324980
0,2.918921,8.88178e-15,0.000353952
0,1.800034,1.77636e-13,0.000315387
0,2.233783,6.21725e-15,0.000371192
0,2.190029,8.88178e-15,0.000608877
0,1.008816,3.55271e-15,0.0000728703
0,8.212609,2.25597e-13,0.000148497
0,2.835081,6.21725e-15,0.000432973
0,1.00406,7.10543e-15,0.000301256
0,2.824237,1.15463e-14,0.0000348990
0,3.545831,8.88178e-15,0.000490643
0,3.031492,4.44089e-15,0.000180419
0,10.16799,4.61853e-14,0.000237094
0,9.738203,1.42109e-14,0.000188075
0,0.9992315,4.44089e-15,0.0000370398
0,4.179103,4.83169e-13,0.000674860
0,4.674605,1.24345e-14,0.000739259
0,7.834274,2.57572e-14,0.00000113287
0,8.177678,1.77636e-14,0.000295818
0,2.148299,2.66454e-15,0.00108933
0,5.471597,1.24345e-14,0.000114038
0,1.807019,2.66454e-15,0.000180667
0,2.005829,7.01661e-14,0.000539727
0,1.002916,3.55271e-15,0.000136567
0,3.601254,7.10543e-15,0.000769724
0,2.425532,6.21725e-15,0.000111998
0,2.968221,7.37188e-14,0.000215599
0,2.016702,3.55271e-15,0.000209189
0,1.674162,3.55271e-15,0.0000746632
0,6.645834,1.06581e-14,0.000100831
0,3.584167,1.50990e-14,0.000840680
0,2.533446,4.44089e-15,0.000297231
0,2.51524,6.21725e-15,0.000178135
0,5.955437,1.42109e-14,0.000106050
0,1.431014,2.66454e-15,0.0000603748
0,4.06161,4.03233e-13,0.000377722
0,5.215137,7.99361e-15,0.000669594
0,2.570738,5.32907e-15,0.000429866
0,2.304184,4.44089e-15,0.0000324731
0,5.660592,1.59872e-14,0.000344138
0,2.278808,9.76996e-15,0.000615394
0,1.6702,3.55271e-15,0.000602142
0,2.936596,8.88178e-15,0.000566591
0,3.478543,7.10543e-15,0.000378883
0,5.1068,9.76996e-15,0.000192955
0,5.652901,1.15463e-14,0.000392587
0,5.829427,1.24345e-14,0.000435644
0,2.4737,5.57776e-13,0.000161489
0,2.231546,1.06581e-14,0.000248484
0,4.388635,6.21725e-15,0.000435325
0,3.763439,5.32907e-15,0.0000245541
0,1.252054,3.55271e-15,0.000114745
0,6.439194,7.99361e-15,0.000268923
0,4.978234,1.15463e-14,0.000466114
0,8.019052,2.04281e-14,0.000126430
0,3.853675,7.99361e-15,0.000557800
0,2.208737,8.88178e-15,0.00108543
0,2.255909,9.14824e-14,0.00000256442
0,4.785904,1.24345e-14,0.00000819004
0,5.918397,5.32907e-15,0.0000547543
0,8.433455,1.15463e-14,0.0000760099
0,1.003187,5.87974e-13,0.00000721103
0,11.32693,3.55271e-14,0.000149915
0,1.025616,5.32907e-15,0.000135120
0,4.022693,9.76996e-15,0.000151237
0,4.642427,1.50990e-14,0.0000337360
0,9.833792,4.17444e-14,0.0000535618
0,3.963113,5.32907e-15,0.000351110
0,4.937246,2.75335e-14,0.000206696
0,5.456707,2.39808e-14,0.000178756
0,3.180591,1.15463e-14,0.000751603
0,6.143589,4.46754e-13,0.000141721
0,3.295487,1.48326e-13,0.000402137
0,3.491842,6.21725e-15,0.000486186
0,2.76695,3.55271e-15,0.000581172
0,2.349732,7.10543e-15,0.000485472
0,1.957696,6.21725e-15,0.000806230
0,11.17218,6.92779e-14,0.0000236057
0,6.104452,1.59872e-14,0.000240530
0,9.153279,8.88178e-15,0.000246870
0,4.579767,2.04281e-14,0.0000633685
0,1.883249,1.33227e-14,0.000179764
0,10.64574,3.37508e-14,0.0000958094
0,7.259491,9.76996e-15,0.000109900
0,2.239497,7.10543e-15,0.000213492
0,8.241659,3.01981e-14,0.000237445
0,2.623163,3.55271e-15,0.000169430
0,9.626173,5.68434e-14,0.000109211
0,6.69833,1.50990e-14,0.000168936
0,4.56116,1.86517e-14,0.0000786630
0,2.272042,1.43885e-13,0.000212548
0,6.445093,2.30926e-14,0.000278734
0,1.222409,5.32907e-15,0.000412584
0,2.770885,3.55271e-15,0.0000816342
0,2.350912,1.06581e-14,0.000220001
0,6.457599,8.88178e-15,0.0000470051
0,2.667215,7.99361e-15,0.000190271
0,2.423953,8.88178e-15,0.000328731
0,6.288297,7.10543e-15,0.0000727761
0,5.455637,2.63789e-13,0.0000950636
0,1.012732,3.55271e-15,0.0000834840
0,2.861515,4.44089e-15,0.000217382
0,4.654851,8.88178e-15,0.000224729
0,1.007348,2.66454e-15,0.000222445
0,2.798838,1.15463e-14,0.000482686
0,2.901886,7.10543e-15,0.000184881
0,3.499948,7.99361e-15,0.000379161
0,1.209975,2.66454e-15,0.000185244
0,1.747431,7.10543e-15,0.000525016
0,3.489504,6.21725e-15,0.000219742
0,2.189705,3.55271e-15,0.0000378386
0,2.096195,9.76996e-15,0.000359409
0,2.681299,5.32907e-15,0.000507050
0,4.880534,2.30926e-14,0.0000598130
0,3.994063,8.88178e-15,0.0000638141
0,11.29284,6.57252e-14,0.0000261724
0,2.854416,4.23661e-13,0.000463971
0,2.887238,3.55271e-15,0.000891811
0,2.640381,8.88178e-15,0.000435023
0,4.136679,8.88178e-15,0.000542070
0,1.434591,4.38760e-13,0.000333476
0,3.795819,4.84057e-13,0.000622579
0,2.067923,3.55271e-15,0.0000249928
0,4.324424,7.99361e-15,0.000390728
0,2.319075,4.67182e-13,0.000713846
0,7.329413,2.39808e-14,0.0000719636
0,1.109181,2.39808e-14,0.000233206
0,4.502196,1.06581e-14,0.000512550
0,3.500826,3.55271e-15,0.000517941
0,8.654596,2.82441e-13,0.000147024
0,1.002963,7.99361e-15,0.0000547944
0,3.620929,8.88178e-15,0.000125346
0,9.814656,1.68754e-14,0.0000878955
0,1.007844,3.55271e-15,0.0000677589
0,2.861727,3.37508e-14,0.000743016
0,1.77192,2.66454e-15,0.000160393
0,2.155837,4.44089e-15,0.000936596
0,1.597658,5.32907e-15,0.000282719
0,1.733557,8.88178e-15,0.000437899
0,6.307241,2.84217e-14,0.000148139
0,5.082451,4.08562e-14,0.000278392
0,5.102757,7.99361e-15,0.000150770
0,5.935914,2.30926e-14,0.000493090
0,2.023488,4.44089e-15,0.000170134
0,3.181999,8.88178e-15,0.000681862
0,10.00435,1.01252e-13,0.000205578
0,3.753345,4.44089e-15,0.000822100
0,4.775347,1.06581e-14,0.000183506
0,5.726331,1.95399e-14,0.0000883715
0,4.137057,9.76996e-15,0.000726815
0,6.169618,2.84217e-14,0.000420648
0,2.908643,2.08722e-13,0.000178491
0,2.363092,3.17968e-13,0.0000383049
0,4.279577,1.15463e-14,0.000105986
0,4.591924,1.68754e-14,0.000253916
0,1.890032,2.66454e-15,0.000310337
0,3.476998,1.33227e-14,0.000416580
0,9.256378,1.33227e-14,0.0000412101
0,1.534445,2.75335e-14,0.000368077
0,3.318559,8.88178e-15,0.000167352
0,1.020857,1.77636e-15,0.0000384110
0,4.447805,1.06581e-14,0.000514700
0,5.7046,1.77636e-14,0.000211418
0,3.213607,8.88178e-15,0.000493294
0,1.463107,2.66454e-15,0.000781168
0,7.43786,1.50990e-14,0.000263112
0,2.606207,6.21725e-15,0.000174960
0,2.161917,5.06262e-13,0.000176913
0,2.578619,5.32907e-15,0.000243724
0,2.899005,7.10543e-15,0.000186231
0,3.155757,4.44089e-15,0.000673155
0,7.176109,3.19744e-14,0.000127102
0,5.110566,9.76996e-15,0.000316787
0,2.517599,6.21725e-15,0.000489208
0,1.005101,3.55271e-15,0.0000426412
0,2.370453,4.82281e-13,0.000866041
0,1.902996,3.55271e-15,0.0000624447
0,1.009918,3.55271e-15,0.00000175621
0,1.01849,2.66454e-15,0.000198930
0,2.91673,3.46390e-14,0.0000146126
0,2.558333,4.44089e-15,0.000405094
0,2.11784,5.32907e-15,0.000146228
0,3.795975,1.42109e-14,0.0000109341
0,1.981477,1.90070e-13,0.000905293
0,11.422,5.77316e-14,0.0000135249
0,5.56351,1.15463e-14,0.0000653624
0,4.256007,1.15463e-14,0.000316487
0,2.349678,3.55271e-15,0.000251264
0,2.222325,2.66454e-15,0.000456285
0,8.968619,1.68754e-14,0.000302725
0,3.972762,2.48690e-14,0.0000620546
0,2.819666,5.32907e-15,0.000137757
0,2.636394,5.32907e-15,0.000550382
0,3.645601,3.55271e-15,0.0000656111
0,4.455141,8.88178e-15,0.000211067
0,4.493025,1.24345e-14,0.000137927
0,15.36314,2.57572e-14,0.0000983173
0,2.846234,8.38440e-13,0.00104135
0,5.012569,4.44089e-15,0.0000615794
0,2.956886,7.10543e-15,0.000222615
0,6.071087,5.32907e-15,0.000304765
0,2.644714,3.73035e-14,0.000685228
0,3.690981,3.55271e-15,0.000582004
0,3.299003,5.32907e-15,0.000467077
0,2.118714,1.86517e-14,0.000254494
0,3.379193,2.66454e-15,0.000536953
0,7.743155,1.77636e-14,0.000291088
0,11.4675,3.46390e-14,0.000148337
0,1.93476,1.77636e-15,0.000147850
0,5.000288,3.73035e-14,0.0000370190
0,3.834229,1.42109e-14,0.000214474
0,3.615624,7.10543e-15,0.000373462
0,3.318502,5.68434e-14,0.0000800868
0,7.469441,1.77636e-14,0.0000163554
0,4.389456,1.24345e-14,0.000214060
0,4.835067,9.76996e-15,0.000527583
0,7.476,1.54543e-13,0.000150006
0,3.509926,7.10543e-15,0.000444349
0,7.951854,1.95399e-14,0.0000536977
0,6.265011,3.10862e-13,0.000147886
0,1.010863,3.55271e-15,0.000100376
0,4.868407,1.50990e-14,0.000437940
0,7.946595,3.37508e-13,0.0000311235
0,1.017848,6.21725e-15,0.000108099
0,4.999594,1.95399e-14,0.000711113
0,5.0021,3.10862e-14,0.0000747524
0,3.986702,1.50990e-14,0.000140856
0,3.48913,1.24345e-14,0.000416255
0,2.170068,8.88178e-15,0.000163936
0,3.941721,1.24345e-14,0.0000119342
0,1.795427,1.77636e-15,0.00102508
0,3.496448,7.99361e-15,0.000240900
0,16.23419,5.68434e-14,0.00000421633
0,4.748528,1.33227e-14,0.000783014
0,1.006541,7.99361e-15,0.0000539675
0,3.86756,7.10543e-15,0.000605735
0,10.41887,2.66454e-14,0.000177840
0,2.437224,7.10543e-15,0.000423298
0,2.51622,5.32907e-15,0.000954089
0,7.486029,1.42109e-14,0.000143925
0,8.896889,1.59872e-14,0.000229672
0,1.011104,3.55271e-15,0.0000649894
0,1.766851,3.19744e-14,0.0000820458
0,10.56563,2.75335e-14,0.000179244
0,2.09114,4.44089e-15,0.00000182134
0,5.542079,7.10543e-15,0.0000802643
0,2.598359,3.55271e-15,0.0000536772
0,2.816468,6.21725e-15,0.000346316
0,4.535202,1.59872e-14,0.000101172
0,1.883067,7.10543e-15,0.000735645
0,5.374189,1.33227e-14,0.000146928
0,4.022778,1.06581e-14,0.000929883
0,2.04838,5.32907e-15,0.000522623
0,1.477095,4.08562e-14,0.000330363
0,2.258432,1.59872e-14,0.0000323938
0,2.227599,5.32907e-15,0.000364790
0,4.33853,2.41585e-13,0.000279257
0,4.338538,9.76996e-15,0.0000321241
0,2.303534,3.64153e-13,0.000494255
0,13.40244,3.19744e-14,0.0000295202
0,1.003181,9.76996e-15,0.0000392353
0,1.935227,2.66454e-15,0.000387697
0,2.06531,2.66454e-15,0.000585613
0,3.968637,5.32907e-15,0.000587541
0,5.450695,3.19744e-14,0.000304435
0,3.719527,5.32907e-15,0.000481233
0,3.310661,5.32907e-15,0.0000751045
0,1.015451,1.77636e-15,0.0000659750
0,8.466961,1.33227e-14,0.000136824
0,2.075289,8.88178e-15,0.000633597
0,2.162427,3.55271e-15,0.0000319319
0,3.952881,1.33227e-14,0.000551006
0,4.243337,1.59872e-14,0.000902988
0,5.253726,1.24345e-14,0.0000120359
0,2.885309,4.44089e-15,0.000298324
0,6.259645,7.99361e-15,0.0000855695
0,1.59036,7.99361e-15,0.000290901
0,4.394563,1.59872e-14,0.000277541
0,4.117807,1.06581e-14,0.000358689
0,2.649811,7.10543e-15,0.000890602
0,2.554575,1.04805e-13,0.000963974
0,9.19142,1.50990e-14,0.0000275201
0,1.967358,2.66454e-15,0.000242878
0,11.92566,2.39808e-14,0.000231751
0,3.812132,2.66454e-14,0.000320425
0,2.960609,7.10543e-15,0.000266754
0,1.469073,2.66454e-15,0.000456501
0,4.858511,9.76996e-15,0.0000492194
0,2.893383,1.24345e-14,0.000159663
0,2.200013,1.06581e-14,0.000240590
0,3.682203,5.32907e-15,0.000222719
0,4.298147,1.24345e-14,0.0000416193
0,8.766494,1.06581e-14,0.000244321
0,3.707289,9.76996e-15,0.000884523
0,1.338844,5.32907e-15,0.000275777
0,2.577715,4.44089e-15,0.000407698
0,3.375652,3.55271e-15,0.000899198
0,1.730983,7.51399e-13,0.000139781
0,1.750905,7.10543e-15,0.0000518219
0,1.008654,2.66454e-15,0.000123306
0,3.198559,4.44089e-15,0.000483881
0,1.004974,6.21725e-15,0.000109806
0,3.663134,9.76996e-15,0.000719617
0,4.191747,7.37188e-14,0.000846605
0,7.870893,1.59872e-14,0.000213523
0,2.752676,1.42109e-14,0.000176407
0,7.372194,1.33227e-14,0.000234352
0,12.82581,1.86517e-14,0.00000643817
0,7.788403,9.76996e-15,0.000176035
0,4.100113,6.22613e-13,0.0000758327
0,4.432512,9.76996e-15,0.000455935
0,2.272522,9.76996e-15,0.000125060
0,3.304395,6.21725e-15,0.000152040
0,2.82702,5.32907e-15,0.000392740
0,3.790467,7.99361e-15,0.000336374
0,1.020585,1.77636e-15,0.000245903
0,7.765498,8.88178e-15,0.000223896
0,6.276106,1.77636e-14,0.000146641
0,2.517609,2.91323e-13,0.000340524
0,1.012345,7.08766e-13,0.0000784252
0,16.43837,6.92779e-14,0.0000238902
0,7.233457,1.86517e-14,0.000237620
0,1.659334,5.52447e-13,0.000513069
0,4.029169,5.32907e-14,0.000308356
0,1.781498,5.32907e-13,0.000642413
0,1.008379,7.10543e-15,0.0000371379
0,1.464577,8.88178e-15,0.000500996
0,4.12012,3.55271e-15,0.000224605
0,4.196992,2.04281e-14,0.000405551
0,5.124122,2.11386e-13,0.000131023
0,4.376839,3.55271e-15,0.000124850
0,1.449718,1.42109e-14,0.000203520
0,1.006676,4.44089e-15,0.0000381100
0,3.197983,7.99361e-15,0.000343492
0,1.703479,8.43769e-14,0.000198026
0,1.345384,3.55271e-15,0.000324166
0,3.724392,6.21725e-15,0.00000892241
0,7.387322,1.86517e-14,0.0000538063
0,3.100177,7.10543e-15,0.0000373599
0,4.677802,3.42837e-13,0.000568394
0,6.125155,3.37508e-14,0.0000919379
0,1.005913,4.44089e-15,0.000204002
0,4.690959,1.68754e-14,0.000390009
0,2.171352,4.44089e-15,0.000143331
0,8.161888,1.50990e-14,0.000228300
0,8.157108,8.88178e-15,0.0000974918
0,1.012602,2.66454e-15,0.000271132
0,4.025024,3.73035e-13,0.0000895993
0,1.015314,3.55271e-15,0.00000330071
0,7.486975,7.10543e-15,0.000348808
0,3.258588,4.44089e-15,0.000326399
0,1.882705,5.89750e-13,0.0000132550
0,7.893593,8.88178e-15,0.000451371
0,3.812596,7.10543e-15,0.000583737
0,4.801344,2.22045e-14,0.000324025
0,1.004072,1.42109e-14,0.000111638
0,4.333328,9.76996e-15,0.000418211
0,1.850061,7.99361e-15,0.0000588478
0,1.007543,3.55271e-15,0.0000420150
0,9.395561,9.76996e-15,0.000236443
0,5.792411,2.48690e-14,0.000423739
0,4.827282,2.93099e-14,0.0000209605
0,0.9976587,5.32907e-15,0.0000815986
0,6.536767,7.10543e-15,0.000442140
0,1.311612,6.39488e-14,0.0000628216
0,3.542322,7.99361e-15,0.000591610
0,2.574363,3.92575e-13,0.000690770
0,8.948858,1.42109e-14,0.000238033
0,4.956581,9.76996e-15,0.000595095
0,1.958746,3.05533e-13,0.000695600
0,2.512777,7.10543e-15,0.000758548
0,2.034607,2.66454e-15,0.000291260
0,1.898417,7.10543e-15,0.0000515664
0,3.781462,7.10543e-15,0.000722592
0,1.009455,2.66454e-15,0.0000146862
0,2.7373,6.21725e-15,0.000516023
0,3.477508,7.10543e-15,0.000756003
0,6.259493,1.15463e-14,0.000253411
0,3.759272,9.76996e-15,0.000290037
0,6.373249,1.50990e-14,0.000205373
0,1.01428,7.99361e-15,0.000306570
0,2.140214,8.26006e-14,0.000460658
0,5.143896,9.76996e-15,0.0000402895
0,1.913445,5.32907e-15,0.000237843
0,3.779202,1.06581e-14,0.000361890
0,2.259428,8.88178e-15,0.00104002
0,4.797952,1.59872e-14,0.0000551095
0,5.041336,1.00364e-13,0.0000908307
0,2.744889,1.60760e-13,0.0000698529
0,5.36756,9.76996e-15,0.000234501
0,1.001529,3.55271e-15,0.000166279
0,2.612036,3.55271e-15,0.000820947
0,4.014881,1.68754e-14,0.0000344588
0,4.830448,2.57572e-14,0.000135999
0,1.013215,4.44089e-15,0.000277783
0,2.21145,5.32907e-15,0.000120665
0,2.871319,5.32907e-15,0.000237286
0,2.344849,9.76996e-15,0.0000369541
0,4.285265,8.88178e-15,0.000114752
0,3.836538,7.10543e-15,0.0000101554
0,2.144218,4.44089e-15,0.000185494
0,3.553067,1.33227e-14,0.000617305
0,12.19489,3.19744e-14,0.0000257854
0,6.855625,9.76996e-15,0.000190042
0,4.786174,1.77636e-14,0.000155319
0,5.811733,9.76996e-15,0.000350673
0,11.0502,3.99680e-14,0.000299962
0,10.74811,2.66454e-14,0.000188387
0,2.976491,1.06581e-14,0.000507689
0,3.959713,1.42109e-14,0.000742110
0,6.761956,1.42109e-14,0.000102189
0,4.516681,8.91731e-13,0.000357867
0,5.249437,1.59872e-14,0.0000801888
0,4.726336,7.99361e-15,0.000521981
0,8.802957,1.86517e-14,0.00000799856
0,3.282178,9.76996e-15,0.000237794
0,4.195751,1.59872e-14,0.000532890
0,1.007648,4.44089e-15,0.000251144
0,2.091819,1.04805e-13,0.0000238439
0,1.033928,5.32907e-15,0.0000225404
0,1.591888,3.88134e-13,0.000630614
0,1.006424,5.32907e-15,0.000105362
0,2.31594,4.44089e-15,0.000617941
0,1.301711,2.66454e-15,0.000147512
0,4.810317,2.13163e-14,0.000332597
0,1.012439,5.32907e-15,0.0000791788
0,6.166191,1.50990e-14,0.000212351
0,3.427114,1.15463e-14,0.000894191
0,4.180797,3.10862e-14,0.000881103
0,4.41706,9.76996e-15,0.000367091
0,1.817961,5.32907e-15,0.000542008
0,1.482149,5.32907e-15,0.000314817
0,1.294587,3.55271e-15,0.000100656
0,3.219398,5.32907e-15,0.000109867
0,5.571518,3.33955e-13,0.000442618
0,11.72551,5.95080e-14,0.0000454002
0,2.310744,5.32907e-15,0.000500671
0,4.760761,1.06581e-14,0.000821874
0,6.500715,8.88178e-15,0.000274801
0,1.004659,1.77636e-15,0.0000963369
0,3.137997,8.88178e-15,0.000464336
0,6.245469,1.33227e-14,9.44873e-7
0,2.881071,8.88178e-15,0.000246126
0,2.150732,6.21725e-15,0.000262393
0,3.215334,9.76996e-15,0.000483758
0,3.19956,1.76748e-13,0.000719310
0,1.016648,4.44089e-15,0.000172693
0,1.009563,3.55271e-15,0.000213802
0,2.44174,3.55271e-15,0.0000849079
0,2.283383,1.81188e-13,0.000190873
0,7.449295,2.57572e-14,0.0000138634
0,2.308279,3.55271e-15,0.000141316
0,2.717631,7.10543e-15,0.000284718
0,2.586484,2.22045e-13,0.0000237350
0,2.130269,9.76996e-15,0.000904473
0,8.157943,3.37508e-14,0.000291190
0,2.529176,5.32907e-15,0.000334961
0,2.740359,3.55271e-15,0.000308506
0,7.690593,1.86517e-14,0.0000730244
0,6.387161,7.10543e-15,0.000235820
0,7.943377,9.76996e-15,0.000229986
0,1.014735,3.55271e-15,0.000114099
0,2.693001,5.32907e-15,0.000496075
0,7.774375,7.99361e-15,0.000261565
0,5.07415,1.95399e-14,0.0000212779
0,4.889241,1.50990e-14,0.000392616
0,5.125405,4.44089e-15,0.000761578
0,1.012886,3.55271e-15,0.000113363
0,4.808794,1.15463e-14,0.000125157
0,10.59415,4.26326e-14,0.000194154
0,1.001477,7.99361e-15,0.0000145511
0,9.03985,9.85878e-13,0.0000696760
0,2.487086,1.95399e-14,0.0000289235
0,2.943176,1.50990e-14,0.000285183
0,3.539587,1.15463e-14,0.000149405
0,4.333186,1.15463e-14,0.0000573168
0,11.98371,1.24345e-13,0.0000659079
0,3.398025,7.10543e-15,0.000461829
0,2.961979,1.42109e-14,0.00102028
0,1.010123,3.55271e-15,0.0000427709
0,2.523395,2.66454e-15,0.000456306
0,1.941808,9.76996e-15,0.0000111280
0,5.150678,5.86198e-14,0.0000324059
0,1.736739,4.44089e-15,0.0000195710
0,4.58322,1.24345e-14,0.0000707503
0,2.244289,1.77636e-14,0.000273638
0,1.012513,4.44089e-15,0.000235756
0,1.840539,7.99361e-15,0.0000180992
0,8.890928,1.33227e-14,0.000209432
0,1.892392,4.44089e-15,0.000206824
0,4.04207,2.04281e-14,0.000999026
0,3.059564,2.66454e-15,0.000506903
0,3.413322,3.90799e-14,0.000884315
0,0.9997445,4.44089e-15,0.000141626
0,10.10122,5.15143e-14,0.0000672893
0,1.817155,2.14051e-13,0.000760108
0,5.75898,1.42109e-14,0.00000314832
0,4.957724,1.24345e-14,0.00000611630
0,1.956812,3.55271e-15,0.000469501
0,3.529069,5.57776e-13,0.0000663982
0,6.086751,7.99361e-15,0.000265629
0,8.069768,1.15463e-14,0.000209066
0,3.678572,9.76996e-15,0.000176423
0,5.276139,2.57572e-14,0.0000727806
0,2.789697,5.32907e-15,0.000654664
0,2.39199,2.66454e-15,0.000177711
0,5.588434,1.06581e-14,0.0000853609
0,2.525189,7.48734e-13,0.000609770
0,1.995162,2.66454e-15,0.000247141
0,6.223402,3.81917e-14,0.0000496433
0,3.200642,3.55271e-15,0.000197070
0,4.39598,8.88178e-15,0.0000706502
0,1.016152,4.26326e-14,0.0000828061
0,2.460918,6.07514e-13,0.0000585669
0,1.805511,2.66454e-15,0.0000536630
0,8.601217,3.37508e-14,0.0000492087
0,12.2963,6.57252e-14,0.0000531575
0,1.007991,7.10543e-15,0.0000542467
0,6.878815,2.93099e-13,0.0000225637
0,7.280231,7.19425e-14,0.000263146
0,4.313973,1.06581e-14,0.0000447406
0,2.345237,4.61853e-14,0.000180819
0,3.129458,7.10543e-15,0.000131639
0,2.13351,5.32907e-15,0.000304581
0,3.250108,7.99361e-15,0.000155834
0,3.54573,8.88178e-15,0.000396162
0,5.206324,1.11022e-13,0.000209522
0,1.00256,1.77636e-15,0.000150794
0,5.724987,2.66454e-15,0.000474542
0,1.247827,3.55271e-15,0.000511945
0,1.316194,5.32907e-15,0.000394049
0,3.791778,1.42109e-14,0.000318870
0,3.845489,2.57572e-14,0.000404848
0,2.498471,1.77636e-14,0.0000836452
0,8.486785,2.48690e-14,0.000111936
0,2.039916,3.55271e-15,0.0000807582
0,1.007527,3.23297e-13,0.000249286
0,1.009856,3.55271e-15,0.0000951506
0,8.471984,1.06581e-14,0.000233611
0,6.055283,1.42109e-14,0.00000647283
0,1.703014,2.66454e-15,0.000570009
0,1.34632,3.55271e-15,0.0000968821
0,1.42067,4.97380e-14,0.000363512
0,6.052005,1.33227e-14,0.000171667
0,8.445911,2.39808e-14,0.0000278350
0,2.076197,1.51879e-13,0.000658847
0,1.352829,2.13163e-14,0.000371278
0,1.051246,1.77636e-15,0.000301533
0,5.987023,3.65930e-13,0.000194818
0,7.91483,2.30926e-14,0.000318561
0,1.011531,4.44089e-15,0.0000539984
0,2.101973,4.44089e-15,0.000633753
0,1.995572,1.77636e-15,0.000354501
0,5.218916,9.76996e-15,0.000403260
0,10.36641,2.13163e-14,0.000132232
0,6.899227,7.99361e-15,0.0000172383
0,3.713954,9.76996e-15,0.000243477
0,2.467509,2.66454e-15,0.000129373
0,4.940106,4.23661e-13,0.000253971
0,3.384486,2.66454e-15,0.000495081
0,8.574449,2.22045e-14,6.13717e-7
0,1.441623,5.32907e-15,0.0000945960
0,3.250695,2.66454e-15,0.000416385
0,2.299272,5.32907e-15,0.000201333
0,2.904618,7.10543e-15,0.00112062
0,4.041128,2.75335e-14,0.000139523
0,2.687617,5.50671e-14,0.000672727
0,16.28204,8.88178e-14,0.0000399697
0,4.753101,1.86517e-14,0.0000724994
0,4.174438,3.64153e-14,0.000167938
0,2.309338,6.39488e-13,0.000668052
0,3.306333,7.99361e-15,0.000584747
0,9.03666,1.68754e-14,0.000305479
0,9.9771,3.37508e-14,0.000170214
0,3.391124,7.99361e-15,0.000250184
0,3.100127,5.32907e-15,0.000509248
0,5.857966,2.48690e-14,0.000346941
0,4.901427,6.80345e-13,0.000282792
0,3.537825,4.44089e-15,0.0000864987
0,3.356586,7.27418e-13,0.0000340634
0,9.941833,1.42109e-14,0.0000105709
0,1.012661,2.66454e-15,0.000163411
0,1.008417,3.28626e-14,0.000144773
0,3.507064,1.95399e-14,0.000104167
0,1.00458,6.21725e-15,0.000232912
0,2.951357,1.42109e-14,0.000437801
0,11.26634,3.81917e-14,0.0000826921
0,6.26509,8.88178e-14,0.0000774326
0,3.073514,1.77636e-14,0.0000519561
0,2.304131,4.44089e-15,0.000627887
0,1.886699,5.32907e-15,0.0000148769
0,7.820657,1.24345e-14,0.000102086
0,2.291022,3.55271e-15,0.000482487
0,1.637377,3.55271e-15,0.000242655
0,2.052422,5.32907e-15,0.0000582897
0,1.013043,8.88178e-15,0.000235301
0,11.06931,4.79616e-14,0.000208875
0,3.423712,1.15463e-14,0.000188328
0,4.037964,1.59872e-14,0.000300630
0,1.012328,2.30926e-14,0.000159111
0,4.840075,1.86517e-14,0.000425089
0,1.874764,4.44089e-15,0.000300670
0,7.683262,1.77636e-14,0.000183273
0,1.404326,1.77636e-15,0.000589509
0,2.914807,7.99361e-15,0.000474053
0,3.729312,5.32907e-15,0.000487558
0,2.651981,8.02913e-13,0.000275665
0,1.946068,1.77636e-15,0.000126959
0,1.005223,7.47846e-13,0.000183188
0,1.007025,2.66454e-15,0.0000906397
0,3.57212,7.99361e-15,0.0000142211
0,8.358589,1.06581e-14,0.000334714
0,2.25363,8.88178e-15,0.000231084
0,2.229901,7.10543e-15,0.000418470
0,2.907611,1.58984e-13,0.000393676
0,3.027312,3.55271e-15,0.000217386
0,7.832639,1.95399e-14,0.000293192
0,3.840221,3.80140e-13,0.0000696481
0,3.72814,1.24345e-14,0.000563401
0,1.126656,8.34888e-14,0.000338491
0,1.00199,4.44089e-15,0.000130553
0,1.129799,1.05693e-13,0.0000109985
0,1.012198,5.32907e-15,0.000126275
0,1.019641,4.44089e-15,0.000248611
0,2.210742,8.34888e-14,0.000747498
0,2.85245,4.79616e-14,0.000474636
0,1.00864,5.32907e-15,0.000128352
0,6.171893,4.26326e-14,0.0000879487
0,10.47567,2.39808e-14,0.0000694313
0,4.925805,1.77636e-14,0.000139158
0,4.02086,1.24345e-14,0.000394006
0,2.053791,3.55271e-15,0.000544876
0,3.906856,2.77112e-13,0.000495697
0,1.564177,2.66454e-15,0.0000817692
0,4.561066,6.21725e-15,0.000639875
0,3.193527,1.86517e-14,0.000490292
0,4.184214,3.55271e-15,0.000126754
0,2.184982,5.32907e-15,0.000313111
0,2.204842,6.21725e-15,0.000608041
0,1.7717,4.44089e-15,0.000460882
0,3.354514,7.99361e-15,0.000298661
0,3.754411,5.32907e-15,0.000656814
0,5.909671,1.50990e-14,0.0000118504
0,1.478208,7.99361e-15,0.000158112
0,2.11011,8.88178e-15,0.0000433867
0,3.1171,5.32907e-15,0.000395150
0,2.290022,3.21521e-13,0.000747173
0,1.813821,5.32907e-15,0.00100844
0,3.162401,5.19584e-13,0.000772864
0,9.67057,2.93099e-14,0.0000538782
0,3.426939,7.10543e-15,0.000252578
0,1.867272,4.44089e-15,0.000422628
0,1.986652,2.57572e-14,0.000321082
0,3.397403,2.30038e-13,0.000915158
0,2.08529,9.76996e-15,0.000101875
0,1.006594,2.66454e-15,0.000183913
0,4.84567,1.24345e-14,0.000204120
0,3.829739,7.10543e-15,0.000758576
0,1.63927,2.13163e-13,0.000151587
0,4.484478,2.42473e-13,0.000511111
0,2.594818,7.10543e-15,0.0000921481
0,1.027328,1.77636e-15,0.000183574
0,4.144747,1.24345e-14,0.000405907
0,1.006082,7.10543e-15,0.0000110667
0,2.265559,7.99361e-15,0.000412149
0,4.379277,6.21725e-15,0.000431064
0,1.007842,1.24345e-14,0.000135077
0,3.436699,8.88178e-15,0.000660374
0,1.243736,1.77636e-15,0.000141746
0,1.693476,5.32907e-15,0.000155422
0,7.892194,1.59872e-14,0.000114085
0,3.621078,5.32907e-15,0.000826356
0,1.819032,1.77636e-15,0.000355275
0,3.013064,6.21725e-15,0.000310267
0,4.200534,7.99361e-15,0.000556823
0,1.713422,4.44089e-15,0.000283803
0,4.288508,7.10543e-15,0.0000261117
0,1.880493,6.21725e-15,0.000548136
0,1.598114,5.32907e-15,0.0000981766
0,3.598755,4.44089e-15,0.0000234671
0,5.364758,3.37508e-14,0.000524594
0,2.184904,7.10543e-15,0.000726337
0,3.38407,3.90799e-14,0.000950651
0,2.15244,9.76996e-15,0.0000514493
0,2.629329,7.10543e-15,0.000169550
0,1.87089,3.90799e-14,0.0000945789
0,5.720816,3.37508e-14,0.0000358842
0,3.281533,7.99361e-15,0.000369243
0,1.951167,1.83853e-13,0.000523642
0,3.214842,6.21725e-15,0.000405279
0,1.357758,5.32907e-15,0.000264447
0,1.705948,7.99361e-15,0.000567793
0,1.907382,6.03961e-14,0.000144488
0,3.403502,1.86517e-14,0.000583641
0,4.469022,5.32907e-15,0.000130104
0,3.686032,1.06581e-14,0.000290220
0,3.531543,1.42109e-14,0.000669850
0,1.004142,7.10543e-15,0.000119383
0,1.353286,6.21725e-15,0.000191932
0,4.238992,1.06581e-14,0.0000680637
0,4.736591,7.10543e-15,0.000121855
0,3.825233,8.88178e-15,0.000483373
0,4.146638,2.13163e-14,0.000244868
0,5.023775,7.38964e-13,0.000579572
0,6.195107,9.76996e-15,0.0000199091
0,6.69032,3.28626e-14,0.0000229338
0,5.324598,9.76996e-15,0.000631519
0,1.010578,3.55271e-15,0.000171733
0,3.329244,4.44089e-15,0.000462032
0,9.462256,2.18492e-13,0.000108898
0,2.442073,3.55271e-15,0.000430022
0,4.109372,8.88178e-15,0.000566741
0,1.015447,7.43405e-13,0.000148771
0,5.214289,3.34843e-13,0.000246947
0,5.602352,2.22045e-14,0.000353069
0,2.887478,7.99361e-15,0.000160636
0,1.006317,3.55271e-15,0.0000142252
0,4.866646,1.33227e-14,0.0000647255
0,3.22282,1.15463e-14,0.000776438
0,7.410798,1.59872e-14,0.0000613425
0,9.991212,6.51035e-13,0.0000482266
0,1.008142,1.11022e-13,0.000264007
0,6.235477,2.30926e-14,0.000329472
0,1.883626,4.44089e-15,0.000568974
0,5.2134,1.50990e-14,0.000160567
0,3.705595,3.55271e-15,0.000486120
0,2.695392,5.32907e-15,0.000398187
0,4.693013,1.42109e-14,0.000444777
0,8.062399,2.66454e-14,0.000134962
0,2.725339,3.55271e-15,0.000748620
0,5.83788,8.88178e-15,0.000404965
0,1.225763,1.45661e-13,0.000446427
0,1.873666,3.55271e-15,0.0000133774
0,1.831059,4.44089e-15,0.000834558
0,1.950643,1.06581e-14,0.000650879
0,6.89956,1.59872e-14,0.0000874735
0,4.737757,5.32907e-15,0.000275850
0,3.819164,5.32907e-15,0.000162733
0,2.041401,3.55271e-15,0.000319446
0,4.971473,1.95399e-14,0.000168220
0,1.008508,3.55271e-15,0.000271758
0,3.225307,1.83853e-13,0.000483180
0,3.84761,9.76996e-15,0.000160175
0,4.773582,8.88178e-15,0.000193369
0,5.346535,2.34479e-13,0.000554396
0,1.553403,2.66454e-15,0.000487862
0,4.854773,1.95399e-14,0.000100744
0,1.963081,7.10543e-15,0.000166392
0,5.610704,1.42109e-14,0.0000889848
0,4.619728,1.24345e-14,0.000684936
0,7.58453,1.95399e-14,0.0000985892
0,6.04354,1.33227e-14,0.000159743
0,2.810748,4.44089e-15,0.000288047
0,2.697718,8.88178e-15,0.000507346
0,4.627479,4.88498e-14,0.000389975
0,1.009254,3.55271e-15,0.0000766929
0,1.264592,2.51354e-13,0.000174343
0,3.805089,2.30926e-13,0.000794996
0,2.59012,9.23706e-14,0.000444736
0,3.388022,3.55271e-15,0.0000657459
0,3.627027,1.33227e-14,0.000317795
0,2.363061,6.21725e-15,0.000228264
0,2.304984,1.68754e-14,0.000845404
0,3.727379,3.55271e-15,0.0000854950
0,3.26903,7.10543e-15,0.000368931
0,1.915114,1.77636e-15,0.000328605
0,2.603055,9.76996e-15,0.000193182
0,3.927457,9.50351e-14,0.000143009
0,1.344818,2.66454e-15,0.0000162525
0,2.235269,4.44089e-15,0.0000442282
0,7.15778,1.24345e-14,0.000347750
0,12.41061,2.84217e-14,0.0000794145
0,7.058495,8.88178e-15,0.0000659332
0,6.784272,1.15463e-14,0.000132236
0,4.389558,1.15463e-14,0.000657479
0,1.478157,6.21725e-15,0.0000578995
0,5.637847,7.10543e-15,0.000201730
0,1.008489,2.38920e-13,0.0000686162
0,3.069932,9.07718e-13,0.000704697
0,2.743251,1.59872e-14,0.000532088
0,4.861414,1.06581e-14,0.000608303
0,2.384148,2.00728e-13,0.000106902
0,2.939882,7.10543e-15,0.0000459837
0,6.742767,1.86517e-14,0.000388974
0,2.352997,5.32907e-15,0.000878675
0,4.069568,2.48690e-14,0.000225809
0,3.46608,4.44089e-15,0.000899475
0,6.990583,1.77636e-14,0.0000533069
0,2.250067,7.10543e-15,0.000397293
0,3.849849,1.24345e-14,0.000389085
0,3.559271,3.16192e-13,0.000198670
0,3.274568,4.44089e-14,0.000470832
0,2.367767,7.10543e-15,0.000585376
0,1.002216,1.33227e-14,0.0000731591
0,3.414394,7.99361e-15,0.0000838069
0,1.016265,8.88178e-15,0.0000934626
0,3.569312,7.99361e-15,0.000125864
0,6.746095,9.76996e-15,0.000359782
0,1.00569,1.77636e-15,0.0000885112
0,1.833861,5.86198e-14,0.000856213
0,1.005065,5.15143e-14,0.0000310547
0,1.814577,4.44089e-15,0.000265631
0,8.49251,1.42109e-14,0.0000683661
0,2.948062,7.10543e-15,0.0000151210
0,4.166444,2.57572e-14,0.000289775
0,1.018217,2.66454e-15,0.0000527944
0,3.553936,5.32907e-15,0.00000486965
0,2.303541,9.76996e-15,0.000890213
0,1.01757,2.66454e-15,0.000143552
0,1.012995,3.55271e-15,0.0000359316
0,5.355677,4.44089e-15,0.0000232468
0,1.819251,5.32907e-15,0.000625171
0,11.52348,1.06581e-14,0.000113364
0,5.516889,1.95399e-14,0.000203892
0,2.121802,6.21725e-15,0.0000795255
0,1.01789,7.99361e-15,0.000170416
0,1.003662,8.88178e-15,0.0000592004
0,3.061093,4.44089e-15,0.000416630
0,1.019194,2.66454e-15,0.000228206
0,7.456036,9.50351e-14,0.000421830
0,2.355144,4.44089e-15,0.000517947
0,7.816794,1.50990e-14,0.000153819
0,1.014158,2.66454e-15,0.000166213
0,1.396167,3.55271e-15,0.000110004
0,4.678261,9.76996e-15,0.000404153
0,2.731638,4.44089e-15,0.000557827
0,2.68961,7.10543e-15,0.000303295
0,5.746734,3.73035e-14,0.0000702687
0,1.012471,7.99361e-15,0.000168970
0,1.351883,6.21725e-15,0.000342251
0,3.293916,1.95399e-14,0.000148137
0,9.685946,1.77636e-14,0.000237547
0,2.479855,1.77636e-15,0.000254723
0,6.080593,7.99361e-15,0.000408309
0,5.590308,9.76996e-15,0.000226042
0,5.128989,1.68754e-14,0.000493305
0,2.1824,5.32907e-15,0.000205708
0,1.79617,4.44089e-15,0.0000668281
0,7.616914,1.50990e-14,0.000113482
0,1.008237,3.11751e-13,0.000108844
0,4.563466,7.10543e-15,0.000398640
0,4.617005,5.32907e-15,0.000307840
0,5.154186,9.76996e-15,0.0000588121
0,3.689909,5.32907e-15,0.000528931
0,2.584823,6.21725e-15,0.000154921
0,4.079566,7.10543e-15,0.0000979332
0,1.472942,4.44089e-15,0.000301039
0,3.317324,6.21725e-15,0.000412688
0,3.348941,1.06581e-14,0.0000339443
0,7.762087,8.88178e-15,0.000120461
0,1.004133,6.21725e-15,0.00000641936
0,6.786594,7.99361e-15,0.000283107
0,1.289872,3.55271e-15,0.000334911
0,4.247776,7.10543e-15,0.000150679
0,1.014611,4.44089e-15,0.0000242714
0,4.265273,1.95399e-14,0.000189074
0,2.555507,2.14051e-13,0.000750786
0,4.140357,6.83897e-14,0.000819659
0,11.35781,2.30926e-14,0.000186852
0,1.414774,2.66454e-15,0.000106970
0,2.89382,5.32907e-15,0.000300801
0,5.129207,1.77636e-14,0.0000238923
0,2.186336,6.21725e-15,0.000135061
0,4.502175,1.15463e-14,0.000597672
0,17.23234,1.57208e-13,0.0000327002
0,1.013703,5.32907e-15,0.0000429835
0,3.51799,6.21725e-15,0.000174974
0,11.4926,4.35207e-14,0.0000586361
0,8.570812,2.75335e-14,0.0000358545
0,1.014261,7.10543e-15,0.0000564670
0,1.950785,7.10543e-15,0.000580534
0,2.716881,9.76996e-15,0.000370749
0,4.039051,1.68754e-14,0.000401220
0,3.653573,8.88178e-15,0.000550749
0,9.840186,3.10862e-14,0.000320034
0,3.713982,6.21725e-15,0.000444553
0,4.42935,6.21725e-15,0.0000945258
0,9.964994,3.73035e-14,0.000108241
0,3.445821,1.15463e-14,0.000679377
0,3.402865,7.10543e-15,0.000279271
0,7.234291,2.30926e-14,0.000165640
0,1.363776,3.55271e-15,0.0000163545
0,3.477359,1.06581e-14,0.000149553
0,17.36969,6.03961e-14,0.00000872432
0,2.241499,4.03233e-13,0.000307700
0,4.693292,2.22045e-14,0.000276865
0,2.249875,6.21725e-15,0.000259162
0,1.341721,3.55271e-15,0.000116098
0,2.292721,4.44089e-15,0.000257621
0,3.41114,7.10543e-15,0.000920180
0,1.837626,7.72715e-13,0.000150589
0,2.592411,1.24345e-14,0.000431228
0,4.133381,1.50990e-14,0.000120023
0,3.692369,1.90070e-13,0.000485358
0,6.220534,8.08242e-14,0.000194506
0,1.741599,4.44089e-15,0.000116227
0,3.782881,7.10543e-15,0.000596729
0,3.881759,6.07514e-13,0.000541798
0,16.93381,5.06262e-14,0.0000635540
0,3.750187,4.17444e-14,0.000275990
0,9.094696,3.90799e-14,0.000227527
0,2.940435,1.33227e-13,0.0000913705
0,1.982458,7.99361e-15,0.000119818
0,6.651383,1.24345e-14,0.000111543
0,6.85718,3.91687e-13,0.000248173
0,1.007381,5.32907e-15,0.000172498
0,4.478672,1.86517e-14,0.000882735
0,2.563594,4.44089e-15,0.000130466
0,3.13068,4.44089e-15,0.000547090
0,4.636009,7.99361e-15,0.0000880308
0,6.004855,9.70779e-13,0.000565714
0,17.42911,4.88498e-14,0.000108027
0,4.946319,1.68754e-14,0.000732457
0,1.410745,7.99361e-15,0.000223778
0,4.484686,1.59872e-14,0.000148193
0,4.297065,9.76996e-15,0.000101505
0,9.570225,2.22045e-14,0.000218798
0,4.319376,7.10543e-15,0.000891792
0,4.096685,1.68754e-14,0.000203056
0,1.016482,2.66454e-15,0.000132317
0,4.885929,7.99361e-15,0.000200288
0,1.348763,4.44089e-15,0.000372412
0,2.216881,2.66454e-15,0.000156291
0,2.287155,2.22045e-14,0.000580127
0,2.206639,1.24345e-14,0.000314662
0,1.349652,6.21725e-15,0.000441907
0,1.722017,7.10543e-15,0.000338287
0,7.270021,7.99361e-15,0.000370563
0,1.014097,3.55271e-15,0.000109716
0,4.576695,7.10543e-15,0.000105885
0,7.436507,1.33227e-14,0.0000490894
0,8.935254,6.92779e-14,0.0000530179
0,3.647109,7.10543e-15,0.0000408641
0,1.000995,3.55271e-15,0.0000159336
0,1.866427,2.66454e-15,0.000440407
0,3.483085,1.15463e-14,0.00000462061
0,4.441419,1.15463e-14,0.000471620
0,7.666107,1.68754e-14,0.000317809
0,1.701089,4.44089e-15,0.000154363
0,4.180321,7.10543e-15,0.0000759170
0,4.707106,2.66454e-15,0.000282160
0,2.983895,5.32907e-15,0.000436721
0,4.173176,2.48690e-14,0.000309909
0,2.521244,5.32907e-15,0.000457960
0,1.764073,1.77636e-15,0.000245550
0,2.707578,4.00568e-13,0.000363017
0,1.010292,7.10543e-15,0.000145892
0,2.148172,7.99361e-15,0.000426886
0,3.833045,7.10543e-15,0.0000905176
0,8.307179,2.22045e-14,0.000222208
0,2.33692,5.32907e-15,0.0000579488
0,2.248507,5.32907e-15,0.0000372651
0,7.482601,2.22045e-14,0.000167376
0,1.419522,1.11022e-13,0.000573732
0,12.16365,2.22045e-14,0.0000765794
0,4.945261,7.37188e-14,0.000148756
0,2.55112,4.44089e-15,0.000443820
0,5.552519,2.93099e-14,0.000297296
0,3.652133,1.59872e-14,0.000370626
0,1.797721,7.99361e-15,0.000122157
0,3.240495,7.10543e-15,0.000332873
0,2.823575,3.55271e-15,0.000498228
0,1.362193,3.55271e-15,0.000599611
0,1.359637,5.32907e-15,0.000136744
0,3.069977,1.06581e-14,0.000469163
0,3.37924,5.71987e-13,0.000496263
0,2.74437,1.06581e-14,0.000426451
0,3.821495,1.06581e-14,0.000672311
0,4.932746,1.42109e-14,0.000526594
0,3.356097,5.32907e-15,0.000150584
0,1.87653,2.23821e-13,0.0000682754
0,8.799133,2.30926e-14,0.000225954
0,1.010031,3.55271e-15,0.0000807883
0,1.138703,1.24345e-14,0.0000453800
0,3.595955,2.19380e-13,0.000226043
0,9.351527,1.95399e-14,0.0000141073
0,17.13355,6.91891e-13,0.000107242
0,1.271696,1.01252e-13,0.000332312
0,1.007993,3.55271e-15,0.000240765
0,1.766229,1.77636e-15,0.0000187168
0,1.011535,3.55271e-15,0.000177868
0,7.510233,1.15463e-14,0.000360938
0,5.947181,7.10543e-15,0.000209641
0,4.273101,1.95399e-14,0.000309071
0,17.25643,1.86517e-14,0.00000630831
0,12.61493,4.17444e-14,0.0000206443
0,2.984131,6.21725e-15,0.0000172075
0,2.777444,6.21725e-15,0.000478566
0,1.012027,4.44089e-15,0.000193500
0,1.469373,9.69003e-13,0.0000210906
0,1.01512,5.32907e-15,0.000191063
0,8.686488,5.06262e-14,0.000395364
0,1.011367,4.44089e-15,0.000156697
0,1.009497,3.55271e-15,0.0000456166
0,7.811659,8.88178e-15,0.0000493635
0,1.01758,5.55112e-13,0.000167628
0,10.2662,2.13163e-14,0.00000895036
0,3.211599,1.24345e-14,0.000422020
0,1.90099,3.55271e-15,0.000106907
0,4.81123,5.16920e-13,0.000690417
0,11.04722,7.19425e-14,0.000135205
0,3.441704,1.90070e-13,0.0000441224
0,2.614895,6.21725e-15,0.0000400535
0,3.150642,1.77636e-15,0.000375911
0,4.584242,1.06581e-14,0.000436528
0,1.913758,2.66454e-15,0.000782713
0,8.011394,7.99361e-15,0.000143913
0,1.746729,4.95604e-13,0.0000801487
0,2.361713,6.21725e-15,0.000438829
0,5.345974,7.10543e-15,0.000393896
0,3.433275,5.32907e-15,0.000244844
0,1.897989,5.32907e-15,0.000163598
0,2.242827,9.76996e-15,0.000665216
0,4.119878,4.44089e-15,0.000217421
0,4.574727,5.32907e-15,0.000434775
0,4.058161,7.99361e-15,0.0000385149
0,1.300985,3.55271e-15,0.000108025
0,1.642196,1.42997e-13,0.000281115
0,3.86374,8.88178e-15,0.000169621
0,4.181535,3.55271e-15,0.0000262033
0,7.282966,1.42109e-14,0.000531565
0,8.33749,2.57572e-14,0.000191464
0,3.286545,8.88178e-15,0.0000718241
0,5.233571,7.99361e-15,0.000431725
0,2.945681,1.24345e-14,0.000354771
0,5.075421,6.95444e-13,0.000610183
0,1.018418,8.40217e-13,0.000112737
0,2.430436,3.55271e-15,0.000581320
0,1.014939,1.13687e-13,0.0000657580
0,3.144722,7.99361e-15,0.000687560
0,8.021016,2.23821e-13,0.000103550
0,1.014592,9.76996e-15,0.000200975
0,1.502518,2.66454e-15,0.000263727
0,5.572838,1.15463e-14,0.000356035
0,6.348499,1.24345e-14,0.000111344
0,1.94176,9.14824e-14,0.000534195
0,1.449945,1.06581e-14,0.000405216
0,1.012483,3.55271e-15,0.000112455
0,4.823715,1.50990e-14,0.000182361
0,2.364418,6.48370e-14,0.000385512
0,7.336401,4.70735e-14,0.0000507609
0,11.35656,1.77636e-14,0.0000686702
0,6.665403,1.86517e-14,0.0000318431
0,2.250333,4.44089e-15,0.000572732
0,2.507809,1.59872e-14,0.000243461
0,8.734186,3.73035e-14,0.0000155211
0,10.42983,1.04805e-13,0.0000651732
0,2.272614,6.00409e-13,0.000101854
0,1.817256,6.15508e-13,0.000624784
0,4.200221,1.24345e-14,0.0000107447
0,1.887423,2.42473e-13,0.000541552
0,2.325708,5.32907e-15,0.0000715964
0,3.373311,2.66454e-15,0.000302530
0,3.08294,1.77636e-15,0.000378755
0,3.232135,1.86517e-14,0.000563406
0,4.798361,1.06581e-14,0.000428654
0,2.13003,5.32907e-15,0.0000936117
0,8.841776,2.39808e-14,0.000362392
0,12.28081,1.68754e-14,0.0000969222
0,1.011523,1.77636e-15,0.000115522
0,4.431369,1.50990e-14,0.000339096
0,2.305656,8.88178e-15,0.000563955
0,4.024793,9.76996e-15,0.0000843078
0,4.400502,1.42109e-14,0.000334437
0,7.245368,1.06581e-14,0.000272757
0,1.015763,4.44089e-15,0.0000744507
0,1.00905,3.55271e-15,0.0000850348
0,1.411232,3.55271e-15,0.000605038
0,10.42861,3.46390e-14,0.0000180376
0,1.309983,3.55271e-15,0.0000696393
0,1.014673,2.66454e-15,0.000262541
0,6.252037,1.15463e-14,0.000329514
0,0.9962631,7.41629e-13,0.0000463151
0,2.167985,7.10543e-15,0.000820636
0,1.012933,7.99361e-15,0.0000354202
0,9.5291,1.07470e-13,0.000181625
0,3.01012,3.55271e-15,0.000303108
0,5.242134,1.06581e-14,0.000413587
0,1.014991,4.44089e-15,0.0000601414
0,5.07283,1.24345e-14,0.0000692954
0,9.049423,1.33227e-14,0.000176934
0,1.015237,4.08562e-14,0.000108148
0,2.728504,5.32907e-15,0.000418312
0,2.964855,7.99361e-15,0.000529590
0,2.939547,6.83897e-14,0.000578580
0,2.627488,4.44089e-15,0.000364992
0,4.470316,8.88178e-15,0.0000394326
0,4.352478,1.77636e-14,0.000296808
0,6.108439,9.76996e-15,0.0000403882
0,1.94813,3.55271e-15,0.000815740
0,5.684028,1.86517e-14,0.000226252
0,1.806721,9.87654e-13,0.000120920
0,2.067808,3.55271e-15,0.000471585
0,2.956571,1.15463e-14,0.000228969
0,11.94933,5.50671e-14,0.000187125
0,4.21355,1.50990e-14,0.000521290
0,2.215361,2.66454e-15,0.000240942
0,3.060854,5.15143e-14,0.000750681
0,4.165809,7.99361e-15,0.000221638
0,5.472661,1.15463e-14,0.0000930004
0,3.426859,1.42109e-14,0.000801147
0,1.0135,2.66454e-15,0.000276730
0,4.402438,1.33227e-14,0.000280332
0,3.512224,1.24345e-14,0.000778085
0,1.018686,3.55271e-15,0.0000524143
0,1.017329,1.04805e-13,0.0000738654
0,8.747188,2.39808e-14,0.000149053
0,9.923781,3.90799e-14,0.0000949417
0,2.312386,7.19425e-14,0.000400708
0,3.040458,9.76996e-15,0.0000678367
0,2.070592,4.15668e-13,0.000674386
0,7.00339,2.66454e-14,0.000318496
0,7.36538,7.10543e-15,0.000249394
0,2.617598,5.32907e-15,0.000113819
0,3.520946,5.32907e-15,0.000434503
0,1.497845,1.77636e-15,0.000155542
0,3.474778,7.10543e-15,0.0000617080
0,2.52433,4.68958e-13,0.000669383
0,1.835701,7.19425e-13,0.000372114
0,5.42267,7.10543e-15,0.000169964
0,2.890426,5.32907e-15,0.000270080
0,2.21745,2.66454e-15,0.000717834
0,12.14168,5.15143e-14,0.0000389122
0,1.70682,2.30926e-14,0.000226376
0,4.455495,1.77636e-14,0.000703363
0,11.08325,2.30926e-14,0.0000493415
0,1.643633,5.05374e-13,0.000144445
0,1.847363,7.10543e-15,0.000586628
0,6.47899,2.57572e-14,0.000334471
0,3.563252,4.44089e-15,0.000731763
0,2.884083,3.55271e-15,0.000344111
0,2.193328,4.44089e-15,0.000912500
0,8.305093,3.90799e-14,0.0000583136
0,2.632924,5.32907e-15,0.000188186
0,2.27842,1.15463e-14,0.0000659926
0,4.982228,2.74447e-13,0.0000605863
0,3.395646,8.88178e-15,0.000149973
0,2.499681,7.10543e-15,0.000781880
0,2.628378,7.99361e-15,0.000476945
0,2.288187,1.50990e-14,0.000191516
0,17.57661,5.36460e-13,0.000116742
0,3.88542,1.59872e-14,0.000126363
0,2.232611,1.64313e-13,0.000462397
0,1.012136,2.22045e-14,0.000215932
0,1.86889,2.66454e-15,0.000109542
0,5.975552,1.76748e-13,0.000426858
0,1.809457,7.10543e-15,0.0000640778
0,1.007137,4.44089e-15,0.0000917601
0,1.856057,7.01661e-13,0.000267516
0,4.117993,8.88178e-15,0.000121023
0,3.822766,1.35003e-13,0.000379746
0,1.01001,1.18128e-13,0.000269516
0,2.413096,8.88178e-15,0.000380203
0,2.284622,5.32907e-15,0.000512376
0,2.026906,9.76996e-15,0.000673480
0,3.256487,7.10543e-15,0.000833914
0,3.323777,5.32907e-15,0.000592563
0,4.287081,1.77636e-14,0.000381431
0,4.832044,1.50990e-14,0.000176912
0,1.699229,3.89022e-13,0.000443575
0,1.208675,1.24345e-14,0.000102253
0,1.837594,5.32907e-15,0.000247086
0,3.522392,1.33227e-14,0.000576887
0,2.665973,6.21725e-15,0.00111219
0,1.362942,2.19380e-13,0.0000468141
0,3.442801,7.10543e-15,0.000279597
0,1.020216,8.88178e-15,0.000235401
0,9.819837,1.59872e-14,0.0000914802
0,1.014996,5.32907e-15,0.0000987158
0,6.038042,7.99361e-15,0.000271312
0,18.29279,8.70415e-14,0.000113527
0,9.283015,1.41220e-13,0.000125479
0,4.970637,1.15463e-14,0.0000824520
0,2.100197,4.44977e-13,0.00108543
0,1.790848,3.55271e-15,0.000215972
0,2.286189,4.61853e-14,0.0000737036
0,3.733263,1.95399e-14,0.000737857
0,10.98074,4.70735e-14,0.000145026
0,17.34232,5.15143e-14,0.000108638
0,2.327804,6.21725e-15,0.000452773
0,8.73221,1.50990e-14,0.000166858
0,4.080034,1.59872e-14,0.000780835
0,2.052683,4.35207e-14,0.000622050
0,4.091014,8.88178e-15,0.000728737
0,1.007509,6.21725e-15,0.000100797
0,2.510223,8.88178e-15,0.00000897429
0,3.725453,5.32907e-15,0.000200369
0,1.016172,2.45137e-13,0.000110391
0,1.016389,2.03393e-13,0.000118576
0,1.013634,2.66454e-15,0.0000135956
0,4.632729,5.32907e-15,0.000575577
0,4.219784,2.13163e-14,0.0000707248
0,3.636011,9.36140e-13,0.0000246937
0,7.795577,2.04281e-14,0.0000282217
0,6.549664,1.77636e-14,0.000115279
0,1.672548,3.55271e-15,0.000345251
0,2.281104,2.66454e-15,0.000687712
0,5.334495,1.33227e-14,0.0000754693
0,1.014373,6.21725e-15,0.0000337085
0,5.439644,1.24345e-14,0.000301133
0,17.24653,3.10862e-14,0.0000821740
0,4.256458,1.50990e-14,0.0000617672
0,3.705139,3.55271e-15,0.000265287
0,4.577019,1.33227e-14,0.000183084
0,2.172837,1.77636e-15,0.000982551
0,4.256338,1.50990e-14,0.000504504
0,11.97709,5.86198e-14,0.000217627
0,10.05607,1.95399e-14,0.000154292
0,3.345421,7.10543e-15,0.000247138
0,6.051855,1.59872e-14,0.000328052
0,9.318521,9.88543e-13,0.000198844
0,18.22688,4.26326e-14,0.0000430790
0,2.179386,1.24345e-14,0.000109733
0,2.942417,1.24345e-14,0.000788820
0,2.451193,3.64153e-14,0.000115157
0,1.015895,5.32907e-15,0.000190170
0,3.397324,3.55271e-15,0.000840807
0,1.015842,3.55271e-15,0.0000351403
0,3.184784,1.06581e-14,0.000103870
0,3.614222,1.24345e-14,0.0000683832
0,5.098891,3.90799e-14,0.000695309
0,1.946657,6.21725e-15,0.000322893
0,2.196141,8.61533e-14,0.000302001
0,5.854295,2.87770e-13,0.000513799
0,5.950882,1.42109e-14,0.000116666
0,2.325264,1.11022e-13,0.000762444
0,7.557055,1.24345e-14,0.0000871162
0,2.85224,1.77636e-15,0.000683984
0,2.148758,5.15143e-14,0.000851973
0,2.829489,4.44089e-15,0.000176607
0,7.312173,8.88178e-15,0.000178445
0,17.81291,7.28306e-14,0.000137049
0,2.623261,5.41789e-13,0.000170256
0,4.521121,1.42109e-14,0.0000488505
0,7.551131,1.50990e-14,0.000307261
0,18.16406,4.61853e-14,0.0000438500
0,3.791704,1.06581e-14,0.000119252
0,2.906438,2.13163e-14,0.000572179
0,1.006634,6.24389e-13,0.000140655
0,1.786409,7.10543e-15,0.000297960
0,1.023318,3.55271e-15,0.000192364
0,2.700081,1.77636e-15,0.000369990
0,7.824146,1.06581e-14,0.000301036
0,4.227594,1.24345e-14,0.000541017
0,4.862717,1.68754e-14,0.000329998
0,6.129945,1.33227e-14,0.0000384298
0,3.27673,7.10543e-15,0.000232018
0,2.056828,4.44089e-15,0.000252674
0,3.366201,4.44089e-15,0.000630518
0,1.743296,4.44089e-15,0.0000333337
0,2.509069,4.44089e-15,0.000530705
0,1.018966,1.77636e-15,0.0000400744
0,2.640295,4.44089e-15,0.000424547
0,3.545837,1.15463e-14,0.000455031
0,2.95103,8.88178e-15,0.0000628671
0,1.933494,2.66454e-15,0.000628488
0,2.186019,6.21725e-15,0.000608770
0,2.933701,1.06581e-14,0.0000914018
0,3.862392,1.86517e-14,0.0000469096
0,1.408139,3.39284e-13,0.000407447
0,2.854774,7.10543e-15,0.000597838
0,2.587986,2.70006e-13,0.000360971
0,1.027219,3.55271e-15,0.0000910420
0,1.016738,8.88178e-15,0.000253735
0,1.019568,2.99316e-13,0.000210664
0,3.712398,1.06581e-14,0.000213802
0,11.54953,3.28626e-14,0.000220648
0,1.024512,6.21725e-15,0.00000298936
0,4.940032,4.44089e-15,0.000258251
0,1.92261,3.55271e-15,0.0000441339
0,2.760829,5.32907e-15,0.000467372
0,3.024224,4.44089e-15,0.000138706
0,18.72952,3.55271e-14,0.000109391
0,7.180811,7.10543e-15,0.000237941
0,3.518755,4.44089e-15,0.000127495
0,11.11542,2.48690e-14,0.000102598
0,6.999412,1.33227e-14,0.0000263870
0,1.023031,7.10543e-15,0.000301657
0,2.23862,8.88178e-15,0.000100169
0,4.327242,9.76996e-15,0.000117601
0,10.34194,7.72715e-14,0.000244638
0,7.117705,1.24345e-14,0.000172808
0,1.020787,6.02185e-13,0.000190531
0,5.631116,2.66454e-14,0.000456759
0,4.758898,9.76996e-15,0.0000863122
0,1.351546,3.55271e-15,0.000335591
0,3.000614,7.10543e-15,0.000480534
0,1.018553,5.32907e-15,0.000114667
0,5.593559,1.77636e-14,0.0000741544
0,4.155176,1.77636e-14,0.000335475
0,3.908358,1.95399e-14,0.000145461
0,3.593553,1.06581e-14,0.000525753
0,1.017067,3.55271e-15,0.000231186
0,2.709555,7.10543e-15,0.000652876
0,2.746712,7.10543e-15,0.000976716
0,6.300422,9.76996e-15,0.000242222
0,2.562844,5.32907e-15,0.00105936
0,2.399104,4.44089e-15,0.000548160
0,8.932984,1.33227e-14,0.0000523651
0,3.484324,2.48690e-14,0.000437988
0,3.845136,1.06581e-14,0.000170386
0,1.887015,3.55271e-15,0.00000229259
0,1.01531,1.77636e-15,0.0000628936
0,2.026945,3.55271e-15,0.000594855
0,2.273619,5.32907e-15,0.0000891299
0,5.191073,7.10543e-15,0.000104475
0,3.597137,8.88178e-15,0.0000386620
0,6.605079,1.86517e-14,0.0000718203
0,1.022409,2.66454e-15,0.000118302
0,6.873291,2.75335e-14,0.000449589
0,1.033836,2.66454e-15,0.000219993
0,2.26687,9.45022e-13,0.0000421959
0,2.561222,2.88658e-13,0.000549971
0,11.44474,8.88178e-14,0.0000449769
0,1.809604,4.60076e-13,0.000833679
0,1.851935,3.55271e-15,0.000580879
0,2.777241,6.21725e-15,0.000952815
0,1.769748,1.95399e-13,0.000556676
0,9.224764,1.60760e-13,0.0000491514
0,2.865578,8.88178e-15,0.0000746245
0,4.899635,6.21725e-15,0.000402761
0,8.728615,2.48690e-14,0.0000246082
0,6.217646,2.66454e-14,0.000455385
0,2.815896,3.55271e-15,0.000424869
0,1.009436,6.21725e-15,0.000134808
0,4.320619,1.50990e-14,0.000422086
0,4.780133,1.06581e-14,0.000592559
0,1.994733,1.00364e-13,0.000607659
0,2.888488,2.95763e-13,1.18897e-7
0,7.552872,1.06581e-14,0.000383745
0,2.113346,4.44089e-15,0.000128051
0,2.722835,7.10543e-15,0.000247710
0,3.405135,6.21725e-15,0.000143857
0,3.503247,1.15463e-14,0.000204236
0,2.952045,1.59872e-14,0.000294566
0,4.117224,6.21725e-15,0.0000861980
0,4.357248,6.75016e-14,0.000248791
0,6.642265,8.88178e-15,0.000368827
0,3.603419,6.05738e-13,0.000425621
0,14.61117,4.26326e-14,0.0000433895
0,4.514325,6.21725e-15,0.000834402
0,2.298456,2.66454e-15,0.000568258
0,1.709784,3.55271e-15,0.0000616972
0,7.669786,1.42109e-14,0.00000585113
0,4.578504,6.21725e-15,0.000130801
0,12.03183,2.84217e-14,0.000193202
0,8.040198,2.22045e-14,0.0000170030
0,4.26147,8.88178e-15,0.000108596
0,4.719415,3.19744e-14,0.000159487
0,1.777923,3.99680e-13,0.000123432
0,2.022937,6.48370e-14,0.000349676
0,8.407336,1.68754e-14,0.000162731
0,2.461721,3.55271e-15,0.0000329672
0,2.994596,3.87246e-13,0.000250205
0,1.021804,1.50990e-14,0.00000612873
0,15.20535,1.24345e-13,0.0000703875
0,4.01305,1.86517e-14,0.000140926
0,1.024685,2.66454e-15,0.000297759
0,4.694763,1.95399e-14,0.000296943
0,4.118733,8.88178e-15,0.000508910
0,8.872871,1.33227e-14,0.0000280465
0,3.06834,3.55271e-15,0.000389198
0,2.977893,9.76996e-15,0.000874097
0,4.980613,2.30926e-14,0.000217180
0,3.466989,7.99361e-15,0.0000833705
0,7.398492,2.13163e-14,0.000153671
0,8.581076,4.44089e-14,0.000138505
0,7.958335,2.22045e-14,0.000228999
0,11.03998,7.19425e-14,0.0000380952
0,3.30399,2.66454e-15,0.000441598
0,1.882392,1.77636e-14,0.000453868
0,7.251101,9.76996e-15,0.000358199
0,2.850751,8.88178e-15,0.000303726
0,9.409994,2.22045e-14,0.000165873
0,1.01848,4.44089e-15,0.000134152
0,2.083241,8.88178e-15,0.000225917
0,1.013798,1.95399e-14,0.000154021
0,3.550801,7.10543e-15,0.000243224
0,6.334875,3.19744e-14,0.0000922905
0,4.46826,7.99361e-15,0.000904866
0,1.420568,2.66454e-15,0.0000119816
0,2.875025,7.10543e-15,0.000474954
0,10.83069,1.86517e-14,0.000191446
0,2.713412,5.32907e-15,0.000217815
0,1.012965,2.13163e-13,0.000215176
0,9.030275,3.81917e-14,0.000273618
0,4.470807,2.04281e-14,0.000206663
0,3.757255,1.89182e-13,0.0000735986
0,2.279538,1.98952e-13,0.0000777823
0,1.176597,4.44089e-15,0.000408559
0,1.680727,8.26006e-13,0.0000567484
0,2.566244,2.62901e-13,0.000659247
0,1.001491,7.99361e-14,0.0000215907
0,3.332905,1.24345e-14,0.000287494
0,3.797863,1.15463e-14,0.000149959
0,6.492264,3.10862e-14,0.0000123638
0,6.270261,2.30926e-14,0.000277262
0,1.014108,2.44249e-13,0.0000414678
0,7.34653,1.50990e-14,0.000128932
0,1.035667,4.33431e-13,0.00000256190
0,5.886185,1.33227e-14,0.000203916
0,4.053269,8.88178e-15,0.000343343
0,2.600533,2.66454e-15,0.0000498125
0,1.003227,7.10543e-15,0.000202930
0,2.915991,6.21725e-15,0.000172371
0,3.084886,9.76996e-15,0.0000962350
0,2.5147,9.76996e-15,0.000582253
0,5.704187,1.86517e-14,0.000344749
0,1.560388,7.99361e-15,0.000210867
0,2.238438,7.99361e-15,0.000519572
0,1.028798,2.57572e-14,0.000252644
0,3.435754,8.88178e-15,0.000179544
0,2.015172,4.44089e-15,0.0000561696
0,3.835161,5.32907e-15,0.000127800
0,3.705334,1.24345e-14,0.000318050
0,9.067215,3.64153e-14,0.000150265
0,3.181057,2.66454e-15,0.000229073
0,10.69323,5.80869e-13,0.0000576347
0,4.206803,8.88178e-15,0.000260153
0,3.901564,1.42109e-14,0.000620806
0,3.265218,1.06581e-14,0.000427496
0,4.081356,1.59872e-14,0.000680329
0,1.85208,8.73079e-13,0.000631849
0,1.013802,3.55271e-15,0.000162530
0,2.292898,8.88178e-15,0.000531533
0,3.355088,3.55271e-15,0.000177674
0,2.209122,2.66454e-14,0.000155035
0,1.970547,3.55271e-15,0.0000551480
0,12.15527,4.08562e-14,0.000104059
0,1.830522,6.21725e-15,0.000269779
0,3.032215,7.99361e-15,0.00112611
0,1.001023,7.99361e-15,0.00000520271
0,5.436707,1.42109e-14,0.000217656
0,2.294423,8.70415e-13,0.000532933
0,1.015789,1.33227e-14,0.000252642
0,3.628761,7.99361e-15,0.0000568462
0,6.253481,1.15463e-14,0.000288851
0,1.009295,5.32907e-15,0.0000373964
0,1.179131,4.44089e-15,0.000229857
0,1.010081,2.64677e-13,0.0000765646
0,1.133946,2.66454e-15,0.0000738476
0,1.311278,3.55271e-15,0.000235757
0,5.03889,1.33227e-14,0.0000122387
0,2.833884,1.42109e-14,0.0000107642
0,8.814748,4.88498e-14,0.000222057
0,7.69425,1.24345e-14,0.000198485
0,5.681613,3.64153e-14,0.000228426
0,3.035465,7.10543e-15,0.000217253
0,1.212971,2.48690e-14,0.000154481
0,2.954664,5.32907e-15,0.000767365
0,9.575977,4.00568e-13,0.000169624
0,3.205723,7.99361e-15,0.000417396
0,1.019706,5.32907e-15,0.00000527742
0,1.69908,4.44089e-15,0.000729025
0,3.778955,1.42109e-14,0.0000334791
0,4.058018,1.68754e-14,0.000422631
0,3.268275,5.32907e-15,0.000458064
0,3.799441,4.44089e-15,0.000429175
0,8.280453,3.19744e-14,0.0000899785
0,1.008447,1.77636e-15,0.0000195943
0,2.593771,7.72715e-14,0.000220435
0,2.568021,4.44089e-15,0.000271368
0,1.017184,3.55271e-15,0.000143967
0,2.656361,1.24345e-14,0.0000965784
0,2.787729,7.99361e-15,0.000710349
0,7.001294,9.21041e-13,0.00000301190
0,9.919309,4.35207e-14,0.0000314393
0,2.936637,6.21725e-15,0.000408915
0,6.295507,1.30562e-13,0.000199528
0,3.22933,2.66454e-15,0.000114902
0,6.298472,1.33227e-14,0.000229806
0,1.901118,7.99361e-15,0.000742645
0,1.651481,3.55271e-15,0.000525151
0,1.940165,4.44089e-15,0.000745126
0,4.573204,5.04485e-13,0.0000472261
0,1.006208,7.99361e-15,0.000107562
0,1.462994,2.89546e-13,0.000432573
0,3.075106,1.68754e-14,0.000653200
0,2.272554,5.32907e-15,0.000351692
0,3.780426,5.32907e-15,0.000157389
0,7.064636,7.10543e-15,0.0000843957
0,4.442474,1.42109e-14,0.0000584743
0,10.40047,6.39488e-14,0.000142000
0,4.123706,1.19016e-13,0.000416661
0,6.423164,1.06581e-14,0.000422970
0,2.487548,3.55271e-15,0.000660108
0,1.697999,6.21725e-15,0.000186840
0,2.877005,7.90479e-13,0.000165891
0,5.930475,2.39808e-14,0.0000764206
0,1.01128,3.55271e-15,0.0000457699
0,4.595984,1.95399e-14,0.000400757
0,1.655262,2.66454e-15,0.000426967
0,2.841562,8.88178e-15,0.000525890
0,1.666344,8.88178e-15,0.000155657
0,5.268771,8.88178e-15,0.000125507
0,5.678692,1.78524e-13,0.000265976
0,2.473325,3.55271e-15,0.000605450
0,7.821426,1.77636e-14,0.000320473
0,10.27436,2.57572e-14,0.0000414128
0,1.908643,9.50351e-14,0.000566388
0,1.016856,1.43885e-13,0.0000552659
0,15.91044,5.32907e-14,0.0000154607
0,2.809813,9.49463e-13,0.000316677
0,3.661642,5.32907e-15,0.000288984
0,10.49786,1.52767e-13,0.000139153
0,10.78651,4.44089e-14,0.000176619
0,8.460984,3.19744e-14,0.0000259569
0,1.417787,4.44089e-15,0.000278484
0,4.471525,9.76996e-15,0.000239847
0,1.995196,3.89022e-13,0.000867284
0,2.744723,1.42109e-14,0.000223754
0,2.772092,7.99361e-15,0.000421799
0,4.201935,4.52971e-14,0.000685255
0,3.925024,2.04281e-14,0.000493421
0,1.467765,1.68754e-14,0.000452880
0,8.420846,1.77636e-14,0.00000926990
0,1.013867,8.88178e-15,0.0000569653
0,1.010336,4.49418e-13,0.000126685
0,3.006462,3.55271e-15,0.000648583
0,2.094909,1.50990e-14,0.0000224303
0,2.378345,2.67342e-13,0.000187581
0,5.490147,7.10543e-15,0.000187285
0,3.306211,1.06581e-14,0.00000306953
0,1.460028,7.99361e-15,0.0000725100
0,4.435288,7.10543e-15,0.000208667
0,5.963256,3.64153e-14,0.0000908394
0,3.293896,3.55271e-15,0.000346859
0,1.487888,2.66454e-15,0.0000798737
0,3.472086,7.10543e-15,0.000379464
0,2.645738,1.59872e-14,0.000381237
0,7.697427,5.32907e-15,0.000385648
0,4.702334,4.44089e-15,0.000368480
0,2.570102,1.29674e-13,0.0000174235
0,1.004684,9.47686e-13,0.000237801
0,4.11107,1.06581e-14,0.0000452961
0,3.47585,1.77636e-14,0.000162547
0,4.722844,2.13163e-14,0.000163256
0,1.821515,5.32907e-15,0.000463604
0,2.974574,5.32907e-15,0.000322255
0,1.016299,4.44089e-15,0.000139118
0,2.970946,1.59872e-14,0.000552947
0,3.472197,2.04281e-14,0.000437184
0,2.066345,6.21725e-15,0.000140870
0,2.80078,6.21725e-15,0.000444206
0,1.835391,3.55271e-15,0.0000804204
0,2.650319,7.10543e-15,0.000329066
0,4.315085,1.86517e-14,0.000568296
0,3.530974,4.44089e-15,0.000398880
0,9.852775,2.30926e-14,0.000254738
0,9.027578,7.28306e-14,0.000267422
0,5.612965,7.81597e-14,0.000518762
0,1.012174,3.55271e-15,0.000313360
0,1.947498,2.66454e-15,0.000449419
0,6.267922,1.24345e-14,0.0000883047
0,3.681705,1.33227e-14,0.000147714
0,4.597405,1.42109e-14,0.0000393969
0,1.629528,7.99361e-15,0.000453492
0,19.7937,4.88498e-14,0.0000744250
0,2.796157,4.44089e-15,0.000421262
0,1.400839,4.44089e-15,0.000465075
0,2.592528,7.10543e-15,0.000308518
0,4.659468,1.24345e-14,4.57521e-7
0,5.861299,1.33227e-14,0.0000615291
0,5.400685,3.01981e-14,0.000212249
0,3.789289,5.32907e-15,0.000461213
0,2.749706,6.03961e-14,0.000683976
0,2.708663,3.55271e-15,0.000648689
0,3.543285,2.48690e-14,0.0000947960
0,2.838883,7.99361e-15,0.000440960
0,1.004765,2.02505e-13,0.000244102
0,3.820287,1.24345e-14,0.000307728
0,2.04102,6.21725e-15,0.000361692
0,2.211934,9.76996e-15,0.000513794
0,1.006199,6.30607e-13,0.000128068
0,2.380663,6.48370e-14,0.000320485
0,8.840761,2.04281e-14,0.000108853
0,1.268197,5.32907e-15,0.000364516
0,1.540284,3.55271e-15,0.000170098
0,9.440308,2.13163e-14,0.000214768
0,7.120165,1.77636e-14,0.00000324230
0,0.9984332,2.66454e-15,0.000100257
0,1.972443,6.21725e-15,0.0000660513
0,7.311341,1.06581e-14,0.0000174525
0,1.022542,2.66454e-15,0.000118832
0,4.491644,1.24345e-14,0.0000754644
0,3.524344,7.10543e-15,0.0000834640
0,4.32739,1.95399e-14,0.0000128489
0,3.691431,7.99361e-15,0.000680931
0,5.629259,1.42109e-14,0.000186824
0,4.476232,1.95399e-14,0.0000596152
0,1.021787,1.77636e-15,0.000254429
0,1.689524,2.66454e-15,0.000202126
0,4.367016,2.30926e-14,0.000279314
0,1.822759,2.66454e-15,0.0000611929
0,2.280265,5.77316e-14,0.000250080
0,3.53073,2.48690e-13,0.000979020
0,2.473656,9.76996e-15,0.000115090
0,2.543805,9.76996e-15,0.000459752
0,4.476809,8.88178e-15,0.000704376
0,2.751074,1.17240e-13,0.000178916
0,1.568474,6.02185e-13,0.000572072
0,5.928146,1.95399e-14,0.0000593268
0,8.02458,1.50990e-14,0.0000452467
0,1.004336,1.77636e-15,0.000227008
0,3.54756,1.42109e-14,0.000672963
0,1.503402,7.93143e-13,0.000124408
0,2.881756,1.15463e-14,0.000621563
0,4.216845,1.06581e-14,0.000707036
0,3.69791,4.44089e-15,0.000314950
0,3.905745,1.59872e-14,0.000297624
0,2.596837,6.21725e-15,0.00103986
0,1.920552,3.55271e-15,0.0000732856
0,4.150818,4.44089e-15,0.000761534
0,9.088685,2.30926e-14,0.0000547947
0,4.298009,1.15463e-14,0.000380739
0,3.198898,1.27898e-13,0.000631004
0,1.748302,4.44089e-15,0.000606285
0,1.971763,1.33227e-13,0.00116455
0,3.658747,1.24345e-14,0.000113172
0,3.040718,2.66454e-15,0.000485440
0,1.014709,3.55271e-15,0.000172402
0,1.576686,4.44089e-15,0.000156543
0,2.132263,1.06581e-14,0.000436164
0,3.258756,5.32907e-15,0.000746466
0,1.917331,5.32907e-15,0.000129335
0,10.2246,1.24345e-14,0.000133857
0,3.28022,6.21725e-15,0.000798559
0,1.257914,5.32907e-15,0.000298250
0,3.125347,7.10543e-15,0.000144308
0,2.714949,9.76996e-15,0.0000360434
0,6.429616,1.15463e-14,0.000109653
0,1.226255,5.32907e-13,0.000226843
0,1.136506,6.21725e-15,0.0000436768
0,1.011963,4.42313e-13,0.0000575629
0,5.905744,1.59872e-14,0.000378072
0,1.019644,1.77636e-15,0.000126268
0,1.018665,2.66454e-15,0.0000943037
0,4.56277,1.95399e-14,0.000375303
0,1.015327,1.77636e-15,0.000105546
0,4.630531,1.42109e-14,0.0000903721
0,2.220639,6.21725e-15,0.000299102
0,2.456435,7.10543e-15,0.000663776
0,8.822909,4.08562e-14,0.000186244
0,6.558459,1.06581e-14,0.000111460
0,1.019462,1.93623e-13,0.0000953135
0,1.758416,2.55795e-13,0.0000926856
0,1.013858,6.75016e-14,0.0000572041
0,4.663975,8.88178e-15,0.000112391
0,1.98239,7.10543e-15,0.000352263
0,9.054055,2.22045e-14,0.0000786063
0,4.580002,7.99361e-15,0.000522903
0,20.238,9.32587e-14,0.0000361511
0,8.918921,1.95399e-14,0.0000444101
0,1.491199,4.84945e-13,0.000127167
0,5.594396,2.39808e-14,0.000416743
0,9.536441,4.68958e-13,0.000123873
0,1.911679,3.55271e-15,0.000508029
0,4.109977,2.30926e-14,0.000579910
0,19.32578,1.51879e-13,0.0000352306
0,2.05718,5.32907e-15,0.000868661
0,1.80088,7.99361e-15,0.000101961
0,3.490351,8.88178e-15,0.000163323
0,4.665737,9.76996e-15,0.000268160
0,7.62927,7.99361e-15,0.000195969
0,3.486903,7.10543e-15,0.000199469
0,7.60205,2.04281e-14,0.0000595339
0,5.939527,2.54907e-13,0.0000612910
0,2.449265,6.21725e-15,0.000917000
0,6.086013,4.08562e-14,0.000116217
0,2.514002,6.21725e-15,0.000207816
0,3.042142,6.21725e-15,0.000730733
0,3.250486,1.33227e-14,0.000797449
0,3.014578,3.55271e-15,0.000153383
0,2.948148,4.52083e-13,0.000402148
0,3.212793,1.24345e-14,0.000735547
0,1.265966,6.21725e-15,0.000174801
0,4.685423,8.88178e-15,0.000229288
0,1.010711,8.88178e-16,0.000224347
0,2.727622,5.32907e-15,0.0000353366
0,1.007598,3.55271e-15,0.000150530
0,1.852359,3.55271e-15,0.000810131
0,1.014232,7.10543e-15,0.000138275
0,6.326528,2.13163e-14,0.000289030
0,1.73979,2.84217e-14,0.000657879
0,3.39854,1.86517e-13,0.000263419
0,2.877183,2.66454e-15,0.000300944
0,1.844514,3.55271e-15,0.000593662
0,1.016262,2.66454e-15,0.0000833635
0,1.397127,7.82485e-13,0.0000251936
0,3.336904,3.10862e-14,0.000979766
0,1.896433,9.68114e-14,0.000782768
0,1.007199,4.44089e-15,0.0000679731
0,1.783009,5.32907e-15,0.000667479
0,2.781471,9.76996e-15,0.000956205
0,5.359007,1.06581e-14,0.000497221
0,2.601335,8.88178e-15,0.000260505
0,4.412682,1.59872e-14,0.000171024
0,5.757089,2.13163e-14,0.000508886
0,5.529932,2.13163e-14,0.0000186501
0,3.554347,5.32907e-15,0.000119396
0,1.011465,1.50990e-14,0.000122807
0,4.639468,6.21725e-15,0.000287598
0,3.733311,2.84217e-14,0.000520009
0,2.719467,4.42313e-13,0.000617767
0,10.21578,2.22045e-14,0.0000476048
0,1.290599,2.66454e-15,0.000132802
0,4.99706,1.15463e-14,0.0000908825
0,1.013152,7.99361e-15,0.0000856361
0,8.846228,4.44089e-14,0.000396124
0,1.012524,6.21725e-15,0.0000715041
0,1.009166,2.48690e-14,0.000142789
0,3.314164,8.88178e-15,0.0000764908
0,1.019681,3.55271e-15,0.0000858258
0,2.463183,4.44089e-15,0.000337307
0,3.267816,7.99361e-15,0.0000145303
0,2.633458,7.10543e-15,0.000433392
0,1.347499,3.55271e-15,0.000681127
0,2.308739,2.66454e-15,0.000587720
0,4.077942,7.99361e-15,0.000697375
0,1.02018,1.77636e-15,0.000216680
0,2.161712,6.21725e-15,0.000266557
0,4.595521,1.33227e-14,0.000554364
0,1.012205,7.10543e-15,0.000129319
0,2.047734,2.66454e-15,0.0000510722
0,1.016345,1.45661e-13,0.0000303574
0,7.281951,1.24345e-14,0.000384670
0,4.736675,2.04281e-14,0.000212421
0,1.007577,4.44089e-15,0.0000364539
0,5.844313,1.59872e-14,0.000340296
0,1.012224,7.10543e-15,0.000265594
0,1.017863,1.86517e-14,0.000221879
0,2.286937,3.28626e-14,0.000364671
0,1.45322,3.55271e-14,0.00000243270
0,10.06306,5.15143e-14,0.0000896284
0,3.245903,1.50990e-14,0.000831695
0,5.516277,7.10543e-15,0.000232152
0,4.410318,2.13163e-14,0.000444357
0,3.056225,6.21725e-15,0.000250403
0,2.26738,5.32907e-15,0.000689685
0,2.792551,7.10543e-15,0.000250758
0,8.104662,1.77636e-14,0.0000624809
0,5.975668,2.13163e-14,0.0000162654
0,3.309796,1.15463e-14,0.000696042
0,1.403433,1.33227e-14,0.000672671
0,3.999023,3.46390e-14,0.0000204086
0,9.552983,1.42109e-14,0.000110081
0,1.015904,1.93623e-13,0.0000478936
0,1.869284,3.55271e-15,0.000413274
0,1.788761,3.55271e-15,0.000250994
0,1.028918,1.54543e-13,0.000188082
0,2.010439,2.22933e-13,0.000879395
0,7.152086,2.30926e-14,0.000321635
0,1.843616,4.44089e-15,0.0000223735
0,3.98899,1.06581e-14,0.000321453
0,12.05185,4.35207e-14,0.0000649343
0,4.451266,7.99361e-15,0.000718032
0,8.00027,1.95399e-14,0.000260778
0,3.475564,1.15463e-14,0.000255321
0,1.018135,3.55271e-15,0.0000894482
0,2.074296,4.44089e-15,0.000115043
0,5.847398,2.84217e-14,0.000532123
0,7.29988,2.30926e-14,0.000177861
0,5.527364,1.86517e-14,0.0000356878
0,11.5132,3.90799e-14,0.0000151324
0,2.863044,7.99361e-15,0.0000371424
0,2.468216,3.55271e-15,0.000470087
0,5.869751,1.68754e-14,0.000246673
0,9.636101,2.75335e-14,0.00000881740
0,1.840916,2.66454e-15,0.000182821
0,11.07197,2.39808e-14,0.000110230
0,2.904961,7.10543e-15,0.000511164
0,4.476251,3.01981e-14,0.000237235
0,1.019976,4.44089e-15,0.0000548690
0,2.325053,2.07834e-13,0.000144000
0,2.597134,3.55271e-15,0.000878061
0,1.026985,1.24345e-13,0.000166996
0,6.897791,2.48690e-14,0.000230538
0,2.694004,5.32907e-15,0.000136709
0,2.559953,3.55271e-15,0.000313363
0,1.006651,8.88178e-15,0.000185397
0,8.325396,2.57572e-14,0.0000848101
0,2.062329,2.66454e-15,0.00000520584
0,1.851323,3.55271e-15,0.00110642
0,1.797176,4.44089e-15,0.000650957
0,3.97557,1.06581e-14,0.000338747
0,0.9975051,4.44089e-15,0.000192312
0,2.280181,1.15463e-14,0.000742745
0,4.71335,4.08562e-14,0.000147326
0,3.311536,1.06581e-14,0.000598752
0,5.424018,2.04281e-14,0.000572982
0,2.420043,3.10862e-14,0.000658285
0,1.887257,2.66454e-15,0.0000219303
0,4.419834,1.33227e-14,0.000218757
0,1.351764,3.55271e-15,0.000476823
0,1.888384,7.10543e-15,0.000558677
0,1.460268,8.88178e-14,0.000551760
0,2.893826,1.06581e-14,0.000224338
0,8.622227,3.73035e-14,0.0000340129
0,2.011927,3.55271e-15,0.000283381
0,5.330921,1.06581e-14,0.0000135627
0,5.447535,1.68754e-14,0.000488945
0,5.164232,1.77636e-14,0.000264477
0,1.044313,1.77636e-15,0.0000781207
0,10.74547,3.37508e-14,0.000140710
0,10.7006,7.10543e-15,0.0000966386
0,4.279051,7.10543e-15,0.000753683
0,12.86507,2.93099e-14,0.00000185301
0,4.138903,7.99361e-15,0.000311641
0,5.604913,1.95399e-14,0.000244273
0,3.081377,5.32907e-15,0.000465011
0,4.780329,1.42109e-14,0.000502445
0,2.516842,3.55271e-15,0.000302605
0,8.17133,1.50990e-14,0.0000285583
0,6.760035,1.59872e-14,0.000253727
0,4.103957,1.59872e-14,0.000361499
0,3.58858,1.15463e-14,0.000106061
0,3.430396,1.33227e-14,0.000411074
0,3.277117,7.10543e-15,0.000116773
0,1.006346,3.55271e-15,0.0000596934
0,1.017794,3.55271e-15,0.0000263522
0,1.541012,5.32907e-15,0.000554100
0,1.014245,7.28306e-14,0.000228963
0,1.015205,1.68754e-14,0.000283292
0,3.228933,1.68754e-14,0.0000184809
0,1.233061,6.21725e-15,0.00000560060
0,9.019369,1.95399e-14,0.000148971
0,3.727418,1.15463e-14,0.000195277
0,1.013016,7.10543e-15,0.000221142
0,9.134276,1.06581e-14,0.000159896
0,9.776568,4.61853e-14,0.000157831
0,8.188684,1.77636e-14,0.0000284577
0,3.232287,4.44089e-15,0.000196556
0,2.162889,3.55271e-15,0.00000937056
0,3.089112,8.36664e-13,0.000106279
0,1.029784,3.55271e-15,0.0000909202
0,3.617842,3.55271e-15,0.000401892
0,3.434063,9.76996e-15,0.000250894
0,2.310776,5.32907e-15,0.000426977
0,1.718654,3.55271e-14,0.000613490
0,1.020208,3.55271e-15,0.000107036
0,2.308698,4.44089e-15,0.000407755
0,1.017593,4.44089e-15,0.0000142884
0,1.237877,3.55271e-15,0.000124525
0,5.166493,7.30083e-13,0.000607941
0,4.203464,1.86517e-14,0.000529025
0,5.305517,1.50990e-14,0.000136531
0,2.669433,3.73035e-14,0.000122797
0,1.0104,5.32907e-15,0.0000711592
0,3.813215,1.06581e-14,0.000347765
0,10.66165,4.17444e-14,0.0000461645
0,9.629722,1.42109e-14,0.000165229
0,3.103087,9.76996e-15,0.000108587
0,1.178854,3.46390e-14,0.00000616377
0,4.04655,1.24345e-14,0.0000609047
0,3.399177,1.59872e-14,0.000470083
0,5.362956,1.15463e-14,0.000307895
0,1.261054,5.32907e-15,0.000312099
0,2.476646,6.21725e-15,0.000187811
0,4.106467,1.59872e-14,0.000131967
0,1.008049,2.66454e-15,0.000222799
0,1.014626,2.66454e-15,0.000103662
0,8.413204,3.64153e-14,0.000181418
0,6.790816,2.84217e-14,0.0000437219
0,1.787561,1.77636e-15,0.000938447
0,4.499322,1.24345e-14,0.000183250
0,1.43293,6.21725e-15,0.0000289493
0,4.259333,9.76996e-15,0.000199262
0,3.223959,6.21725e-15,0.0000811485
0,2.261538,4.44089e-15,0.000386506
0,1.012993,5.32907e-15,0.000235722
0,2.810084,1.24345e-14,0.000233292
0,2.995937,5.32907e-15,0.000450370
0,3.651713,7.10543e-15,0.000262982
0,2.314436,1.37668e-13,0.000758727
0,4.78507,1.24345e-14,0.000122026
0,3.38735,1.86517e-14,0.000878836
0,8.21999,2.75335e-14,0.000198614
0,11.26388,3.28626e-14,0.000122677
0,2.449384,7.99361e-15,0.000190447
0,10.41057,3.55271e-14,0.000163385
0,3.341112,1.06581e-14,0.000397774
0,2.026178,5.32907e-15,0.000502555
0,6.335095,1.68754e-14,0.000132949
0,1.022073,2.66454e-15,0.0000183381
0,1.02035,1.82965e-13,0.000111845
0,3.93808,7.10543e-15,0.0000896761
0,2.603665,6.21725e-15,0.000192551
0,1.919486,2.66454e-15,0.000554230
0,1.018843,2.66454e-15,0.0000252334
0,1.726553,8.88178e-15,0.0000513290
0,9.332745,2.48690e-14,0.0000223213
0,2.458841,7.99361e-15,0.000151805
0,1.361387,1.59872e-14,0.000561180
0,2.664937,5.32907e-15,0.000455021
0,3.911601,1.33227e-14,0.000203999
0,6.637642,2.13163e-14,0.0000167325
0,3.637214,8.88178e-15,0.000288321
0,1.017726,3.54383e-13,0.000265535
0,4.538308,4.79616e-14,0.000235584
0,5.548803,1.50990e-14,0.000128917
0,1.879238,3.55271e-15,0.000574700
0,2.061552,6.21725e-15,0.000819650
0,4.216175,1.06581e-14,0.000897071
0,3.900867,1.95399e-14,0.000344076
0,1.019972,7.10543e-15,0.0000505425
0,2.344573,8.88178e-15,0.000324857
0,2.006849,2.13163e-13,0.000290498
0,5.66523,2.30926e-14,0.000137616
0,7.265565,1.24345e-14,0.0000910771
0,4.481918,2.13163e-14,0.000438726
0,1.013791,4.44089e-15,0.00000117690
0,1.029691,6.21725e-15,0.0000761809
0,2.416735,6.21725e-15,0.000245199
0,9.628978,2.75335e-14,0.0000738475
0,3.404329,1.24345e-14,0.000191328
0,2.453635,5.32907e-15,0.000286852
0,1.014255,1.15463e-14,0.000116447
0,1.810342,6.48370e-14,0.000847303
0,3.524946,1.24345e-14,0.0000473764
0,1.225981,2.66454e-15,0.0000538677
0,1.016391,2.66454e-15,0.000267756
0,1.827787,4.44089e-15,0.000415301
0,1.017422,5.32907e-15,0.0000855551
0,2.942679,5.32907e-15,0.0000175007
0,1.888679,7.10543e-15,0.000989531
0,2.103119,3.55271e-15,0.000432741
0,2.86656,2.66454e-15,0.000651470
0,6.035457,5.50671e-14,0.000302329
0,6.534546,1.24345e-14,0.0000609566
0,1.016185,2.66454e-15,0.0000574863
0,6.997522,9.76996e-15,0.000177883
0,1.015181,1.77636e-15,0.0000248285
0,3.602798,2.66454e-14,0.000830087
0,1.013985,3.55271e-15,0.0000927908
0,1.027302,2.66454e-15,0.0000115961
0,4.441952,8.88178e-15,0.0000735612
0,4.864748,1.59872e-14,0.0000206466
0,1.289992,6.21725e-15,0.000193260
0,1.652144,2.66454e-15,0.000477521
0,1.011094,3.55271e-15,0.000209194
0,3.99659,4.44089e-15,0.000135585
0,3.171671,5.32907e-15,0.000257244
0,4.287736,2.13163e-14,0.000155918
0,6.92706,2.04281e-14,0.000137908
0,8.228611,1.77636e-14,0.0000339120
0,1.01643,5.83533e-13,0.000242965
0,1.93925,5.32907e-15,0.000103899
0,9.295813,5.51559e-13,0.000152108
0,1.352037,3.55271e-15,0.00000585218
0,2.003793,8.18901e-13,0.0000623943
0,1.025475,7.99361e-15,0.0000654935
0,7.949979,1.68754e-14,0.000266209
0,2.66916,4.44089e-15,0.0000654191
0,5.576455,1.06581e-14,0.000134692
0,2.132965,6.21725e-15,0.000127868
0,1.022522,7.10543e-15,0.0000416215
0,1.812046,2.66454e-15,0.0000156034
0,3.652114,8.88178e-15,0.000130668
0,5.321177,1.15463e-14,0.000190931
0,9.079445,3.10862e-14,0.000107651
0,20.63468,1.51879e-13,0.000140256
0,2.346755,8.97060e-14,0.0000373636
0,1.021463,3.55271e-15,0.0000787405
0,2.951432,6.21725e-15,0.000240168
0,11.13817,4.44089e-13,0.00000313679
0,2.115676,1.77636e-15,0.000756658
0,2.550454,5.48006e-13,0.00000280321
0,2.444298,6.21725e-15,0.000936224
0,6.759085,6.38600e-13,0.000114110
0,9.707109,1.95399e-14,0.000143053
0,9.486486,2.54019e-13,0.000132624
0,3.195092,7.10543e-15,0.000432154
0,1.517175,9.76108e-13,0.000318633
0,1.027184,1.77636e-15,0.000195848
0,5.910616,2.13163e-14,0.000101403
0,1.01738,7.10543e-15,0.0000155524
0,3.99882,8.88178e-15,0.000671925
0,1.958447,4.44089e-15,0.00000457377
0,5.033249,1.50990e-14,0.000100151
0,3.062201,7.10543e-15,0.000493958
0,4.133418,1.24345e-14,0.000226630
0,2.756369,7.99361e-15,0.00106246
0,1.587079,3.55271e-15,0.000543734
0,1.458095,2.66454e-15,0.0000770423
0,3.305931,7.10543e-15,0.000542746
0,2.130263,5.83533e-13,0.000525846
0,3.074407,4.88498e-13,0.000122762
0,3.423996,4.44089e-15,0.000125381
0,3.23265,1.24345e-14,0.000274662
0,1.412892,2.66454e-15,0.000531486
0,20.247,3.10862e-14,0.0000547416
0,1.016702,2.66454e-15,0.000274431
0,5.126507,2.04281e-14,0.000683505
0,1.016357,1.77636e-15,0.000153574
0,1.466729,8.26006e-14,0.000361910
0,3.044663,9.76996e-15,0.00103427
0,3.067293,1.06581e-14,0.000785640
0,3.867527,5.32907e-15,0.000236835
0,4.919103,2.04281e-14,0.000297902
0,2.725637,5.32907e-15,0.000503666
0,3.474442,2.36255e-13,0.000296488
0,2.417785,7.99361e-15,0.0000604812
0,4.166829,2.57572e-14,0.000320735
0,1.852346,3.55271e-15,0.000254709
0,2.442697,7.10543e-15,0.000455810
0,10.5804,1.19016e-13,0.0000947827
0,5.219821,2.57572e-14,0.000103315
0,7.350896,1.68754e-14,0.00000242058
0,2.598561,8.64198e-13,0.000180405
0,3.883734,1.50990e-14,0.00000512803
0,1.022782,3.55271e-15,0.0000729355
0,7.17893,1.06581e-14,0.0000378144
0,2.997288,4.44089e-15,0.000187346
0,1.014064,3.55271e-15,0.0000137999
0,7.665678,1.15463e-14,0.000260140
0,2.907427,8.61533e-14,0.000602472
0,1.013959,9.14824e-14,0.000317267
0,1.417327,6.21725e-15,0.000156351
0,3.528813,7.10543e-15,0.000123006
0,3.260233,7.10543e-15,0.000808628
0,9.239068,1.06581e-14,0.000220652
0,3.139869,4.44089e-15,0.0000220501
0,1.45817,2.66454e-15,0.0000626242
0,8.668459,1.06581e-14,0.00000531876
0,5.145855,1.33227e-14,0.000514379
0,3.549514,1.24345e-14,0.000369286
0,6.846174,1.11910e-13,0.000312618
0,5.500114,1.15463e-14,0.0000371167
0,4.130465,1.86517e-14,0.000291845
0,4.69501,2.75335e-14,0.000792840
0,3.66394,6.21725e-15,0.000617840
0,1.981065,3.55271e-15,0.000520409
0,2.706082,1.77636e-15,0.000619395
0,3.931278,1.33227e-14,0.000932350
0,1.0259,4.44089e-15,0.0000445489
0,2.845471,1.50990e-14,0.0000186623
0,1.020955,1.06581e-14,0.0000815571
0,1.014369,3.55271e-15,0.000174050
0,5.485735,3.55271e-15,0.000284492
0,2.903796,1.06581e-14,0.0000927062
0,5.652476,2.57572e-14,0.000442374
0,2.376444,3.55271e-15,0.00000311100
0,1.902434,4.01457e-13,0.0000924235
0,2.733489,5.71987e-13,0.000712388
0,3.167896,3.55271e-15,0.000268000
0,2.009689,3.55271e-15,0.000555746
0,5.842077,4.08562e-14,0.000184696
0,7.988959,1.68754e-14,0.000295301
0,9.938577,4.61853e-14,0.000105546
0,9.366457,3.19744e-14,0.0000334245
0,2.888479,1.50990e-14,0.000202351
0,4.964059,3.55271e-14,0.000141086
0,1.020923,2.66454e-15,0.0000554371
0,1.460407,2.66454e-15,0.000350580
0,2.602244,7.54952e-13,0.000476696
0,2.741559,1.24345e-14,0.000411670
0,1.025038,1.77636e-15,0.000141270
0,3.061453,5.32907e-15,0.000168947
0,8.722535,1.86517e-14,0.000122568
0,2.706219,7.10543e-15,0.000202296
0,2.497877,5.32907e-15,0.000179259
0,1.016269,4.28102e-13,0.000172612
0,3.203084,1.15463e-14,0.000675371
0,2.404237,3.55271e-15,0.000789258
0,4.478448,7.10543e-15,0.000193156
0,4.33699,1.50990e-14,0.0000680996
0,3.372777,5.32907e-15,0.0000732262
0,1.023677,9.29923e-13,0.0000488908
0,2.108058,3.55271e-15,0.000172515
0,1.758789,4.44089e-15,0.000498669
0,1.009076,7.99361e-15,0.0000333723
0,4.62953,6.21725e-15,0.000932563
0,2.842432,7.99361e-15,0.000149250
0,2.180542,3.89910e-13,0.000749097
0,5.17061,6.21725e-15,0.0000811306
0,1.846349,5.32907e-15,0.000374514
0,1.890295,3.09974e-13,0.000423272
0,6.544464,1.42109e-14,0.000334627
0,6.313073,9.76996e-15,0.000491786
0,1.023887,8.02025e-13,0.000232130
0,3.500475,2.17604e-13,0.000336386
0,9.827776,3.01981e-14,0.0000957525
0,7.189274,1.68754e-14,0.0000235297
0,2.200843,5.32907e-15,0.000298282
0,1.90023,2.66454e-14,0.000118805
0,2.504144,1.77636e-14,0.000878695
0,3.70257,1.33227e-14,0.000443297
0,1.009787,4.44089e-15,0.0000222504
0,2.513971,4.44089e-15,0.0000691512
0,11.63093,2.30926e-14,0.000159239
0,2.837026,7.99361e-15,0.000168954
0,4.845882,6.21725e-15,0.000503801
0,2.353076,5.49782e-13,0.000346656
0,4.221654,2.39808e-14,0.000191168
0,1.011511,1.77636e-15,0.0000338016
0,5.145824,1.15463e-14,0.0000278888
0,3.733799,7.99361e-15,0.000460357
0,2.915856,1.06581e-14,0.000478468
0,4.72694,1.42109e-14,0.000343018
0,1.022848,7.10543e-15,0.0000270465
0,4.076911,2.48690e-14,0.000526504
0,8.022386,1.06581e-14,0.000143589
0,2.961717,1.24345e-14,0.000478617
0,10.30808,2.84217e-14,0.0000804103
0,1.974275,1.42109e-14,0.000592340
0,4.044775,5.32907e-15,0.0000343924
0,2.768549,1.77636e-15,0.000137949
0,1.335231,2.66454e-15,0.000545343
0,3.894737,2.48690e-14,0.000798055
0,2.58751,6.83897e-13,0.0000315044
0,5.540598,1.95399e-14,0.000249695
0,5.232107,7.81597e-14,0.000139552
0,3.455779,8.88178e-15,0.000638241
0,4.43085,1.06581e-14,0.000520759
0,4.591173,2.04281e-14,0.0000192893
0,3.994078,7.14984e-13,0.000302087
0,3.935771,7.10543e-15,0.000341960
0,3.715256,1.24345e-14,0.0000429690
0,6.11372,2.30926e-14,0.000111512
0,3.418742,1.06581e-14,0.000334026
0,21.2618,1.01252e-13,0.0000744388
0,2.244061,5.32907e-15,0.00102112
0,6.411496,7.18536e-13,0.000336546
0,1.025719,1.77636e-15,0.000136504
0,7.528045,8.88178e-15,0.0000760873
0,4.964657,3.01981e-14,0.000420308
0,6.286497,1.06581e-14,0.000204634
0,1.021918,7.10543e-15,0.000119567
0,5.578101,1.24345e-14,0.0000355954
0,2.907196,9.76996e-15,0.000735965
0,1.332355,5.32907e-15,0.000573592
0,1.017814,2.30926e-14,0.0000904406
0,2.253889,1.06581e-14,0.000308674
0,3.634346,1.77636e-14,0.0000487841
0,3.343001,3.55271e-15,0.000871802
0,2.753315,5.32907e-15,0.0000354752
0,1.587914,4.44089e-15,0.000603116
0,2.284631,5.32907e-15,0.000198194
0,2.620936,7.99361e-15,0.000332174
0,1.01522,3.55271e-15,0.0000536831
0,1.861853,1.82965e-13,0.000252357
0,5.936935,3.46390e-14,0.000171817
0,2.192223,1.06581e-14,0.0000728241
0,1.013525,2.66454e-15,0.000209160
0,3.648289,8.88178e-15,0.000635713
0,5.034273,1.50990e-14,0.000277471
0,9.755186,2.48690e-14,0.000220716
0,4.566547,1.68754e-14,0.000209590
0,2.238977,1.59872e-14,0.000279215
0,1.953838,3.55271e-15,0.000826306
0,8.955906,2.22045e-14,0.0000422970
0,6.238149,5.77316e-14,0.000165858
0,11.84141,1.68754e-14,0.0000612582
0,8.607584,1.33227e-14,0.000109298
0,2.733627,7.10543e-15,0.000812523
0,3.035135,5.32907e-15,0.000665205
0,1.009634,1.33227e-14,0.000160722
0,2.475354,1.41220e-13,0.000221330
0,7.557729,1.33227e-14,0.000155732
0,4.587908,1.06581e-14,0.000304865
0,6.373216,2.30926e-14,0.0000373952
0,7.449601,1.42109e-14,0.000105408
0,5.844222,1.77636e-14,0.000211633
0,1.449138,1.11910e-13,0.000440233
0,2.510409,8.88178e-15,0.000300491
0,2.937449,5.32907e-15,0.000887395
0,1.021176,5.32907e-15,0.0000265189
0,4.046109,8.33111e-13,0.000644990
0,3.922308,1.06581e-14,0.000270448
0,1.680047,3.90799e-14,0.000129219
0,6.869607,5.50671e-14,0.000191543
0,3.439847,6.21725e-15,0.000158746
0,6.858569,1.86517e-14,0.000119652
0,6.864189,2.39808e-14,0.000275176
0,1.024279,2.29150e-13,0.0000149853
0,3.623747,5.32907e-15,0.000192941
0,1.082,6.83897e-14,0.00000850082
0,1.008847,1.77636e-15,0.0000384796
0,1.31071,3.55271e-15,0.000131164
0,7.159933,2.13163e-14,0.000409357
0,1.006807,8.88178e-15,0.000192940
0,2.217003,5.32907e-15,0.000208591
0,2.109383,5.32907e-15,0.000212651
0,1.011818,4.44089e-15,0.000199207
0,2.879996,1.33227e-14,0.000609898
0,2.019751,3.55271e-15,0.000319027
0,1.018389,2.04281e-13,0.000199595
0,9.853066,9.76996e-15,0.0000334877
0,2.566685,2.66454e-15,0.00111531
0,4.500682,3.55271e-15,0.0000140851
0,8.496278,3.46390e-14,0.000109006
0,4.293934,6.21725e-15,0.000648268
0,3.051825,7.99361e-15,0.000283035
0,2.648535,1.33227e-13,0.000137335
0,1.025703,1.77636e-15,0.000120844
0,4.148895,1.42109e-14,0.000142526
0,1.844346,3.65041e-13,0.000196075
0,4.812326,1.68754e-14,0.000157722
0,3.426837,1.32339e-13,0.0000905031
0,2.217251,3.55271e-15,0.000721004
0,6.95135,9.76996e-15,0.000258614
0,8.402877,2.13163e-14,0.000200766
0,1.363222,4.44089e-15,0.00000888358
0,1.016199,7.97584e-13,0.0000392457
0,8.281162,6.87450e-13,0.0000486764
0,1.036659,5.32907e-15,0.000136847
0,1.017972,4.44089e-15,0.000223591
0,2.029777,4.88498e-14,0.000430082
0,1.010717,1.77636e-15,0.0000362803
0,1.798809,6.58140e-13,0.00110130
0,6.188962,3.55271e-14,0.000341728
0,1.58285,7.10543e-15,0.000196997
0,2.527487,1.59872e-14,0.000872388
0,3.350687,7.99361e-15,0.000307728
0,21.95869,4.35207e-14,0.0000455099
0,2.378949,6.12843e-14,0.000902828
0,7.21311,2.93099e-14,0.00000698278
0,1.806742,6.21725e-15,0.000152708
0,1.011726,6.82121e-13,0.000202653
0,2.991961,4.44089e-15,0.000753953
0,1.019424,7.33635e-13,0.000219259
0,3.947099,9.76996e-15,0.000474354
0,1.013455,1.77636e-15,0.000157603
0,2.2561,8.88178e-15,0.000977439
0,5.357167,5.32907e-15,0.000535518
0,7.934821,7.99361e-15,0.0000857956
0,1.990391,4.44089e-15,0.000323470
0,8.878928,3.01981e-14,0.000318821
0,3.427556,2.68230e-13,0.000442651
0,1.014873,7.99361e-15,0.000139113
0,1.022608,2.66454e-15,0.000203244
0,3.594496,7.10543e-15,0.000535318
0,3.494785,2.39808e-14,0.000487776
0,2.693528,9.76996e-15,0.000596475
0,3.077191,3.55271e-15,0.000534531
0,1.817706,9.76996e-15,0.000388887
0,1.238312,1.77636e-15,0.0000560584
0,9.584779,1.33227e-14,0.0000240599
0,2.42381,3.55271e-15,0.00000569524
0,2.171767,5.32907e-15,0.000286172
0,2.619247,2.22045e-14,0.000564674
0,1.271572,7.10543e-15,0.000292005
0,1.424229,4.44089e-15,0.000115303
0,5.716542,6.30607e-14,0.000289735
0,5.213311,2.04281e-14,0.000203970
0,2.627891,5.14255e-13,0.000434416
0,2.961771,7.10543e-15,0.0000905319
0,3.170814,6.21725e-15,0.000420969
0,1.218439,3.55271e-15,0.000334085
0,2.614153,6.21725e-15,0.000487094
0,4.480471,5.32907e-15,0.000294320
0,4.508712,5.32907e-15,0.00000174416
0,8.791013,5.06262e-14,0.000137474
0,3.367441,5.32907e-15,0.000146719
0,4.375042,1.95399e-14,0.0000726346
0,9.121803,2.04281e-14,0.0000871039
0,1.021307,5.32907e-15,0.000226704
0,1.011746,3.55271e-15,0.0000395581
0,4.794382,1.59872e-14,0.000703283
0,1.019461,9.76996e-15,0.000108348
0,2.847831,1.62537e-13,0.000153432
0,6.069784,5.41789e-14,0.000109853
0,7.322054,2.04281e-14,0.0000478222
0,1.015452,2.23821e-13,0.000141453
0,1.227582,1.06581e-14,0.000158906
0,1.0244,4.44089e-15,0.000147220
0,4.769851,2.93099e-14,0.000293612
0,1.385405,3.55271e-15,0.000187811
0,1.047827,9.76996e-15,0.000397340
0,1.015908,4.44089e-15,0.000262158
0,2.806211,7.10543e-15,0.000115885
0,4.225001,2.84217e-14,0.000289509
0,2.276659,6.21725e-15,0.0000697181
0,1.016901,3.55271e-15,0.000165091
0,4.09132,8.88178e-15,0.000605885
0,4.424693,1.42109e-14,0.000317102
0,1.018826,3.55271e-15,0.0000900132
0,2.084838,4.44089e-15,0.000613274
0,1.024406,3.55271e-15,0.0000794480
0,1.01316,1.72307e-13,0.000329945
0,6.351813,1.68754e-14,0.000184698
0,11.32114,6.75016e-14,0.000152269
0,3.016376,3.55271e-15,0.0000488457
0,7.639599,5.95080e-14,0.000121260
0,6.315522,1.86517e-14,0.000365664
0,21.61501,8.61533e-14,0.0000831954
0,5.257809,1.42109e-14,0.000220156
0,2.845806,7.10543e-15,2.81913e-7
0,3.419294,1.06581e-14,0.0000318986
0,11.8964,3.99680e-14,0.00000389424
0,1.005455,7.10543e-15,0.000158193
0,1.015591,4.44089e-15,0.000117441
0,2.341583,4.44089e-15,0.000248413
0,1.005547,7.10543e-15,0.0000134249
0,1.921781,3.55271e-15,0.000256632
0,9.062269,9.76996e-15,0.000116525
0,1.178733,7.54952e-14,0.000108714
0,3.990992,8.88178e-15,0.000200331
0,3.764962,7.10543e-15,0.000538248
0,6.078844,7.54952e-14,0.00000601593
0,3.125915,7.99361e-15,0.000167472
0,2.360497,3.81917e-14,0.000555897
0,5.104439,2.66454e-14,0.000198174
0,2.086268,5.04485e-13,0.000519908
0,2.150209,7.10543e-15,0.000250982
0,3.746382,8.88178e-15,0.000637041
0,1.011278,7.10543e-15,0.000146455
0,2.333955,7.10543e-15,0.0000154467
0,1.01833,1.77636e-15,0.0000860387
0,6.482371,6.21725e-14,8.94845e-8
0,1.688224,4.44089e-15,0.000420914
0,7.868564,1.42109e-14,0.000257174
0,3.691172,6.21725e-15,0.000177011
0,2.128602,4.44089e-15,0.000462221
0,1.824484,3.55271e-15,0.000214333
0,2.86638,9.76996e-15,0.000356921
0,2.143133,7.99361e-15,0.000558493
0,2.347741,4.32543e-13,0.000335648
0,4.631443,9.76996e-15,0.000204137
0,3.154079,5.32907e-15,0.000228355
0,1.022535,4.44089e-15,0.0000355493
0,4.007471,1.15463e-14,0.000350490
0,2.78066,6.21725e-15,0.000799643
0,8.558555,9.76996e-15,0.0000224099
0,9.4548,2.04281e-14,0.000234558
0,8.399096,3.73035e-14,0.000296923
0,4.016967,9.32587e-14,0.000300661
0,3.980773,5.32907e-15,0.0000227757
0,1.013949,3.55271e-15,0.000126951
0,2.743251,4.60076e-13,0.00117967
0,3.816514,7.10543e-15,0.000385150
0,8.631426,2.30926e-14,0.000183599
0,2.006106,7.10543e-15,0.000668863
0,4.568955,1.42109e-14,0.000535896
0,3.011432,5.32907e-15,0.0000685409
0,3.063608,7.10543e-15,0.000225164
0,1.01561,1.06581e-14,0.000274843
0,3.064909,5.32907e-15,0.000387927
0,3.994036,7.10543e-15,0.0000421037
0,1.033573,3.55271e-15,0.0000665064
0,7.254882,1.24345e-14,0.0000660592
0,5.139969,8.88178e-15,0.0000431483
0,1.872499,1.77636e-15,0.000359677
0,9.603114,2.39808e-14,0.0000319862
0,2.859689,1.15463e-14,0.000202937
0,11.02298,4.44089e-14,0.0000832720
0,4.346491,2.04281e-14,0.000326012
0,3.213793,1.06581e-14,0.000490468
0,3.052605,1.58096e-13,0.000790937
0,9.067726,1.29674e-13,0.000285714
0,3.606126,9.76996e-15,0.000156385
0,4.336659,9.76996e-15,0.000307333
0,1.942844,4.44089e-15,0.00107828
0,2.509396,3.55271e-15,0.0000931070
0,3.459613,3.55271e-15,0.000124844
0,2.076845,1.24345e-14,0.000338026
0,1.010327,3.55271e-15,0.000118422
0,2.431209,8.70415e-13,0.000402593
0,3.358877,1.15463e-14,0.0000970034
0,10.76174,5.86198e-14,0.000123563
0,3.388873,4.44089e-15,0.000443357
0,3.133177,5.32907e-15,0.000956468
0,1.542074,3.55271e-15,0.000301509
0,1.462017,3.55271e-15,0.0000576962
0,3.700795,8.88178e-15,0.000270952
0,2.27488,1.15463e-14,0.000454887
0,1.071329,5.32907e-15,0.000112614
0,2.321078,9.76996e-15,0.000908006
0,3.725203,1.86517e-14,0.000202044
0,3.375732,7.54952e-13,0.000525164
0,3.612424,1.33227e-14,0.000304795
0,4.172765,2.66454e-14,0.000114095
0,3.913699,1.42109e-14,0.000523574
0,6.266004,1.59872e-14,0.000173072
0,8.80861,7.10543e-15,0.000393275
0,3.030771,8.88178e-15,0.000271444
0,3.613599,1.15463e-14,0.000290384
0,8.296882,3.46390e-14,0.000279939
0,4.350345,1.15463e-14,0.000423831
0,4.888532,8.88178e-15,0.000510049
0,4.836709,5.59552e-14,0.000286558
0,6.766141,6.65246e-13,0.0000467882
0,1.021966,2.66454e-15,0.0000246178
0,1.672669,4.44089e-15,0.000179801
0,3.418468,1.38556e-13,0.000316683
0,1.004476,3.55271e-15,0.000150754
0,8.399464,7.10543e-15,0.000264754
0,4.997443,1.77636e-14,0.000128951
0,21.89966,3.64153e-14,0.00000862630
0,1.023213,1.86517e-14,0.000207968
0,2.855659,1.39444e-13,0.000808694
0,3.863645,1.42109e-14,0.000192319
0,1.938859,2.66454e-15,0.000383638
0,2.895111,1.74971e-13,0.000378998
0,2.164127,6.21725e-15,0.000367063
0,6.136387,7.10543e-15,0.000181643
0,2.387846,4.40536e-13,0.000533747
0,4.825532,1.06581e-14,0.0000843281
0,1.8452,5.32907e-15,0.0000823442
0,1.02956,7.63833e-13,0.000265463
0,1.712378,3.90799e-14,0.000286953
0,3.732233,1.59872e-14,0.000983918
0,1.399696,4.16556e-13,0.0000259448
0,2.87588,4.44089e-15,0.000432905
0,1.006956,2.66454e-15,0.000143078
0,17.17748,4.79616e-14,0.00000453131
0,6.66084,1.42109e-14,0.0000843500
0,3.300689,4.48530e-13,0.000362340
0,3.518766,3.55271e-15,0.0000137857
0,5.843689,7.46070e-14,0.00000165941
0,8.244706,2.57572e-14,0.000337316
0,2.687536,5.32907e-15,0.000272837
0,1.352026,2.66454e-15,0.0000953303
0,1.020501,3.10862e-14,0.0000424881
0,4.604076,1.15463e-14,0.000381839
0,3.019975,6.21725e-15,0.000213165
0,2.868193,1.15463e-14,0.000282815
0,3.536567,7.10543e-15,0.000406382
0,1.017125,4.44089e-15,0.000260630
0,2.144287,4.44089e-15,0.000692744
0,2.523675,1.47438e-13,0.000172299
0,1.865187,5.32907e-15,0.000949198
0,5.197273,7.10543e-15,0.000155621
0,5.559947,1.15463e-14,0.000393858
0,2.750634,8.88178e-15,0.000336103
0,1.177981,4.44089e-15,0.0000696314
0,8.221973,4.17444e-14,0.0000615626
0,4.798782,1.33227e-14,0.0000158821
0,2.966106,1.15463e-14,0.000636060
0,6.410741,1.77636e-14,0.0000887255
0,6.080008,2.84217e-14,0.000293145
0,1.018353,1.42109e-14,0.0000398402
0,2.489687,1.24345e-14,0.000283548
0,5.006597,8.88178e-15,0.0000464937
0,2.11084,5.32907e-15,0.0000233692
0,1.019438,3.55271e-15,0.000291670
0,4.37065,6.92779e-14,0.000242235
0,3.454424,6.21725e-15,0.000428335
0,2.135587,1.15463e-14,0.000623135
0,3.783373,8.88178e-15,0.000169416
0,3.302997,5.32907e-15,0.000190637
0,1.017246,7.10543e-15,0.0000366517
0,2.311135,5.32907e-15,0.000430845
0,5.189698,8.88178e-15,0.000211394
0,3.086643,8.88178e-15,0.000401808
0,10.05736,3.28626e-14,0.00000303516
0,4.972453,1.61648e-13,0.0000378173
0,5.404942,1.68754e-14,0.000495972
0,4.266862,3.90799e-14,0.000756051
0,4.536471,6.21725e-15,0.000368458
0,3.584402,1.68754e-14,0.000600174
0,2.83986,2.14051e-13,0.000516697
0,3.056917,4.31655e-13,0.000439773
0,3.368261,7.10543e-15,0.0000872100
0,3.588477,1.68754e-14,0.0000832445
0,1.015454,3.55271e-15,0.0000961773
0,5.571574,1.15463e-14,0.0000805429
0,11.04013,1.77636e-14,0.00000408953
0,1.016437,2.04281e-14,0.000181331
0,7.865354,1.50990e-14,0.0000974850
0,3.744738,8.54428e-13,0.000845069
0,1.144088,1.95399e-14,0.0000223162
0,4.108297,7.99361e-15,0.00000498479
0,1.338431,5.32907e-15,0.000287162
0,2.857105,7.99361e-15,0.000198670
0,3.592893,1.33227e-14,0.000534958
0,2.0615,2.66454e-15,0.000653954
0,1.017524,1.77636e-15,0.000120087
0,6.900267,4.17444e-14,0.000451384
0,10.78825,2.13163e-14,0.000106329
0,3.132451,5.75540e-13,0.000152820
0,1.406665,3.55271e-15,0.000112416
0,2.792309,3.55271e-15,0.000319348
0,3.812739,1.77636e-15,0.0000238447
0,4.759844,1.06581e-14,0.000261554
0,2.079045,7.99361e-15,0.000239437
0,2.621922,6.21725e-15,0.000547948
0,1.436935,8.88178e-15,0.0000792221
0,1.673009,5.32907e-15,0.000393883
0,2.77111,6.21725e-15,0.000572846
0,3.273815,6.21725e-15,0.000188499
0,1.020658,4.37872e-13,0.000245755
0,1.015951,1.77636e-15,0.000241642
0,3.426017,1.95399e-14,0.0000329452
0,3.530285,7.99361e-15,0.000245999
0,3.345147,1.77636e-14,0.000200711
0,4.049147,1.15463e-14,0.000727169
0,1.014018,1.24345e-14,0.0000402106
0,4.037667,8.88178e-15,6.54085e-7
0,2.828654,1.24345e-14,0.000131366
0,7.454174,1.15463e-14,0.000183605
0,2.658353,1.17240e-13,0.0000948318
0,2.277375,3.55271e-15,0.000805700
0,1.017716,1.33227e-14,0.0000458337
0,6.855068,2.05169e-13,0.000345425
0,4.891125,8.88178e-15,0.000154523
0,7.232136,1.95399e-14,0.0000858377
0,5.223543,9.76996e-15,0.000193495
0,1.230202,1.81188e-13,0.0000394239
0,3.238291,3.55271e-15,0.000184323
0,4.654165,1.86517e-14,0.0000771591
0,3.918801,6.75016e-14,0.000351769
0,1.020828,7.10543e-15,0.000113717
0,1.22789,5.86198e-13,0.0000842010
0,3.123749,1.50990e-14,0.000679714
0,3.040451,7.10543e-15,0.000149031
0,4.59342,1.68754e-14,0.000470570
0,2.661193,1.33227e-14,0.0000474340
0,1.032341,4.44089e-15,0.0000304950
0,1.016783,1.77636e-15,0.0000694095
0,6.533093,1.50990e-14,0.0000645400
0,6.854192,3.28626e-14,0.000344663
0,2.109908,4.57412e-13,0.000664389
0,3.490565,7.99361e-15,0.000586364
0,1.933134,4.44089e-15,0.000576413
0,3.752735,1.15463e-14,0.000831118
0,3.37242,1.33227e-14,0.000173048
0,9.450441,1.24345e-14,0.000110329
0,1.022958,3.16192e-13,0.000259781
0,6.411471,1.59872e-14,0.000319783
0,1.151957,3.55271e-15,0.000304926
0,5.524773,7.10543e-14,0.000418109
0,3.575532,1.92735e-13,0.000260926
0,3.687718,9.76996e-15,0.0000523186
0,1.877217,7.99361e-15,0.0000914889
0,2.525562,7.10543e-15,0.0000819317
0,5.666304,1.95399e-14,0.000133454
0,1.003116,4.08562e-14,0.0000430815
0,6.285994,1.59872e-14,0.000191653
0,4.326183,2.39808e-14,0.000130844
0,2.510994,5.32907e-15,0.000463814
0,1.023358,3.55271e-15,0.000204366
0,5.163277,3.55271e-14,0.0000466688
0,8.902907,4.48530e-13,0.000118833
0,4.991342,1.33227e-14,0.000245593
0,5.905572,1.77636e-14,0.000619263
0,6.14445,1.86517e-14,0.000637261
0,11.71576,3.10862e-14,0.000128618
0,3.695289,8.88178e-15,0.0000577501
0,4.576799,1.15463e-14,0.000304532
0,1.136889,3.55271e-15,0.000127446
0,5.434908,7.10543e-15,0.0000204977
0,3.627482,4.44089e-15,0.000319686
0,4.35824,1.06581e-14,0.0000491768
0,3.460187,5.77316e-13,0.000720120
0,6.32903,2.48690e-14,0.0000654793
0,6.393334,2.04281e-14,0.0000579333
0,1.020076,2.66454e-15,0.0000901201
0,2.907432,5.32907e-15,0.000231137
0,4.026405,1.42109e-13,0.000549682
0,5.444502,1.68754e-14,0.000113429
0,1.008051,1.58984e-13,0.000168005
0,2.409908,2.66454e-15,0.000130129
0,6.986524,1.77636e-14,0.000134804
0,1.775559,5.86198e-14,0.000380997
0,2.08855,2.21156e-13,0.000454196
0,9.347783,1.15463e-14,0.000287923
0,3.457001,2.66454e-15,0.000472726
0,1.025343,3.55271e-15,0.000325917
0,1.018017,6.21725e-15,0.0000183954
0,2.430174,8.88178e-15,0.000299099
0,3.637863,7.10543e-15,0.000118151
0,3.031728,4.44089e-15,0.000185757
0,2.810439,6.21725e-15,0.000345505
0,7.188842,2.13163e-14,0.000176735
0,2.829892,3.55271e-15,0.000342945
0,3.074066,7.10543e-15,0.000985105
0,3.138136,9.76996e-15,0.000188531
0,2.040676,1.08358e-13,0.000824171
0,2.132289,5.32907e-15,0.000415636
0,1.01911,7.10543e-15,0.000243092
0,2.629566,4.44089e-15,0.000190421
0,3.703098,2.04281e-14,0.000381536
0,1.917194,1.77636e-15,0.000673874
0,1.01611,3.99680e-14,0.000244841
0,1.665135,4.44089e-15,0.00000849980
0,2.512454,1.77636e-15,0.000235369
0,1.018251,1.10134e-13,0.000243052
0,2.343138,9.76996e-15,0.000345164
0,2.253247,7.99361e-15,0.00104582
0,6.062057,1.68754e-14,0.0000252012
0,2.21908,4.44089e-15,0.000352110
0,6.538356,7.10543e-15,0.00000911520
0,4.401106,8.88178e-15,0.000356984
0,5.728638,2.04281e-14,0.000144715
0,2.653795,4.44089e-15,0.00106741
0,2.94886,8.53539e-13,0.0000429726
0,1.02146,5.45342e-13,0.000178753
0,2.639968,3.55271e-15,0.000777975
0,1.022213,1.06581e-14,0.000142353
0,4.408012,8.88178e-15,0.0000557858
0,10.76435,1.06581e-14,0.0000277965
0,2.191079,3.55271e-15,0.000999335
0,1.027465,3.55271e-15,0.000402404
0,4.989461,7.19425e-14,0.0000979573
0,1.019055,6.21725e-15,0.000225295
0,8.753723,7.28306e-14,0.000153210
0,1.019614,3.55271e-15,0.000130017
0,1.592425,3.55271e-15,0.000107382
0,4.295288,2.32703e-13,0.000135190
0,5.534475,1.15463e-14,0.0000458888
0,8.752009,3.64153e-14,0.000204454
0,1.576999,1.77636e-15,0.000100397
0,16.72858,4.70735e-14,0.0000855225
0,2.143181,3.55271e-15,0.000183570
0,3.760918,1.24345e-14,0.000591101
0,1.023059,6.21725e-15,0.0000145825
0,2.464943,8.88178e-15,0.0000773698
0,5.322107,1.50990e-14,0.000253684
0,5.358279,2.52243e-13,0.00000403338
0,4.343252,5.32907e-15,0.0000432846
0,5.762702,1.06581e-14,0.000226791
0,1.990502,1.24345e-14,0.000767499
0,10.44219,1.06581e-14,0.0000690475
0,2.817183,4.44089e-15,0.000363293
0,2.700664,8.88178e-15,0.000950139
0,5.877726,2.22045e-14,0.0000320376
0,5.754931,1.15463e-14,0.0000300879
0,4.145837,1.33227e-14,0.000420171
0,6.068081,1.77636e-14,0.000437202
0,4.347176,1.95399e-14,0.0000305704
0,1.017361,3.55271e-15,0.0000200720
0,1.823354,2.66454e-15,0.000496122
0,2.241506,4.44089e-15,0.000316580
0,4.25209,9.76996e-15,0.000259683
0,1.012026,8.17124e-14,0.0000310637
0,2.428541,4.44089e-15,0.000161542
0,2.819294,8.88178e-15,0.000879196
0,1.014413,4.88498e-14,0.0000354823
0,1.014629,6.21725e-14,0.000214167
0,3.667805,1.42109e-14,0.000373461
0,1.983244,4.44089e-15,0.000324348
0,2.393234,5.32907e-15,0.000438524
0,4.061522,5.32907e-15,0.000150490
0,4.259612,8.52651e-14,0.000462366
0,3.725538,1.24345e-14,0.000793571
0,3.828083,7.99361e-15,0.0000869441
0,4.508027,1.06581e-14,0.0000946390
0,1.010248,9.94760e-14,0.0000793937
0,1.877326,7.99361e-15,0.00000673098
0,2.610302,1.06581e-14,0.000781213
0,3.242736,6.73239e-13,0.000587429
0,7.181519,1.15463e-14,0.000173458
0,6.017886,1.15463e-14,0.000127926
0,4.24895,1.06581e-14,0.000365864
0,3.498187,1.42109e-14,0.000225197
0,3.700741,4.44089e-15,0.000465319
0,9.041074,2.30926e-14,0.000132918
0,1.0823,5.32907e-15,0.000127815
0,5.01836,1.24345e-14,0.000305355
0,4.32393,1.15463e-14,0.00000446861
0,1.21363,4.44089e-15,0.000251715
0,2.578191,6.28830e-13,0.000528858
0,8.358383,4.44089e-14,0.00000912136
0,2.870701,7.99361e-15,0.000101513
0,2.268021,4.44089e-15,0.000185303
0,3.521478,4.44089e-15,0.000226464
0,3.363944,8.88178e-15,0.000116271
0,2.670631,8.88178e-15,0.000154836
0,11.66583,3.90799e-14,0.000135747
0,2.516283,7.10543e-15,0.0000197814
0,1.967364,6.21725e-15,0.000472153
0,1.008656,2.66454e-15,0.000307357
0,1.029348,2.66454e-15,0.0000102012
0,1.752765,5.32907e-15,0.000479109
0,2.921164,1.06581e-14,0.000583566
0,4.332082,3.18856e-13,0.000234737
0,1.034152,3.55271e-15,0.000261331
0,2.116435,2.49578e-13,0.000138620
0,3.120476,3.55271e-15,0.000201921
0,2.397231,4.44089e-15,0.000114441
0,3.303102,9.76996e-15,0.000234759
0,4.746297,2.04281e-14,0.000137705
0,1.008491,2.66454e-15,0.000250186
0,1.017746,3.55271e-15,0.000168897
0,2.213029,8.72191e-13,0.000416170
0,7.525163,2.39808e-14,0.000284413
0,3.203006,6.73239e-13,0.000869376
0,1.356471,3.28626e-14,0.0000558625
0,1.021229,4.44089e-15,0.000249008
0,1.015668,2.66454e-15,0.0000250596
0,4.682212,3.90799e-14,0.0000960185
0,1.016649,7.10543e-15,0.000400235
0,1.590509,1.91847e-13,0.0000760112
0,4.959273,1.86517e-14,0.00102691
0,2.193461,4.70735e-14,0.000361349
0,5.33541,1.42109e-14,0.0000447785
0,3.91884,7.99361e-15,0.000495728
0,1.011246,4.44089e-15,0.0000185308
0,1.463154,8.88178e-15,0.000510199
0,2.98747,1.42109e-14,0.000208123
0,1.011437,4.56524e-13,0.000245584
0,3.020788,1.77636e-15,0.000621575
0,1.023348,7.51399e-13,0.000294095
0,3.816254,1.68754e-14,0.000200493
0,5.542135,2.48690e-14,0.0000301885
0,3.669013,1.06581e-14,0.000462350
0,6.821735,3.37508e-14,0.000305440
0,1.015153,7.82485e-13,0.000108529
0,2.56674,2.66454e-15,0.000306688
0,1.831234,6.21725e-15,0.000139250
0,5.44408,9.14824e-14,0.000100255
0,1.002449,3.55271e-15,0.000244887
0,3.155869,4.44089e-14,0.0000506866
0,1.018055,3.55271e-15,0.0000958189
0,2.787355,1.24345e-14,0.000281493
0,2.468002,3.55271e-15,0.000613931
0,2.038525,6.21725e-15,0.000581377
0,1.839848,3.37508e-13,0.000869882
0,1.912502,3.55271e-15,0.00100261
0,1.466616,8.97060e-14,0.000526263
0,6.207545,6.21725e-15,0.0000436536
0,2.820238,7.99361e-15,0.000177075
0,2.618956,3.30402e-13,0.000482436
0,2.362753,7.99361e-15,0.0000918548
0,1.92425,4.44089e-14,0.000816340
0,2.181712,3.55271e-15,0.000802530
0,6.238741,1.50990e-14,0.0000466783
0,3.292176,2.06057e-13,0.000743757
0,7.898212,1.50990e-14,0.0000248846
0,4.974303,2.30926e-14,0.000293057
0,1.016944,7.10543e-15,0.000190669
0,2.590582,2.66454e-15,0.000746801
0,2.445377,3.55271e-15,0.000592514
0,11.03082,1.42109e-14,0.000159797
0,2.317035,7.99361e-15,0.000469093
0,7.828329,1.59872e-14,0.000102703
0,1.027754,2.66454e-15,0.000190124
0,2.136593,5.97744e-13,0.000964197
0,6.31344,1.06581e-14,0.0000203206
0,2.907845,6.21725e-15,0.0000152543
0,2.183732,6.21725e-15,0.000383465
0,8.232607,1.68754e-14,0.000411401
0,2.137655,6.21725e-15,0.000250067
0,1.017953,5.32907e-15,0.00000408071
0,1.029155,3.55271e-15,0.000147476
0,4.008108,8.88178e-13,0.000205666
0,7.258995,6.21725e-15,0.000295026
0,4.064232,1.06581e-14,0.000211831
0,11.03221,7.19425e-14,0.000223747
0,1.261085,3.09086e-13,0.000314470
0,3.107491,7.02549e-13,0.000637556
0,1.014501,4.44089e-15,0.0000342670
0,1.016935,1.77636e-15,0.000303133
0,1.589024,1.77636e-15,0.000454663
0,2.625707,3.55271e-15,0.000833865
0,1.011013,3.55271e-15,0.000228047
0,5.778643,1.59872e-14,0.000230987
0,2.011111,7.81597e-13,0.000621354
0,9.180214,4.61853e-14,0.0000423306
0,2.709155,8.88178e-15,0.0000955364
0,1.017091,3.46390e-14,0.0000914781
0,2.864689,7.10543e-15,0.0000714754
0,4.571207,1.24345e-14,0.000148725
0,8.36643,1.95399e-14,0.0000522095
0,1.739526,5.32907e-15,0.000292839
0,1.893551,6.21725e-15,0.000921935
0,1.301134,5.91527e-13,0.00000908157
0,5.860685,3.55271e-14,0.000319802
0,5.460831,7.10543e-15,0.000210699
0,1.014412,4.44089e-15,0.0000558792
0,2.389346,4.54747e-13,0.000295393
0,2.664581,4.44089e-15,0.0000894983
0,11.31749,1.15463e-14,0.0000698019
0,4.480502,4.44089e-15,0.000375796
0,1.018415,5.93303e-13,0.0000518001
0,8.042796,3.01981e-14,0.0000210736
0,5.887298,2.57572e-14,0.000218661
0,3.52996,8.88178e-15,0.000360064
0,6.159949,3.73035e-14,0.000319404
0,4.617842,1.77636e-14,0.00000122697
0,1.014602,4.44089e-15,0.000171895
0,1.837553,3.55271e-15,0.000315017
0,2.546817,2.04281e-13,0.000809418
0,2.474588,1.06581e-14,0.000582271
0,4.685556,1.06581e-14,0.000496694
0,1.980697,1.77636e-15,0.000574677
0,3.098115,1.50990e-14,0.00118744
0,8.220661,1.24345e-14,0.000321991
0,4.416366,2.04281e-14,0.000418036
0,5.022487,1.42109e-14,0.000419317
0,4.090669,1.24345e-14,0.000789081
0,5.839866,2.84217e-14,0.0000821742
0,7.111139,1.59872e-14,0.000243177
0,1.013134,4.44089e-15,0.000126816
0,1.011263,2.66454e-15,0.0000285746
0,1.567257,3.55271e-15,0.000166363
0,1.180372,4.44089e-15,0.0000935787
0,7.831236,3.81917e-14,0.000159109
0,19.35092,5.24025e-14,0.000218330
0,3.010634,5.32907e-15,0.000248269
0,1.907217,6.18172e-13,0.000207095
0,3.929758,1.06581e-14,0.000567842
0,8.309694,3.01981e-14,0.000178221
0,3.662082,5.32907e-15,0.000278208
0,4.225798,7.10543e-15,0.0000838851
0,1.203785,9.76996e-15,0.000171363
0,2.684533,6.21725e-15,0.000234821
0,3.762566,7.99361e-15,0.0000112291
0,9.413211,7.90479e-14,0.000186212
0,1.027264,6.21725e-15,0.000160470
0,2.19453,6.21725e-15,0.000171558
0,3.125736,5.32907e-15,0.000187345
0,12.05446,4.17444e-14,0.0000192146
0,9.012861,1.95399e-14,0.000384471
0,5.337502,1.50990e-14,0.00000518883
0,2.563062,9.82325e-13,0.000261587
0,3.478312,7.10543e-15,0.000423530
0,1.084407,2.43361e-13,0.000142828
0,1.00947,1.77636e-15,0.0000332200
0,2.333805,8.33111e-13,0.00111657
0,3.076823,7.10543e-15,0.000516302
0,1.028517,1.77636e-15,0.0000396329
0,7.471247,2.39808e-14,0.000164813
0,6.499806,1.95399e-14,0.0000380652
0,7.876169,7.99361e-15,0.000240815
0,2.859172,7.10543e-15,0.00000136944
0,1.026527,3.55271e-15,0.000116986
0,2.76171,3.55271e-15,0.0000499298
0,3.567397,7.28306e-14,0.000394940
0,2.571567,3.28626e-14,0.000116310
0,16.94808,3.81917e-14,0.0000489752
0,2.400064,2.66454e-15,0.000183052
0,4.053905,1.24345e-14,0.000812482
0,6.310912,2.86882e-13,0.000567437
0,1.021591,3.55271e-15,0.000137847
0,1.805644,3.55271e-15,0.000663722
0,7.647129,1.15463e-14,0.000139922
0,1.991108,9.76996e-15,0.000782440
0,3.8071,1.59872e-14,0.000346112
0,6.848512,1.33227e-14,0.000197382
0,3.011225,1.95399e-14,0.000715544
0,5.272419,1.24345e-14,0.0000549519
0,2.038795,8.34888e-14,0.000592340
0,3.755681,8.88178e-15,0.0000673026
0,2.670563,6.66134e-13,0.0000667039
0,5.334371,1.50990e-14,0.0000848081
0,1.629071,5.32907e-15,0.000195921
0,6.798534,1.59872e-14,0.000314393
0,2.96455,7.10543e-15,0.000158205
0,3.412172,7.99361e-15,0.000641044
0,2.335849,4.44089e-15,0.000270195
0,3.390392,5.32907e-15,0.000419996
0,6.588617,1.33227e-14,0.0000173969
0,7.588084,1.42109e-14,0.0000785204
0,1.023395,2.57572e-14,0.000257846
0,2.759746,3.55271e-15,0.000557830
0,5.652875,2.39808e-14,0.000278505
0,2.175897,7.99361e-15,0.000681150
0,1.66516,4.44089e-15,0.000568146
0,3.70608,3.55271e-15,0.000807100
0,4.001959,1.86517e-14,0.000520029
0,1.018458,1.77636e-15,0.000109371
0,4.515727,7.99361e-15,0.00000180134
0,1.012752,1.52767e-13,0.000136799
0,6.193218,7.54952e-14,0.000277319
0,2.706254,2.75335e-14,0.00000903174
0,3.614785,7.99361e-15,0.000437473
0,1.020404,3.55271e-15,0.000112526
0,7.336866,2.71783e-13,0.000227659
0,4.075418,7.99361e-15,0.000240703
0,4.874094,1.66089e-13,0.000114043
0,3.141277,8.88178e-15,0.000820465
0,2.836912,7.16760e-13,0.000391853
0,9.480793,8.88178e-15,0.000142742
0,2.948713,7.72715e-13,0.000746773
0,1.018305,3.83693e-13,0.000151443
0,12.27166,2.75335e-14,0.000119474
0,9.780834,2.84217e-14,0.0000331652
0,11.03774,1.86517e-14,0.00000163707
0,1.987859,5.32907e-15,0.000341726
0,2.729988,5.32907e-15,0.000680174
0,1.017388,2.66454e-15,0.0000639374
0,8.348227,1.24345e-14,0.000133821
0,1.785831,1.28786e-13,0.0000781901
0,1.798461,8.88178e-15,0.00000733127
0,2.938953,5.32907e-15,0.000497007
0,2.593905,8.88178e-15,0.000118532
0,6.554453,4.44089e-14,0.000297693
0,1.018812,3.55271e-15,0.000268596
0,5.518103,7.10543e-15,0.000422114
0,4.2897,9.76996e-15,0.000607259
0,2.069582,2.66454e-15,0.000117382
0,4.288226,1.15463e-14,0.000258078
0,3.174771,3.55271e-15,0.000434213
0,4.525589,2.13163e-14,0.0000407802
0,3.25514,8.88178e-15,0.00103203
0,1.94924,9.76996e-15,0.000559109
0,3.396292,3.55271e-15,0.0000580893
0,3.994012,8.11795e-13,0.000335471
0,1.008352,2.66454e-15,0.000271094
0,2.7933,9.76996e-15,0.000667607
0,3.254497,6.21725e-15,0.000705177
0,4.510687,1.77636e-14,0.0000481172
0,8.968591,3.90799e-14,0.000229487
0,1.138583,3.25073e-13,0.000217380
0,5.157437,1.42109e-14,0.000558416
0,5.588962,1.68754e-14,0.000103312
0,2.797265,2.30926e-14,0.000100255
0,10.7453,2.30926e-14,0.000132813
0,1.979067,6.21725e-15,0.000196148
0,7.356603,1.24345e-14,0.000196650
0,3.256685,2.66454e-15,0.0000305316
0,2.742168,4.44089e-15,0.000389498
0,4.71291,8.88178e-15,0.000205723
0,11.38967,4.70735e-14,0.0000152986
0,9.995625,3.99680e-14,0.0000842691
0,2.191892,2.12275e-13,0.000805237
0,2.569815,5.32907e-15,0.0000770793
0,1.017851,3.28626e-13,0.0000512205
0,1.02489,3.55271e-15,0.000177768
0,2.520089,8.88178e-15,0.000516024
0,5.937697,1.24345e-14,0.000214333
0,2.134772,7.99361e-15,0.000458696
0,5.795823,8.88178e-15,0.000431050
0,9.22263,2.64677e-13,0.00000608792
0,1.746992,7.99361e-15,0.000281199
0,1.009537,2.66454e-15,0.0000957720
0,1.987086,4.44089e-15,0.000911774
0,10.758,2.22045e-14,0.0000708179
0,5.005063,1.50990e-14,0.000210021
0,4.682708,7.00773e-13,0.0000220126
0,1.01677,1.15463e-14,0.000280146
0,4.969634,2.13163e-14,0.000213596
0,2.056006,7.10543e-15,0.000516604
0,1.021359,2.66454e-15,0.000277266
0,1.013753,2.22045e-13,0.000167982
0,2.891308,2.22045e-14,0.000462521
0,1.02747,1.86517e-14,0.0000365458
0,10.38852,2.30926e-14,0.0000278670
0,1.018509,2.66454e-15,0.0000640481
0,1.949859,6.39488e-14,0.000957903
0,5.134098,6.21725e-15,0.000391371
0,1.972107,5.32907e-15,0.000240409
0,3.437092,7.10543e-15,0.000479143
0,7.254995,6.75016e-14,0.0000800774
0,1.039713,6.21725e-15,0.000201535
0,6.62914,6.21725e-15,0.0000627571
0,5.048423,1.68754e-14,0.000510946
0,6.633209,2.22045e-14,0.000220963
0,2.2035,3.94351e-13,0.000105618
0,9.060198,3.03757e-13,0.000123126
0,9.45944,1.74083e-13,0.000245016
0,3.766359,1.33227e-14,0.000549608
0,4.443094,1.15463e-14,0.000514968
0,4.181239,2.22045e-14,0.000520913
0,3.04277,4.44089e-15,0.000915657
0,5.080935,1.42109e-14,0.0000375954
0,4.813149,2.57572e-14,0.000357985
0,1.011553,9.85878e-14,0.000107370
0,2.306698,7.99361e-15,0.000281483
0,7.127279,6.66134e-13,0.000234348
0,3.285596,1.15463e-14,0.0000373165
0,3.718619,9.76996e-15,0.000936815
0,8.58623,2.22045e-14,0.0000350946
0,5.056006,8.88178e-15,0.000941135
0,4.083514,3.19744e-14,0.0000796790
0,2.487241,5.32907e-15,0.0000272857
0,8.270647,1.68754e-14,0.000238351
0,1.654113,4.17444e-14,0.0000381162
0,7.48648,1.77636e-14,0.000107622
0,3.211499,1.95399e-14,0.000713549
0,11.27664,5.77316e-14,0.000141082
0,2.554232,8.88178e-15,0.000104269
0,7.57863,2.13163e-14,0.000122333
0,4.111763,1.06581e-14,0.0000778821
0,6.807833,1.09246e-13,0.000189330
0,1.53846,5.32907e-15,0.000204023
0,3.321573,1.24345e-14,0.0000306968
0,2.15923,1.42109e-14,0.000804416
0,1.033366,3.55271e-15,0.0000530192
0,1.014207,3.55271e-15,0.0000814550
0,4.024943,4.44089e-15,0.0000732189
0,3.321997,7.99361e-15,0.0000162282
0,1.010798,5.32907e-15,0.000143735
0,3.051593,3.55271e-15,0.0000960458
0,1.837963,5.34683e-13,0.000522659
0,8.029397,2.81553e-13,0.0000516709
0,1.010169,3.55271e-15,0.000251985
0,2.545064,3.89022e-13,0.000817269
0,23.62855,9.32587e-14,0.00000848221
0,1.009572,1.42109e-14,0.0000153229
0,3.280568,8.88178e-15,0.000309603
0,2.969702,2.92211e-13,0.000401474
0,2.656097,7.10543e-15,0.000757625
0,6.990643,1.59872e-14,0.000119266
0,1.01196,2.66454e-15,0.000245112
0,1.875119,8.17124e-13,0.000131522
0,7.476202,7.10543e-15,0.0000198425
0,1.018877,7.10543e-15,0.0000335117
0,4.124214,3.55271e-15,0.000354509
0,4.129164,1.42109e-14,0.000343031
0,1.021446,3.55271e-15,0.000178218
0,2.428668,4.44089e-15,0.000150654
0,4.672274,2.48690e-14,0.000337760
0,1.664791,4.79616e-14,0.000103116
0,4.072518,1.06581e-14,0.000130041
0,1.021813,7.10543e-15,0.000142113
0,1.347319,8.06466e-13,0.000464288
0,4.927191,2.04281e-14,0.000255593
0,4.028435,1.33227e-14,0.000436962
0,1.978139,3.55271e-15,0.000429804
0,1.019622,8.88178e-15,0.000109214
0,1.021261,4.44089e-15,0.000121417
0,5.339152,3.18856e-13,0.000128899
0,5.213188,7.99361e-15,0.000315341
0,1.012949,5.32907e-15,0.000135916
0,2.566329,4.26326e-14,0.0000224160
0,7.457403,1.33227e-14,0.000128227
0,4.109537,2.22045e-14,0.000282088
0,5.33926,1.42109e-14,0.000739737
0,2.193982,4.44089e-15,0.0000833655
0,8.477579,1.15463e-14,0.0000352161
0,1.994862,3.55271e-15,0.0000630473
0,11.72313,3.73035e-14,0.000221831
0,1.015266,1.77636e-15,0.000166146
0,4.295376,1.33227e-14,0.000176813
0,8.650982,2.66454e-14,0.000396821
0,4.532024,6.21725e-15,0.000126881
0,24.18117,3.73035e-14,0.0000472282
0,2.071873,8.88178e-15,0.000102200
0,5.874264,3.55271e-14,0.000227890
0,10.51704,2.75335e-14,0.000170548
0,7.306742,5.32907e-15,0.0000915627
0,2.281307,5.32907e-15,0.000288917
0,3.69625,3.55271e-15,0.0000365384
0,3.988232,7.15872e-13,0.000747949
0,3.895808,6.21725e-15,0.000126978
0,2.23896,1.33227e-14,0.000275279
0,4.293845,1.06581e-14,0.000265975
0,1.874236,1.06581e-14,0.000100397
0,4.487867,1.95399e-14,0.000140391
0,1.72857,3.99680e-14,0.000142917
0,2.227174,9.76996e-15,0.000336179
0,2.088817,9.41469e-14,0.000340169
0,3.817483,1.15463e-14,0.000558954
0,4.319268,6.21725e-15,0.0000788443
0,1.842475,1.24345e-14,0.000274124
0,8.706215,4.44089e-14,0.0000140765
0,5.624634,1.50990e-14,0.000426990
0,1.397557,2.66454e-15,0.000162830
0,2.956551,1.42109e-14,0.000170165
0,2.266136,4.44089e-15,0.000768947
0,3.369189,6.21725e-15,0.000403279
0,1.137166,2.66454e-15,0.0000807635
0,3.504093,1.06581e-14,0.000169468
0,3.699773,5.32907e-15,0.0000978785
0,2.368283,7.10543e-15,0.000598733
0,1.741773,8.88178e-15,0.000254437
0,4.182905,1.13687e-13,0.0000505535
0,18.09665,3.90799e-14,0.0000733136
0,1.911807,2.48690e-14,0.000507864
0,3.002973,6.21725e-15,0.000612418
0,6.779477,2.14051e-13,0.0000260723
0,3.002441,9.76996e-15,0.00111537
0,2.955175,8.88178e-15,0.0000990461
0,9.385771,1.42109e-14,0.0000584497
0,4.378075,1.42109e-14,0.00000504650
0,3.719897,9.76996e-15,0.000783453
0,3.742354,1.24345e-14,0.0000796300
0,1.48817,6.21725e-15,0.000228640
0,1.022896,5.32907e-15,0.0000299292
0,2.881613,1.06581e-14,0.000270425
0,2.873638,1.24345e-14,0.000719902
0,1.013604,3.55271e-15,0.000189133
0,6.920248,2.75335e-14,0.000302910
0,3.526025,7.72715e-14,0.000132247
0,5.377211,1.76748e-13,0.000115937
0,4.623595,1.24345e-14,0.0000554040
0,7.45476,5.32907e-15,0.0000768171
0,1.02232,7.10543e-15,0.000208265
0,6.165038,1.86517e-14,0.0000782402
0,2.378152,3.55271e-15,0.000444868
0,2.874096,5.32907e-15,0.0000853258
0,3.621831,1.59872e-14,0.0000922444
0,6.471935,1.77636e-14,0.000168659
0,4.864696,2.57572e-14,0.000357572
0,3.852044,5.32907e-15,0.00000998254
0,1.021494,3.55271e-15,0.0000775225
0,2.017519,3.55271e-15,0.000245452
0,3.539779,6.21725e-15,0.000858225
0,7.637994,1.24345e-14,0.000102535
0,2.262842,1.86517e-14,0.000600189
0,3.971325,7.99361e-15,0.000618312
0,9.04214,1.95399e-14,0.000211052
0,3.965034,7.10543e-15,0.000187997
0,1.026003,4.44089e-15,0.0000517423
0,3.131851,3.55271e-15,0.000497224
0,1.021572,1.77636e-15,0.0000655707
0,1.816211,4.28102e-13,0.000341239
0,3.50008,1.68754e-14,0.000532242
0,2.86929,1.24345e-14,0.000654772
0,3.659753,9.76996e-15,0.000370922
0,3.095829,4.44089e-15,0.000401462
0,1.565108,3.82805e-13,0.0000412386
0,3.557769,5.32907e-15,0.0000547181
0,10.33176,5.06262e-14,0.0000419183
0,1.743608,8.88178e-15,0.000279420
0,7.305637,8.88178e-15,0.0000633951
0,5.057899,8.88178e-15,0.000610373
0,4.129554,2.85993e-13,0.000405259
0,2.459047,7.10543e-15,0.000229638
0,3.375045,6.21725e-15,0.0000387437
0,2.861111,4.44089e-15,0.000128548
0,5.263434,3.90799e-13,0.000376481
0,2.1753,8.88178e-15,0.000328760
0,1.015801,1.03029e-13,0.00000636635
0,2.725313,4.17444e-14,0.000247402
0,1.732652,9.76996e-14,0.0000484515
0,3.803302,3.55271e-15,0.000659846
0,2.197963,2.66454e-15,0.000753920
0,3.880262,1.77636e-14,0.000626267
0,8.327923,1.50990e-14,0.0000275262
0,1.009761,8.88178e-16,0.000147933
0,1.336133,1.06581e-14,0.000565027
0,1.012658,4.44089e-15,0.000186588
0,1.01804,4.44089e-15,0.000244110
0,1.010936,4.44089e-15,0.000311104
0,1.016235,8.88178e-15,0.0000676694
0,3.473367,8.88178e-15,0.000202668
0,5.468378,1.15463e-14,0.000172013
0,1.879881,2.87770e-13,0.000372798
0,1.018812,1.42109e-14,0.000174664
0,1.009092,1.77636e-15,0.000228450
0,3.57814,6.21725e-15,0.000454548
0,2.498532,3.66818e-13,0.0000228024
0,2.074212,2.13163e-14,0.000153323
0,2.786231,7.99361e-15,0.000599061
0,1.913818,1.77636e-15,0.000106187
0,1.014732,2.66454e-15,0.0000596675
0,11.28773,9.23706e-14,0.0000711119
0,2.83288,1.68754e-14,0.000320586
0,3.428966,7.99361e-15,0.000687447
0,1.006925,4.44089e-15,0.000100473
0,2.472134,7.10543e-15,0.00101906
0,1.950582,1.15463e-14,0.000404324
0,4.833536,1.24345e-14,0.000288099
0,2.772804,7.10543e-15,0.00101974
0,1.283092,4.44089e-15,0.0000347567
0,4.689417,4.31655e-13,0.000500022
0,2.055332,7.10543e-15,0.0000572604
0,3.657872,3.55271e-15,0.000691766
0,7.372717,1.06581e-14,0.0000306160
0,10.69524,1.24345e-14,0.0000562821
0,6.020012,2.54019e-13,0.0000449415
0,3.808094,8.88178e-15,0.0000416693
0,3.565313,7.10543e-15,0.000609418
0,11.24991,3.19744e-14,0.000123701
0,4.623367,8.88178e-15,0.000184245
0,1.011112,8.88178e-15,0.0000475972
0,1.876227,2.86882e-13,0.000650534
0,5.42196,1.59872e-14,0.0000884690
0,3.503201,1.24345e-14,0.000772748
0,2.167405,1.15463e-14,0.0000565572
0,1.019194,7.28306e-14,0.000127193
0,5.058851,1.86517e-14,0.0000545241
0,2.236853,1.20792e-13,0.000981546
0,1.005824,1.77636e-15,0.000168677
0,1.8224,4.44089e-15,0.0000767997
0,2.432052,1.77636e-15,0.000375209
0,2.004638,7.99361e-15,0.000308797
0,3.077504,7.10543e-15,0.000164741
0,3.211746,8.88178e-15,0.000382992
0,9.308778,2.04281e-14,0.0000781611
0,1.012916,3.55271e-15,0.0000516057
0,8.397062,1.66978e-13,0.000123194
0,3.922233,4.44089e-15,0.000486008
0,6.984864,2.04281e-14,0.000162622
0,2.8399,2.66454e-15,0.0000295311
0,6.960482,2.22045e-14,0.000264440
0,4.944925,7.72715e-14,0.000125792
0,10.96135,5.86198e-14,0.000256416
0,2.78906,5.32907e-15,0.0000894872
0,7.233902,1.06581e-14,0.0000294903
0,2.422081,8.88178e-15,0.000289887
0,9.539385,1.86517e-14,0.000279677
0,1.012534,3.55271e-14,0.000133692
0,2.636835,1.42109e-14,0.0000145141
0,4.808041,2.84217e-14,0.0000580213
0,3.398248,9.76996e-15,0.000344084
0,1.603706,3.73035e-14,0.000706188
0,3.630823,1.50990e-14,0.000465043
0,1.829988,6.21725e-15,0.000636764
0,4.472437,1.24345e-14,0.000792623
0,3.617989,5.32907e-15,0.000861848
0,2.496078,4.44089e-15,0.000143903
0,4.531924,7.10543e-15,0.000160554
0,2.941398,8.88178e-15,0.000417051
0,1.013584,3.55271e-15,0.000286022
0,2.144333,3.55271e-15,0.000706490
0,4.742033,1.50990e-14,0.000257901
0,1.011537,6.21725e-15,0.000260315
0,3.860061,8.88178e-15,0.000325436
0,1.880642,1.24345e-14,0.0000512185
0,4.800399,8.88178e-15,0.000497561
0,7.720164,1.86517e-14,0.000235524
0,3.425305,7.10543e-15,0.000460017
0,6.672336,7.90479e-14,0.000203096
0,1.877614,3.55271e-15,0.000250590
0,5.681348,7.99361e-13,0.0000878097
0,7.363228,8.88178e-15,0.000278986
0,2.25621,2.66454e-15,0.000991913
0,11.63824,4.79616e-14,0.0000700068
0,15.2022,5.24025e-14,2.51551e-7
0,2.883163,8.61533e-14,0.000151248
0,6.664398,7.99361e-15,0.000300527
0,2.215657,7.99361e-15,0.000766357
0,12.09313,3.55271e-14,0.000132863
0,4.447277,1.15463e-14,0.000226383
0,2.574251,7.99361e-15,0.00101098
0,5.652439,1.86517e-14,0.0000336234
0,1.45122,6.21725e-15,0.0000458896
0,1.449042,1.77636e-15,0.000740264
0,5.366276,1.06581e-14,0.00000331898
0,1.804736,8.88178e-15,0.000138486
0,1.988522,5.32907e-15,0.000305179
0,3.021406,9.76996e-15,0.000107775
0,1.352067,5.02709e-13,0.000612987
0,1.467258,2.66454e-13,0.0000462937
0,2.90808,5.32907e-15,0.000266563
0,6.23615,3.01981e-14,0.0000115988
0,1.867576,1.29674e-13,0.000202718
0,1.181404,3.55271e-13,0.0000839667
0,2.553286,7.99361e-15,0.000554237
0,1.682601,1.77636e-15,0.0000567489
0,1.177125,3.01981e-14,0.000146582
0,2.242275,6.21725e-15,0.0000788687
0,10.71175,2.22045e-14,0.0000565150
0,1.014359,3.55271e-15,0.000163373
0,1.015483,3.55271e-15,0.000331039
0,1.0114,3.55271e-15,0.000264527
0,2.460729,5.32907e-15,0.000585819
0,3.050053,1.24345e-14,0.000771127
0,8.4235,3.73035e-14,0.000331560
0,4.926721,2.39808e-14,0.0000237230
0,6.788869,1.59872e-14,0.000206114
0,6.907516,7.99361e-15,0.000395577
0,1.010649,4.44089e-15,0.000142823
0,4.302874,1.15463e-14,0.000758653
0,3.924671,9.76996e-15,0.000302158
0,1.010197,3.55271e-15,0.000113516
0,8.609662,6.50147e-13,0.000145498
0,7.812161,6.21725e-15,0.0000384228
0,2.219592,7.10543e-15,0.000207521
0,2.201321,5.32907e-15,0.000310579
0,2.944417,3.55271e-15,0.000763499
0,3.252811,8.88178e-15,0.000706588
0,8.40912,1.68754e-14,0.0000255306
0,1.021698,5.32907e-15,0.000243513
0,1.013869,2.66454e-15,0.000231142
0,1.014661,3.55271e-15,0.0000201781
0,4.970321,1.95399e-14,0.000242124
0,1.019291,3.73035e-14,0.0000927655
0,1.028598,5.32907e-15,0.0000446811
0,2.716992,7.99361e-15,0.000545887
0,4.330087,7.10543e-15,0.000204976
0,8.929805,4.26326e-14,0.000152750
0,1.180823,2.04281e-14,0.000424243
0,3.459545,1.77636e-14,0.000634074
0,2.278873,7.10543e-15,0.000668337
0,3.246698,2.75335e-14,0.000509363
0,5.650982,1.77636e-14,0.000361295
0,1.001707,7.72715e-14,0.000158548
0,2.621194,6.21725e-15,0.000461695
0,1.816864,3.55271e-15,0.000255389
0,1.013651,7.22089e-13,0.000183402
0,5.140014,1.15463e-14,0.000181583
0,12.2537,7.54952e-14,0.000154554
0,4.005631,8.88178e-15,0.000291566
0,1.009419,3.55271e-15,0.000162865
0,9.017352,3.81917e-14,0.0000533452
0,1.018589,1.49214e-13,0.000241262
0,1.011054,5.32907e-15,0.0000366458
0,1.015065,2.66454e-15,0.000152602
0,8.73674,4.35207e-14,0.000286181
0,5.659004,1.42109e-14,0.000342398
0,4.450145,1.33227e-14,0.000607612
0,2.23732,1.15463e-14,0.00103706
0,2.217805,9.76996e-15,0.000943165
0,1.362992,3.55271e-15,0.000747085
0,1.022022,1.29674e-13,0.000153911
0,1.700778,7.10543e-15,0.000168165
0,2.303644,7.10543e-15,0.0000552119
0,1.017006,7.10543e-15,0.000248926
0,2.823928,9.76996e-15,0.000701931
0,1.023831,2.66454e-15,0.000222994
0,4.537508,5.95080e-14,0.000319165
0,1.893406,6.15508e-13,0.000455110
0,1.387103,1.89182e-13,0.000188452
0,8.534069,1.59872e-14,0.000242794
0,3.008248,7.10543e-15,0.0000920776
0,4.923853,9.76996e-15,0.0000391036
0,1.000807,5.32907e-15,0.000293897
0,2.994617,1.31450e-13,0.000494509
0,8.480528,2.80664e-13,0.000222508
0,1.5981,5.32907e-15,0.000489465
0,3.865997,3.55271e-15,0.000206307
0,2.626686,4.44089e-15,0.000233378
0,2.62379,7.10543e-15,0.000155606
0,7.750423,3.55271e-15,0.0000198141
0,1.974945,6.21725e-15,0.000110339
0,11.66113,1.42109e-14,0.00000816565
0,1.008616,4.30767e-13,0.0000939405
0,2.979892,4.44089e-15,0.000876930
0,2.516356,4.44089e-15,0.000555049
0,1.008711,4.44089e-15,0.000150820
0,5.275509,8.88178e-15,0.0000660944
0,4.702568,1.24345e-14,0.0000373699
0,1.621371,1.77636e-15,0.000431422
0,5.082761,9.76996e-15,0.000242044
0,4.260283,2.30926e-14,0.000405600
0,2.394567,5.32907e-15,0.000543348
0,3.439438,7.99361e-15,0.000164014
0,2.788632,9.05054e-13,0.000763994
0,3.063777,9.76996e-15,0.000388048
0,8.254789,1.42109e-14,0.0000340400
0,2.537765,2.66454e-15,0.000262548
0,2.045935,3.55271e-15,0.000291130
0,5.469325,9.76996e-15,0.0000373962
0,6.413127,6.21725e-15,0.000108970
0,3.069459,5.32907e-15,0.000557769
0,17.3201,9.85878e-14,0.0000624787
0,7.359813,1.50990e-14,0.000266413
0,3.078591,1.06581e-14,0.000873185
0,4.319264,5.32907e-14,0.000833965
0,3.572431,5.32907e-15,0.000853730
0,1.014346,2.66454e-15,0.0000596293
0,8.807877,3.28626e-14,0.000219594
0,8.021479,2.75335e-14,0.00000776988
0,9.326734,2.93099e-14,0.000108059
0,1.733876,4.44089e-15,0.000198384
0,2.763577,4.44089e-15,0.000262922
0,2.908978,6.21725e-15,0.0000546923
0,2.913976,1.25233e-13,0.0000415610
0,2.435304,6.21725e-15,0.0000209200
0,4.960859,1.06581e-14,0.000613762
0,4.093097,1.15463e-14,0.0000333712
0,2.924325,1.06581e-14,0.000218301
0,1.010689,4.44089e-15,0.000292576
0,2.740142,6.21725e-14,0.000244446
0,6.846172,1.42109e-14,0.000158383
0,8.664193,1.24345e-14,0.0000400249
0,1.804188,2.66454e-15,0.000984522
0,5.988803,3.49942e-13,0.000539447
0,11.88581,3.10862e-14,0.0000869534
0,3.398888,6.21725e-15,0.000162454
0,11.34715,3.90799e-14,0.000161993
0,6.403578,1.95399e-14,0.000347715
0,1.014216,3.90799e-13,0.0000554479
0,7.193725,1.42109e-14,0.000124985
0,0.9955872,2.66454e-15,0.000201610
0,1.851119,4.44089e-15,0.0000891713
0,1.904822,3.55271e-15,0.0000209153
0,6.90917,1.50990e-14,0.000330767
0,3.336095,7.99361e-15,0.000222148
0,1.701565,8.56204e-13,0.000179207
0,10.55903,3.55271e-14,0.0000216174
0,1.015899,3.16192e-13,0.000105220
0,1.019661,4.44089e-15,0.0000477732
0,2.049517,3.55271e-15,0.0000886042
0,3.077076,1.50990e-14,0.000342048
0,7.942341,2.66454e-14,0.000272195
0,5.339881,2.84217e-14,0.0000358340
0,3.29075,7.10543e-15,0.000707021
0,4.257188,1.33227e-14,0.0000907769
0,2.254445,7.10543e-15,0.000424029
0,7.360639,1.50990e-14,0.000129742
0,4.557786,1.59872e-14,0.000666369
0,5.214172,1.59872e-14,0.000117804
0,2.336582,4.44089e-15,0.00000412262
0,1.016355,3.55271e-15,0.000228211
0,5.004891,1.06581e-14,0.000295611
0,5.976913,3.55271e-14,0.000393167
0,4.881148,8.88178e-15,0.0000513889
0,1.010369,3.55271e-15,0.0000684200
0,3.304325,3.55271e-15,0.000394904
0,3.107636,9.18376e-13,0.0000953428
0,1.016135,1.24345e-14,0.000162160
0,5.507423,3.01092e-13,0.000157243
0,11.29668,6.48370e-14,0.0000444213
0,1.012952,3.55271e-15,0.000128077
0,10.83028,5.24025e-14,0.000262865
0,2.523874,4.44089e-15,0.000591236
0,10.82123,1.95399e-14,0.000266014
0,7.660072,4.88498e-14,0.0000803258
0,4.323999,1.24345e-14,0.000450709
0,1.012828,1.77636e-15,0.0000795381
0,6.082593,6.66134e-13,0.000155964
0,7.827557,1.42109e-14,0.000265532
0,8.350104,1.33227e-14,0.00000711345
0,2.901111,1.61648e-13,0.0000259002
0,2.695167,8.88178e-15,0.000106285
0,8.462003,4.52971e-14,0.000338916
0,4.730518,1.33227e-14,0.000436343
0,3.165899,7.99361e-15,0.000688772
0,1.403004,3.55271e-15,0.000148513
0,3.542198,1.42109e-14,0.0000409339
0,2.626458,8.61533e-14,0.0000788556
0,1.596117,1.77636e-15,0.000550139
0,3.826091,1.06581e-14,0.0000857080
0,2.320791,1.24345e-14,0.000259934
0,2.553891,7.10543e-15,0.000331586
0,4.966633,4.44089e-15,0.000383689
0,1.742032,1.36779e-13,0.000398053
0,1.880917,2.20268e-13,0.000383192
0,7.569997,1.06581e-14,0.0000278578
0,8.576358,1.42109e-14,0.000395128
0,1.165996,8.52651e-14,0.000332603
0,2.517953,1.86517e-14,0.000944976
0,1.318512,1.77636e-15,0.000540564
0,1.008389,5.32907e-15,0.000105560
0,1.005641,2.66454e-15,0.0000210646
0,3.236064,7.10543e-15,0.000315758
0,4.101892,1.15463e-14,0.000944082
0,4.633462,8.88178e-15,0.000258175
0,2.072202,3.55271e-15,0.000133081
0,6.519564,1.24345e-14,0.000285448
0,8.24981,3.19744e-14,0.0000568730
0,3.81137,1.06581e-14,0.0000330298
0,5.209686,1.15463e-14,0.000347021
0,9.088716,1.95399e-14,0.0000990833
0,1.480083,4.44089e-15,0.000246771
0,1.949793,8.88178e-15,0.000350186
0,2.278354,1.06581e-14,0.000182542
0,7.253822,1.42109e-14,0.00000825235
0,1.981878,2.22045e-13,0.000438422
0,3.028899,5.30243e-13,0.000195673
0,2.070482,5.39124e-13,0.0000520176
0,2.117539,3.55271e-15,0.000621059
0,6.610865,1.24345e-14,0.000414677
0,7.205957,2.48690e-14,0.000129836
0,7.686688,7.10543e-15,0.0000173031
0,1.858278,2.93099e-14,0.000985247
0,1.017909,6.27054e-13,0.0000144769
0,5.224075,7.10543e-15,0.000475591
0,2.424149,5.32907e-15,0.000368365
0,6.426351,4.97380e-14,0.0000361110
0,1.981277,5.32907e-15,0.0000742509
0,6.590002,1.50990e-14,0.0000178405
0,14.96065,6.66134e-14,0.0000240740
0,10.60089,3.64153e-14,0.0000645493
0,4.462484,7.10543e-15,0.0000540482
0,6.607066,1.24345e-14,0.0000433519
0,2.801293,3.55271e-15,0.0000394762
0,4.139726,7.99361e-15,0.0000720965
0,4.346622,1.77636e-14,0.000300715
0,3.960832,1.50990e-14,0.000106270
0,1.61126,6.21725e-15,0.0000921534
0,6.502823,1.68754e-14,0.000194295
0,1.00896,7.10543e-15,0.000256194
0,2.711386,4.44089e-15,0.0000632288
0,2.132407,4.44089e-15,0.0000195112
0,1.018831,1.97176e-13,0.000209849
0,10.45224,1.15463e-14,0.000142964
0,2.554054,6.21725e-15,0.000744443
0,9.134887,9.76996e-15,0.000129248
0,1.003783,4.44089e-15,0.000192061
0,2.788724,5.32907e-15,0.000421150
0,4.137477,1.77636e-14,0.000398424
0,7.443513,1.15463e-14,0.000111958
0,2.960187,3.55271e-15,0.000517333
0,26.47166,7.01661e-14,0.000129390
0,1.011799,3.55271e-15,0.0000388543
0,12.11012,2.75335e-14,0.0000575518
0,2.915855,1.95399e-14,0.000879854
0,5.209112,2.75335e-14,0.000142628
0,1.013838,6.21725e-15,0.0000549962
0,11.73155,1.50990e-13,0.0000610235
0,1.742424,3.55271e-14,0.000117372
0,6.758278,7.10543e-15,0.000230999
0,3.911073,2.84217e-14,0.000980613
0,2.365095,4.44089e-15,0.000684211
0,3.425469,1.06581e-14,0.000208329
0,3.058355,7.10543e-15,0.000288270
0,5.268553,1.42109e-14,0.0000241614
0,2.732671,3.55271e-15,0.000305657
0,3.128337,4.11227e-13,0.0000876959
0,1.007836,1.77636e-15,0.000254284
0,5.379778,6.21725e-15,0.000250191
0,3.301444,4.44089e-15,0.000419085
0,8.81341,1.42109e-14,0.0000288847
0,1.641533,4.44089e-15,0.000458635
0,2.612533,1.06581e-14,0.000350845
0,4.390899,1.86517e-14,0.000408426
0,7.963758,1.59872e-14,0.0000716377
0,4.69553,3.55271e-15,0.0000229372
0,1.02193,3.55271e-15,0.000231190
0,3.692652,1.06581e-14,0.000170466
0,4.113459,5.32907e-15,0.000617886
0,2.063025,3.55271e-15,0.000765311
0,1.016706,4.44089e-15,0.000145443
0,2.236831,7.10543e-15,0.000115503
0,1.008297,2.66454e-15,0.00000357234
0,2.966103,1.42109e-14,0.000128279
0,5.519528,1.33227e-14,0.000265617
0,3.69806,1.24345e-14,0.000601864
0,2.869212,9.76996e-15,0.000580182
0,1.010799,1.52767e-13,0.0000190403
0,3.289788,6.21725e-15,0.0000537556
0,2.025212,5.50671e-14,0.000959160
0,1.012964,6.21725e-15,0.000148638
0,2.174393,2.66454e-15,0.000812173
0,4.542908,8.88178e-15,0.000473098
0,8.52933,2.57572e-14,0.000146504
0,1.017683,5.32907e-15,0.000228073
0,2.697632,1.42109e-14,0.000535640
0,3.708199,1.24345e-14,0.000309640
0,9.169369,4.08562e-14,0.000374161
0,9.268444,1.77636e-14,0.0000924462
0,2.627689,1.06581e-14,0.000287627
0,1.011177,4.44089e-15,0.000340365
0,1.72557,2.66454e-15,0.0000244625
0,8.985651,2.66454e-14,0.0000404826
0,10.55881,1.24345e-14,0.000241557
0,4.317664,1.24345e-14,0.000161938
0,3.454563,5.32907e-15,0.0000937893
0,3.423476,7.10543e-15,0.000203637
0,3.703656,1.15463e-14,0.000549717
0,2.287396,3.55271e-15,0.000166475
0,1.01085,4.09450e-13,0.0000370541
0,2.194483,4.33431e-13,0.000744874
0,5.878523,2.13163e-14,0.000592067
0,1.456124,7.10543e-15,0.000153101
0,5.255656,1.24345e-14,0.000125353
0,3.606389,1.59872e-14,0.000377131
0,2.111553,2.30038e-13,0.00100457
0,2.695435,1.19016e-13,0.000184514
0,3.860657,1.15463e-14,0.000533887
0,3.514263,7.10543e-15,0.000375796
0,4.25665,1.06581e-14,0.000147762
0,3.569001,4.44089e-15,0.000780093
0,1.714876,1.77636e-15,0.000324571
0,1.960201,2.40696e-13,0.000180263
0,2.187331,2.66454e-15,0.0000861952
0,3.529143,1.06581e-14,0.000516488
0,1.016062,5.32907e-15,0.000148100
0,4.010176,1.24345e-14,0.000129619
0,1.003252,6.21725e-15,0.000138731
0,4.550248,1.50990e-14,0.000444219
0,3.376481,5.32907e-15,0.000415331
0,1.586313,2.02505e-13,0.000235955
0,3.748232,7.78932e-13,0.000756937
0,1.016872,1.77636e-14,0.0000449187
0,7.627081,2.48690e-14,0.000303117
0,2.133863,6.85674e-13,0.000371732
0,1.018786,3.55271e-15,0.0000511821
0,1.002319,7.99361e-15,0.000128046
0,2.339756,5.32907e-15,0.0000689694
0,1.70777,1.77636e-15,0.000781457
0,2.30564,4.44089e-15,0.000250921
0,1.304925,6.66134e-14,0.000130405
0,7.445339,1.24345e-14,0.000184615
0,5.021497,2.13163e-14,0.0000205001
0,3.55454,8.88178e-15,0.000248809
0,15.54044,3.19744e-14,0.0000133923
0,1.67021,2.66454e-15,0.0000903258
0,1.889755,6.21725e-15,0.0000559272
0,7.959689,2.48690e-14,0.0000117051
0,2.67648,7.99361e-15,0.000640344
0,1.531087,6.57252e-14,0.000204915
0,6.58549,2.04281e-14,0.000150083
0,1.011133,8.88178e-15,0.0000908120
0,5.722033,2.39808e-14,0.000495846
0,3.114174,1.33227e-14,0.000651772
0,3.143336,1.86517e-14,0.000704776
0,1.741132,6.21725e-15,0.000261604
0,2.610896,5.32907e-15,0.0000552143
0,5.541939,9.76996e-15,0.000241683
0,5.211708,1.86517e-14,0.0000662613
0,4.322105,3.55271e-15,0.000150934
0,2.42789,2.84217e-14,0.000317856
0,3.586708,8.88178e-15,0.000717983
0,1.60432,3.55271e-15,0.0000386312
0,4.979113,2.04281e-14,0.000178553
0,5.631518,8.88178e-15,0.000231356
0,4.553496,8.88178e-15,0.000317216
0,5.609257,1.50990e-14,0.000334620
0,4.277638,1.24345e-14,0.000270250
0,9.767289,2.13163e-14,0.000118444
0,9.168044,9.96536e-13,0.0000741087
0,1.012085,7.99361e-15,0.0000762890
0,1.016025,2.66454e-15,0.000180949
0,1.604172,9.76996e-14,0.0000209808
0,3.328807,6.21725e-15,0.000226189
0,8.285758,3.01981e-14,0.000145053
0,4.452553,7.10543e-15,0.000291988
0,11.09315,5.24025e-14,0.000103220
0,2.564799,4.44089e-15,0.000103220
0,1.907786,2.66454e-15,0.000247421
0,2.166504,1.24345e-14,0.000598264
0,12.98285,4.35207e-14,0.0000186763
0,3.614962,1.15463e-14,0.000373636
0,1.011035,6.12843e-14,0.0000389184
0,2.88937,1.86517e-14,0.000233287
0,2.003348,8.88178e-15,0.000832471
0,4.169191,2.75335e-14,0.0000195779
0,1.369938,5.50671e-14,0.000630207
0,4.378562,6.21725e-15,0.000701285
0,0.9999074,3.55271e-15,0.000177080
0,4.324243,2.39808e-14,0.000134138
0,7.79345,2.48690e-14,0.000150009
0,1.017122,1.77636e-15,0.000114150
0,1.864264,2.66454e-15,0.000221997
0,3.569873,1.86517e-14,0.000180281
0,6.246101,2.22045e-14,0.000111234
0,9.504741,3.28626e-14,0.000266950
0,9.987726,4.08562e-14,0.000179017
0,1.014688,3.55271e-15,0.0000704619
0,5.686871,3.55271e-15,0.0000760111
0,3.162419,5.32907e-15,0.000320800
0,2.733574,5.32907e-15,0.000443878
0,3.32201,5.32907e-15,0.000307964
0,16.56441,3.99680e-14,0.000186964
0,2.228983,6.21725e-15,0.000389627
0,8.211943,2.84217e-14,0.000334921
0,4.249855,8.88178e-15,0.000464450
0,4.174636,6.21725e-15,0.0000433278
0,3.343003,6.43929e-13,0.000201990
0,3.16,7.10543e-15,0.000599539
0,1.013574,1.86517e-13,0.0000233449
0,3.367899,6.51923e-13,0.000491930
0,1.924098,2.66454e-15,0.000179028
0,5.690794,1.86517e-14,0.000472524
0,5.155999,1.42109e-14,0.000523036
0,9.680758,1.95399e-14,0.000206720
0,5.586526,6.12843e-14,0.000165695
0,8.449511,2.39808e-14,0.00000346727
0,8.099187,1.95399e-14,0.0000184133
0,2.161435,4.44089e-15,0.000436060
0,4.587087,1.95399e-14,0.0000600248
0,3.174827,6.21725e-15,0.000171689
0,3.524158,1.86517e-14,0.000157916
0,3.021444,1.15463e-14,0.000234773
0,2.689265,1.42109e-14,0.000529047
0,4.544518,1.68754e-14,0.000611950
0,2.246387,9.76996e-15,0.000888689
0,1.453656,5.32907e-15,0.000687814
0,6.773655,1.33227e-14,0.000376603
0,5.501042,1.24345e-14,0.0000552751
0,1.017752,2.66454e-15,0.000108921
0,1.006949,3.55271e-15,0.000272724
0,3.010903,5.32907e-15,0.000193632
0,3.507707,9.76996e-15,0.000866010
0,2.232954,1.15463e-14,0.000480098
0,8.670438,2.30926e-14,0.000209978
0,6.440573,7.99361e-15,0.000241191
0,4.584494,2.22045e-14,0.000543701
0,1.015486,1.77636e-15,0.0000465260
0,1.014484,3.90799e-14,0.000109899
0,2.732113,1.06581e-14,0.000354130
0,2.860145,1.06581e-14,0.00111324
0,3.826893,5.32907e-15,0.000339236
0,3.685162,8.79297e-14,0.000241384
0,2.40003,6.21725e-15,0.000113910
0,1.012279,2.66454e-15,0.0000428940
0,9.779217,1.45661e-13,0.000167243
0,2.296745,2.66454e-15,0.000602134
0,2.922484,1.24345e-14,0.000740112
0,1.008562,3.55271e-15,0.0000194004
0,2.341239,6.21725e-15,0.000212475
0,1.573073,5.32907e-15,0.0000983672
0,2.038404,8.52651e-14,0.000416038
0,1.004634,8.88178e-14,0.0000816075
0,6.394844,1.42109e-14,0.0000375600
0,3.807986,7.10543e-15,0.000794245
0,1.88348,5.32907e-15,0.0000124629
0,2.020644,1.33227e-14,0.000118206
0,4.7758,9.76996e-15,0.000402022
0,1.004882,4.44089e-15,0.000119181
0,10.08222,6.21725e-14,0.000284047
0,4.254329,3.09086e-13,0.000199032
0,3.230692,3.78364e-13,0.000549372
0,3.082013,3.55271e-15,0.000809585
0,2.182042,4.44089e-15,0.000273742
0,4.295574,1.86517e-14,0.000317410
0,1.015994,2.50466e-13,0.0000280100
0,2.461988,4.44089e-15,0.000477849
0,3.55755,7.99361e-15,0.0000279403
0,3.46731,7.10543e-15,0.000226598
0,5.049952,1.59872e-14,0.000671858
0,5.705084,3.78364e-13,0.000501021
0,4.767012,1.95399e-14,0.0000770398
0,1.949255,7.10543e-15,0.000585542
0,5.460843,8.88178e-15,0.000142211
0,2.550588,2.84217e-13,0.000111522
0,3.162652,3.55271e-15,0.000909827
0,2.158542,1.42109e-14,0.000694924
0,9.104327,1.24345e-14,0.000227006
0,1.016412,8.88178e-15,0.0000872529
0,3.493402,1.42109e-14,0.000133343
0,5.995924,1.15463e-14,0.0000495238
0,2.173567,2.66454e-15,0.000625587
0,3.12761,7.99361e-15,0.00108591
0,9.688654,9.76996e-15,0.000270953
0,3.85303,2.39808e-14,0.000457868
0,8.294697,1.86517e-14,0.0000793988
0,1.018622,6.21725e-15,0.000127434
0,1.680295,4.44089e-15,0.000636361
0,2.365643,3.55271e-15,0.000629395
0,1.977863,1.77636e-15,0.000434221
0,1.011653,2.66454e-15,0.0000779482
0,1.020034,3.55271e-15,0.000119315
0,1.018268,1.59872e-14,0.000241118
0,4.533078,1.86517e-14,0.000439220
0,5.205628,9.95648e-13,0.000115005
0,2.072401,5.32907e-15,0.000505767
0,1.015492,4.44089e-15,0.000115222
0,5.103922,6.83897e-13,0.000384966
0,7.276268,1.24345e-14,0.000231160
0,2.989919,3.55271e-15,0.000304083
0,4.538023,8.88178e-15,0.0000489452
0,1.781213,3.55271e-15,0.0000617127
0,1.026272,4.44089e-15,0.0000995105
0,1.002659,5.32907e-15,0.0000577052
0,1.991427,3.31291e-13,0.0000641817
0,2.508527,7.10543e-15,0.000775884
0,2.234242,1.42109e-14,0.000392191
0,2.359314,5.32907e-15,0.0000951387
0,4.416274,7.10543e-15,0.0000768247
0,3.087524,9.76996e-15,0.000425916
0,7.288121,8.88178e-15,0.000349546
0,3.355477,7.10543e-15,0.000485572
0,11.01102,6.39488e-14,0.0000766843
0,1.408711,4.44089e-15,0.000392022
0,1.016366,4.44089e-15,0.0000328808
0,1.013088,3.55271e-15,0.0000650556
0,2.848028,7.99361e-15,0.000170327
0,2.354629,1.42109e-14,0.0000447820
0,3.15373,1.56319e-13,0.000562986
0,4.754654,2.93099e-14,0.0000323360
0,3.013909,8.88178e-15,0.000635062
0,3.862526,8.88178e-15,0.000194752
0,1.254964,6.63469e-13,0.000182251
0,4.848491,1.77636e-14,0.000533564
0,4.122005,1.15463e-14,0.000131258
0,1.858841,4.44089e-15,0.000398432
0,4.907061,2.39808e-14,0.000470355
0,8.199053,1.59872e-14,0.0000829591
0,5.046506,2.39808e-14,0.000659362
0,3.707776,5.32907e-15,0.000326521
0,3.014503,1.06581e-14,0.000295469
0,8.052461,1.42109e-14,0.000155651
0,3.445766,1.15463e-14,0.000589790
0,1.016875,6.21725e-15,0.0000675882
0,4.401364,6.21725e-15,0.0000582896
0,3.170877,8.88178e-15,0.000849358
0,7.23968,8.88178e-15,0.000148029
0,2.970758,1.15463e-14,0.000172403
0,2.924174,7.10543e-15,0.000626688
0,1.913342,7.10543e-15,0.000502355
0,7.21801,1.11910e-13,0.0000188098
0,2.763762,5.32907e-15,0.000848964
0,3.901013,6.21725e-15,0.000575981
0,2.743776,7.99361e-15,0.000476849
0,1.016202,4.44089e-15,0.000170721
0,1.407419,1.77636e-15,0.000324738
0,3.347414,2.93099e-14,0.000881718
0,1.016149,3.55271e-15,0.000247406
0,5.920623,2.39808e-14,0.0000606836
0,7.197137,1.86517e-14,0.0000415496
0,4.978631,1.24345e-14,0.000153092
0,2.489563,4.44089e-15,0.000689337
0,2.639754,3.32179e-13,0.000747346
0,1.816068,7.47846e-13,0.000333889
0,1.932032,3.74811e-13,0.0000165396
0,2.056666,6.21725e-15,0.00000887680
0,2.182303,7.99361e-15,0.00112083
0,6.380072,2.22045e-14,0.000110516
0,3.935759,1.77636e-14,0.000131129
0,5.197577,7.99361e-15,0.000349907
0,3.980836,1.33227e-14,0.000532962
0,6.08571,1.59872e-14,0.000259692
0,3.601199,6.21725e-15,0.000924159
0,2.022229,2.66454e-15,0.000360274
0,2.308303,5.32907e-15,0.000264916
0,3.22251,7.10543e-15,0.000473787
0,2.970721,1.45661e-13,0.000615488
0,1.292652,6.21725e-15,0.0000157583
0,1.017331,4.44089e-15,0.000216881
0,4.561049,2.48690e-14,0.000452639
0,5.683021,1.42109e-14,0.000391146
0,2.191095,7.10543e-15,0.000599601
0,3.405983,1.15463e-14,0.000537269
0,3.253606,3.47278e-13,0.000300472
0,3.170729,5.32907e-15,0.000452742
0,2.323394,3.97904e-13,0.000272194
0,1.335923,6.21725e-15,0.0000475261
0,1.290981,1.77636e-15,0.00000906078
0,1.509982,5.32907e-15,0.000247008
0,1.453282,4.26326e-14,0.000330003
0,5.846741,5.32907e-15,0.0000225280
0,1.772376,1.66089e-13,0.000605890
0,5.523947,3.01981e-14,0.0000635019
0,1.80186,2.09610e-13,0.000447020
0,5.934497,1.59872e-14,0.000501249
0,1.927051,3.55271e-15,0.000686002
0,4.248907,3.55271e-15,0.000151468
0,5.276989,6.21725e-15,0.0000663202
0,2.155891,5.32907e-15,0.00000675373
0,1.005758,1.77636e-15,0.000134825
0,2.35104,5.32907e-15,0.000211893
0,1.022015,4.44089e-15,0.0000133892
0,5.052718,1.06581e-14,0.000210801
0,4.905238,2.13163e-14,0.000564827
0,1.017351,1.59872e-13,0.0000312104
0,10.77273,1.24345e-14,0.00000593618
0,2.234011,7.19425e-14,0.000410342
0,8.255086,2.84217e-14,0.000253411
0,3.515414,1.17240e-13,0.000460893
0,4.022803,1.15463e-14,0.000623235
0,3.01497,7.10543e-15,0.000548534
0,1.70122,6.21725e-15,0.000385900
0,1.018075,8.34888e-14,0.000217442
0,2.143953,6.21725e-15,0.000408793
0,2.222095,3.71259e-13,0.000802691
0,1.016948,1.77636e-15,0.000281954
0,3.692619,4.55636e-13,0.0000492707
0,2.074092,4.44089e-15,0.000504210
0,4.782528,6.12843e-13,0.000431903
0,5.144839,5.32907e-15,0.0000635091
0,1.801721,6.39488e-14,0.000306608
0,2.074055,4.17444e-14,0.000396719
0,3.466821,7.19425e-14,0.000616603
0,3.665383,8.88178e-15,0.000150980
0,1.711775,4.44089e-15,0.000348589
0,3.99454,2.57572e-14,0.0000449257
0,2.895556,3.55271e-15,0.0000111763
0,3.093874,1.33227e-14,0.000206637
0,10.00858,5.41789e-14,0.000267399
0,1.014436,4.44089e-15,0.0000437499
0,2.289297,4.44089e-15,0.000635402
0,4.069371,1.21680e-13,0.000183995
0,3.15901,7.10543e-15,0.000740823
0,8.004227,1.86517e-14,0.0000772389
0,5.169502,6.32383e-13,0.000211334
0,5.956925,1.77636e-14,0.000278231
0,9.230566,2.84217e-14,0.000172167
0,1.019847,2.66454e-15,0.0000364950
0,3.871688,7.99361e-15,0.000232472
0,1.011971,6.21725e-15,0.0000816879
0,2.515929,6.21725e-15,0.000152864
0,6.420823,1.15463e-14,0.0000633439
0,2.241859,4.44089e-15,0.000529815
0,17.67455,7.10543e-14,0.000107734
0,1.351309,7.10543e-15,0.0000649167
0,5.360711,1.59872e-14,0.000325782
0,4.035505,3.46390e-14,0.000576202
0,4.720662,1.15463e-14,0.0000181741
0,9.025525,1.24345e-14,0.0000676196
0,4.920369,3.81917e-14,0.000533319
0,2.255397,7.10543e-15,0.000644261
0,1.010865,5.32907e-15,0.0000134084
0,5.218587,7.10543e-15,0.000580742
0,7.519567,9.76996e-15,0.000110256
0,12.50181,5.06262e-14,0.0000929765
0,4.099046,4.44089e-15,0.000382091
0,2.934343,3.90799e-14,0.00000675081
0,6.512056,1.24345e-14,0.000125555
0,3.536825,1.86517e-14,0.000132834
0,9.717432,1.50990e-14,0.0000997710
0,1.028481,3.55271e-15,0.000198455
0,1.014687,5.32907e-14,0.0000612363
0,4.416376,1.33227e-14,0.000532387
0,1.238202,4.97380e-14,0.000200596
0,3.768729,6.21725e-15,0.000644067
0,4.067085,7.99361e-15,0.000392603
0,1.019887,4.79616e-14,0.000124440
0,1.733195,2.66454e-15,0.000136773
0,2.932855,1.06581e-14,0.000361500
0,2.403898,1.77636e-15,0.000196323
0,2.639448,8.88178e-15,0.00113721
0,4.283349,7.10543e-15,0.000255865
0,2.745298,6.21725e-15,0.000405836
0,3.308967,6.21725e-15,0.000488264
0,25.4737,7.72715e-14,0.0000199370
0,6.535798,1.77636e-14,0.000281571
0,10.0507,2.84217e-14,0.000249812
0,2.446957,5.32907e-15,0.00000818706
0,1.587428,8.44658e-13,0.000677269
0,7.28896,8.88178e-15,0.0000243198
0,5.609364,1.68754e-14,0.0000117023
0,4.281433,2.48690e-14,0.000602724
0,3.828192,7.99361e-15,0.000697486
0,8.843573,2.04281e-14,0.0000298832
0,3.592534,1.24345e-14,0.000385579
0,2.023415,5.32907e-15,0.000172899
0,9.772042,4.17444e-14,0.000401395
0,6.569346,2.30926e-14,0.000154437
0,3.308079,2.10498e-13,0.000379799
0,2.624283,6.21725e-15,0.000956625
0,1.012638,1.06581e-14,0.00000217114
0,2.504798,4.44089e-15,0.000319974
0,6.234716,1.77636e-14,0.000350424
0,5.30497,1.50990e-14,0.000402725
0,3.596413,1.24345e-14,0.0000360344
0,2.260274,5.31131e-13,0.000663460
0,4.921845,2.66454e-14,0.000253306
0,5.178876,1.59872e-14,0.000347447
0,2.186974,3.55271e-15,0.000417168
0,1.838355,7.01661e-14,0.000132894
0,1.006769,7.10543e-15,0.0000859387
0,11.13718,2.39808e-14,0.0000442828
0,5.310546,7.99361e-15,0.000412670
0,4.026514,1.50990e-14,0.000216370
0,3.531467,1.59872e-14,0.000407839
0,8.40394,7.99361e-15,0.000199807
0,1.012803,7.99361e-15,0.000107607
0,3.628067,1.59872e-14,0.000588738
0,5.43326,8.88178e-15,0.000382632
0,3.2586,7.10543e-15,0.000872712
0,1.022406,1.77636e-15,0.000149759
0,5.151833,1.33227e-14,0.000518593
0,1.017819,3.55271e-15,0.00000689420
0,2.761016,9.76996e-15,0.000445558
0,5.816333,4.79616e-14,0.0000619658
0,2.533335,7.10543e-15,0.000286958
0,4.620048,1.06581e-14,0.000606353
0,1.511871,9.76996e-15,0.0000749522
0,2.956381,1.50990e-14,0.000134356
0,2.619365,2.66454e-15,0.000513223
0,3.285707,5.32907e-15,0.0000845217
0,4.191094,2.04281e-14,0.000648460
0,9.251849,4.79616e-14,0.0000516375
0,1.027599,3.55271e-15,0.000122500
0,3.369481,2.48690e-14,0.000342696
0,7.998651,1.86517e-14,0.000386154
0,3.364392,7.99361e-15,0.0000637801
0,5.953864,1.33227e-14,0.0000289813
0,1.506228,2.66454e-15,0.000424192
0,4.21835,7.99361e-15,0.000694839
0,1.29279,3.55271e-15,0.0000787709
0,3.365974,1.42109e-14,0.000146812
0,8.058775,1.59872e-14,0.000198609
0,6.719876,8.88178e-15,0.000126077
0,3.055836,3.55271e-15,0.000159999
0,6.659327,9.76996e-15,0.000187313
0,1.728917,3.55271e-15,0.000242006
0,1.783104,3.55271e-15,0.000667895
0,1.813347,2.66454e-15,0.000274873
0,5.018152,1.24345e-14,0.000127387
0,3.311881,7.10543e-15,0.000225893
0,1.018827,5.32907e-15,0.000107296
0,3.868808,7.10543e-15,0.000366297
0,4.409256,1.59872e-14,0.000754340
0,2.471751,9.41469e-14,0.0000838787
0,7.750159,7.99361e-15,0.000140382
0,8.313169,4.26326e-14,0.000281825
0,1.818199,6.11067e-13,0.000148490
0,1.621641,4.44089e-15,0.000607598
0,2.626265,1.06581e-14,0.000217859
0,1.85223,5.32907e-15,0.000344089
0,10.51995,3.90799e-14,0.00000521203
0,2.040378,4.44089e-15,0.00100724
0,1.016632,7.10543e-15,0.0000488123
0,5.085417,3.55271e-15,0.0000508555
0,2.352388,5.32907e-15,0.000121541
0,1.005671,1.77636e-15,0.000237187
0,1.559186,3.55271e-15,0.000104119
0,21.38552,1.35003e-13,0.0000152737
0,1.007829,7.10543e-15,0.000224415
0,3.165522,6.21725e-15,0.000397378
0,3.619018,1.15463e-14,0.0000368444
0,1.960209,4.44089e-15,0.000378571
0,1.010049,3.55271e-15,0.000124435
0,2.096575,2.20268e-13,0.000746604
0,3.726389,7.10543e-15,0.0000842944
0,3.336231,8.88178e-15,0.0000735443
0,1.185169,1.55431e-13,0.0000276063
0,2.418888,6.21725e-15,0.000287280
0,1.014431,2.70894e-13,0.000228556
0,11.92496,2.48690e-14,0.0000972948
0,3.693125,7.10543e-15,0.000133586
0,3.583231,6.21725e-15,0.000123923
0,2.799874,1.77636e-14,0.000495346
0,11.58328,6.30607e-14,0.0000106104
0,1.015811,5.32907e-15,0.000129053
0,2.63972,1.15463e-14,0.000144653
0,1.807107,4.44089e-15,0.000709618
0,1.002317,2.57572e-14,0.0000796882
0,3.122346,7.10543e-15,0.000546034
0,5.010263,1.77636e-14,0.00000958358
0,1.779426,2.22045e-13,0.000579155
0,2.948821,7.99361e-15,0.000241977
0,1.012352,7.38964e-13,0.0000760366
0,7.774964,1.42109e-14,0.000227067
0,2.425329,1.24345e-14,0.000547348
0,3.409603,1.15463e-14,0.000661485
0,4.533716,1.50990e-14,0.0000692905
0,2.149789,1.42109e-14,0.000157653
0,5.591038,2.13163e-14,0.0000180552
0,5.401942,1.42109e-14,0.0000692292
0,2.953975,7.10543e-15,0.000321589
0,1.697846,7.10543e-15,0.00000957426
0,9.736429,2.39808e-14,0.0000923076
0,1.017553,5.32907e-15,0.000159313
0,2.47588,9.76996e-15,0.000802363
0,2.365735,1.24345e-14,0.000651045
0,1.022482,5.32907e-15,0.000359166
0,3.642563,2.30926e-14,0.000357390
0,2.986931,3.55271e-15,0.000463330
0,4.805994,1.68754e-14,0.000785932
0,3.854827,8.88178e-15,0.000498878
0,3.447441,1.06581e-14,0.0000199560
0,2.638366,8.88178e-15,0.000429811
0,5.190248,1.42109e-14,0.000293734
0,2.86248,2.48690e-13,0.000442636
0,10.06003,2.04281e-14,0.0000977791
0,26.77343,5.95080e-14,0.00000385030
0,1.86827,8.88178e-15,0.000476751
0,1.789927,5.32907e-15,0.000436117
0,7.881422,2.57572e-14,0.000230147
0,1.861504,8.43769e-14,0.000404512
0,2.794137,7.99361e-15,0.000125147
0,4.95638,2.57572e-14,0.000106778
0,5.660451,1.06581e-14,0.000547907
0,3.619601,4.44089e-15,0.000232377
0,1.329474,6.21725e-15,0.000140577
0,2.902589,8.88178e-15,0.000391816
0,6.043299,2.48690e-14,0.0000712058
0,4.210109,8.88178e-15,0.0000457055
0,9.380265,3.73035e-14,0.000148342
0,1.161524,6.16396e-13,0.000340478
0,2.958358,3.55271e-15,0.000124395
0,2.092368,5.32907e-15,0.000550267
0,3.835155,1.06581e-14,0.00000720737
0,3.60796,2.04281e-14,0.000392809
0,8.383457,1.40332e-13,0.000284820
0,1.979306,2.22045e-13,0.0000868009
0,2.740279,6.21725e-15,0.000531165
0,3.685558,1.06581e-14,0.000742236
0,3.868869,9.76996e-15,0.0000376936
0,3.653104,7.99361e-15,0.000392396
0,3.211353,5.32907e-15,0.000451315
0,1.013167,8.88178e-15,0.0000130622
0,2.048241,6.21725e-15,0.000199744
0,6.134211,3.19744e-14,0.000274628
0,8.27518,1.95399e-14,0.000115848
0,3.207183,7.10543e-15,0.000808387
0,2.177534,1.19904e-13,0.000222377
0,4.125701,9.76996e-15,0.000680576
0,5.615351,1.77636e-14,0.000332193
0,4.704464,2.30926e-14,0.000509996
0,5.106308,3.37508e-13,0.000586249
0,11.75243,4.97380e-14,0.0000161946
0,3.914464,5.32907e-15,0.000685393
0,1.495071,2.66454e-15,0.000122057
0,1.137659,3.55271e-15,0.0000958712
0,9.24139,1.03029e-13,0.00000109020
0,3.439339,8.88178e-15,0.000336229
0,11.7376,1.17240e-13,0.0000657062
0,6.368181,1.33227e-14,0.000502472
0,2.635762,3.87246e-13,0.000650015
0,1.803616,3.55271e-15,0.000250699
0,2.829361,8.88178e-15,0.000229702
0,4.088975,1.24345e-14,0.000148497
0,3.460852,7.10543e-15,0.000903140
0,2.682157,7.99361e-15,0.000820553
0,2.544944,5.86198e-13,0.000251080
0,5.650059,1.59872e-14,0.00000288882
0,1.785771,6.92779e-14,0.000468338
0,6.122719,1.59872e-14,0.000408947
0,4.43076,1.42109e-14,0.000537524
0,2.614489,9.76996e-15,0.000212690
0,2.13349,3.55271e-15,0.000699666
0,2.037027,2.01617e-13,0.0000641856
0,2.611159,5.32907e-15,0.000313834
0,2.219699,9.76996e-15,0.00105636
0,1.01295,6.21725e-15,0.0000158805
0,1.797559,7.53175e-13,0.000168388
0,4.440747,1.68754e-14,0.000240941
0,1.187794,6.21725e-15,0.000446959
0,6.609066,1.24345e-14,0.000107985
0,4.533058,9.76996e-15,0.000116184
0,4.94531,1.77636e-14,0.000211656
0,2.935918,6.21725e-15,0.000888398
0,2.663557,4.44089e-15,0.0000575544
0,1.683801,8.89067e-13,0.000348965
0,1.014028,4.44089e-15,0.000152999
0,2.104908,1.77636e-15,0.000388676
0,3.544325,5.18696e-13,0.000704239
0,2.833154,5.32907e-15,0.00104183
0,8.35079,2.91323e-13,0.000142080
0,6.648999,6.21725e-15,0.000277042
0,11.87698,1.50990e-14,0.000178619
0,1.008057,6.21725e-15,0.000162829
0,3.697533,4.52971e-14,0.000452096
0,2.301758,1.15463e-14,0.000382145
0,2.738072,9.85878e-13,0.000598660
0,1.416185,5.32907e-15,0.000169155
0,2.439971,4.44089e-15,0.000149064
0,1.013456,1.77636e-15,0.000333156
0,5.249877,5.32907e-15,0.000636670
0,3.18603,7.99361e-15,0.000274834
0,3.472643,1.95399e-14,0.000745743
0,3.40295,7.99361e-15,0.0000609646
0,2.314387,6.21725e-15,0.000804243
0,2.231118,5.32907e-15,0.000646917
0,2.121842,6.21725e-15,0.000264080
0,1.797369,3.55271e-15,0.000218091
0,2.93503,4.44089e-15,0.000525676
0,2.588666,4.44089e-15,0.000213149
0,1.780504,5.32907e-15,0.000411486
0,3.600278,7.10543e-15,0.000317121
0,4.018937,1.06581e-14,0.000362142
0,4.468416,1.95399e-14,0.000352077
0,1.909837,7.10543e-15,0.000897492
0,3.242991,8.88178e-15,0.000422978
0,3.601306,1.24345e-14,0.000422822
0,1.842256,2.66454e-15,0.0000751015
0,3.259405,1.59872e-14,0.000238701
0,10.94822,3.90799e-14,0.0000744540
0,4.167348,1.86517e-14,0.000133616
0,2.71803,5.32907e-15,0.000902445
0,2.245802,7.99361e-15,0.000654261
0,1.0135,1.42109e-14,0.000322027
0,4.240591,1.68754e-14,0.000653951
0,2.742878,6.21725e-15,0.000689437
0,0.9982532,2.66454e-15,0.00000880344
0,5.009851,4.79616e-14,0.000746905
0,1.630923,3.50830e-13,0.000585488
0,3.075897,5.32907e-15,0.000123855
0,3.313495,9.76996e-15,0.000548876
0,2.183881,7.28306e-14,0.000224010
0,8.183075,1.77636e-14,0.000311189
0,1.011408,1.77636e-15,0.000139013
0,6.555538,1.33227e-14,0.000155018
0,5.671807,1.06581e-14,0.0000325696
0,1.432298,3.55271e-15,0.0000165392
0,2.032592,4.44089e-15,0.000454676
0,4.846061,2.04281e-14,0.0000873361
0,2.057316,2.66454e-15,0.000729279
0,5.440588,1.59872e-14,0.000395917
0,3.18121,6.21725e-15,0.000286748
0,1.940987,6.21725e-15,0.000273955
0,5.70538,1.86517e-14,0.0000927104
0,2.116027,5.32907e-15,0.000288966
0,1.016045,3.55271e-15,0.0000160578
0,5.887249,1.68754e-14,0.000129012
0,4.413786,5.40901e-13,0.000450038
0,3.283451,9.76996e-15,0.000229961
0,5.670164,7.10543e-15,0.0000837989
0,1.692543,4.25437e-13,0.000554428
0,6.515021,2.13163e-14,0.0000967900
0,3.536864,5.32907e-15,0.000539362
0,3.903192,2.84217e-14,0.00000789271
0,1.004406,2.75335e-14,0.000212289
0,2.793583,2.01617e-13,0.000634577
0,2.730418,5.32907e-15,0.000915301
0,4.009415,1.42109e-14,0.000122734
0,1.014097,3.55271e-15,0.000152158
0,3.148076,1.06581e-14,0.000618717
0,3.582609,7.10543e-15,0.000306855
0,5.572108,9.76996e-15,0.000212011
0,2.117696,3.55271e-15,0.000915543
0,7.429341,1.15463e-14,0.000410239
0,4.743722,1.06581e-14,0.0000890344
0,1.016709,3.81917e-14,0.000106418
0,5.530515,2.22045e-14,0.0000869176
0,3.590809,6.21725e-15,0.000497955
0,4.574859,2.04281e-14,0.000120871
0,1.013003,8.43769e-13,0.000207936
0,6.077479,3.19744e-14,0.000235695
0,2.12715,5.32907e-15,0.000515155
0,4.04865,5.32907e-15,0.000285271
0,3.486389,5.32907e-15,0.000129137
0,3.888928,1.24345e-14,0.000827719
0,1.010167,5.32907e-15,0.000277535
0,1.494669,5.32907e-15,0.000204928
0,1.994304,5.32907e-15,0.0000471091
0,3.675971,1.41220e-13,0.000418445
0,2.14471,5.32907e-15,0.000404379
0,1.012914,1.24345e-14,0.0000316386
0,2.76313,2.66454e-15,0.000149045
0,2.880143,8.88178e-15,0.0000457140
0,1.007466,7.10543e-15,0.0000592979
0,4.590853,8.88178e-15,0.000168485
0,3.943743,7.10543e-15,0.000204910
0,2.912006,5.32907e-15,0.000847800
0,1.018481,4.44089e-15,0.000234176
0,10.88854,2.66454e-14,0.000127168
0,5.547363,1.06581e-14,0.0000789246
0,3.915588,1.59872e-14,0.000104285
0,10.02896,2.13163e-14,0.000257448
0,2.829431,2.13163e-13,0.000561832
0,1.016122,2.66454e-15,0.0000939578
0,1.008877,6.21725e-15,0.0000954008
0,3.297135,5.32907e-15,0.000287537
0,8.629835,9.76996e-15,0.0000738319
0,3.99878,5.41789e-14,0.000664374
0,4.524401,5.32907e-15,0.000574569
0,1.88195,1.15463e-14,0.0000849048
0,2.99618,7.10543e-15,0.000930494
0,1.720612,2.66454e-15,0.000342198
0,5.310259,4.45866e-13,0.000378455
0,1.014123,2.66454e-15,0.000151318
0,3.314153,1.50990e-14,0.000284126
0,3.047327,4.44089e-15,0.000365576
0,1.017391,6.66134e-14,0.0000356461
0,2.817209,9.76996e-15,0.000238217
0,7.565871,2.23821e-13,0.000221133
0,1.018515,3.55271e-15,0.0000556854
0,4.254183,5.32907e-15,0.000313501
0,9.412299,3.73035e-14,0.000167471
0,2.395866,4.44089e-15,0.000226718
0,5.650711,1.59872e-14,0.000403230
0,2.254194,3.55271e-15,0.00111669
0,2.255435,2.08722e-13,0.000580397
0,2.068954,7.10543e-15,0.00000895371
0,2.843093,7.99361e-15,0.000333055
0,1.813977,3.55271e-15,0.000612561
0,4.271681,1.95399e-14,0.000396849
0,8.519305,3.64153e-14,0.000193632
0,3.272589,6.21725e-15,0.000428262
0,11.87089,2.04281e-14,0.0000562245
0,2.392499,3.77476e-13,0.0000359957
0,1.967961,3.02869e-13,0.000372334
0,1.013245,9.93872e-13,0.000220045
0,5.703805,4.26326e-14,0.0000169062
0,8.227504,1.06581e-14,0.0000882958
0,1.145889,1.77636e-15,0.000138265
0,1.009412,5.00044e-13,0.0000234112
0,7.874974,8.88178e-15,0.0000830448
0,8.713812,9.42357e-13,0.000120278
0,1.904057,2.66454e-15,0.000481328
0,9.477662,3.94351e-13,0.0000685646
0,4.562315,1.59872e-14,0.0000830695
0,2.327967,7.10543e-15,0.000438777
0,1.019886,4.44089e-15,0.0000872359
0,2.315552,2.66454e-15,0.000271803
0,1.015922,4.44089e-15,0.0000739857
0,4.160929,1.68754e-14,0.000543274
0,7.715955,2.04281e-14,0.000252896
0,4.705043,1.15463e-14,0.0000454147
0,1.812125,2.66454e-15,0.0000686798
0,2.034031,6.21725e-15,0.00000631543
0,1.279749,1.59872e-14,0.000482323
0,1.436775,3.55271e-15,0.0000661861
0,3.872155,5.32907e-15,0.000259226
0,2.525327,7.10543e-15,0.000524590
0,9.726683,3.81917e-14,0.000225825
0,1.008543,2.66454e-15,0.000114959
0,13.22682,2.69118e-13,0.0000652017
0,2.462529,7.99361e-15,0.000468955
0,2.783957,6.21725e-15,0.000230509
0,5.866345,1.90070e-13,0.000146477
0,8.390652,3.37508e-14,0.000218105
0,1.291925,2.76223e-13,0.000213675
0,1.847624,3.55271e-15,0.000344527
0,3.934131,9.76996e-15,0.000647209
0,2.683311,2.03393e-13,0.0000476145
0,4.814672,4.17444e-14,0.000317813
0,10.89002,1.15463e-14,0.000278247
0,2.968875,4.44089e-15,0.000215763
0,1.012758,6.21725e-15,0.0000536462
0,1.017745,2.57572e-14,0.0000646053
0,1.013021,2.66454e-15,0.0000670212
0,9.41163,8.88178e-15,0.0000450463
0,2.028279,4.44089e-15,0.000179227
0,6.238851,4.35207e-14,0.00000432250
0,7.248618,1.50990e-14,0.0000594157
0,1.01142,2.66454e-15,0.000197455
0,1.019509,1.77636e-15,0.0000526894
0,4.92372,1.86517e-14,0.000570487
0,5.212203,7.99361e-15,0.000452253
0,4.412825,1.95399e-14,0.00000291421
0,2.595104,6.21725e-15,0.000235130
0,1.015494,2.66454e-15,0.000113492
0,1.506791,6.18172e-13,0.000111022
0,3.687616,6.21725e-15,0.000227696
0,5.134405,1.06581e-14,0.000372739
0,2.588521,7.99361e-15,0.000754026
0,3.105869,3.55271e-15,0.0000624376
0,1.016182,2.59348e-13,0.000170506
0,3.561237,1.15463e-14,0.000143320
0,3.08393,7.10543e-15,0.000863539
0,6.774323,1.06581e-14,0.000362552
0,1.013364,2.66454e-15,0.000288241
0,2.191564,5.32907e-15,0.000592323
0,6.962502,3.90799e-14,0.000534918
0,4.534008,1.59872e-14,7.10702e-7
0,5.152999,7.10543e-15,0.000322245
0,2.181483,2.46025e-13,0.000445881
0,2.144319,4.42313e-13,0.000335930
0,2.24458,5.32907e-15,0.000568098
0,3.289177,4.92051e-13,0.000196512
0,6.756591,1.33227e-14,0.000100566
0,7.078448,1.59872e-14,0.000159169
0,4.523284,1.33227e-14,0.000495502
0,11.38585,5.50671e-14,0.000132752
0,4.641212,7.10543e-15,0.0000827322
0,1.007673,7.10543e-15,0.000104751
0,2.14061,3.55271e-15,0.000730058
0,11.32197,2.66454e-14,0.0000541063
0,1.819398,3.55271e-15,0.000400494
0,5.764137,1.15463e-14,0.000149039
0,1.864892,4.97380e-14,0.000299565
0,1.013305,7.10543e-14,0.000160084
0,2.735583,6.21725e-15,0.00101513
0,1.018175,2.66454e-15,0.0000999548
0,5.715763,1.59872e-14,0.000148729
0,3.320184,7.10543e-15,0.000229341
0,1.813595,1.06581e-14,0.000523870
0,1.736444,3.37508e-14,0.000116374
0,2.213688,5.32907e-15,0.000849443
0,4.758162,1.68754e-14,0.000407295
0,9.109661,1.50990e-14,0.000490744
0,1.732941,4.44089e-15,0.000278544
0,4.415489,1.42109e-14,0.000517079
0,1.008688,3.55271e-15,0.0000865212
0,1.00533,4.44089e-15,0.000180056
0,9.007403,2.04281e-14,0.000194335
0,3.951972,1.77636e-14,0.000151730
0,5.126467,7.99361e-15,0.000433508
0,2.105474,4.44089e-15,0.000722589
0,1.01211,4.44089e-15,0.000194293
0,2.07901,3.55271e-15,0.000353504
0,3.480944,4.44089e-15,0.000474643
0,3.241321,7.10543e-15,0.000419798
0,2.337386,6.21725e-15,0.000314504
0,1.018061,2.66454e-15,0.000277092
0,5.159294,1.06581e-14,0.0000584927
0,1.011578,4.44089e-15,0.000137367
0,1.796427,3.55271e-15,0.000459036
0,2.351793,3.55271e-15,0.000302623
0,5.73697,2.59348e-13,0.0000328536
0,7.491322,2.22045e-14,0.000213110
0,1.009945,4.44089e-15,0.0000955027
0,1.015644,5.32907e-15,0.000253654
0,2.870654,7.99361e-15,0.000251837
0,3.027899,4.44089e-15,0.000225480
0,1.006156,1.49214e-13,0.0000127569
0,9.204236,1.67866e-13,0.000184286
0,4.723707,1.68754e-14,0.000853204
0,3.978509,1.24345e-14,0.000269435
0,2.421082,3.55271e-15,0.000241893
0,7.869452,2.13163e-14,0.000137611
0,2.920795,6.21725e-15,0.000782897
0,2.704819,7.10543e-15,0.000661050
0,1.272722,5.86198e-14,0.0000514075
0,2.23126,1.35003e-13,0.000308499
0,6.881411,1.59872e-14,0.0000832411
0,1.017874,3.55271e-15,0.0000459332
0,7.734045,7.99361e-15,0.000108365
0,4.704042,7.99361e-15,0.000949278
0,3.43893,8.88178e-15,0.000231239
0,5.276895,2.04281e-14,0.000264143
0,1.2682,1.77636e-15,0.000138628
0,2.136018,7.99361e-15,0.000176858
0,3.093957,1.42109e-14,0.0000134992
0,5.431755,6.21725e-15,0.000183413
0,5.203767,3.55271e-15,0.000450794
0,5.001474,3.28626e-14,0.000687165
0,4.04768,6.60805e-13,0.000173776
0,1.146529,3.55271e-15,0.0000760780
0,1.014624,2.66454e-15,0.000245141
0,6.26163,1.06581e-14,0.0000636191
0,2.544206,4.44089e-15,0.000548920
0,2.009531,3.55271e-15,0.000387019
0,5.813609,1.24345e-14,0.000465670
0,1.017456,5.32907e-15,0.0000782166
0,3.033323,3.55271e-15,0.000308785
0,2.362354,6.65246e-13,0.000351822
0,8.446991,2.48690e-14,0.000224360
0,5.867178,1.77636e-14,0.000136711
0,3.189941,5.32907e-15,0.000260860
0,8.225722,3.81917e-14,0.0000756816
0,2.765515,1.24345e-14,0.000952807
0,7.38013,9.76996e-15,0.000219127
0,3.473427,3.55271e-15,0.000218672
0,4.991581,1.24345e-14,0.0000342051
0,4.232106,1.33227e-14,0.000857085
0,2.484335,1.42109e-14,0.000398301
0,2.312348,7.99361e-15,0.000285021
0,1.351755,2.66454e-15,0.000437446
0,6.20828,1.42109e-14,0.0000313980
0,2.389216,7.99361e-15,0.000170488
0,4.959176,1.33227e-14,0.000576726
0,1.363173,3.55271e-15,0.000392791
0,4.083066,4.44089e-14,0.000196607
0,12.71745,2.22045e-14,0.0000436345
0,1.007289,7.10543e-15,0.00000174540
0,5.013618,5.15143e-14,0.000413278
0,2.622568,1.15463e-14,0.000389412
0,2.345147,4.44089e-15,0.000196548
0,1.018096,3.55271e-15,0.000265146
0,1.016769,3.55271e-15,0.000215684
0,4.433751,1.50990e-14,0.000228008
0,4.519351,2.13163e-14,0.000616729
0,6.07617,2.22045e-14,0.000403155
0,6.11619,3.55271e-15,0.000333854
0,4.575567,9.76996e-15,0.0000118411
0,1.693124,7.03437e-13,0.000720304
0,3.66855,9.76996e-15,0.000128374
0,7.163948,1.68754e-14,0.0000242944
0,2.272091,2.66454e-15,0.000920388
0,4.302053,2.04281e-14,0.000273075
0,7.086763,2.63789e-13,0.0000468097
0,5.397712,2.22045e-14,0.0000867055
0,2.909103,4.44089e-15,0.000492303
0,1.505188,7.28306e-14,0.000147837
0,3.378685,5.50671e-13,0.000681584
0,6.299543,1.59872e-14,0.000576571
0,2.163144,6.21725e-15,0.0000144387
0,3.96373,1.06581e-14,0.000100354
0,2.056237,6.21725e-15,0.0000117538
0,5.454035,3.10862e-14,0.000165201
0,1.302376,3.55271e-15,0.000347591
0,1.974628,2.66454e-15,0.000409476
0,1.573561,8.88178e-15,0.000295453
0,3.754664,1.33227e-14,0.000609662
0,12.07326,1.27010e-13,0.0000661083
0,1.007887,5.32907e-15,0.000364336
0,1.134959,1.40332e-13,0.00000254035
0,1.021269,6.21725e-15,0.000178383
0,2.211179,1.15463e-14,0.000327521
0,3.404397,8.88178e-15,0.0000637993
0,6.650494,9.14824e-14,0.0000124953
0,1.016054,4.66294e-13,0.0000393997
0,9.400906,5.32907e-14,0.000245716
0,1.084863,1.77636e-15,0.000269976
0,3.949027,1.50990e-14,0.000548430
0,9.924259,5.24025e-14,0.000105224
0,11.68643,2.66454e-14,0.0000930432
0,1.809102,4.75175e-13,0.000209605
0,2.879124,4.43201e-13,0.0000591921
0,3.775436,8.88178e-15,0.000375103
0,1.011576,4.44089e-15,0.000204324
0,2.832958,6.21725e-14,0.000724293
0,3.78174,7.10543e-15,0.000152807
0,4.430755,1.24345e-14,0.000356940
0,1.138953,2.66454e-15,0.000324101
0,1.009653,3.55271e-15,0.000211652
0,1.57436,3.55271e-15,0.000241136
0,1.010726,3.55271e-13,0.000146073
0,3.665356,4.78728e-13,0.000394762
0,2.444276,2.14051e-13,0.000363636
0,1.023018,2.66454e-15,0.0000529239
0,3.526464,1.15463e-14,0.000101538
0,2.850096,9.76996e-15,0.000371369
0,5.40862,1.95399e-14,0.000139772
0,1.012362,6.21725e-15,0.00000670682
0,6.607317,9.76996e-15,0.000190754
0,7.295083,8.88178e-15,0.0000901899
0,6.342088,7.81597e-14,0.000222271
0,4.073926,1.15463e-14,0.0000251577
0,6.616859,1.06581e-14,0.000191501
0,3.279923,4.44089e-15,0.000348602
0,3.520309,7.99361e-15,0.000335625
0,6.117558,2.84217e-14,0.000250989
0,1.01222,4.44089e-15,0.0000267859
0,1.81937,2.13163e-14,0.000317043
0,3.662191,7.10543e-15,0.000299149
0,4.882291,2.13163e-13,0.000101102
0,10.02968,1.50990e-14,0.000168284
0,1.018806,4.44089e-15,0.000101718
0,2.596779,8.40217e-13,0.000382126
0,4.905053,4.61853e-14,0.000170914
0,9.110567,5.72875e-13,0.000233437
0,5.359051,1.24345e-14,0.000338958
0,2.168519,5.07150e-13,0.000659338
0,3.741112,1.06581e-14,0.000684628
0,1.019257,5.32907e-15,0.000277769
0,7.377289,1.24345e-14,0.0000689080
0,2.010366,6.21725e-15,0.0000925937
0,1.014987,7.10543e-15,0.000201000
0,5.799292,1.15463e-14,0.00000131855
0,15.91383,4.97380e-14,0.0000467057
0,1.983631,7.10543e-15,0.000165585
0,2.406111,3.55271e-15,0.000218353
0,1.777405,7.99361e-15,0.000306183
0,2.239139,8.88178e-15,0.000326972
0,7.252193,2.39808e-14,0.0000904921
0,1.304087,6.21725e-15,0.000291716
0,1.443288,3.28626e-13,0.000339969
0,1.293311,9.62785e-13,0.000139396
0,8.331876,1.50990e-14,0.000318782
0,8.530102,1.50990e-14,0.000150690
0,3.264839,4.44089e-15,0.000124197
0,1.847142,1.77636e-15,0.000356612
0,6.377361,1.86517e-14,0.000312351
0,2.330445,7.72715e-14,0.00108006
0,2.92704,1.33227e-14,0.000863118
0,1.457753,3.55271e-15,0.000322872
0,4.654645,1.68754e-14,0.000403638
0,1.024456,5.32907e-15,0.000167366
0,3.535467,6.21725e-15,0.000471352
0,8.286959,1.68754e-14,0.0000509301
0,11.14903,1.42109e-14,0.0000490014
0,2.145854,9.76996e-15,0.000116166
0,3.479937,2.84217e-14,0.000108626
0,3.468838,2.48690e-14,0.000158225
0,3.625156,5.02709e-13,0.000228269
0,3.35348,3.55271e-15,0.00000130330
0,2.246078,7.10543e-15,0.0000754009
0,3.959093,7.99361e-15,0.0000258496
0,1.216473,1.77636e-15,0.00000778492
0,11.35863,1.42109e-14,0.0000298185
0,4.731519,6.21725e-15,0.000206469
0,2.328246,1.42109e-14,0.000777158
0,9.134463,3.64153e-14,0.000107153
0,1.988399,7.99361e-15,0.000426208
0,18.1575,4.70735e-14,0.0000106347
0,1.009325,9.02389e-13,0.000203911
0,1.241392,4.44089e-15,0.000318751
0,10.07611,1.68754e-14,0.000251769
0,3.928139,4.35207e-14,0.000441993
0,8.919566,3.37508e-14,0.000181392
0,5.962369,4.86722e-13,0.000379953
0,1.893488,1.77636e-15,0.000346404
0,3.282949,3.55271e-15,0.0000836240
0,4.836109,3.28626e-14,0.0000442639
0,2.504543,5.32907e-15,0.000879635
0,4.771572,1.77636e-14,0.000859126
0,5.622045,2.13163e-14,0.000539379
0,3.795425,3.88134e-13,0.000614455
0,2.519456,3.04645e-13,0.000923041
0,3.799086,5.32907e-15,0.000601257
0,3.631744,7.81597e-14,0.000438726
0,8.692749,2.66454e-14,0.0000882720
0,3.010692,6.21725e-15,0.000189628
0,3.503575,3.39284e-13,0.000412248
0,3.415184,8.88178e-15,0.00110805
0,3.590963,5.32907e-15,0.000469621
0,5.334886,1.33227e-14,0.000169560
0,3.651271,5.32907e-15,0.000356331
0,4.11717,2.22045e-14,0.000294779
0,1.016402,5.32907e-15,0.000130785
0,2.903188,1.15463e-14,0.0000646307
0,11.93264,9.76996e-14,0.000166507
0,4.937527,7.10543e-15,0.000620811
0,1.933099,8.22453e-13,0.000551779
0,6.92106,2.22045e-14,0.000251227
0,4.624691,1.33227e-14,0.000385907
0,3.943432,4.61853e-14,0.000130912
0,6.034169,6.81233e-13,0.000413310
0,5.412255,8.88178e-15,0.000572632
0,3.732401,5.32907e-15,0.0000675256
0,5.689543,1.33227e-14,0.000216189
0,2.449299,2.78000e-13,0.000215699
0,1.012155,3.55271e-15,0.0000348376
0,3.54338,7.99361e-14,0.000958618
0,1.693575,4.44089e-15,0.000192514
0,4.573144,9.76996e-15,0.000352790
0,5.922589,2.22045e-14,0.000304730
0,3.500948,1.33227e-14,0.000268067
0,5.099514,1.15463e-14,0.0000557988
0,9.686009,3.46390e-14,0.000292254
0,8.965588,2.75335e-14,0.000159331
0,7.413463,1.86517e-14,0.000145461
0,1.869764,3.55271e-15,0.000859177
0,1.83903,2.66454e-15,0.000146912
0,1.294438,4.52971e-14,0.000338733
0,5.615504,7.10543e-15,0.000258035
0,4.485701,9.76996e-15,0.000129302
0,2.27604,8.88178e-15,0.000881909
0,2.188673,6.92779e-14,0.000374390
0,3.725867,1.77636e-14,0.000125048
0,7.092698,1.77636e-14,0.000115414
0,5.129229,6.21725e-15,0.000328512
0,3.014058,3.09086e-13,0.000964872
0,1.01855,6.92779e-14,0.0000565330
0,8.467196,9.76996e-15,0.000111950
0,1.010816,1.37668e-13,0.000183465
0,1.010681,3.55271e-15,0.0000463508
0,9.841927,2.66454e-14,0.0000601579
0,3.140695,4.44089e-15,0.000378775
0,5.992649,1.50990e-14,0.0000971012
0,2.679652,3.55271e-15,0.000558638
0,1.015892,4.44089e-15,0.000252532
0,4.031919,1.33227e-14,0.000629008
0,1.019509,6.03961e-14,0.00000969490
0,1.010799,5.50671e-14,0.000221544
0,4.114104,1.15463e-14,0.000127629
0,3.147241,7.99361e-15,0.000224125
0,7.436619,1.50990e-14,0.000107563
0,2.119826,1.27898e-13,0.000497616
0,2.140841,4.23661e-13,0.000623952
0,1.018465,3.55271e-15,0.000118364
0,2.143286,3.55271e-15,0.000967243
0,4.651299,1.42109e-14,0.000204655
0,1.91102,3.55271e-15,0.000694700
0,2.629966,8.88178e-14,0.000485908
0,3.243658,2.66454e-15,0.000693184
0,2.227768,4.44089e-15,0.000514125
0,1.013757,6.21725e-15,0.000174160
0,3.290891,4.44089e-15,0.000243729
0,4.075768,6.21725e-15,0.000616433
0,1.071924,3.55271e-15,0.000389870
0,3.592655,1.50990e-14,0.000688381
0,1.91265,3.58824e-13,0.0000442362
0,2.040565,8.34888e-14,0.000800476
0,2.599754,2.48690e-13,0.0000153067
0,2.30769,8.88178e-15,0.000450988
0,2.108028,3.55271e-15,0.000563380
0,4.238533,1.42109e-14,0.000563923
0,1.70216,3.55271e-15,0.0000155245
0,2.266116,5.24025e-13,0.000873918
0,1.802361,4.44089e-15,0.000281500
0,3.275658,5.32907e-15,0.000102112
0,2.662446,5.32907e-15,0.00107390
0,1.012811,3.55271e-15,0.000221787
0,3.64216,9.27258e-13,0.000196433
0,3.106726,8.88178e-15,0.000276021
0,2.455505,8.88178e-15,0.0000316754
0,4.650976,2.37144e-13,0.0000181316
0,1.010828,2.66454e-15,0.0000937989
0,4.180094,1.33227e-14,0.000651344
0,1.00215,3.55271e-15,0.000205429
0,1.015827,2.04281e-14,0.0000202229
0,5.772404,1.06581e-14,0.0000394257
0,5.84528,1.95399e-14,0.0000239858
0,3.49306,8.88178e-15,0.0000210745
0,4.259612,1.15463e-14,0.000183404
0,3.106156,1.79412e-13,0.000373754
0,7.655634,1.77636e-14,0.0000963163
0,3.259132,3.55271e-15,0.000342288
0,1.006798,1.77636e-15,0.000263615
0,6.177565,1.24345e-14,0.0000812523
0,3.386302,6.30607e-14,0.000892739
0,1.561794,6.21725e-15,0.000630415
0,2.791142,6.21725e-15,0.000275623
0,7.702379,1.95399e-14,0.000184828
0,2.07199,5.32907e-15,0.000464480
0,5.099818,8.88178e-15,0.000264041
0,1.490873,1.77636e-15,0.0000965496
0,3.084146,3.44613e-13,0.000121458
0,4.7249,2.22045e-14,0.0000368409
0,6.385409,1.15463e-14,0.0000412753
0,5.339807,1.06581e-14,0.0000442204
0,2.369032,5.32907e-15,0.000648644
0,3.040175,5.32907e-15,0.000689495
0,3.306867,1.06581e-14,0.000184376
0,3.451631,6.21725e-15,0.000227370
0,3.296608,5.32907e-15,0.000792001
0,2.159652,3.55271e-15,0.000157368
0,8.064553,1.33227e-14,0.000141235
0,4.378086,7.99361e-15,0.000111757
0,3.263778,7.10543e-14,0.000247694
0,7.825315,1.86517e-14,0.000356008
0,1.010824,5.32907e-15,0.000107207
0,8.240168,3.01981e-14,0.000115783
0,4.090262,2.04281e-14,0.000597990
0,1.169967,1.86517e-14,0.000440290
0,4.005052,1.06581e-14,0.000720659
0,1.012326,3.55271e-15,0.000240969
0,2.287151,6.21725e-15,0.000399318
0,3.26352,3.55271e-15,0.000252899
0,1.349111,1.17240e-13,0.000288731
0,7.410808,9.76996e-15,0.000354812
0,1.803129,7.99361e-15,0.000227610
0,2.440765,5.32907e-15,0.000501612
0,2.274485,1.06581e-14,0.000708311
0,3.038447,7.10543e-15,0.000340836
0,3.450714,7.99361e-15,0.0000391114
0,3.883026,5.32907e-15,0.000173187
0,1.013632,3.55271e-15,0.000151497
0,4.340458,7.99361e-15,0.0000683765
0,5.172653,7.10543e-15,0.000272227
0,7.784543,9.76996e-15,0.00000818792
0,4.689043,4.44089e-15,0.0000542198
0,5.693312,1.24345e-14,0.000322170
0,9.498584,2.30926e-14,0.0000381464
0,6.713671,1.06581e-14,0.00000440880
0,2.91544,1.19016e-13,0.000362099
0,6.251706,7.10543e-15,0.000164053
0,3.477418,1.33227e-14,0.000696173
0,1.013455,2.66454e-15,0.0000775017
0,3.521675,1.24345e-14,0.0000255475
0,2.28661,1.49214e-13,0.000459792
0,1.865299,1.42109e-14,0.000713043
0,1.000588,3.55271e-15,0.000170896
0,1.019802,1.40332e-13,0.000245081
0,2.421783,1.86517e-14,0.000241720
0,10.4726,3.73035e-13,0.000196356
0,6.045035,2.48690e-14,0.000364301
0,1.964943,1.40332e-13,0.00000827214
0,3.010543,8.88178e-15,0.000808422
0,2.927259,1.06581e-14,0.000656912
0,1.00773,8.97060e-13,0.000169078
0,7.135321,2.75335e-14,0.000289424
0,3.943406,8.88178e-15,0.000490417
0,2.138891,4.44089e-15,0.0000812579
0,3.553346,5.32907e-15,0.000432987
0,3.566465,2.66454e-15,0.000561155
0,4.237899,8.70415e-14,0.0000263823
0,1.985971,2.66454e-15,0.000685826
0,1.005258,5.32907e-15,0.000275310
0,3.665313,9.76996e-15,0.000353845
0,4.268306,7.99361e-15,0.0000762234
0,20.69083,1.11910e-13,0.0000650621
0,2.287416,2.66454e-15,0.00100214
0,2.318127,9.76996e-15,0.000956490
0,1.010937,1.95399e-13,0.0000593379
0,1.006774,3.55271e-15,0.000225476
0,3.504354,1.06581e-14,0.000178665
0,2.829915,5.32907e-15,0.00112971
0,3.759718,9.76996e-15,0.000708667
0,7.884929,1.59872e-14,0.0000361043
0,2.189878,9.76996e-15,0.000953576
0,3.133257,3.55271e-15,0.000651031
0,1.969269,6.21725e-15,0.0000430307
0,2.427051,1.06581e-14,0.000608985
0,1.531536,2.14939e-13,0.000233272
0,5.477445,1.24345e-14,0.000221027
0,4.592821,7.99361e-15,0.000287934
0,8.054238,1.77636e-14,0.000111357
0,1.024265,4.61853e-14,0.000127215
0,10.33369,5.59552e-14,0.000162543
0,2.671754,4.44089e-15,0.0000943069
0,6.50124,1.33227e-14,0.000120100
0,3.693325,8.88178e-15,0.0000662126
0,9.219615,3.73035e-14,0.000351056
0,1.004333,7.10543e-15,0.000133162
0,7.630848,2.48690e-14,0.000263531
0,2.805402,1.33227e-14,0.000182154
0,5.295859,9.56568e-13,0.0000726081
0,10.46738,3.81917e-14,0.000187445
0,1.013948,2.66454e-15,0.0000203855
0,3.346821,6.21725e-15,0.000193025
0,1.02303,2.71783e-13,0.0000720645
0,8.567326,2.84217e-14,0.0000397197
0,3.338079,8.79297e-13,0.000129070
0,2.036469,4.44089e-15,0.000342340
0,5.092289,2.30926e-14,0.000357471
0,3.788485,9.76996e-15,0.000200263
0,1.71992,2.48690e-14,0.000205092
0,2.724957,2.66454e-15,0.000751472
0,3.091935,7.10543e-15,0.000310923
0,8.8912,2.75335e-14,0.000228280
0,2.264065,6.21725e-15,0.000709677
0,6.590967,1.59872e-14,0.000345322
0,6.159266,1.50990e-14,0.000200144
0,1.014042,5.32907e-15,0.000270365
0,2.019901,7.10543e-15,0.000366465
0,9.579539,7.01661e-14,0.0000911124
0,4.087211,7.10543e-15,0.000224947
0,1.017065,1.77636e-15,0.000247974
0,2.388769,1.19904e-13,0.000746355
0,16.62239,7.46070e-14,0.0000920572
0,4.551033,3.55271e-15,0.000336202
0,1.015053,7.85150e-13,0.000141052
0,2.270895,5.32907e-15,0.000101041
0,2.647398,1.15463e-14,0.0000525895
0,2.891925,2.66454e-15,0.0000339810
0,1.014854,8.29559e-13,0.000393141
0,2.306698,4.44089e-15,0.000586016
0,1.004391,2.66454e-15,0.0000848449
0,8.505664,2.66454e-14,0.000173132
0,6.839516,2.30926e-14,0.000214153
0,1.018814,5.32907e-15,0.000343600
0,1.367541,3.55271e-15,0.000118123
