reTau,imTau,coneDeficit,margin
-0.8876347,0.906216,2.75335e-14,0.000375807
-0.8653158,0.8727198,7.09655e-13,0.00000470561
-0.8669546,0.8613302,2.89546e-13,0.00000975089
-0.8660265,0.8570542,1.87406e-13,8.98880e-7
-0.8290165,0.9108447,8.88178e-16,0.00000202576
-0.8283748,0.9103307,1.77636e-15,0.00000460493
-0.8133058,0.9005627,8.88178e-16,0.00000513371
-0.7364744,1.322258,1.77636e-15,0.0000185673
-0.7017882,1.342578,3.55271e-15,0.00000259554
-0.7000344,1.347406,3.55271e-15,8.27203e-8
-0.6766715,1.358585,2.66454e-15,0.0000184272
-0.6741494,1.365441,3.55271e-15,0.00000345496
-0.658612,1.371089,1.77636e-15,0.00000855886
-0.6530586,1.379673,3.55271e-15,0.00000395709
-0.6434977,1.380592,3.55271e-15,0.00000141895
-0.639072,1.389432,5.32907e-15,0.00000306156
-0.6315032,1.388253,2.66454e-15,0.00000208221
-0.6280954,1.397095,4.44089e-15,4.59632e-7
-0.6227756,1.394291,3.55271e-15,4.79468e-7
-0.6184928,1.403864,1.77636e-15,1.52001e-7
-0.6145569,1.399652,3.55271e-15,0.00000226760
-0.6101825,1.409701,7.99361e-15,6.13023e-8
-0.6074406,1.404452,5.32907e-15,7.22638e-7
-0.603708,1.41426,4.44089e-15,4.05210e-7
-0.602393,1.407903,8.88178e-16,6.89684e-7
-0.5986927,1.417828,5.32907e-15,3.09819e-7
-0.5974767,1.411247,3.55271e-15,3.32724e-7
-0.5974644,1.417196,1.77636e-15,0.00000100406
-0.5933981,1.421726,2.66454e-15,1.04877e-8
-0.5927379,1.41448,3.55271e-15,6.52357e-7
-0.5880536,1.425497,2.66454e-15,2.91342e-7
-0.5844916,1.428081,3.55271e-15,1.60200e-7
-0.5815353,1.430246,5.32907e-15,0.00000165455
-0.579081,1.432,3.55271e-15,2.95329e-7
-0.5788188,1.432205,1.77636e-15,9.12935e-7
-0.5771269,1.433427,3.55271e-15,1.21538e-7
-0.5765627,1.433825,6.21725e-15,9.39682e-8
-0.5761016,1.431947,7.10543e-15,1.48229e-8
-0.5759439,1.434232,7.78932e-13,5.16260e-8
-0.5757379,1.432194,4.44089e-15,3.26785e-7
-0.5740579,1.435639,1.77636e-15,2.47011e-7
-0.57303,1.436362,7.99361e-15,7.58286e-8
-0.5723654,1.436842,4.81393e-13,4.69153e-8
-0.5722637,1.436932,8.88178e-15,3.36966e-8
-0.5720755,1.437159,8.88178e-15,8.88545e-7
-0.5715452,1.437563,3.55271e-15,9.92586e-7
-0.5714236,1.437629,1.77636e-15,4.37619e-7
-0.5707278,1.43812,3.55271e-15,3.87615e-7
-0.5703805,1.43841,1.77636e-15,1.49731e-7
-0.5699402,1.438735,1.77636e-15,4.88098e-7
-0.5693472,1.439189,5.32907e-15,1.53173e-7
-0.5691984,1.439299,7.10543e-15,4.14619e-7
-0.5689512,1.439482,5.32907e-15,1.31704e-7
-0.5688011,1.439566,7.99361e-15,1.33767e-7
-0.5685679,1.439736,7.10543e-15,1.64781e-7
-0.5685473,1.439756,4.44089e-15,4.94220e-7
-0.5684547,1.439832,3.55271e-15,3.84722e-7
-0.5682757,1.439981,7.10543e-15,3.66133e-7
-0.5682392,1.439987,8.88178e-16,2.72143e-8
-0.5678526,1.440297,1.77636e-15,1.12407e-7
-0.5675667,1.440535,9.76996e-15,6.21224e-7
-0.5674144,1.440623,3.55271e-15,2.63519e-7
-0.5672758,1.440686,5.55112e-13,7.84912e-7
-0.5671733,1.440767,4.44089e-15,7.19752e-7
-0.5670443,1.440844,3.55271e-15,1.60451e-7
-0.5669185,1.440928,8.98837e-13,3.51237e-8
-0.5668087,1.441052,3.55271e-15,4.08366e-7
-0.5666225,1.441182,2.66454e-15,3.54810e-7
-0.5664949,1.441287,1.77636e-15,4.66833e-7
-0.5663979,1.441341,3.55271e-15,7.47288e-7
-0.5662615,1.441406,1.77636e-15,2.59699e-7
-0.566055,1.441577,1.77636e-15,6.80720e-8
-0.5659481,1.441662,7.10543e-15,2.06933e-8
-0.5658994,1.439182,5.32907e-15,1.34149e-7
-0.5658368,1.44173,6.21725e-15,5.05093e-7
-0.5654123,1.433571,8.84626e-13,2.83095e-7
-0.5652963,1.433641,1.06581e-14,1.07308e-7
-0.5650654,1.433804,3.55271e-15,1.24276e-7
-0.5647787,1.433977,7.99361e-15,6.14075e-7
-0.5642086,1.434451,6.52811e-13,4.71027e-7
-0.5640521,1.434579,8.88178e-15,1.95826e-8
-0.5639746,1.434655,6.21725e-15,4.20227e-7
-0.5638543,1.434726,7.10543e-15,3.32846e-7
-0.5636294,1.434865,7.99361e-15,3.85104e-7
-0.5634394,1.435016,6.21725e-15,6.22885e-9
-0.5633812,1.43506,6.21725e-15,1.94665e-7
-0.563279,1.435104,4.44089e-15,2.40998e-7
-0.5630538,1.435257,1.77636e-15,1.65230e-7
-0.5628552,1.435411,2.66454e-15,1.81278e-7
-0.5626643,1.435561,2.66454e-15,5.66783e-8
-0.5625788,1.435601,3.55271e-15,2.57085e-7
-0.5624193,1.435746,4.44089e-15,4.40635e-8
-0.56225,1.435862,4.44089e-15,1.83651e-7
-0.5621337,1.435924,7.10543e-15,2.86417e-8
-0.5619694,1.436013,1.77636e-15,4.43318e-7
-0.5618807,1.436043,4.44089e-15,3.81898e-7
-0.5618319,1.436164,5.32907e-15,2.17208e-8
-0.5617446,1.436169,6.21725e-15,1.28265e-7
-0.5617417,1.436234,7.76268e-13,5.81007e-8
-0.5615566,1.436311,7.99361e-15,1.27817e-7
-0.5614376,1.436397,4.44089e-15,2.57417e-7
-0.5613049,1.436524,2.11386e-13,1.36278e-7
-0.5612241,1.436586,8.88178e-15,1.86269e-7
-0.5611277,1.43662,2.66454e-15,5.17465e-7
-0.5609854,1.436663,1.77636e-15,1.89243e-7
-0.5608291,1.436751,3.55271e-15,7.88025e-8
-0.5607418,1.436792,4.44089e-15,1.25474e-7
-0.5606583,1.436862,4.44089e-15,4.46254e-8
-0.5605269,1.436942,3.10862e-13,1.04848e-7
-0.5604386,1.436997,1.06581e-14,5.33620e-7
-0.5604224,1.437196,3.55271e-15,2.10130e-7
-0.5603207,1.437071,8.25118e-13,2.57309e-7
-0.560231,1.437145,2.66454e-15,1.30470e-7
-0.5602236,1.437382,3.55271e-15,1.87276e-7
-0.5600947,1.437244,9.84102e-13,4.71777e-7
-0.5600685,1.437484,1.77636e-15,1.67735e-8
-0.5599971,1.437324,1.70530e-13,2.65915e-7
-0.5599706,1.437536,4.44089e-15,2.96013e-7
-0.5599131,1.437381,5.32907e-15,4.19456e-8
-0.5598766,1.437601,3.55271e-15,4.73122e-7
-0.5598371,1.437427,5.32907e-15,1.70092e-7
-0.5595737,1.443448,4.44089e-15,1.62116e-8
-0.5593862,1.443607,5.32907e-15,5.49576e-8
-0.5592676,1.443686,7.99361e-15,3.93735e-7
-0.5591663,1.443766,1.77636e-15,2.21592e-7
-0.5590782,1.443821,5.32907e-15,1.44883e-7
-0.5590107,1.443855,5.32907e-15,7.22275e-8
-0.5588926,1.443926,3.55271e-15,3.04511e-8
-0.5588063,1.443983,8.88178e-15,2.90217e-7
-0.5586948,1.444054,5.32907e-15,4.65789e-7
-0.5585386,1.444176,3.55271e-15,3.36079e-9
-0.5584729,1.444221,1.77636e-15,3.71133e-7
-0.5583738,1.444279,1.53655e-13,1.45359e-7
-0.5582952,1.444332,3.46390e-13,1.04114e-8
-0.5582304,1.444397,4.44089e-15,2.83163e-8
-0.5581337,1.444468,7.10543e-15,4.66559e-7
-0.5580358,1.444542,1.77636e-15,3.08194e-7
-0.5579131,1.444581,5.32907e-15,3.97431e-7
-0.5578869,1.444627,5.32907e-15,2.72892e-7
-0.5578071,1.44467,5.32907e-15,2.85446e-7
-0.5578048,1.444693,1.77636e-15,3.66758e-8
-0.5577341,1.444764,3.55271e-15,3.27212e-7
-0.5577086,1.439066,1.06581e-14,1.22278e-7
-0.5577045,1.444751,3.55271e-15,5.62955e-8
-0.5576757,1.444809,4.44089e-15,3.65864e-8
-0.5576123,1.439145,6.21725e-15,2.03977e-8
-0.5575838,1.444864,7.10543e-15,6.38717e-8
-0.557538,1.439203,8.88178e-15,5.83821e-8
-0.5574926,1.444947,6.21725e-15,4.05197e-8
-0.557459,1.439258,6.21725e-15,4.46785e-7
-0.5574033,1.445017,5.32907e-15,7.67420e-8
-0.5573617,1.439306,1.77636e-15,3.22632e-7
-0.5573377,1.445076,5.32907e-15,2.80477e-7
-0.5572849,1.439344,4.44089e-15,4.66504e-8
-0.5572226,1.445168,2.66454e-15,1.59238e-7
-0.5572168,1.439407,1.77636e-15,2.68537e-7
-0.5571199,1.44522,3.55271e-15,6.78542e-8
-0.5570323,1.445274,2.66454e-15,1.99557e-8
-0.5569445,1.445312,5.32907e-15,9.26206e-8
-0.556862,1.445379,1.24345e-14,4.60250e-8
-0.5567862,1.445429,7.99361e-15,9.14129e-8
-0.5567116,1.445468,1.59872e-14,9.94253e-9
-0.5566424,1.445506,8.88178e-15,6.74221e-8
-0.5565625,1.445566,3.55271e-15,6.03649e-9
-0.5565048,1.445596,7.99361e-15,1.06568e-7
-0.5564989,1.445522,6.59028e-13,6.46364e-8
-0.556426,1.445641,6.21725e-15,2.65211e-7
-0.5563613,1.445692,3.55271e-15,2.40729e-7
-0.5562901,1.445728,5.32907e-15,4.79764e-8
-0.5562029,1.445804,5.32907e-15,1.00778e-7
-0.5561242,1.445853,3.55271e-15,9.61089e-8
-0.5560337,1.445889,1.42109e-14,1.43082e-7
-0.5559547,1.445965,7.99361e-15,1.69718e-7
-0.5558959,1.446006,2.66454e-15,3.32247e-8
-0.5558162,1.446049,7.10543e-15,7.58544e-8
-0.5557488,1.446104,4.44089e-15,1.90707e-7
-0.5556759,1.446179,6.90115e-13,1.69330e-7
-0.5556748,1.446149,1.15463e-14,9.17378e-8
-0.5556292,1.446265,7.99361e-15,3.13611e-7
-0.5556064,1.446212,3.55271e-15,5.38483e-8
-0.5555208,1.446341,2.66454e-15,3.02744e-7
-0.5554365,1.446433,7.10543e-15,1.54768e-7
-0.5553525,1.446507,3.55271e-15,3.32951e-7
-0.5552548,1.446542,9.76996e-15,1.29959e-8
-0.5551824,1.446579,6.21725e-15,3.04167e-7
-0.5551055,1.446613,1.06581e-14,1.03146e-8
-0.5550435,1.446668,7.99361e-15,3.64120e-7
-0.5549753,1.446728,6.21725e-15,9.94754e-9
-0.5549076,1.446749,6.21725e-15,5.49196e-8
-0.5548444,1.446801,2.66454e-15,1.11098e-8
-0.5547774,1.44684,2.66454e-15,1.25226e-8
-0.5547023,1.446894,1.24345e-14,1.05373e-7
-0.554625,1.446954,7.10543e-15,9.53627e-8
-0.5545415,1.447008,7.10543e-15,1.18763e-8
-0.5544475,1.447091,3.55271e-15,2.10959e-7
-0.5543887,1.447132,6.21725e-15,2.05747e-8
-0.5543173,1.447194,4.44089e-15,2.36880e-7
-0.5542294,1.447231,3.55271e-15,1.59029e-7
-0.5541596,1.447276,8.88178e-15,2.09751e-7
-0.5541057,1.447312,7.87814e-13,3.60630e-8
-0.554035,1.447381,8.88178e-15,4.96002e-8
-0.5539643,1.447442,1.77636e-15,2.53691e-8
-0.553885,1.447519,1.77636e-15,1.64349e-7
-0.5538174,1.447572,1.33227e-14,4.49139e-8
-0.5537635,1.4476,3.55271e-15,1.04008e-7
-0.5536918,1.447637,7.99361e-15,5.38785e-8
-0.553615,1.447679,1.15463e-14,1.17566e-7
-0.5535387,1.447732,1.15463e-14,1.29898e-8
-0.5534863,1.447773,7.99361e-15,9.30731e-9
-0.553427,1.447803,7.10543e-15,4.29303e-8
-0.5534214,1.442035,8.88178e-15,2.87706e-7
-0.5533684,1.447852,7.10543e-15,5.62474e-9
-0.5533592,1.442081,5.32907e-15,9.21738e-9
-0.5533202,1.447888,7.99361e-15,1.44756e-8
-0.5532968,1.442139,1.06581e-14,1.85171e-8
-0.5532701,1.447921,8.88178e-15,2.93769e-7
-0.5532355,1.442193,6.21725e-15,1.06275e-7
-0.553196,1.447954,4.44089e-15,2.20233e-7
-0.5531546,1.442263,7.99361e-15,3.76903e-8
-0.5531234,1.448006,7.10543e-15,2.59270e-8
-0.5530939,1.442311,1.77636e-15,5.08953e-9
-0.5530446,1.448083,1.50990e-14,7.05322e-9
-0.5530302,1.442342,4.44089e-15,1.05746e-7
-0.5529741,1.448142,3.55271e-15,1.05047e-7
-0.5529684,1.442397,7.10543e-15,3.18216e-8
-0.5529161,1.448193,6.91003e-13,7.42736e-9
-0.5529058,1.442437,6.21725e-15,2.55683e-8
-0.5528635,1.448234,1.77636e-15,6.38736e-8
-0.5528522,1.442473,7.99361e-15,1.62402e-7
-0.5527997,1.448268,7.10543e-15,1.23624e-8
-0.5527816,1.442517,6.21725e-15,1.62287e-7
-0.5527115,1.448348,7.10543e-15,5.58744e-8
-0.5527067,1.442573,4.44089e-15,1.75124e-7
-0.5526525,1.448373,1.33227e-14,6.57478e-8
-0.5526406,1.442623,8.88178e-15,2.18189e-8
-0.5526256,1.448463,4.44089e-15,1.09870e-7
-0.5525656,1.44268,3.55271e-15,2.75063e-8
-0.5525045,1.448541,6.21725e-15,1.30768e-7
-0.5524939,1.442738,1.42109e-14,2.24564e-8
-0.5524121,1.448591,7.10543e-15,2.17141e-7
-0.5523254,1.448654,4.44089e-15,1.06380e-7
-0.5522506,1.448698,9.76996e-15,2.75138e-7
-0.552175,1.448727,5.32907e-15,2.52145e-7
-0.5521023,1.448768,1.77636e-15,9.13212e-8
-0.5520174,1.448823,3.55271e-15,1.51604e-7
-0.5519409,1.4489,7.10543e-15,1.49547e-7
-0.5518736,1.448943,5.32907e-15,1.67071e-8
-0.5518176,1.448984,7.10543e-15,3.65656e-11
-0.5517611,1.449033,2.66454e-15,9.53336e-8
-0.5517118,1.449061,1.77636e-15,5.96370e-8
-0.5516454,1.449115,7.99361e-15,2.62796e-7
-0.5515895,1.44917,7.10543e-15,4.04594e-8
-0.5515382,1.449208,1.59872e-14,6.53012e-8
-0.5514628,1.449272,4.44089e-15,7.77522e-8
-0.5513955,1.449318,4.44089e-15,2.11501e-8
-0.551333,1.449366,3.55271e-15,8.87743e-8
-0.5512767,1.449409,7.10543e-15,1.04047e-7
-0.5512103,1.449458,3.55271e-15,1.56507e-8
-0.551144,1.449507,1.33227e-14,1.33153e-8
-0.5510657,1.449534,7.99361e-15,2.03731e-7
-0.5509888,1.44959,3.55271e-15,3.96044e-8
-0.5509259,1.449616,3.55271e-15,3.84782e-9
-0.5508644,1.449651,1.33227e-14,1.67495e-7
-0.5507991,1.449699,4.44089e-15,1.40307e-7
-0.5507178,1.449777,5.32907e-15,5.38706e-8
-0.5506439,1.449825,1.50990e-14,1.95520e-8
-0.550588,1.449862,6.21725e-15,3.93845e-8
-0.5505295,1.449888,5.02709e-13,1.29738e-7
-0.5505239,1.449499,5.32907e-15,6.82052e-8
-0.5504708,1.449914,9.76996e-13,4.67305e-8
-0.5504636,1.44953,8.88178e-15,7.10746e-8
-0.5504158,1.449928,5.32907e-15,4.77882e-8
-0.5504077,1.449557,2.66454e-15,7.14238e-8
-0.5503655,1.449955,4.76064e-13,1.79269e-8
-0.550348,1.449587,6.21725e-15,3.51987e-8
-0.5503047,1.449993,3.55271e-15,3.91946e-10
-0.5503016,1.449626,1.33227e-14,1.45727e-7
-0.5502377,1.450055,1.77636e-15,2.14327e-7
-0.5501765,1.450108,1.06581e-14,2.95145e-8
-0.550121,1.450148,1.95399e-14,1.48498e-8
-0.550115,1.449729,4.44089e-15,3.11308e-8
-0.5500592,1.450191,3.55271e-15,1.40181e-7
-0.549994,1.450225,7.10543e-15,1.83898e-7
-0.5499328,1.450269,6.21725e-15,5.54614e-9
-0.5498589,1.450338,9.76996e-15,5.03307e-8
-0.5497923,1.450378,3.55271e-15,1.13730e-7
-0.5497383,1.450418,1.24345e-14,1.44172e-7
-0.5496868,1.450452,7.10543e-15,3.77439e-9
-0.5496291,1.450505,5.32907e-15,1.34694e-7
-0.5495764,1.450536,1.06581e-14,8.32198e-8
-0.5495102,1.450587,4.44089e-15,7.69235e-8
-0.5494502,1.450611,7.99361e-15,5.76177e-8
-0.5493984,1.450641,4.44089e-15,2.46679e-8
-0.5493337,1.450699,7.10543e-15,8.16116e-8
-0.5492723,1.45073,9.76996e-15,1.76556e-7
-0.5492045,1.450775,2.04281e-14,1.16434e-7
-0.549153,1.450813,2.66454e-15,1.05064e-7
-0.5490739,1.450891,1.24345e-14,1.55214e-7
-0.5489881,1.450951,1.06581e-14,4.56274e-8
-0.5489239,1.451007,1.06581e-14,1.31079e-7
-0.5488476,1.451054,4.44089e-15,9.37303e-8
-0.5487883,1.451093,3.55271e-15,1.29522e-7
-0.5487235,1.451138,1.59872e-14,2.22676e-8
-0.5486741,1.451179,7.10543e-15,3.79590e-8
-0.5486107,1.451231,8.88178e-15,1.26110e-8
-0.5485479,1.451273,7.10543e-15,2.69284e-8
-0.5484934,1.451324,5.32907e-15,6.42117e-8
-0.5484345,1.451375,1.06581e-14,1.90988e-7
-0.5483704,1.451413,9.76996e-15,1.25994e-7
-0.5482913,1.451458,2.66454e-15,7.67254e-8
-0.5482377,1.451493,8.88178e-15,3.42818e-8
-0.5481858,1.451535,3.55271e-15,1.36440e-7
-0.5481201,1.451586,1.77636e-15,7.44514e-8
-0.54807,1.451617,6.21725e-15,2.31658e-8
-0.5480125,1.451647,2.04281e-14,1.56225e-7
-0.5479641,1.451677,7.99361e-15,3.89823e-8
-0.5479096,1.451725,2.66454e-15,7.69024e-8
-0.5478512,1.451768,1.86517e-14,5.85021e-8
-0.5478074,1.451797,1.42109e-14,5.55638e-8
-0.5477645,1.451831,7.10543e-15,1.09443e-8
-0.5477173,1.451858,1.15463e-14,1.84141e-8
-0.5476657,1.451886,7.10543e-15,6.63636e-8
-0.5476099,1.451919,5.32907e-15,6.97665e-9
-0.5475553,1.451947,8.88178e-16,1.51919e-8
-0.5475038,1.451985,1.68754e-14,8.03457e-8
-0.5474486,1.452044,1.42109e-14,7.11422e-10
-0.5473991,1.45209,1.33227e-14,9.24999e-9
-0.5473557,1.452127,3.55271e-15,9.98700e-8
-0.5472947,1.452173,7.99361e-15,5.94822e-8
-0.547239,1.452217,8.76632e-13,2.42679e-8
-0.5471803,1.452247,7.10543e-15,8.22318e-8
-0.5471227,1.452277,5.32907e-15,5.98170e-8
-0.5470667,1.452324,7.10543e-15,5.09467e-8
-0.5470194,1.45236,7.10543e-15,1.34370e-9
-0.5469713,1.4524,4.44089e-15,1.12762e-8
-0.5469243,1.45241,1.06581e-14,4.01424e-8
-0.5468664,1.452454,1.86517e-14,7.28610e-8
-0.546816,1.452483,7.10543e-15,6.87058e-8
-0.5467714,1.452513,9.76996e-15,9.63526e-8
-0.5467352,1.452539,9.76996e-15,1.21751e-7
-0.5466818,1.452593,7.10543e-15,2.76506e-8
-0.5466234,1.452634,3.55271e-15,6.65917e-9
-0.5465696,1.452673,6.21725e-15,1.57135e-7
-0.5465233,1.452703,6.21725e-15,8.01107e-8
-0.5464676,1.452739,1.06581e-14,7.68367e-8
-0.5464659,1.452222,6.21725e-15,5.42638e-8
-0.5464044,1.452771,1.06581e-14,8.12834e-8
-0.5463602,1.45281,1.06581e-14,1.10801e-8
-0.5463491,1.452333,4.44089e-15,5.10433e-8
-0.5463233,1.452832,1.77636e-14,4.42169e-8
-0.5462909,1.452366,4.44089e-15,4.90013e-8
-0.5462702,1.452878,1.06581e-14,7.03164e-8
-0.5462401,1.452392,1.24345e-14,6.45894e-8
-0.5462188,1.452902,3.55271e-15,3.66762e-8
-0.5461773,1.452446,1.77636e-15,1.46916e-8
-0.5461706,1.452944,5.32907e-15,1.81718e-8
-0.5461236,1.452482,7.99361e-15,5.29647e-8
-0.5460734,1.452519,8.88178e-15,4.82169e-8
-0.5460187,1.452557,1.15463e-14,3.43741e-8
-0.5459645,1.452582,2.66454e-15,5.80968e-8
-0.5459185,1.452615,1.86517e-14,1.86244e-8
-0.5458714,1.452645,1.59872e-14,4.49304e-8
-0.5458151,1.452678,9.76996e-15,1.27314e-8
-0.5457515,1.452722,6.21725e-15,9.75580e-9
-0.5456907,1.452758,1.15463e-14,3.30799e-8
-0.5456461,1.452792,3.55271e-15,2.04832e-8
-0.545604,1.452824,1.24345e-14,4.37554e-8
-0.5455655,1.452845,1.68754e-14,5.05374e-9
-0.545507,1.452897,1.42109e-14,1.64697e-8
-0.5454584,1.452918,2.13163e-14,5.09000e-8
-0.5454144,1.452969,2.66454e-15,1.23918e-7
-0.5453592,1.453012,7.99361e-15,4.49216e-8
-0.5453123,1.45304,1.06581e-14,1.14282e-7
-0.545271,1.453069,1.06581e-14,4.22453e-8
-0.5452338,1.453091,2.66454e-15,1.29506e-7
-0.5451784,1.453118,1.15463e-14,1.21223e-8
-0.5451344,1.453148,6.21725e-15,9.21511e-8
-0.5450673,1.453205,8.88178e-15,9.31456e-9
-0.5450106,1.453244,9.76996e-15,8.23869e-8
-0.5449483,1.453276,6.21725e-15,2.09789e-8
-0.5448913,1.45333,7.10543e-15,8.04954e-8
-0.54484,1.453372,5.32907e-15,6.88809e-8
-0.5448014,1.453397,5.32907e-15,1.45650e-9
-0.5447546,1.453429,1.24345e-14,5.06173e-9
-0.5447037,1.453464,7.10543e-15,7.37265e-8
-0.544655,1.453499,4.44089e-15,3.47103e-8
-0.5446113,1.45354,1.15463e-14,5.83158e-9
-0.5445703,1.453576,5.32907e-15,5.69313e-8
-0.5445268,1.453604,7.10543e-15,4.21918e-9
-0.5444866,1.453638,1.50990e-14,9.20918e-8
-0.5444251,1.453687,2.04281e-14,2.79219e-8
-0.5443816,1.453714,1.42109e-14,2.35539e-8
-0.5443441,1.453738,1.06581e-14,2.49193e-8
-0.5442956,1.453781,1.86517e-14,1.02399e-7
-0.5442374,1.453814,1.59872e-14,9.96431e-8
-0.5441843,1.453854,7.10543e-15,1.88461e-8
-0.5441368,1.453889,9.76996e-15,2.98574e-8
-0.5440876,1.453932,7.99361e-15,6.16616e-8
-0.5440466,1.453953,6.21725e-15,9.26273e-8
-0.5439963,1.453996,1.77636e-15,8.30948e-8
-0.543943,1.454032,1.86517e-14,3.93969e-8
-0.543892,1.454077,7.99361e-15,1.74712e-9
-0.5438379,1.454129,1.86517e-14,6.32644e-8
-0.543787,1.454158,9.76996e-15,2.77423e-8
-0.5437425,1.454193,1.59872e-14,6.94655e-8
-0.5436953,1.45422,7.10543e-15,5.45920e-9
-0.5436512,1.454261,5.32907e-15,7.05035e-8
-0.543605,1.454303,7.10543e-15,6.36694e-8
-0.5435544,1.454326,1.06581e-14,1.43147e-8
-0.5435079,1.454361,1.77636e-15,5.69395e-8
-0.5434592,1.454393,6.21725e-15,3.97678e-8
-0.5434211,1.454416,9.76996e-15,5.70436e-8
-0.5433781,1.454451,1.06581e-14,1.52032e-8
-0.5433272,1.454493,2.13163e-14,1.76078e-8
-0.5432817,1.454521,1.33227e-14,5.63918e-8
-0.543233,1.454565,1.42109e-14,1.08995e-8
-0.5431865,1.454592,5.32907e-15,5.08437e-8
-0.5431357,1.454622,1.33227e-14,8.58403e-8
-0.5430913,1.454651,2.13163e-14,3.49994e-8
-0.5430399,1.454674,8.21565e-13,6.15204e-8
-0.542999,1.454693,1.15463e-14,2.07236e-8
-0.5429514,1.454731,7.10543e-15,1.43211e-8
-0.5429054,1.454765,1.59872e-14,8.92168e-8
-0.5428538,1.454803,1.68754e-14,7.95183e-9
-0.5428102,1.454831,1.24345e-14,6.86546e-8
-0.5427679,1.454867,9.76996e-15,1.79795e-8
-0.5427261,1.454891,2.04281e-14,3.29244e-9
-0.5426807,1.454926,5.32907e-15,1.06688e-8
-0.5426426,1.454963,7.99361e-15,3.89420e-8
-0.5425997,1.454985,6.21725e-15,5.35688e-9
-0.5425621,1.455011,3.55271e-15,1.63820e-8
-0.5425123,1.45503,8.88178e-15,4.71659e-9
-0.5424594,1.455069,1.95399e-14,8.09795e-8
-0.5424116,1.455103,7.99361e-15,2.74785e-8
-0.5423624,1.455126,1.86517e-14,6.09183e-8
-0.5423172,1.455161,1.33227e-14,8.94837e-8
-0.542273,1.455199,1.33227e-14,1.95739e-8
-0.542236,1.455216,3.37508e-14,1.31763e-9
-0.54219,1.455247,6.21725e-15,8.48892e-8
-0.5421484,1.455278,2.66454e-15,2.22100e-8
-0.5421039,1.455318,1.59872e-14,6.18255e-9
-0.542058,1.455361,1.50990e-14,9.85574e-9
-0.5420144,1.455395,8.88178e-15,3.95171e-8
-0.5419721,1.455429,8.88178e-15,2.22711e-8
-0.5419253,1.455472,9.76996e-15,7.36969e-8
-0.5418903,1.45549,5.32907e-15,2.16155e-8
-0.5418584,1.4555,2.75335e-14,1.69287e-8
-0.5418242,1.455527,1.33227e-14,8.06488e-8
-0.5417829,1.455555,7.10543e-15,4.68398e-8
-0.5417298,1.455585,8.88178e-15,3.03343e-8
-0.5416943,1.455614,1.95399e-14,4.85338e-8
-0.5416519,1.455656,1.77636e-15,2.86445e-8
-0.5416145,1.455674,1.33227e-14,7.80514e-8
-0.5415684,1.455707,1.59872e-14,4.74379e-8
-0.5415337,1.455739,1.42109e-14,2.42015e-9
-0.5414926,1.455761,1.24345e-14,3.71827e-8
-0.5414511,1.455785,9.76996e-15,2.77976e-8
-0.5414145,1.455801,2.13163e-14,4.38623e-8
-0.5413802,1.455823,4.44089e-15,7.23694e-8
-0.5413468,1.455842,2.93099e-14,7.23562e-8
-0.5413112,1.455871,8.88178e-15,7.09451e-9
-0.5412697,1.455893,1.06581e-14,6.05234e-8
-0.5412332,1.455926,1.77636e-14,3.33067e-8
-0.5411962,1.455955,7.10543e-15,7.79577e-8
-0.5411617,1.455977,2.57572e-14,4.99414e-8
-0.5411257,1.45601,1.24345e-14,3.41493e-8
-0.5410851,1.456037,1.15463e-14,3.79605e-8
-0.541043,1.456064,2.66454e-15,6.22207e-8
-0.5410013,1.456104,6.50147e-13,1.33425e-8
-0.5409658,1.456126,7.99361e-15,5.30092e-8
-0.5409223,1.456159,5.32907e-15,1.55949e-9
-0.5408863,1.456194,1.06581e-14,5.09461e-8
-0.5408394,1.456227,1.68754e-14,5.45513e-8
-0.5408029,1.456244,2.04281e-14,4.60223e-8
-0.5407631,1.456281,3.55271e-15,3.46086e-8
-0.5407121,1.456322,4.44089e-15,1.76449e-8
-0.5406767,1.456349,8.88178e-15,6.17825e-8
-0.5406367,1.45638,2.84217e-14,1.15612e-8
-0.5405979,1.456416,6.21725e-15,4.02687e-8
-0.5405596,1.456458,9.76996e-15,5.18431e-8
-0.5405196,1.456491,4.44089e-15,3.98028e-10
-0.5404871,1.456511,1.15463e-14,1.95435e-8
-0.5404528,1.456542,8.88178e-15,4.73744e-8
-0.5404156,1.456556,9.76996e-15,9.72286e-9
-0.5403828,1.456586,1.50990e-14,6.41728e-8
-0.5403431,1.456609,9.76996e-15,3.45441e-8
-0.5403049,1.456635,7.10543e-15,1.10588e-8
-0.5402692,1.456664,1.77636e-14,2.70561e-8
-0.5402365,1.456688,1.42109e-14,3.85581e-8
-0.5401879,1.456721,1.59872e-14,1.28369e-8
-0.540147,1.456764,1.15463e-14,2.12336e-8
-0.5401083,1.45679,1.15463e-14,2.35068e-8
-0.5400702,1.456809,8.88178e-15,5.34859e-8
-0.5400317,1.456833,7.10543e-15,3.47157e-8
-0.5399991,1.456855,1.95399e-14,7.06879e-9
-0.5399607,1.456892,7.10543e-15,6.15904e-8
-0.5399251,1.456921,3.55271e-15,1.46660e-8
-0.5398868,1.456953,1.15463e-14,9.85505e-9
-0.5398544,1.456968,7.10543e-15,4.19483e-9
-0.5398219,1.456987,1.50990e-14,1.80914e-9
-0.5397833,1.457012,6.21725e-15,4.09944e-8
-0.5397398,1.45704,1.24345e-14,1.99673e-8
-0.5397044,1.45707,1.42109e-14,1.70829e-8
-0.5396648,1.457099,2.66454e-14,3.96740e-8
-0.5396225,1.457121,1.77636e-14,1.93448e-8
-0.5395881,1.457143,1.15463e-14,2.78122e-8
-0.5395573,1.45716,3.55271e-15,1.11712e-8
-0.5395223,1.45718,5.32907e-15,9.30976e-9
-0.5394894,1.457199,3.55271e-15,9.10973e-9
-0.5394616,1.457217,2.66454e-15,2.09264e-8
-0.5394292,1.457233,1.06581e-14,7.49249e-9
-0.539389,1.457255,5.32907e-15,6.83819e-9
-0.5393581,1.457276,1.06581e-14,3.13088e-8
-0.5393231,1.457296,1.15463e-14,4.97274e-8
-0.5392914,1.457313,1.68754e-14,1.80818e-9
-0.5392543,1.457337,4.44089e-15,7.57734e-9
-0.539224,1.457362,7.10543e-15,1.96000e-8
-0.5391912,1.457388,9.76996e-15,2.48036e-8
-0.539156,1.457414,1.77636e-14,2.93524e-8
-0.5391262,1.457433,1.33227e-14,3.90267e-8
-0.5390882,1.457454,1.68754e-14,1.86115e-8
-0.5390599,1.457477,7.10543e-15,8.08661e-9
-0.539025,1.457499,5.32907e-15,3.72669e-8
-0.5389898,1.457521,7.99361e-15,4.02523e-8
-0.5389544,1.45755,9.76996e-15,3.02004e-8
-0.5389296,1.457559,1.06581e-14,4.74609e-8
-0.5388989,1.457589,1.95399e-14,3.88826e-8
-0.538873,1.457633,7.10543e-15,2.68809e-8
-0.5388322,1.457673,6.21725e-15,4.58636e-8
-0.5387991,1.457705,2.30926e-14,6.47378e-9
-0.538761,1.457726,7.10543e-15,2.06697e-8
-0.5387282,1.45773,2.22045e-14,2.36673e-8
-0.5386934,1.457743,4.44089e-15,1.39903e-8
-0.5386602,1.457777,9.76996e-15,1.16378e-8
-0.5386317,1.457796,1.68754e-14,4.41985e-9
-0.5386057,1.457809,7.99361e-15,2.63301e-10
-0.538573,1.457823,1.59872e-14,1.39593e-9
-0.5385454,1.45784,5.32907e-15,4.58705e-8
-0.5385164,1.457855,1.15463e-14,4.29742e-8
-0.5384908,1.457867,1.15463e-14,3.19931e-8
-0.5384592,1.457883,8.88178e-15,9.79088e-9
-0.5384373,1.457897,2.13163e-14,4.74634e-8
-0.5384069,1.457919,9.76996e-15,2.70299e-8
-0.5383793,1.457931,1.06581e-14,3.42675e-8
-0.5383457,1.45796,5.32907e-15,2.82404e-8
-0.5383232,1.457972,3.55271e-14,2.75329e-8
-0.5382954,1.45799,1.24345e-14,6.75450e-9
-0.5382667,1.45801,1.77636e-14,2.54614e-8
-0.5382414,1.458023,1.95399e-14,2.32884e-8
-0.5382104,1.458033,1.24345e-14,2.69861e-8
-0.5381798,1.458058,2.04281e-14,1.93766e-8
-0.5381595,1.458064,1.50990e-14,3.77303e-8
-0.5381327,1.458081,1.77636e-14,4.02456e-8
-0.5381102,1.458097,9.76996e-15,2.23980e-8
-0.5380891,1.45811,4.44089e-15,2.88972e-8
-0.5380629,1.458126,1.59872e-14,3.47366e-8
-0.5380334,1.458145,1.68754e-14,2.98906e-8
-0.5380092,1.45816,3.37508e-14,4.11266e-8
-0.537983,1.458183,6.21725e-15,2.33529e-8
-0.5379623,1.458194,5.32907e-15,3.93146e-8
-0.5379341,1.458219,6.21725e-15,5.78574e-9
-0.5379085,1.458234,8.88178e-15,3.28791e-8
-0.5378763,1.458254,7.10543e-15,2.13588e-8
-0.5378499,1.458272,3.55271e-15,2.13006e-8
-0.5378259,1.458287,2.39808e-14,4.29031e-9
-0.5377995,1.458309,1.33227e-14,2.84413e-8
-0.537776,1.458326,5.32907e-15,2.99567e-8
-0.5377434,1.458353,8.88178e-15,3.97465e-10
-0.5377222,1.458372,1.50990e-14,2.35780e-9
-0.5376954,1.458382,9.76996e-15,1.80384e-8
-0.5376714,1.458395,2.13163e-14,1.03129e-8
-0.5376269,1.458432,2.04281e-14,2.26257e-8
-0.5375956,1.458438,7.10543e-15,2.89089e-8
-0.5375726,1.458459,3.55271e-15,3.13752e-8
-0.5375487,1.458471,1.63425e-13,2.62919e-9
-0.5375229,1.458486,1.42109e-14,1.32956e-8
-0.5375007,1.458501,1.68754e-14,2.52549e-8
-0.537475,1.458517,1.77636e-14,3.50096e-8
-0.5374505,1.458535,2.84217e-14,1.24434e-9
-0.5374296,1.458554,1.42109e-14,3.25238e-8
-0.5373983,1.458577,3.55271e-14,2.96077e-8
-0.5373743,1.458586,8.88178e-15,3.27057e-8
-0.5373433,1.458617,7.99361e-15,2.45754e-8
-0.5373084,1.458644,1.77636e-14,3.35739e-8
-0.5372885,1.45866,2.04281e-14,1.86636e-9
-0.5372646,1.458678,7.10543e-15,2.26224e-8
-0.5372312,1.458699,3.99680e-14,2.89079e-9
-0.5372012,1.458716,6.21725e-15,3.01049e-8
-0.5371748,1.45873,1.50990e-14,7.45221e-9
-0.5371582,1.458742,7.10543e-15,1.87257e-8
-0.5371371,1.458762,1.42109e-14,3.52724e-9
-0.5371111,1.458783,1.86517e-14,1.25585e-8
-0.537092,1.458797,1.68754e-14,3.57379e-10
-0.5370745,1.458804,8.88178e-15,4.43359e-9
-0.537057,1.458815,1.95399e-14,2.50683e-8
-0.5370343,1.458833,1.68754e-14,2.06050e-8
-0.5370075,1.45885,1.06581e-14,7.76184e-9
-0.5369871,1.458863,1.06581e-14,2.44967e-8
-0.5369724,1.458873,1.33227e-14,1.04845e-8
-0.5369492,1.458888,7.10543e-15,1.16239e-8
-0.5369222,1.458918,7.99361e-15,1.70948e-8
-0.5369051,1.458929,1.50990e-14,1.22400e-8
-0.5368858,1.45894,1.68754e-14,1.87520e-8
-0.5368668,1.458958,2.22045e-14,4.06120e-9
-0.5368476,1.45897,1.15463e-14,2.44245e-8
-0.5368324,1.458983,1.24345e-14,3.33194e-8
-0.5368219,1.453625,4.44089e-15,2.30745e-8
-0.5368163,1.458992,2.66454e-14,1.49822e-8
-0.5367962,1.453646,1.50990e-14,4.54781e-9
-0.5367724,1.453668,1.06581e-14,2.19717e-8
-0.5367497,1.453689,8.88178e-15,1.30466e-8
-0.5367246,1.453705,1.68754e-14,3.32425e-9
-0.5367026,1.453719,1.59872e-14,2.35759e-8
-0.5366789,1.45373,1.06581e-14,3.10863e-8
-0.5366586,1.453739,2.39808e-14,4.61426e-9
-0.5366371,1.453752,6.21725e-15,8.20550e-9
-0.5366178,1.453764,1.68754e-14,9.01627e-9
-0.536595,1.453782,7.99361e-15,8.99388e-9
-0.5365775,1.453794,1.77636e-15,3.52370e-8
-0.5365485,1.453814,1.42109e-14,1.48066e-8
-0.5365259,1.453829,2.13163e-14,3.50435e-8
-0.5365035,1.453842,7.10543e-15,3.23507e-8
-0.5364735,1.453862,1.59872e-14,2.48116e-8
-0.5364447,1.453892,6.21725e-15,3.03401e-8
-0.5364206,1.453914,2.57572e-14,3.72443e-8
-0.5363949,1.453931,2.22045e-14,1.66771e-8
-0.5363739,1.453948,2.22045e-14,3.21230e-9
-0.536349,1.453961,1.42109e-14,1.99135e-8
-0.5363197,1.453983,1.95399e-14,7.88862e-9
-0.5362998,1.453991,3.55271e-14,1.32717e-9
-0.5362813,1.453999,1.06581e-14,1.62169e-8
-0.5362668,1.454011,2.13163e-14,2.24880e-9
-0.5362465,1.454027,1.68754e-14,3.14806e-8
-0.5362203,1.45404,3.64153e-14,2.79086e-8
-0.5362072,1.454051,7.10543e-15,2.25924e-8
-0.5361817,1.454077,8.88178e-15,2.07888e-8
-0.536165,1.454096,5.32907e-15,2.93375e-9
-0.5361434,1.454119,8.88178e-15,3.12030e-8
-0.5361272,1.454126,3.37508e-14,3.36465e-8
-0.5361098,1.454141,3.64153e-14,1.02892e-8
-0.5360924,1.454153,7.99361e-15,1.02591e-8
-0.536077,1.454164,2.39808e-14,2.84959e-8
-0.5360559,1.454183,1.06581e-14,2.42962e-8
-0.536036,1.454199,1.33227e-14,3.20416e-8
-0.5360141,1.454214,1.77636e-15,6.87751e-9
-0.5359901,1.454221,2.93099e-14,5.35198e-9
-0.5359636,1.454237,2.66454e-14,2.28469e-8
-0.5359458,1.454256,2.75335e-14,1.37013e-8
-0.5359302,1.454267,2.13163e-14,1.15591e-9
-0.5359109,1.454277,2.48690e-14,4.10844e-9
-0.5358934,1.454296,2.84217e-14,2.19153e-9
-0.5358768,1.454313,2.04281e-14,6.19866e-9
-0.5358597,1.454323,1.86517e-14,1.86003e-8
-0.5358388,1.454343,2.66454e-14,1.08409e-8
-0.5358184,1.454358,2.39808e-14,6.42073e-10
-0.5358058,1.454365,7.10543e-15,1.34251e-8
-0.535784,1.454385,3.28626e-14,1.28717e-8
-0.5357647,1.454399,3.10862e-14,2.50408e-10
-0.5357459,1.454404,2.04281e-14,2.09165e-8
-0.5357203,1.454424,2.66454e-14,1.83842e-8
-0.5357008,1.454435,2.13163e-14,2.76407e-8
-0.5356821,1.454453,4.44089e-15,2.89421e-8
-0.5356615,1.45447,4.44089e-15,2.58973e-8
-0.5356469,1.45448,1.59872e-14,6.70055e-9
-0.5356326,1.45449,2.22045e-14,2.33120e-8
-0.5356108,1.454492,1.42109e-14,2.09661e-8
-0.5355939,1.454506,1.50990e-14,2.46877e-8
-0.5355767,1.454526,2.93099e-14,2.18800e-8
-0.5355535,1.454539,1.59872e-14,1.93148e-9
-0.5355364,1.454549,1.50990e-14,2.46254e-9
-0.5355207,1.454569,4.44089e-15,8.87596e-9
-0.5355045,1.454581,1.68754e-14,2.44452e-8
-0.5354855,1.454594,3.81917e-14,2.53563e-8
-0.5354673,1.454602,2.13163e-14,2.33845e-8
-0.5354467,1.454609,1.06581e-14,7.74958e-9
-0.5354269,1.454621,2.57572e-14,8.58565e-9
-0.5354018,1.454647,2.30926e-14,1.37601e-8
-0.5353836,1.45466,2.30926e-14,1.20273e-8
-0.5353692,1.454675,3.19744e-14,2.45626e-8
-0.5353537,1.454684,1.59872e-14,1.88692e-8
-0.5353425,1.454689,5.32907e-15,8.27813e-10
-0.5353251,1.454703,8.88178e-15,9.13187e-9
-0.5353124,1.454711,2.04281e-14,1.49514e-8
-0.5352957,1.454722,4.44089e-15,1.17507e-9
-0.5352748,1.45474,1.33227e-14,2.32802e-8
-0.5352554,1.454766,3.28626e-14,1.62245e-8
-0.5352394,1.454785,7.99361e-15,2.07321e-8
-0.5352233,1.454794,2.22045e-14,7.40326e-9
-0.5352051,1.454807,2.66454e-14,2.04292e-8
-0.5351842,1.454825,1.50990e-14,1.25555e-8
-0.5351683,1.454834,1.42109e-14,2.55669e-8
-0.5351505,1.454841,2.04281e-14,2.77694e-8
-0.535131,1.454854,2.22045e-14,6.76360e-9
-0.5351132,1.454867,1.24345e-14,2.51824e-8
-0.535097,1.454886,2.39808e-14,1.66065e-8
-0.5350819,1.454892,2.39808e-14,9.81877e-10
-0.5350685,1.4549,1.86517e-14,1.53561e-10
-0.5350576,1.454903,2.22045e-14,2.45849e-8
-0.5350435,1.454923,2.75335e-14,2.06038e-8
-0.5350308,1.454935,6.21725e-15,1.31198e-8
-0.5350157,1.454947,2.57572e-14,2.65048e-8
-0.5349998,1.454961,1.77636e-14,2.54792e-8
-0.5349826,1.454975,3.01981e-14,3.84598e-9
-0.5349663,1.454979,2.57572e-14,2.26675e-9
-0.5349519,1.454986,2.22045e-14,1.07245e-8
-0.5349366,1.454999,2.04281e-14,1.56834e-8
-0.5349258,1.45501,2.93099e-14,4.24308e-10
-0.5349111,1.455022,1.24345e-14,1.89260e-8
-0.5348968,1.455027,1.68754e-14,7.18286e-9
-0.5348832,1.455035,3.55271e-15,7.72949e-9
-0.5348666,1.455048,1.24345e-14,1.94631e-8
-0.5348532,1.455048,1.50990e-14,1.82390e-8
-0.5348308,1.455058,6.21725e-15,2.24156e-8
-0.5347838,1.45509,1.50990e-14,1.62082e-8
-0.5347686,1.455103,2.13163e-14,4.97344e-9
-0.5347496,1.455122,1.95399e-14,8.19493e-9
-0.5347337,1.455137,8.88178e-15,3.49794e-9
-0.5347098,1.45515,8.88178e-15,2.12296e-8
-0.5346885,1.455164,1.50990e-14,1.93468e-8
-0.5346724,1.455176,4.70735e-14,5.63124e-9
-0.5346485,1.455194,8.88178e-15,2.30925e-9
-0.5346339,1.455202,1.42109e-14,1.46157e-8
-0.5346173,1.455214,2.13163e-14,1.65660e-8
-0.5346035,1.455224,8.88178e-15,8.24551e-9
-0.5345857,1.455227,2.13163e-14,4.55956e-9
-0.5345725,1.45524,2.84217e-14,8.02005e-9
-0.5345566,1.455245,3.64153e-14,2.48399e-9
-0.5345436,1.455257,3.46390e-14,9.35957e-9
-0.534531,1.455263,2.13163e-14,1.88278e-8
-0.5345206,1.45527,8.88178e-15,4.19417e-9
-0.5345043,1.455282,2.66454e-14,2.13310e-8
-0.5344869,1.455296,2.30926e-14,1.92879e-8
-0.5344708,1.45531,1.50990e-14,2.24307e-8
-0.5344574,1.455317,2.57572e-14,2.63178e-9
-0.5344432,1.455328,7.99361e-15,1.26830e-8
-0.5344255,1.455343,5.32907e-15,6.93595e-9
-0.5344097,1.455351,1.68754e-14,1.49169e-8
-0.5343979,1.455358,1.68754e-14,5.44849e-9
-0.5343877,1.455363,3.55271e-14,1.28661e-8
-0.5343773,1.455374,1.68754e-14,1.70074e-8
-0.5343644,1.455383,1.24345e-14,6.09732e-9
-0.5343489,1.455396,1.50990e-14,1.44482e-8
-0.5343351,1.455405,2.84217e-14,4.91356e-9
-0.5343221,1.455415,1.68754e-14,8.16501e-9
-0.5343052,1.455426,3.73035e-14,3.82360e-9
-0.5342951,1.455433,1.95399e-14,1.97889e-8
-0.5342825,1.455436,9.76996e-15,1.80813e-8
-0.5342636,1.455452,8.88178e-15,2.80797e-9
-0.534251,1.455466,1.95399e-14,1.06100e-8
-0.5342329,1.455477,1.24345e-14,1.18378e-8
-0.5342174,1.45549,1.59872e-14,1.65698e-8
-0.5342035,1.455502,8.88178e-15,5.59953e-9
-0.5341881,1.455511,1.68754e-14,7.55048e-9
-0.5341749,1.455518,2.04281e-14,8.65085e-9
-0.5341613,1.455529,7.99361e-15,1.27775e-9
-0.5341494,1.455537,7.10543e-15,1.12846e-8
-0.534137,1.455548,1.42109e-14,2.90363e-9
-0.5341273,1.455557,3.64153e-14,1.61033e-8
-0.5341123,1.45557,3.19744e-14,3.63645e-9
-0.5341041,1.455576,1.15463e-14,2.72775e-9
-0.5340943,1.45558,2.48690e-14,1.46371e-8
-0.534079,1.455595,1.06581e-14,1.35523e-8
-0.5340673,1.455605,1.77636e-14,9.44263e-9
-0.5340553,1.455606,1.95399e-14,2.50545e-9
-0.5340439,1.455609,3.90799e-14,1.11441e-8
-0.5340325,1.455615,1.15463e-14,7.57167e-9
-0.5340178,1.455614,2.13163e-14,1.27894e-8
-0.5339968,1.455628,1.68754e-14,8.59148e-10
-0.5339856,1.455638,7.10543e-15,1.19685e-9
-0.5339759,1.455648,3.37508e-14,5.29927e-9
-0.5339618,1.455653,2.13163e-14,1.99298e-8
-0.5339555,1.455667,2.39808e-14,6.32462e-9
-0.533936,1.45569,2.30926e-14,4.96716e-9
-0.5339238,1.455697,1.06581e-14,5.48443e-10
-0.5339039,1.455703,4.26326e-14,1.66529e-8
-0.5338883,1.455711,4.52971e-14,1.46039e-8
-0.5338741,1.455721,1.95399e-14,5.25988e-9
-0.5338627,1.455726,2.93099e-14,1.72151e-8
-0.5338484,1.455733,1.33227e-14,1.24136e-8
-0.5338373,1.455743,1.24345e-14,1.47431e-8
-0.5338242,1.455752,1.77636e-14,5.15903e-9
-0.5338147,1.455756,8.88178e-15,6.39813e-9
-0.5337999,1.455764,1.68754e-14,1.58215e-8
-0.5337882,1.455777,9.76996e-15,4.03421e-9
-0.5337726,1.455792,3.55271e-14,7.96947e-9
-0.5337617,1.455799,2.22045e-14,4.79335e-9
-0.5337496,1.455806,1.33227e-14,8.89356e-9
-0.5337387,1.455816,1.77636e-14,8.92075e-9
-0.5337248,1.455825,2.48690e-14,9.48601e-9
-0.5337106,1.455837,1.15463e-14,1.79925e-8
-0.5336999,1.455847,2.04281e-14,6.35468e-9
-0.5336826,1.455866,1.24345e-14,6.50528e-9
-0.5336714,1.455876,1.77636e-14,2.17836e-9
-0.5336627,1.455882,1.50990e-14,1.60342e-8
-0.5336554,1.455881,3.28626e-14,8.06454e-9
-0.5336443,1.455891,6.21725e-15,6.81101e-9
-0.5336334,1.455897,2.57572e-14,6.97476e-9
-0.5336233,1.455903,1.68754e-14,1.08111e-8
-0.5336159,1.455907,2.22045e-14,1.43752e-8
-0.5336025,1.455912,6.57252e-14,1.77641e-8
-0.5335891,1.455921,2.13163e-14,3.65400e-9
-0.5335784,1.455934,3.55271e-15,1.13548e-8
-0.5335676,1.455942,3.64153e-14,4.11163e-9
-0.5335562,1.455949,1.24345e-14,1.75772e-8
-0.5335465,1.45595,1.15463e-14,4.52103e-9
-0.5335363,1.455957,1.95399e-14,1.61793e-8
-0.5335206,1.455964,3.01981e-14,2.85253e-9
-0.5335119,1.455969,3.37508e-14,1.38780e-8
-0.5334993,1.455981,2.48690e-14,1.69387e-8
-0.5334852,1.455993,7.99361e-15,1.15421e-8
-0.5334752,1.456,1.68754e-14,2.84854e-9
-0.5334641,1.45601,3.01981e-14,1.34753e-8
-0.5334555,1.456017,7.10543e-15,2.90324e-9
-0.5334479,1.456026,2.13163e-14,1.68776e-8
-0.5334386,1.456028,2.57572e-14,5.04517e-9
-0.5334298,1.456039,2.30926e-14,1.12258e-8
-0.5334287,1.455416,1.77636e-15,2.67565e-9
-0.5334192,1.456044,1.06581e-14,1.72056e-8
-0.533417,1.455425,4.61853e-14,1.29971e-8
-0.5334052,1.456052,5.32907e-15,2.39812e-10
-0.5334048,1.455437,1.59872e-14,9.80245e-9
-0.5333939,1.456064,2.30926e-14,4.59138e-9
-0.5333882,1.455461,1.42109e-14,7.42736e-9
-0.5333859,1.45607,2.22045e-14,1.38632e-8
-0.5333771,1.455463,1.06581e-14,1.58344e-9
-0.5333697,1.456076,1.77636e-14,1.30402e-9
-0.533368,1.455473,2.75335e-14,1.41490e-9
-0.5333612,1.456086,2.30926e-14,4.64005e-10
-0.533359,1.455479,1.33227e-14,1.26111e-8
-0.533354,1.456096,3.73035e-14,8.41363e-9
-0.533346,1.455494,3.01981e-14,4.59777e-9
-0.5333447,1.456099,5.77316e-14,9.86503e-9
-0.5333349,1.4555,2.48690e-14,8.46331e-9
-0.5333313,1.456117,2.30926e-14,7.11331e-9
-0.5333238,1.455507,5.59552e-14,1.17292e-8
-0.5333195,1.456127,1.86517e-14,1.51378e-8
-0.5333133,1.455508,6.21725e-14,3.81476e-10
-0.5333073,1.456133,1.24345e-14,1.64560e-8
-0.5333012,1.455517,3.73035e-14,7.26468e-9
-0.5332984,1.456136,1.59872e-14,1.22009e-8
-0.5332908,1.455525,2.66454e-14,1.30305e-8
-0.5332877,1.456146,2.93099e-14,1.50525e-8
-0.5332807,1.455529,5.06262e-14,8.33879e-9
-0.5332778,1.456155,3.19744e-14,1.41437e-8
-0.5332694,1.455534,8.88178e-15,1.84583e-9
-0.5332595,1.456168,2.39808e-14,3.10220e-9
-0.5332475,1.456179,2.57572e-14,8.89687e-9
-0.5332384,1.456181,2.48690e-14,7.65845e-9
-0.5332383,1.455554,7.99361e-15,3.60505e-9
-0.5332297,1.456187,6.57252e-14,4.18693e-9
-0.5332295,1.45556,6.21725e-14,1.32104e-8
-0.5332197,1.456195,1.86517e-14,1.48608e-8
-0.5332105,1.4562,1.59872e-14,1.58034e-8
-0.5332073,1.455576,4.70735e-14,3.91357e-9
-0.5331988,1.456204,2.13163e-14,9.22533e-9
-0.5331982,1.455583,3.73035e-14,7.34969e-9
-0.5331855,1.456216,1.06581e-14,7.09455e-9
-0.5331764,1.456222,4.44089e-15,6.43926e-9
-0.533166,1.45623,3.01981e-14,1.03135e-8
-0.5331561,1.456237,5.15143e-14,6.40069e-9
-0.5331489,1.456243,7.99361e-15,1.38798e-8
-0.5331482,1.455615,3.55271e-14,4.30938e-9
-0.5331395,1.456249,3.90799e-14,9.51873e-9
-0.5331388,1.455619,2.48690e-14,9.51479e-9
-0.5331294,1.456257,2.66454e-14,2.26934e-9
-0.5331222,1.455636,1.86517e-14,1.06477e-8
-0.5331198,1.456264,2.30926e-14,1.56251e-9
-0.5331093,1.455647,5.06262e-14,1.02133e-8
-0.5330972,1.455657,9.76996e-15,8.99454e-9
-0.5330852,1.455665,1.15463e-14,1.44121e-8
-0.5330713,1.455673,1.77636e-14,1.05961e-8
-0.53307,1.456296,2.30926e-14,1.07560e-8
-0.5330618,1.455681,1.33227e-14,1.47104e-8
-0.5330511,1.455691,8.88178e-15,1.07205e-9
-0.5330419,1.455698,2.93099e-14,7.43371e-9
-0.5330298,1.455702,4.17444e-14,4.35809e-9
-0.533018,1.455715,2.39808e-14,1.70193e-9
-0.5330098,1.455718,2.13163e-14,1.00774e-8
-0.5330027,1.455725,1.24345e-14,1.00936e-8
-0.533002,1.456332,1.24345e-14,1.10306e-8
-0.5329943,1.455729,6.66134e-14,1.00801e-9
-0.5329918,1.456339,1.06581e-14,7.33359e-9
-0.5329871,1.455736,8.88178e-15,1.98927e-9
-0.5329856,1.456346,1.77636e-14,5.56749e-9
-0.5329834,1.455737,8.88178e-15,1.26402e-8
-0.5329773,1.45635,9.76996e-15,8.39021e-9
-0.532975,1.45574,2.93099e-14,1.02141e-8
-0.5329682,1.456361,2.30926e-14,1.02996e-8
-0.5329639,1.455747,8.88178e-15,6.27472e-9
-0.5329585,1.456369,9.76996e-15,1.20323e-8
-0.5329528,1.455757,8.88178e-15,1.93260e-9
-0.5329482,1.456379,1.42109e-14,1.38324e-8
-0.5329429,1.455765,1.24345e-14,4.23390e-9
-0.5329367,1.456382,4.08562e-14,1.93653e-9
-0.5329364,1.455767,1.86517e-14,3.92700e-9
-0.5329286,1.456388,1.86517e-14,1.09831e-8
-0.5329284,1.455772,1.15463e-14,1.55898e-9
-0.5329185,1.456393,3.37508e-14,3.83353e-10
-0.5329172,1.455784,3.55271e-14,4.93313e-9
-0.5329077,1.456402,1.77636e-14,1.40129e-8
-0.5329077,1.455788,2.13163e-14,1.08958e-8
-0.5328929,1.456409,2.04281e-14,4.94742e-9
-0.5328829,1.456417,2.84217e-14,1.19891e-8
-0.5328725,1.456424,3.19744e-14,8.10880e-9
-0.5328609,1.456438,1.42109e-14,1.97597e-10
-0.5328516,1.456448,1.24345e-14,1.02188e-9
-0.5328414,1.456451,3.19744e-14,5.01925e-9
-0.5328327,1.456458,2.22045e-14,6.30448e-9
-0.5328244,1.456464,2.75335e-14,5.49461e-9
-0.5328156,1.456469,4.08562e-14,9.75675e-9
-0.5328082,1.456473,6.21725e-15,6.12014e-9
-0.5327967,1.456487,1.86517e-14,9.17841e-9
-0.5327845,1.456493,1.42109e-14,6.59212e-9
-0.5327725,1.456499,2.57572e-14,4.29479e-9
-0.5327608,1.456512,3.19744e-14,5.53351e-9
-0.5327525,1.45652,2.75335e-14,3.81184e-9
-0.5327463,1.456527,3.28626e-14,8.68314e-9
-0.532738,1.456534,1.06581e-14,1.30744e-8
-0.532726,1.456549,1.95399e-14,1.46776e-9
-0.5327169,1.456555,3.37508e-14,1.27416e-8
-0.5327048,1.456563,1.86517e-14,7.05586e-9
-0.5326927,1.456575,1.77636e-14,2.72625e-9
-0.5326827,1.456583,3.64153e-14,3.27378e-9
-0.5326709,1.456597,2.13163e-14,1.29083e-8
-0.5326631,1.456604,2.66454e-15,4.75894e-10
-0.5326523,1.456617,1.33227e-14,1.03368e-8
-0.5326452,1.456622,1.15463e-14,7.26455e-11
-0.5326355,1.456629,2.66454e-14,1.23030e-8
-0.532629,1.456632,3.10862e-14,5.24020e-9
-0.532621,1.45664,2.66454e-14,2.71989e-9
-0.5326123,1.456646,3.55271e-14,8.24240e-9
-0.5326056,1.456653,1.68754e-14,5.44323e-9
-0.5326051,1.455988,3.37508e-14,7.48583e-9
-0.5325969,1.456661,7.99361e-15,9.21940e-9
-0.532594,1.455994,4.61853e-14,8.03726e-9
-0.5325864,1.456671,3.28626e-14,1.05050e-8
-0.5325803,1.456001,3.99680e-14,1.59226e-9
-0.5325764,1.456674,7.99361e-15,4.20233e-9
-0.5325726,1.456005,2.66454e-14,1.29417e-8
-0.5325667,1.456684,1.24345e-14,1.14981e-8
-0.5325648,1.45601,8.88178e-15,1.12935e-9
-0.5325592,1.45669,6.75016e-14,7.67975e-9
-0.5325572,1.456013,4.52971e-14,1.21237e-8
-0.5325507,1.456691,1.33227e-14,6.82395e-9
-0.5325486,1.456017,1.77636e-14,8.79332e-9
-0.532542,1.456694,2.39808e-14,5.30920e-9
-0.5325404,1.456023,3.55271e-14,7.82746e-9
-0.5325315,1.456697,1.15463e-14,4.34961e-9
-0.5325221,1.456708,2.57572e-14,7.49059e-9
-0.5325142,1.456712,1.86517e-14,1.18335e-8
-0.5325067,1.456719,1.50990e-14,2.67869e-9
-0.532497,1.456728,4.08562e-14,4.93139e-9
-0.53249,1.456735,2.66454e-14,1.22242e-8
-0.5324845,1.456741,1.95399e-14,9.32240e-9
-0.5324795,1.456746,1.50990e-14,1.01202e-8
-0.5324733,1.456751,3.01981e-14,2.42503e-9
-0.532472,1.456066,2.13163e-14,9.50445e-9
-0.5324659,1.456754,1.24345e-14,8.58248e-9
-0.5324647,1.45607,9.76996e-15,9.41825e-9
-0.5324601,1.456753,3.46390e-14,1.17434e-8
-0.5324584,1.456075,2.30926e-14,1.15389e-8
-0.532453,1.456761,1.95399e-14,9.84366e-9
-0.5324514,1.456081,9.76996e-15,6.62451e-9
-0.5324476,1.456762,2.13163e-14,8.54422e-9
-0.5324351,1.456088,3.73035e-14,3.21327e-9
-0.5324277,1.456089,1.68754e-14,3.61044e-9
-0.5324163,1.456094,1.06581e-14,5.65833e-9
-0.5324085,1.456098,2.75335e-14,2.32172e-9
-0.5324029,1.4561,3.64153e-14,4.05631e-9
-0.5323943,1.456105,7.10543e-15,1.05207e-8
-0.5323855,1.456112,3.37508e-14,1.09385e-8
-0.5323782,1.456116,3.99680e-14,6.77393e-9
-0.5323713,1.456118,1.50990e-14,5.07877e-9
-0.5323627,1.456125,2.30926e-14,8.62800e-10
-0.5323564,1.456128,5.95080e-14,1.95420e-10
-0.5323464,1.456136,2.04281e-14,2.09500e-9
-0.5323364,1.45614,2.93099e-14,2.05500e-9
-0.532325,1.456153,3.37508e-14,1.12283e-8
-0.5323119,1.456162,4.08562e-14,6.57970e-9
-0.5323035,1.456169,3.55271e-14,3.50756e-9
-0.5322941,1.456178,1.68754e-14,7.67461e-9
-0.5322862,1.45618,4.44089e-14,9.00444e-9
-0.5322744,1.456191,3.10862e-14,9.87022e-9
-0.5322655,1.456202,7.99361e-15,1.13370e-8
-0.5322527,1.456211,2.48690e-14,2.98066e-9
-0.5322458,1.456219,1.86517e-14,6.89969e-9
-0.5322409,1.456223,6.21725e-14,8.76806e-9
-0.532234,1.456226,3.37508e-14,8.25720e-9
-0.5322275,1.456228,5.59552e-14,9.32959e-11
-0.5322172,1.456238,2.84217e-14,1.00737e-8
-0.5322078,1.456244,2.75335e-14,2.10439e-9
-0.5322006,1.456244,2.04281e-14,1.00207e-8
-0.5321956,1.456245,5.06262e-14,9.33123e-9
-0.5321863,1.456252,1.68754e-14,1.06634e-8
-0.5321786,1.456257,2.66454e-14,8.18598e-9
-0.5321722,1.456262,2.22045e-14,1.10228e-8
-0.5321682,1.456265,3.19744e-14,1.91471e-10
-0.5321667,1.456964,3.46390e-14,1.06663e-8
-0.5321614,1.456273,4.44089e-14,7.10017e-10
-0.5321599,1.456969,1.06581e-14,2.20057e-9
-0.5321552,1.45628,4.61853e-14,7.86358e-9
-0.5321544,1.456971,2.66454e-14,1.97504e-10
-0.5321514,1.456281,7.99361e-14,4.11398e-10
-0.5321461,1.456978,1.24345e-14,8.76620e-9
-0.5321448,1.456285,2.75335e-14,7.03698e-10
-0.5321363,1.456986,4.17444e-14,9.90286e-9
-0.5321358,1.456296,2.48690e-14,8.61548e-9
-0.5321268,1.456993,2.84217e-14,5.58706e-9
-0.5321186,1.456995,1.50990e-14,3.49329e-9
-0.532114,1.456997,1.95399e-14,7.94153e-9
-0.5321138,1.456312,5.77316e-14,9.44681e-10
-0.5321037,1.457011,1.59872e-14,1.07276e-8
-0.5320922,1.457025,2.48690e-14,4.58474e-9
-0.5320864,1.457034,1.06581e-14,9.01866e-9
-0.5320783,1.45704,3.99680e-14,2.44792e-9
-0.5320706,1.457044,3.55271e-14,6.86174e-9
-0.5320616,1.457049,3.81917e-14,2.53944e-9
-0.5320539,1.457052,6.57252e-14,1.21977e-9
-0.5320465,1.457059,3.99680e-14,6.06751e-9
-0.5320393,1.457067,4.44089e-15,2.52727e-9
-0.5320316,1.457076,5.32907e-14,5.70460e-9
-0.5320243,1.457085,1.86517e-14,2.78230e-9
-0.5320178,1.457088,1.95399e-14,4.12977e-9
-0.532009,1.457095,1.95399e-14,4.98166e-9
-0.5320059,1.456381,3.01981e-14,4.50334e-9
-0.5320038,1.457097,4.70735e-14,4.64708e-9
-0.5319852,1.456396,2.93099e-14,2.12094e-9
-0.5319794,1.456403,1.15463e-14,1.04101e-9
-0.5319713,1.456406,1.86517e-14,1.74403e-9
-0.5319635,1.456411,9.14824e-14,9.42675e-9
-0.5319587,1.456413,1.77636e-14,5.33133e-9
-0.5319542,1.456419,5.86198e-14,3.14923e-9
-0.5319483,1.456424,4.26326e-14,4.08336e-10
-0.5319387,1.456431,1.50990e-14,5.49894e-9
-0.5319301,1.456436,1.59872e-14,2.03123e-9
-0.5319224,1.456442,3.19744e-14,1.80381e-9
-0.5319168,1.456449,1.59872e-14,7.34541e-9
-0.531909,1.456457,1.24345e-14,8.12095e-9
-0.531902,1.456461,6.66134e-14,7.03245e-9
-0.5318951,1.456465,2.93099e-14,5.53401e-9
-0.5318891,1.45647,4.26326e-14,5.65044e-10
-0.5318848,1.456472,5.68434e-14,5.15764e-9
-0.5318761,1.456477,3.90799e-14,6.28739e-9
-0.5318695,1.456484,2.22045e-14,4.19597e-9
-0.5318643,1.456488,4.17444e-14,7.00707e-9
-0.531856,1.456496,3.28626e-14,7.32972e-10
-0.5318488,1.456503,2.57572e-14,7.69125e-9
-0.5318433,1.456506,1.33227e-14,9.33827e-9
-0.5318386,1.456512,4.61853e-14,2.25912e-9
-0.5318332,1.456515,1.86517e-14,5.90109e-9
-0.5318285,1.456517,3.90799e-14,4.36528e-9
-0.5318212,1.456523,2.93099e-14,4.65632e-9
-0.5318175,1.456525,2.48690e-14,4.13385e-10
-0.531811,1.456531,3.19744e-14,8.65707e-9
-0.531805,1.456537,7.37188e-14,6.97920e-9
-0.5318005,1.456542,7.99361e-15,2.41041e-9
-0.5317934,1.456545,5.24025e-14,2.51664e-9
-0.5317882,1.456547,1.68754e-14,5.55197e-9
-0.5317833,1.456552,3.01981e-14,4.47510e-10
-0.5317816,1.457265,3.19744e-14,2.52032e-11
-0.5317766,1.45656,2.84217e-14,8.72410e-9
-0.531775,1.457271,2.04281e-14,8.99729e-9
-0.5317671,1.456565,2.04281e-14,2.16246e-9
-0.5317596,1.45657,7.10543e-15,3.28091e-9
-0.5317547,1.456571,3.55271e-14,7.34465e-9
-0.5317545,1.457283,4.44089e-14,1.89932e-9
-0.5317476,1.456574,3.55271e-14,5.28982e-9
-0.5317415,1.456582,3.55271e-15,1.03157e-9
-0.5317345,1.456589,2.13163e-14,4.29187e-9
-0.5317267,1.456594,3.01981e-14,6.51409e-9
-0.5317204,1.456597,3.01981e-14,4.23416e-9
-0.5317148,1.456604,3.46390e-14,6.19508e-9
-0.5317083,1.456608,2.75335e-14,4.79310e-9
-0.5317029,1.456613,1.06581e-14,7.76552e-10
-0.5316991,1.456617,5.15143e-14,1.52337e-9
-0.531691,1.456619,2.13163e-14,1.17992e-9
-0.5316848,1.456623,6.03961e-14,5.36662e-9
-0.5316801,1.456625,5.32907e-15,1.50519e-9
-0.5316733,1.456633,2.75335e-14,8.94124e-9
-0.5316679,1.456636,2.22045e-14,7.81424e-9
-0.5316637,1.456641,3.46390e-14,3.68348e-9
-0.5316591,1.456645,2.66454e-14,3.89336e-9
-0.531655,1.456647,1.86517e-14,2.87698e-9
-0.5316476,1.456651,8.34888e-14,2.19620e-10
-0.531641,1.456658,3.01981e-14,5.59598e-9
-0.5316349,1.456661,4.79616e-14,1.51754e-9
-0.5316297,1.456662,3.55271e-14,2.26370e-9
-0.5316231,1.456668,1.95399e-14,3.47007e-9
-0.5316174,1.456672,5.32907e-14,6.01910e-9
-0.5316106,1.456675,4.88498e-14,3.41072e-9
-0.5316067,1.456677,6.21725e-15,3.66268e-9
-0.5316008,1.456681,1.06581e-14,3.86464e-10
-0.5315953,1.456684,1.50990e-14,7.06762e-9
-0.5315861,1.456688,6.03961e-14,2.01196e-9
-0.5315808,1.456693,3.73035e-14,5.85519e-9
-0.5315749,1.456696,2.22045e-14,4.43146e-10
-0.531566,1.456704,3.90799e-14,5.54034e-9
-0.5315569,1.456709,4.52971e-14,5.33255e-9
-0.5315518,1.456712,3.01981e-14,3.53082e-9
-0.5315444,1.456719,1.59872e-14,7.86890e-9
-0.5315365,1.456728,5.24025e-14,4.83125e-9
-0.531531,1.456731,4.17444e-14,2.19991e-9
-0.5315248,1.456731,5.32907e-15,6.63344e-10
-0.5315201,1.456734,3.10862e-14,1.33920e-9
-0.5315153,1.456737,4.70735e-14,8.53607e-10
-0.5315106,1.456742,4.35207e-14,7.40630e-9
-0.5315048,1.456745,5.59552e-14,7.18437e-10
-0.5314996,1.456747,2.39808e-14,7.90397e-10
-0.5314941,1.456751,2.48690e-14,4.05128e-9
-0.5314885,1.456754,5.68434e-14,8.30531e-9
-0.5314849,1.456756,7.99361e-15,6.82234e-9
-0.5314849,1.457472,3.46390e-14,8.14540e-9
-0.5314788,1.45676,4.08562e-14,3.64718e-9
-0.531477,1.457477,2.22045e-14,5.09515e-9
-0.5314728,1.456763,1.77636e-14,2.98048e-10
-0.5314606,1.457491,2.57572e-14,4.54132e-9
-0.5314565,1.457493,4.08562e-14,1.69209e-9
-0.5314478,1.457501,2.75335e-14,5.83375e-9
-0.5314419,1.457507,1.86517e-14,2.73004e-9
-0.5314356,1.45751,4.17444e-14,7.24201e-9
-0.531432,1.457513,2.48690e-14,1.54492e-9
-0.5314265,1.457516,3.46390e-14,6.46782e-9
-0.5314262,1.456796,5.41789e-14,2.91571e-10
-0.5314193,1.457525,2.39808e-14,1.89108e-10
-0.5314174,1.456801,5.15143e-14,4.53947e-9
-0.5314119,1.457532,4.52971e-14,1.16411e-9
-0.5314037,1.457537,7.10543e-15,3.71436e-9
-0.5313965,1.457544,4.79616e-14,4.84082e-10
-0.531391,1.457552,8.61533e-14,7.55262e-9
-0.5313821,1.457563,1.77636e-14,3.29144e-10
-0.5313775,1.457566,2.93099e-14,5.86053e-9
-0.5313708,1.457565,4.70735e-14,1.69322e-9
-0.5313638,1.457565,1.95399e-14,5.62877e-9
-0.5313598,1.457571,4.17444e-14,6.03234e-9
-0.531354,1.45757,4.26326e-14,5.48356e-9
-0.5313487,1.457576,7.99361e-15,6.70532e-9
-0.5313447,1.457577,8.88178e-14,3.52875e-9
-0.5313388,1.457582,1.86517e-14,7.56328e-9
-0.5313327,1.457585,8.52651e-14,1.90948e-9
-0.5313265,1.45759,2.66454e-14,1.57457e-9
-0.5313196,1.457598,1.24345e-14,8.19457e-10
-0.5313124,1.457604,4.44089e-14,2.15545e-10
-0.5313084,1.457609,2.57572e-14,4.41671e-9
-0.5313019,1.457615,2.39808e-14,6.06823e-9
-0.5312961,1.457619,3.19744e-14,2.04096e-9
-0.5312907,1.457625,2.30926e-14,1.61235e-9
-0.5312856,1.457634,3.01981e-14,3.04303e-9
-0.5312828,1.457636,1.24345e-14,1.33869e-10
-0.5312786,1.457638,5.50671e-14,1.09435e-9
-0.5312704,1.457635,6.03961e-14,6.77900e-9
-0.5312623,1.457642,1.06581e-14,2.62978e-9
-0.5312554,1.457645,5.15143e-14,1.74427e-9
-0.5312508,1.457649,3.81917e-14,1.13940e-9
-0.5312452,1.457653,5.86198e-14,1.65002e-9
-0.5312405,1.457653,1.33227e-14,5.94612e-9
-0.531234,1.457658,3.28626e-14,5.44344e-9
-0.5312281,1.457663,4.61853e-14,5.49238e-9
-0.5312249,1.457667,2.39808e-14,4.65994e-9
-0.5312204,1.457669,2.22045e-14,2.97830e-9
-0.531215,1.457674,4.44089e-15,9.46484e-10
-0.531209,1.457675,2.93099e-14,6.32011e-9
-0.5311894,1.457689,6.21725e-14,1.63951e-9
-0.5311843,1.457692,9.23706e-14,7.10008e-9
-0.5311775,1.457695,2.39808e-14,1.34106e-10
-0.531172,1.457696,3.46390e-14,4.47794e-10
-0.5311679,1.457701,3.55271e-14,2.54300e-9
-0.5311637,1.457705,7.10543e-15,5.86768e-9
-0.5311562,1.457704,7.10543e-15,4.93165e-9
-0.5311497,1.457707,1.24345e-14,7.03947e-10
-0.5311451,1.457713,2.93099e-14,1.28087e-9
-0.5311405,1.457717,7.54952e-14,3.72526e-9
-0.5311357,1.457723,1.24345e-14,6.40346e-9
-0.5311298,1.457727,3.81917e-14,5.65670e-9
-0.5311244,1.45773,3.81917e-14,7.18968e-9
-0.5311191,1.457737,2.39808e-14,7.08130e-9
-0.5311155,1.457739,7.19425e-14,6.46918e-9
-0.5311111,1.457739,1.68754e-14,5.25943e-9
-0.5311032,1.457748,7.81597e-14,2.51366e-9
-0.5310987,1.45775,2.30926e-14,6.86954e-9
-0.5310951,1.457755,3.19744e-14,1.65518e-10
-0.5310907,1.457759,6.12843e-14,8.14840e-10
-0.5310867,1.457762,3.73035e-14,3.96377e-9
-0.5310811,1.457766,9.76996e-15,2.47068e-9
-0.5310748,1.457772,1.24345e-14,4.03386e-10
-0.53107,1.457774,1.68754e-14,5.47585e-9
-0.5310649,1.457777,5.68434e-14,4.90339e-9
-0.5310584,1.45778,2.04281e-14,6.62381e-9
-0.5310543,1.457784,4.70735e-14,2.36832e-9
-0.5310385,1.457797,3.28626e-14,4.28103e-9
-0.5310328,1.457798,7.99361e-15,1.94243e-9
-0.5310271,1.457802,7.19425e-14,6.19302e-9
-0.5310222,1.457809,4.35207e-14,3.98652e-9
-0.5310191,1.457815,1.42109e-14,4.77044e-9
-0.5310118,1.457816,5.86198e-14,5.80062e-9
-0.5310056,1.457822,1.50990e-14,4.17014e-9
-0.5310028,1.457823,1.24345e-14,3.24978e-9
-0.5309987,1.457825,1.86517e-14,4.38459e-9
-0.5309906,1.457828,1.33227e-14,2.96408e-9
-0.5309867,1.457831,3.64153e-14,1.31547e-9
-0.5309821,1.457832,4.70735e-14,2.99116e-9
-0.5309783,1.457837,1.68754e-14,4.97959e-9
-0.5309724,1.457842,2.84217e-14,1.48488e-9
-0.5309679,1.457847,3.19744e-14,6.36873e-9
-0.5309625,1.457853,5.77316e-14,4.77106e-9
-0.5309579,1.457862,1.24345e-14,1.41524e-9
-0.5309545,1.457865,4.97380e-14,1.91843e-9
-0.5309503,1.457869,4.26326e-14,2.08684e-9
-0.530945,1.457869,4.44089e-14,3.78230e-9
-0.5309415,1.457878,4.08562e-14,4.37654e-9
-0.5309339,1.457885,1.59872e-14,5.63036e-9
-0.5309288,1.457887,1.50990e-14,2.94191e-9
-0.5309233,1.457893,1.95399e-14,6.08415e-9
-0.5309186,1.457899,2.75335e-14,3.36412e-9
-0.530914,1.457901,3.10862e-14,4.59632e-9
-0.5309096,1.457904,2.13163e-14,5.46532e-9
-0.530904,1.457909,6.21725e-14,2.04871e-9
-0.5308992,1.457911,5.50671e-14,5.84934e-9
-0.5308939,1.457913,3.10862e-14,4.09302e-9
-0.5308871,1.45792,3.28626e-14,5.49604e-9
-0.5308819,1.457923,4.08562e-14,2.14443e-9
-0.5308748,1.457924,5.59552e-14,4.52708e-9
-0.5308694,1.457929,4.17444e-14,2.09036e-9
-0.5308638,1.457934,5.41789e-14,2.12437e-9
-0.5308588,1.457936,2.57572e-14,3.92034e-9
-0.5308525,1.457936,1.42109e-14,4.54412e-9
-0.530848,1.457941,6.75016e-14,2.49320e-9
-0.5308093,1.457965,1.59872e-14,5.04981e-9
-0.5308017,1.457968,5.50671e-14,6.58487e-10
-0.5307963,1.45797,9.32587e-14,4.34991e-9
-0.5307907,1.457971,7.90479e-14,3.23017e-9
-0.5307849,1.457974,3.99680e-14,5.64843e-9
-0.5307806,1.457977,5.68434e-14,6.01122e-9
-0.5307795,1.457979,5.41789e-14,4.04487e-9
-0.5307716,1.457989,2.75335e-14,3.89023e-9
-0.530766,1.457992,4.52971e-14,2.41950e-10
-0.5307583,1.458002,1.14575e-13,5.07970e-9
-0.5307542,1.458006,2.75335e-14,2.52102e-9
-0.5307507,1.458009,1.95399e-14,2.94998e-9
-0.5307425,1.458016,3.81917e-14,5.14617e-9
-0.5307386,1.458022,2.75335e-14,5.62654e-9
-0.5307328,1.458023,4.26326e-14,3.66679e-9
-0.5307284,1.458026,3.19744e-14,9.91760e-11
-0.5307231,1.458024,3.01981e-14,1.29124e-10
-0.5307175,1.458028,1.15463e-14,3.73924e-9
-0.5307134,1.458031,3.37508e-14,2.49267e-9
-0.5307113,1.458035,4.52971e-14,4.04876e-9
-0.530707,1.458038,2.48690e-14,2.07366e-9
-0.5307034,1.458038,6.92779e-14,5.69398e-9
-0.5307006,1.458042,6.48370e-14,2.73269e-9
-0.5306984,1.458044,7.63833e-14,5.75811e-9
-0.5306942,1.45805,2.04281e-14,3.44460e-9
-0.5306904,1.458053,3.64153e-14,2.71122e-9
-0.5306844,1.458059,3.73035e-14,4.00644e-9
-0.5306767,1.458062,4.44089e-14,2.61540e-9
-0.530672,1.458066,9.76996e-14,4.89431e-9
-0.5306675,1.458071,7.46070e-14,5.71734e-9
-0.5306628,1.458071,2.48690e-14,2.11214e-9
-0.5306593,1.458076,2.39808e-14,4.43871e-9
-0.5306506,1.458081,4.44089e-14,2.98509e-9
-0.5306459,1.458081,3.64153e-14,1.51019e-9
-0.5306427,1.458083,2.22045e-14,3.80213e-9
-0.5306396,1.458087,1.06581e-14,1.20587e-9
-0.530636,1.458086,3.90799e-14,4.17516e-9
-0.5306328,1.458088,4.70735e-14,9.66409e-10
-0.5306286,1.458089,1.33227e-14,1.56048e-9
-0.5306255,1.458095,7.99361e-15,5.36441e-9
-0.5306188,1.458102,6.75016e-14,1.39535e-9
-0.5306149,1.458103,4.17444e-14,3.46328e-9
-0.5306101,1.458103,1.95399e-14,1.94561e-9
-0.5306069,1.458107,2.30926e-14,8.38903e-10
-0.5306037,1.458108,4.61853e-14,6.71702e-11
-0.5305977,1.458105,2.48690e-14,1.19988e-9
-0.5305957,1.458107,2.48690e-14,2.10317e-9
-0.5305939,1.458109,3.64153e-14,2.59359e-9
-0.5305922,1.458112,1.33227e-14,5.28230e-9
-0.5305894,1.458114,8.88178e-15,1.91770e-9
-0.5305864,1.458116,7.72715e-14,5.32386e-9
-0.5305817,1.458118,3.46390e-14,2.49653e-9
-0.5305768,1.458122,3.10862e-14,1.16442e-9
-0.5305734,1.458123,5.32907e-15,2.16249e-9
-0.5305706,1.458124,7.99361e-14,3.88331e-9
-0.5305667,1.458129,2.75335e-14,4.91542e-9
-0.5305626,1.458132,4.26326e-14,1.90737e-9
-0.5305612,1.458136,2.30926e-14,4.64200e-9
-0.530558,1.458136,3.19744e-14,3.62792e-9
-0.5305508,1.45814,6.03961e-14,1.20205e-10
-0.5305486,1.458141,1.50990e-14,5.13472e-9
-0.5305441,1.458148,6.30607e-14,4.19630e-9
-0.5305407,1.45815,3.19744e-14,2.89578e-9
-0.5305376,1.458152,1.06581e-14,5.20705e-9
-0.530534,1.458155,1.06581e-14,1.66587e-9
-0.5305308,1.458157,2.66454e-14,1.05214e-10
-0.5305269,1.45816,9.76996e-15,2.41671e-9
-0.5305233,1.458159,3.10862e-14,3.46551e-9
-0.5305193,1.458163,3.99680e-14,5.01863e-10
-0.5305142,1.458169,5.50671e-14,3.27403e-9
-0.5305113,1.458169,8.08242e-14,3.81166e-9
-0.530509,1.458172,3.19744e-14,4.30539e-9
-0.530505,1.458173,3.90799e-14,4.61484e-9
-0.5305018,1.458176,2.04281e-14,1.83130e-9
-0.530495,1.458183,1.86517e-14,4.69060e-9
-0.5304919,1.458184,8.97060e-14,2.34269e-9
-0.5304912,1.458185,4.26326e-14,4.82848e-9
-0.5304881,1.458187,4.26326e-14,4.65000e-9
-0.5304856,1.458188,7.10543e-15,7.19723e-10
-0.5304819,1.458191,1.95399e-14,4.86094e-9
-0.5304785,1.458194,9.05942e-14,3.72813e-9
-0.5304745,1.458199,3.28626e-14,3.62500e-9
-0.5304718,1.458202,4.35207e-14,1.62238e-9
-0.5304694,1.458204,5.50671e-14,3.97654e-9
-0.5304663,1.458206,4.70735e-14,3.96838e-9
-0.530463,1.458207,2.57572e-14,3.90828e-9
-0.5304593,1.458211,3.19744e-14,6.20242e-10
-0.5304557,1.458215,2.93099e-14,3.09406e-10
-0.5304527,1.458214,9.76996e-15,6.17243e-10
-0.5304492,1.458215,4.52971e-14,2.22573e-9
-0.5304456,1.458225,1.77636e-14,3.55439e-9
-0.5304429,1.458226,2.13163e-14,1.37995e-10
-0.5304395,1.458227,7.63833e-14,3.23450e-9
-0.5304354,1.458228,4.17444e-14,4.77772e-9
-0.5304327,1.45823,3.73035e-14,5.36597e-10
-0.5304291,1.45823,6.39488e-14,4.76434e-9
-0.5304265,1.458234,5.41789e-14,3.80770e-9
-0.5304217,1.458237,2.84217e-14,4.41690e-9
-0.5304174,1.45824,6.39488e-14,3.00937e-9
-0.5304144,1.458244,2.13163e-14,4.17353e-9
-0.5304108,1.458247,3.37508e-14,3.72505e-9
-0.5304086,1.458248,3.46390e-14,1.81917e-9
-0.5304009,1.458255,5.86198e-14,2.65984e-10
-0.5303974,1.458258,6.75016e-14,8.87146e-10
-0.5303941,1.458259,9.59233e-14,2.00565e-9
-0.5303893,1.45826,9.76996e-15,3.01965e-9
-0.5303863,1.458261,1.33227e-14,8.10267e-11
-0.5303827,1.458262,1.77636e-14,6.55683e-10
-0.5303791,1.458269,1.08358e-13,2.09205e-9
-0.5303736,1.458275,5.86198e-14,3.39194e-10
-0.5303705,1.458274,1.77636e-14,4.16669e-9
-0.5303669,1.458279,2.84217e-14,1.35470e-9
-0.5303639,1.458281,2.39808e-14,2.65718e-9
-0.530362,1.458282,1.50990e-14,2.51288e-9
-0.5303593,1.458282,3.19744e-14,2.93795e-9
-0.5303535,1.458285,1.86517e-14,9.79987e-10
-0.5303462,1.458291,5.41789e-14,3.28609e-9
-0.5303418,1.458295,3.99680e-14,2.69357e-9
-0.530321,1.458309,3.81917e-14,4.52875e-10
-0.5303165,1.458311,3.55271e-14,3.90941e-9
-0.530312,1.458315,3.01981e-14,2.19790e-9
-0.5303075,1.458319,8.43769e-14,4.17354e-9
-0.5303049,1.458318,1.86517e-14,1.47534e-10
-0.5303028,1.45832,2.66454e-14,3.31793e-9
-0.5302958,1.458323,3.28626e-14,3.79981e-9
-0.5302879,1.458325,6.39488e-14,3.50746e-9
-0.5302802,1.45833,9.32587e-14,2.66099e-9
-0.5302734,1.458333,9.85878e-14,3.35293e-9
-0.5302679,1.458337,2.75335e-14,1.20741e-9
-0.5302647,1.45834,3.46390e-14,3.82816e-9
-0.5302601,1.458341,6.21725e-15,6.58170e-10
-0.5302578,1.458343,4.97380e-14,3.62801e-9
-0.5302541,1.458346,2.39808e-14,3.96408e-9
-0.5302497,1.45835,4.52971e-14,6.46608e-10
-0.5302463,1.458353,3.64153e-14,2.50007e-9
-0.5302377,1.45836,6.66134e-14,7.94469e-10
-0.530234,1.458362,5.68434e-14,3.58806e-10
-0.5302299,1.458363,6.57252e-14,2.68633e-9
-0.5302269,1.458364,6.39488e-14,4.18364e-9
-0.5302221,1.458367,1.14575e-13,2.00778e-9
-0.5302145,1.458371,4.97380e-14,9.44945e-10
-0.5302105,1.458375,3.28626e-14,1.90259e-9
-0.5302077,1.458375,8.88178e-15,1.92737e-9
-0.5302038,1.45838,2.93099e-14,4.29021e-9
-0.5302007,1.458385,7.72715e-14,1.07727e-9
-0.5301986,1.458385,3.37508e-14,1.21896e-9
-0.5301953,1.458385,6.48370e-14,5.27649e-10
-0.5301928,1.458385,5.68434e-14,3.50260e-9
-0.5301875,1.458382,2.39808e-14,3.99179e-10
-0.5301825,1.458388,3.19744e-14,9.40975e-10
-0.5301784,1.458389,5.86198e-14,3.38828e-9
-0.530175,1.458388,5.86198e-14,2.42055e-9
-0.5301727,1.458393,1.03029e-13,4.12293e-9
-0.5301708,1.458393,3.19744e-14,3.83165e-9
-0.5301667,1.458398,1.18128e-13,2.02308e-9
-0.5301638,1.458401,5.59552e-14,3.22793e-9
-0.5301602,1.458404,7.99361e-14,3.74483e-9
-0.530157,1.458408,2.66454e-14,2.42639e-9
-0.5301545,1.458411,1.24345e-14,4.35995e-10
-0.5301519,1.458414,4.70735e-14,1.28568e-9
-0.5301484,1.458421,5.59552e-14,2.39922e-9
-0.5301457,1.458423,1.68754e-14,2.56886e-9
-0.5301435,1.458427,9.50351e-14,3.14641e-9
-0.53014,1.458431,5.68434e-14,3.52414e-9
-0.5301375,1.458434,5.68434e-14,5.43862e-10
-0.5301341,1.458438,3.46390e-14,1.55537e-9
-0.5301316,1.45844,6.48370e-14,1.05910e-9
-0.5301295,1.458442,3.90799e-14,1.49672e-9
-0.5301274,1.458445,2.66454e-14,1.03329e-10
-0.5301249,1.458446,7.46070e-14,5.38456e-10
-0.5301224,1.458448,7.46070e-14,1.98016e-9
-0.530121,1.458449,5.86198e-14,1.09782e-9
-0.5301152,1.458451,4.70735e-14,4.14668e-9
-0.530113,1.458451,4.61853e-14,2.81508e-9
-0.5301112,1.458453,3.73035e-14,6.86610e-10
-0.5301097,1.458454,1.86517e-14,2.20958e-9
-0.5301077,1.458455,2.30926e-14,1.27002e-9
-0.5301063,1.458457,7.46070e-14,3.97802e-9
-0.5301038,1.458459,1.06581e-14,5.73499e-10
-0.5300993,1.458462,3.81917e-14,4.08466e-9
-0.5300963,1.458465,1.15463e-14,3.54106e-9
-0.5300925,1.458468,3.81917e-14,2.97795e-9
-0.5300888,1.45847,3.99680e-14,1.02334e-9
-0.5300861,1.458475,3.37508e-14,3.06143e-9
-0.5300817,1.458476,6.75016e-14,5.78368e-10
-0.530078,1.458476,7.54952e-14,3.64483e-9
-0.5300704,1.458481,4.44089e-14,1.20813e-9
-0.5300692,1.458483,4.61853e-14,9.82312e-10
-0.5300654,1.458484,2.66454e-14,1.77474e-9
-0.53006,1.458485,2.57572e-14,8.57617e-10
-0.5300564,1.458486,4.70735e-14,1.59324e-9
-0.530054,1.458489,2.13163e-14,4.94421e-10
-0.5300515,1.45849,8.17124e-14,2.88631e-9
-0.5300488,1.45849,3.64153e-14,4.25406e-10
-0.5300466,1.458495,5.41789e-14,3.75562e-9
-0.530042,1.458499,8.88178e-15,1.21178e-9
-0.5300387,1.4585,4.70735e-14,3.59638e-9
-0.5300362,1.458501,6.30607e-14,5.28178e-10
-0.5300332,1.458503,2.48690e-14,3.52976e-9
-0.5300303,1.458507,2.13163e-14,7.51458e-10
-0.5300281,1.458506,4.97380e-14,2.89361e-9
-0.530025,1.458507,7.19425e-14,2.14376e-9
-0.5300216,1.458509,7.63833e-14,2.12890e-9
-0.5300197,1.458511,4.08562e-14,8.55404e-10
-0.5300166,1.458514,1.15463e-14,2.97012e-9
-0.5300153,1.458512,4.44089e-14,2.37110e-9
-0.5300135,1.458514,1.13687e-13,3.62793e-9
-0.5300098,1.458514,3.73035e-14,3.57277e-9
-0.5300085,1.458516,1.00364e-13,1.77553e-10
-0.5300067,1.458517,1.86517e-14,2.05524e-10
-0.5300048,1.458518,4.61853e-14,1.95267e-9
-0.5300027,1.458519,5.86198e-14,7.08317e-10
-0.5299989,1.458522,2.22045e-14,3.45853e-9
-0.5299973,1.458526,6.03961e-14,2.28316e-9
-0.529995,1.458532,2.04281e-14,2.72798e-9
-0.5299937,1.458532,9.23706e-14,1.89268e-9
-0.5299927,1.458533,7.28306e-14,2.78556e-10
-0.5299908,1.458535,1.42109e-14,2.90286e-9
-0.5299894,1.458535,9.41469e-14,5.09201e-10
-0.5299883,1.458535,4.79616e-14,1.62248e-9
-0.5299846,1.458539,1.68754e-14,1.85249e-9
-0.5299831,1.458539,1.35891e-13,4.30898e-10
-0.5299815,1.45854,5.86198e-14,2.88813e-9
-0.5299792,1.458541,3.81917e-14,1.36769e-9
-0.5299747,1.458546,5.24025e-14,7.30367e-10
-0.5299721,1.458546,3.01981e-14,3.15505e-9
-0.5299697,1.458547,2.57572e-14,3.17336e-9
-0.5299659,1.458548,4.44089e-14,7.44872e-10
-0.5299629,1.458551,3.73035e-14,3.18775e-9
-0.5299595,1.458554,3.99680e-14,1.04050e-9
-0.5299558,1.458557,5.32907e-14,1.15753e-9
-0.5299539,1.458558,2.84217e-14,3.50830e-9
-0.5299512,1.458561,3.99680e-14,1.11009e-9
-0.5299474,1.458566,9.76996e-15,3.15015e-9
-0.5299441,1.458566,7.19425e-14,2.43252e-9
-0.5299421,1.458565,2.66454e-14,1.00357e-9
-0.5299404,1.458566,1.59872e-14,8.45032e-10
-0.5299363,1.458566,5.50671e-14,2.21838e-9
-0.5299317,1.45857,2.93099e-14,2.15287e-9
-0.5299302,1.458571,6.30607e-14,2.61893e-9
-0.5299279,1.458569,6.66134e-14,2.75258e-9
-0.5299245,1.458572,9.76996e-15,2.67806e-9
-0.5299223,1.458573,1.26121e-13,3.13598e-9
-0.5299206,1.458575,3.01981e-14,1.65271e-9
-0.5299188,1.458577,4.35207e-14,1.23621e-9
-0.5299164,1.45858,1.33227e-14,1.47387e-9
-0.5299124,1.458581,4.44089e-14,1.71363e-9
-0.5299104,1.458581,6.48370e-14,2.03042e-9
-0.5299083,1.458582,1.11910e-13,5.70166e-11
-0.5299053,1.458585,3.90799e-14,2.91980e-9
-0.5299034,1.458587,4.44089e-14,3.07573e-9
-0.5299025,1.458587,7.46070e-14,2.32928e-9
-0.5299005,1.458588,5.59552e-14,1.16167e-9
-0.5298977,1.458591,4.52971e-14,2.84618e-9
-0.5298956,1.458593,1.17240e-13,2.46736e-9
-0.5298931,1.458596,8.34888e-14,3.50120e-10
-0.5298918,1.458595,5.24025e-14,1.21426e-9
-0.5298902,1.458596,3.73035e-14,3.33493e-9
-0.5298854,1.4586,4.70735e-14,1.94479e-9
-0.5298825,1.458604,2.75335e-14,1.29728e-9
-0.5298802,1.458606,2.48690e-14,5.71830e-10
-0.5298769,1.458611,1.95399e-14,5.28926e-11
-0.5298728,1.458613,2.48690e-14,2.99059e-10
-0.5298687,1.458614,9.94760e-14,1.26445e-9
-0.529865,1.458619,7.63833e-14,5.65684e-10
-0.5298613,1.458622,1.77636e-14,3.13421e-9
-0.5298585,1.458621,7.63833e-14,2.17971e-10
-0.529856,1.458622,3.10862e-14,1.70491e-9
-0.5298547,1.458622,3.90799e-14,3.20503e-9
-0.529853,1.458622,6.48370e-14,4.06820e-10
-0.5298518,1.458623,6.57252e-14,5.71150e-10
-0.5298511,1.458624,3.28626e-14,1.86348e-9
-0.5298495,1.458625,6.83897e-14,7.51282e-10
-0.5298472,1.458627,3.81917e-14,3.33324e-9
-0.5298454,1.458629,2.66454e-14,2.23374e-9
-0.5298436,1.45863,5.32907e-14,2.37297e-9
-0.529842,1.458632,8.17124e-14,4.10320e-10
-0.5298399,1.458633,4.79616e-14,3.38630e-9
-0.5298374,1.458635,3.28626e-14,7.87639e-10
-0.5298347,1.458635,1.15463e-14,2.31688e-10
-0.5298332,1.458636,5.15143e-14,1.85866e-9
-0.5298313,1.458637,4.44089e-14,1.45594e-10
-0.5298301,1.458638,6.21725e-15,1.83282e-9
-0.5298291,1.458639,5.32907e-14,7.10179e-10
-0.5298239,1.458634,7.37188e-14,2.93532e-9
-0.5298214,1.458637,1.02141e-13,2.99662e-9
-0.5298193,1.458639,5.15143e-14,6.82009e-10
-0.5298187,1.45864,6.03961e-14,1.80079e-9
-0.529816,1.458641,3.01981e-14,3.19306e-9
-0.5298135,1.458642,4.88498e-14,2.39515e-9
-0.529812,1.458642,2.39808e-14,1.58396e-9
-0.5298104,1.458643,4.97380e-14,2.70866e-9
-0.529807,1.458645,9.05942e-14,2.39645e-9
-0.5298038,1.458649,3.81917e-14,1.67483e-10
-0.5298032,1.458651,2.84217e-14,1.16390e-9
-0.5297997,1.458653,1.15463e-14,4.77659e-10
-0.5297968,1.458656,8.70415e-14,2.93030e-9
-0.5297942,1.458655,3.90799e-14,1.79978e-9
-0.529791,1.458654,6.39488e-14,2.58847e-9
-0.5297895,1.458655,6.66134e-14,8.20343e-10
-0.5297864,1.458659,2.66454e-14,2.63003e-10
-0.5297837,1.458662,5.15143e-14,2.10893e-9
-0.5297816,1.458662,6.48370e-14,2.45113e-9
-0.5297798,1.458664,1.09246e-13,1.32285e-9
-0.5297756,1.458666,9.76996e-15,2.01036e-9
-0.5297721,1.458668,4.08562e-14,2.83817e-9
-0.5297701,1.458671,1.86517e-14,3.23323e-9
-0.5297672,1.458674,3.81917e-14,4.77347e-10
-0.5297654,1.458672,6.03961e-14,1.87997e-9
-0.5297642,1.458672,6.03961e-14,4.79699e-10
-0.5297612,1.458674,3.10862e-14,2.97959e-9
-0.5297584,1.458675,8.61533e-14,1.83983e-9
-0.5297558,1.45867,2.84217e-14,6.47727e-10
-0.5297537,1.458669,6.83897e-14,6.96953e-11
-0.5297523,1.45867,7.10543e-14,2.27998e-9
-0.5297514,1.458671,5.68434e-14,2.92272e-9
-0.5297495,1.45867,6.21725e-14,3.17663e-9
-0.529748,1.458671,1.13687e-13,1.97343e-9
-0.5297454,1.458671,5.32907e-14,1.44740e-9
-0.5297424,1.458674,2.13163e-14,2.15402e-9
-0.5297311,1.458684,3.99680e-14,1.32554e-9
-0.5297279,1.458687,3.81917e-14,9.20768e-10
-0.5297244,1.458691,1.42109e-14,1.30925e-9
-0.5297223,1.458691,8.08242e-14,8.28249e-10
-0.5297193,1.458694,3.28626e-14,1.15175e-9
-0.5297174,1.458695,6.57252e-14,2.17483e-9
-0.529715,1.458695,3.28626e-14,2.35156e-9
-0.5297128,1.458697,2.22045e-14,3.11237e-9
-0.5297094,1.458706,2.22045e-14,2.97732e-9
-0.5297012,1.45871,4.88498e-14,1.01516e-9
-0.5296979,1.458713,3.81917e-14,4.82197e-10
-0.5296952,1.458714,3.10862e-14,2.76505e-9
-0.5296932,1.458715,3.55271e-14,1.81225e-11
-0.5296909,1.458715,4.35207e-14,2.05519e-9
-0.5296865,1.458717,1.26121e-13,1.58612e-9
-0.5296851,1.458716,3.01981e-14,1.48306e-9
-0.5296828,1.458717,2.13163e-14,2.72967e-9
-0.5296795,1.458719,5.77316e-14,2.52701e-9
-0.5296769,1.458722,5.41789e-14,8.09422e-10
-0.5296737,1.458726,1.95399e-14,3.04458e-9
-0.5296701,1.458729,3.01981e-14,6.71183e-10
-0.5296681,1.458729,2.93099e-14,2.11587e-9
-0.5296658,1.458729,2.13163e-14,1.68194e-9
-0.5296626,1.458729,6.12843e-14,1.49692e-9
-0.5296604,1.45873,6.39488e-14,2.34561e-9
-0.5296583,1.458731,9.32587e-14,2.71600e-9
-0.5296552,1.458735,6.48370e-14,3.03377e-10
-0.5296533,1.458737,7.99361e-14,1.86914e-9
-0.5296519,1.458736,5.68434e-14,1.32948e-9
-0.5296505,1.458736,8.34888e-14,1.15414e-9
-0.5296482,1.458737,2.75335e-14,2.77359e-9
-0.5296462,1.458738,1.24345e-14,2.93684e-9
-0.5296448,1.458739,1.95399e-14,2.03195e-9
-0.5296423,1.458741,5.59552e-14,2.14902e-9
-0.5296402,1.458742,7.99361e-15,2.17084e-9
-0.5296356,1.458747,1.42109e-14,1.72799e-10
-0.5296328,1.458751,8.26006e-14,9.42875e-10
-0.5296296,1.458754,2.84217e-14,2.61546e-9
-0.529626,1.458757,6.30607e-14,2.55590e-9
-0.5296247,1.458759,1.24345e-14,1.26073e-9
-0.5296213,1.458761,1.40332e-13,1.31045e-9
-0.5296183,1.458762,4.08562e-14,2.35320e-9
-0.5296153,1.458764,3.55271e-14,1.31281e-9
-0.529613,1.458767,7.01661e-14,1.05589e-9
-0.5296096,1.458768,1.18128e-13,2.58851e-9
-0.5296074,1.45877,5.50671e-14,1.98180e-9
-0.5296057,1.458773,2.39808e-14,1.03846e-9
-0.5296044,1.458775,1.95399e-14,1.75045e-9
-0.5296026,1.458776,7.72715e-14,1.33863e-9
-0.5296008,1.458779,3.73035e-14,2.59954e-9
-0.529596,1.458781,1.19016e-13,2.25530e-10
-0.5295929,1.458783,1.50990e-14,8.80786e-10
-0.5295906,1.458785,2.93099e-14,1.51700e-9
-0.5295858,1.458785,8.70415e-14,5.38866e-10
-0.5295827,1.458788,9.05942e-14,1.62389e-9
-0.5295822,1.458788,5.50671e-14,1.95823e-9
-0.5295789,1.458789,1.03917e-13,2.42244e-9
-0.5295766,1.458792,9.68114e-14,2.71960e-9
-0.5295747,1.458793,4.61853e-14,2.05852e-9
-0.529573,1.458795,2.39808e-14,1.79185e-9
-0.5295717,1.458795,1.95399e-14,2.72836e-9
-0.5295699,1.458798,1.68754e-14,2.19509e-10
-0.5295677,1.458801,8.61533e-14,8.47689e-10
-0.5295656,1.458802,4.79616e-14,2.46444e-9
-0.5295634,1.458803,3.19744e-14,2.79030e-9
-0.529561,1.458803,6.21725e-14,4.26978e-10
-0.5295587,1.458803,7.72715e-14,7.75736e-10
-0.5295568,1.458803,4.88498e-14,1.56874e-10
-0.529555,1.458804,6.03961e-14,2.46025e-10
-0.5295543,1.458805,1.42109e-14,1.19290e-9
-0.5295521,1.458807,1.50990e-14,1.87875e-9
-0.5295499,1.458808,6.12843e-14,1.75915e-10
-0.5295483,1.458808,6.48370e-14,1.34431e-9
-0.529543,1.458812,1.24345e-13,4.45653e-10
-0.5295416,1.458813,4.70735e-14,1.38041e-9
-0.5295386,1.458814,9.41469e-14,1.72981e-9
-0.5295381,1.458813,7.28306e-14,1.45374e-9
-0.5295368,1.458815,6.75016e-14,1.30627e-9
-0.5295357,1.458817,1.49214e-13,2.03275e-9
-0.529534,1.458817,5.15143e-14,8.65668e-10
-0.5295318,1.458817,7.37188e-14,2.67779e-9
-0.5295299,1.458816,1.11910e-13,3.67403e-10
-0.529526,1.458823,2.48690e-14,1.77304e-9
-0.5295244,1.458824,6.92779e-14,1.58232e-9
-0.5295221,1.458827,2.04281e-14,1.33166e-9
-0.5295202,1.458828,5.06262e-14,6.38820e-10
-0.5295173,1.45883,3.19744e-14,1.37681e-9
-0.5295149,1.458831,8.79297e-14,4.81899e-10
-0.5295131,1.458832,3.37508e-14,1.33123e-9
-0.5295111,1.458832,5.06262e-14,1.60192e-9
-0.5295087,1.458833,8.26006e-14,8.26492e-10
-0.5295075,1.458834,1.66978e-13,6.44646e-10
-0.529506,1.458836,4.79616e-14,1.50686e-9
-0.5295049,1.45884,5.68434e-14,2.05410e-9
-0.5295023,1.458841,4.08562e-14,7.00329e-10
-0.5295006,1.458844,2.57572e-14,1.84785e-9
-0.5294994,1.458845,7.28306e-14,2.39833e-10
-0.5294985,1.458847,1.33227e-14,1.35783e-10
-0.5294972,1.458847,2.93099e-14,1.05882e-10
-0.5294953,1.458847,6.12843e-14,2.67139e-9
-0.5294928,1.458848,1.59872e-14,2.01797e-10
-0.5294913,1.458849,1.31450e-13,9.27565e-10
-0.5294904,1.45885,4.61853e-14,2.46119e-9
-0.529489,1.458853,7.37188e-14,1.88505e-9
-0.5294876,1.458857,6.12843e-14,8.23362e-10
-0.5294857,1.458857,2.75335e-14,4.47597e-10
-0.5294844,1.458857,6.21725e-14,6.01556e-10
-0.5294827,1.45886,5.06262e-14,1.73905e-9
-0.5294813,1.45886,3.28626e-14,2.38610e-10
-0.5294804,1.458862,3.81917e-14,1.42019e-9
-0.5294787,1.458863,3.55271e-14,3.80608e-10
-0.5294774,1.458863,2.57572e-14,1.99355e-9
-0.5294767,1.458864,1.31450e-13,9.85254e-10
-0.5294746,1.458865,3.28626e-14,1.77905e-9
-0.5294732,1.458865,1.24345e-14,1.78620e-9
-0.5294721,1.458866,8.43769e-14,9.85917e-11
-0.5294693,1.458869,5.15143e-14,2.61416e-10
-0.5294672,1.458871,4.61853e-14,2.09710e-9
-0.5294664,1.458874,1.35891e-13,1.82725e-9
-0.5294646,1.458876,6.57252e-14,2.55941e-9
-0.5294629,1.458876,2.13163e-14,2.11995e-9
-0.5294597,1.458879,2.84217e-14,8.04114e-10
-0.5294581,1.45888,1.95399e-14,1.79020e-10
-0.529457,1.458881,1.15463e-13,2.10004e-9
-0.5294555,1.458882,2.57572e-14,4.32820e-10
-0.529454,1.458883,4.08562e-14,4.89564e-10
-0.5294517,1.458885,6.48370e-14,1.10116e-9
-0.5294509,1.458885,4.88498e-14,1.42544e-9
-0.5294482,1.458889,4.08562e-14,1.44674e-9
-0.5294449,1.458891,6.48370e-14,6.35514e-11
-0.5294424,1.458893,4.44089e-14,1.26811e-9
-0.5294398,1.458896,4.17444e-14,6.63813e-10
-0.5294378,1.4589,7.72715e-14,1.93560e-9
-0.5294359,1.458898,3.64153e-14,5.19236e-10
-0.5294342,1.458901,2.30926e-14,3.06566e-10
-0.5294321,1.4589,2.93099e-14,2.49171e-9
-0.5294297,1.458902,4.88498e-14,4.84603e-10
-0.5294285,1.458902,8.97060e-14,2.51452e-9
-0.5294264,1.458903,1.32339e-13,1.60107e-9
-0.5294238,1.458903,1.13687e-13,2.47061e-9
-0.5294214,1.458905,7.10543e-14,2.05347e-9
-0.5294204,1.458905,1.60760e-13,6.26520e-10
-0.5294182,1.458908,4.61853e-14,8.31552e-10
-0.529417,1.458908,5.68434e-14,2.19997e-9
-0.5294158,1.458909,2.13163e-14,5.97628e-10
-0.5294138,1.45891,3.01981e-14,6.31296e-10
-0.5294118,1.45891,5.95080e-14,1.49424e-9
-0.5294101,1.458911,1.77636e-14,1.88779e-9
-0.5294089,1.458913,7.54952e-14,1.88592e-9
-0.5294073,1.458915,9.05942e-14,1.20871e-9
-0.5294059,1.458916,4.52971e-14,1.82197e-9
-0.5294045,1.458918,2.93099e-14,2.00794e-9
-0.5294028,1.458918,3.19744e-14,2.24450e-9
-0.5294017,1.458919,3.73035e-14,2.45272e-9
-0.5294001,1.45892,5.95080e-14,2.39157e-9
-0.5293984,1.458922,1.59872e-14,1.06279e-9
-0.5293968,1.458923,3.46390e-14,2.32553e-9
-0.5293958,1.458923,5.15143e-14,1.79119e-9
-0.5293951,1.458924,2.22045e-14,9.64929e-10
-0.5293932,1.458925,2.13163e-14,1.19221e-9
-0.5293918,1.458925,3.28626e-14,2.20021e-9
-0.5293905,1.458925,2.75335e-14,2.01207e-9
-0.5293882,1.458926,5.77316e-14,3.33870e-10
-0.5293837,1.458929,5.77316e-14,8.74159e-10
-0.5293809,1.458931,3.37508e-14,1.12614e-9
-0.5293787,1.458933,8.26006e-14,1.30815e-9
-0.5293771,1.458935,2.39808e-14,1.61694e-9
-0.5293755,1.458937,4.88498e-14,2.12298e-9
-0.5293738,1.458937,1.15463e-14,5.54847e-10
-0.5293714,1.458938,8.79297e-14,2.27596e-10
-0.5293697,1.458938,1.26121e-13,2.39559e-9
-0.529367,1.45894,7.72715e-14,1.45208e-9
-0.5293653,1.458941,7.37188e-14,7.71694e-10
-0.5293636,1.458943,7.81597e-14,5.11073e-11
-0.529362,1.458944,1.06581e-13,3.33546e-10
-0.5293605,1.458946,4.26326e-14,2.35226e-9
-0.5293579,1.458946,6.12843e-14,9.16825e-10
-0.5293562,1.458946,6.92779e-14,7.84515e-11
-0.5293551,1.458944,3.81917e-14,1.16639e-9
-0.5293536,1.458945,5.41789e-14,1.04035e-9
-0.529353,1.458946,4.52971e-14,2.92161e-10
-0.5293499,1.458948,6.21725e-14,1.53574e-9
-0.5293488,1.458949,4.17444e-14,1.10202e-9
-0.5293475,1.458951,5.15143e-14,1.07918e-9
-0.5293451,1.458954,8.17124e-14,9.72731e-10
-0.5293441,1.458954,6.83897e-14,1.36668e-9
-0.5293425,1.458954,2.36255e-13,4.26377e-10
-0.5293412,1.458955,9.14824e-14,1.66018e-10
-0.5293395,1.458957,5.86198e-14,9.05868e-10
-0.5293383,1.458959,9.23706e-14,5.79979e-10
-0.5293378,1.458961,2.48690e-14,2.98788e-12
-0.5293367,1.458962,1.14575e-13,4.13206e-10
-0.5293352,1.458963,6.12843e-14,5.32908e-11
-0.5293337,1.458965,4.61853e-14,1.86883e-9
-0.5293323,1.458964,1.40332e-13,7.19123e-10
-0.5293308,1.458966,6.83897e-14,1.63475e-9
-0.5293299,1.458965,5.68434e-14,2.24155e-9
-0.5293291,1.458966,1.59872e-14,1.04655e-9
-0.5293271,1.458966,5.86198e-14,2.27400e-9
-0.5293251,1.458968,1.33227e-14,2.09994e-9
-0.5293242,1.458969,1.50990e-14,1.19958e-9
-0.5293225,1.45897,3.64153e-14,1.13186e-9
-0.5293213,1.45897,9.94760e-14,3.82940e-10
-0.529319,1.458973,2.57572e-14,1.61911e-9
-0.5293182,1.458974,4.44089e-14,9.43699e-10
-0.5293173,1.458975,5.77316e-14,2.13792e-9
-0.5293158,1.458976,5.59552e-14,1.51401e-9
-0.5293151,1.458976,7.81597e-14,1.28328e-9
-0.5293148,1.458977,6.92779e-14,1.10091e-9
-0.5293143,1.458978,5.86198e-14,8.97361e-10
-0.5293138,1.458978,3.19744e-14,1.71864e-9
-0.5293126,1.458978,4.61853e-14,2.02235e-9
-0.5293101,1.458983,2.22045e-14,7.82959e-10
-0.5293091,1.458983,3.10862e-14,2.14463e-9
-0.5293063,1.458985,4.97380e-14,2.12078e-9
-0.5293039,1.458988,8.70415e-14,1.09993e-9
-0.5293026,1.458989,6.12843e-14,1.44880e-10
-0.5293009,1.458988,6.12843e-14,2.09777e-9
-0.5292991,1.458988,6.83897e-14,1.55284e-9
-0.5292978,1.458989,7.63833e-14,1.93363e-9
-0.529297,1.458989,3.73035e-14,9.92009e-10
-0.5292954,1.45899,5.68434e-14,1.79805e-9
-0.5292937,1.458991,1.58984e-13,5.68413e-10
-0.5292917,1.458992,4.97380e-14,1.23810e-9
-0.5292912,1.458993,3.10862e-14,7.03113e-10
-0.5292898,1.458996,1.12799e-13,2.05074e-9
-0.5292858,1.458998,5.95080e-14,1.51059e-9
-0.5292828,1.458998,7.01661e-14,1.64595e-9
-0.5292821,1.458997,3.37508e-14,1.75910e-9
-0.5292807,1.458998,4.61853e-14,4.17940e-10
-0.5292791,1.459,1.52767e-13,1.24008e-9
-0.5292772,1.458997,1.95399e-14,1.68563e-9
-0.5292751,1.458998,5.95080e-14,1.51159e-9
-0.5292741,1.458998,5.06262e-14,5.60579e-10
-0.5292732,1.458998,6.75016e-14,2.08899e-9
-0.5292719,1.459,6.57252e-14,6.31649e-10
-0.5292699,1.459005,1.50990e-14,1.99551e-9
-0.529269,1.459006,3.46390e-14,1.95103e-9
-0.5292681,1.459009,2.13163e-14,1.77662e-9
-0.5292657,1.45901,4.35207e-14,6.65506e-10
-0.5292641,1.459011,1.00364e-13,1.01655e-9
-0.5292623,1.459013,1.28786e-13,1.91692e-9
-0.5292615,1.459014,1.30562e-13,5.81884e-10
-0.5292602,1.459015,7.63833e-14,1.51388e-10
-0.5292596,1.459016,6.57252e-14,1.03764e-9
-0.5292578,1.459018,1.02141e-13,2.23069e-10
-0.5292564,1.459021,6.83897e-14,1.65966e-9
-0.5292543,1.459019,1.24345e-13,2.00722e-9
-0.5292528,1.45902,6.57252e-14,1.53294e-9
-0.5292507,1.459021,5.50671e-14,2.15177e-9
-0.5292486,1.459024,8.88178e-14,1.97761e-9
-0.5292468,1.459025,3.10862e-14,8.79462e-10
-0.5292446,1.459026,2.57572e-14,1.20175e-9
-0.5292427,1.459028,3.90799e-14,6.05830e-10
-0.5292414,1.459031,1.51879e-13,8.56885e-10
-0.5292402,1.459032,7.01661e-14,1.70091e-9
-0.5292376,1.459034,7.99361e-14,1.85162e-9
-0.5292363,1.459036,1.26121e-13,1.00263e-9
-0.5292354,1.459035,9.68114e-14,1.20415e-9
-0.5292337,1.459039,3.73035e-14,1.67210e-10
-0.5292318,1.459043,5.95080e-14,1.91453e-9
-0.5292301,1.459045,6.12843e-14,1.43531e-10
-0.5292285,1.459048,1.33227e-14,1.57947e-10
-0.5292269,1.459049,2.57572e-14,6.09003e-10
-0.5292256,1.459049,9.76996e-15,5.57162e-10
-0.5292239,1.45905,3.81917e-14,4.35256e-10
-0.5292226,1.459052,1.03029e-13,1.80795e-9
-0.5292214,1.459055,5.06262e-14,2.52969e-10
-0.5292193,1.459054,1.07470e-13,2.02969e-9
-0.5292188,1.459054,2.93099e-14,1.12593e-9
-0.5292179,1.459055,2.84217e-14,1.54824e-9
-0.5292167,1.459055,7.37188e-14,1.09683e-9
-0.5292154,1.459057,8.61533e-14,1.43383e-10
-0.5292146,1.459057,1.60760e-13,1.70149e-10
-0.5292136,1.459059,1.50990e-14,5.29457e-10
-0.5292116,1.459059,5.68434e-14,6.72589e-10
-0.52921,1.459061,1.33227e-14,1.58712e-10
-0.5292089,1.459061,3.37508e-14,1.84237e-9
-0.5292074,1.459062,1.08358e-13,6.99904e-10
-0.5292058,1.459064,5.86198e-14,1.40089e-9
-0.5292044,1.459067,1.05693e-13,4.15877e-10
-0.5292024,1.459068,1.20792e-13,9.40377e-10
-0.5292008,1.45907,1.59872e-14,1.23823e-9
-0.5292001,1.459069,4.97380e-14,1.10907e-9
-0.5291991,1.459069,1.86517e-14,9.83823e-11
-0.5291973,1.459072,7.28306e-14,1.74526e-9
-0.529196,1.459074,3.46390e-14,4.43908e-11
-0.5291939,1.459073,4.08562e-14,1.28349e-9
-0.5291936,1.459073,1.13687e-13,7.37947e-11
-0.5291921,1.459075,8.34888e-14,1.23486e-12
-0.5291903,1.459077,3.28626e-14,1.25203e-10
-0.529189,1.459079,5.86198e-14,1.48733e-9
-0.5291881,1.45908,1.42109e-14,1.10108e-9
-0.5291868,1.459081,2.66454e-14,7.89529e-10
-0.5291849,1.459082,1.95399e-14,4.74005e-10
-0.5291835,1.459084,7.81597e-14,1.34222e-9
-0.5291814,1.459088,7.54952e-14,3.93970e-10
-0.5291794,1.459089,7.81597e-14,1.40649e-9
-0.5291777,1.45909,6.12843e-14,7.44380e-10
-0.5291762,1.459092,7.99361e-14,2.25042e-10
-0.5291745,1.459094,4.26326e-14,1.11078e-10
-0.5291736,1.459095,1.17240e-13,6.92418e-10
-0.5291718,1.459096,8.70415e-14,4.09084e-10
-0.5291699,1.459098,3.19744e-14,1.68477e-9
-0.5291684,1.459099,4.88498e-14,5.04079e-10
-0.5291672,1.459099,7.99361e-14,1.48955e-9
-0.5291654,1.459101,1.03029e-13,1.28612e-10
-0.5291635,1.459102,5.68434e-14,3.51096e-10
-0.5291618,1.459105,1.06581e-13,3.72521e-10
-0.5291606,1.459107,4.52971e-14,8.96732e-10
-0.5291591,1.459107,2.13163e-14,1.04070e-9
-0.5291577,1.459108,6.75016e-14,1.98822e-9
-0.5291563,1.459109,8.34888e-14,1.73682e-10
-0.5291538,1.459111,3.90799e-14,1.95187e-9
-0.5291535,1.459111,2.84217e-14,1.95230e-9
-0.5291515,1.459111,8.70415e-14,1.27394e-9
-0.5291506,1.459111,7.46070e-14,1.32270e-10
-0.5291491,1.459112,8.88178e-15,8.89578e-10
-0.5291474,1.459113,8.61533e-14,1.13408e-9
-0.5291469,1.459113,7.63833e-14,1.39543e-9
-0.529145,1.459114,5.77316e-14,1.34736e-9
-0.5291443,1.459115,1.20792e-13,2.74242e-10
-0.5291433,1.459114,3.81917e-14,7.46526e-11
-0.5291422,1.459114,3.28626e-14,9.41026e-10
-0.5291413,1.459115,1.11022e-13,1.78420e-9
-0.5291399,1.459117,8.79297e-14,6.86878e-10
-0.5291382,1.45912,1.68754e-14,1.05834e-9
-0.529137,1.459119,4.26326e-14,1.19125e-9
-0.5291347,1.459121,2.30926e-14,4.54389e-10
-0.5291333,1.459121,4.26326e-14,2.91607e-10
-0.5291328,1.459122,1.05693e-13,3.05943e-10
-0.5291326,1.459123,2.48690e-14,1.42389e-9
-0.5291315,1.459125,1.07470e-13,1.26078e-9
-0.5291291,1.459126,7.90479e-14,5.11309e-10
-0.5291277,1.459127,4.26326e-14,8.96499e-10
-0.5291266,1.459128,4.61853e-14,6.47752e-10
-0.5291207,1.459133,2.48690e-14,1.02127e-9
-0.5291195,1.459133,9.59233e-14,8.40038e-11
-0.5291185,1.459134,9.85878e-14,7.83738e-10
-0.5291166,1.459134,3.73035e-14,1.16422e-9
-0.5291156,1.459134,6.39488e-14,9.78256e-10
-0.5291131,1.459135,7.72715e-14,1.01353e-9
-0.5291118,1.459136,8.61533e-14,7.47614e-10
-0.5291104,1.459137,5.68434e-14,1.47769e-9
-0.5291091,1.459139,4.61853e-14,3.32060e-10
-0.5291066,1.459142,2.22045e-14,1.26446e-9
-0.5291016,1.459143,5.95968e-13,1.83108e-9
-0.5291,1.459146,6.30607e-14,4.23052e-10
-0.529098,1.459146,1.59872e-14,7.17812e-10
-0.5290955,1.459151,4.44089e-14,1.73673e-9
-0.5290944,1.459152,4.70735e-14,1.02569e-9
-0.5290932,1.459152,4.35207e-14,1.64173e-9
-0.529091,1.459155,1.50990e-14,9.82365e-10
-0.5290896,1.459155,5.86198e-14,1.32747e-9
-0.5290873,1.459156,9.68114e-14,1.17823e-10
-0.5290865,1.459156,3.46390e-14,1.43799e-9
-0.5290853,1.459155,6.75016e-14,9.49632e-10
-0.5290844,1.459157,3.64153e-14,1.30651e-9
-0.5290818,1.459158,4.79616e-14,6.03992e-10
-0.5290805,1.45916,6.21725e-14,5.58573e-10
-0.5290788,1.45916,1.86517e-14,1.78161e-9
-0.5290767,1.459161,4.97380e-14,4.01121e-10
-0.5290755,1.459163,4.08562e-14,1.61361e-9
-0.5290744,1.459162,2.30926e-14,1.62021e-9
-0.5290722,1.459165,4.70735e-14,1.83587e-9
-0.52907,1.459168,8.34888e-14,1.79016e-9
-0.5290688,1.459167,7.28306e-14,1.36654e-9
-0.5290679,1.459168,1.51879e-13,9.54052e-10
-0.5290658,1.459174,1.11022e-13,5.24279e-10
-0.5290649,1.459173,4.44089e-14,1.83257e-9
-0.5290623,1.459173,2.84217e-14,2.37260e-10
-0.5290611,1.459174,1.11022e-13,1.05909e-9
-0.5290589,1.459176,2.04281e-14,8.49449e-10
-0.5290584,1.459177,2.39808e-14,1.55274e-9
-0.5290569,1.459178,1.40332e-13,1.79202e-9
-0.5290555,1.459179,8.70415e-14,8.67773e-10
-0.5290536,1.459179,8.52651e-14,4.17762e-10
-0.5290516,1.45918,3.28626e-14,4.13578e-10
-0.5290502,1.459181,6.39488e-14,1.08235e-9
-0.5290482,1.459182,4.61853e-14,1.03985e-9
-0.5290464,1.459181,5.68434e-14,1.07553e-9
-0.5290452,1.459182,9.14824e-14,1.59748e-9
-0.5290438,1.459183,1.77636e-14,1.68649e-9
-0.5290426,1.459183,4.44089e-14,1.26546e-9
-0.529041,1.459186,5.77316e-14,1.37772e-9
-0.5290394,1.459188,7.28306e-14,7.09761e-10
-0.5290369,1.459194,1.77636e-14,4.36259e-10
-0.5290342,1.459198,1.04805e-13,1.67382e-9
-0.529031,1.459199,8.88178e-14,1.65731e-9
-0.5290289,1.459201,7.54952e-14,3.90510e-10
-0.529026,1.459201,8.08242e-14,8.66297e-10
-0.5290253,1.459202,1.51879e-13,1.54914e-9
-0.5290241,1.459202,4.44089e-14,1.18798e-9
-0.5290229,1.459203,4.88498e-14,1.01833e-9
-0.5290191,1.459201,5.59552e-14,4.32619e-10
-0.5290166,1.459204,1.08358e-13,1.51085e-9
-0.529016,1.459203,8.88178e-14,1.62474e-9
-0.5290137,1.459204,1.77636e-14,7.10726e-10
-0.5290121,1.459206,1.21680e-13,9.51222e-10
-0.5290111,1.459207,6.12843e-14,6.34544e-10
-0.5290106,1.459207,2.16716e-13,4.49105e-10
-0.5290046,1.459217,6.39488e-14,2.58570e-11
-0.5290031,1.459218,5.41789e-14,1.61593e-9
-0.5290019,1.459219,1.27898e-13,1.42704e-9
-0.5290004,1.45922,5.32907e-14,6.70665e-10
-0.528999,1.459221,1.24345e-14,9.77289e-10
-0.5289977,1.459221,5.06262e-14,3.57656e-10
-0.5289966,1.459221,3.37508e-14,1.59954e-9
-0.5289959,1.459222,3.81917e-14,1.46611e-9
-0.5289948,1.459221,6.03961e-14,1.54636e-9
-0.5289923,1.459225,2.93099e-14,9.56929e-10
-0.5289915,1.459225,1.19904e-13,7.16129e-11
-0.5289908,1.459225,1.33227e-13,9.65177e-10
-0.5289893,1.459226,4.61853e-14,4.84571e-10
-0.5289887,1.459227,8.17124e-14,2.75286e-10
-0.5289867,1.459229,8.88178e-15,1.48814e-9
-0.5289843,1.45923,3.46390e-14,3.63351e-10
-0.5289831,1.459231,3.10862e-14,7.68370e-10
-0.528981,1.459233,1.16351e-13,2.82991e-10
-0.5289796,1.459235,1.20792e-13,7.16396e-10
-0.5289777,1.459236,3.73035e-14,8.19983e-10
-0.5289753,1.459236,9.41469e-14,8.73247e-10
-0.5289738,1.459237,9.23706e-14,1.42095e-10
-0.5289732,1.459237,7.01661e-14,3.61324e-10
-0.5289727,1.459239,7.81597e-14,1.22322e-9
-0.5289717,1.459241,3.64153e-14,9.87565e-10
-0.5289706,1.459243,3.99680e-14,9.36308e-10
-0.52897,1.459242,4.70735e-14,1.38946e-10
-0.5289692,1.459242,6.21725e-14,1.45667e-9
-0.5289683,1.459242,7.19425e-14,1.61629e-9
-0.5289675,1.459243,1.04805e-13,1.26204e-9
-0.5289661,1.459245,1.00364e-13,1.46908e-9
-0.5289655,1.459246,5.24025e-14,4.03739e-11
-0.5289643,1.459247,1.55431e-13,1.14766e-9
-0.5289629,1.459247,5.59552e-14,3.66558e-11
-0.5289628,1.459246,3.64153e-14,4.08991e-10
-0.5289625,1.459245,1.18128e-13,5.63217e-10
-0.5289613,1.459245,7.01661e-14,1.64950e-9
-0.5289602,1.459247,7.19425e-14,4.24403e-10
-0.5289591,1.459247,9.85878e-14,1.54133e-9
-0.5289582,1.459249,7.99361e-14,1.19412e-9
-0.5289578,1.459249,2.13163e-14,1.49067e-9
-0.5289572,1.459249,5.06262e-14,1.69392e-9
-0.5289561,1.459249,1.01252e-13,4.45562e-10
-0.5289551,1.459251,1.95399e-14,3.00443e-10
-0.5289542,1.459252,1.23457e-13,2.49076e-10
-0.5289527,1.459251,7.90479e-14,7.63179e-10
-0.5289516,1.459254,1.47438e-13,4.45023e-10
-0.5289507,1.459256,4.08562e-14,2.80815e-10
-0.5289505,1.459255,6.03961e-14,1.53186e-9
-0.528949,1.459257,6.21725e-14,8.44703e-11
-0.528948,1.459258,4.61853e-14,8.49854e-10
-0.5289472,1.459258,2.57572e-14,1.23490e-9
-0.5289469,1.459259,4.08562e-14,6.19466e-10
-0.5289462,1.45926,9.05942e-14,8.87607e-10
-0.5289455,1.459259,4.52971e-14,4.53248e-10
-0.528944,1.45926,1.03029e-13,1.12365e-9
-0.528943,1.459262,5.15143e-14,6.40351e-10
-0.5289419,1.459263,5.95080e-14,4.86292e-10
-0.5289407,1.459263,3.99680e-14,1.80400e-10
-0.5289395,1.459263,5.32907e-14,3.54820e-11
-0.5289395,1.459262,7.46070e-14,3.17529e-10
-0.5289391,1.459262,4.97380e-14,1.10340e-9
-0.5289384,1.459263,4.35207e-14,4.74511e-10
-0.5289368,1.459266,1.51879e-13,1.24978e-9
-0.5289358,1.459267,7.28306e-14,1.55571e-9
-0.5289348,1.459267,6.83897e-14,1.86097e-10
-0.5289339,1.459268,5.95080e-14,6.62015e-10
-0.5289324,1.459269,5.06262e-14,1.71451e-10
-0.5289313,1.459269,2.22045e-14,8.55751e-10
-0.5289306,1.459268,4.52971e-14,7.68494e-10
-0.5289304,1.459268,5.24025e-14,6.23634e-10
-0.5289295,1.459267,5.50671e-14,2.86652e-10
-0.5289282,1.459266,5.68434e-14,1.05222e-9
-0.5289266,1.459267,1.04805e-13,3.36211e-10
-0.5289251,1.459269,9.94760e-14,1.48708e-9
-0.5289241,1.459269,4.61853e-14,5.92521e-10
-0.5289236,1.459269,1.26121e-13,1.46237e-9
-0.5289222,1.459271,3.99680e-14,5.60378e-10
-0.5289206,1.459272,7.10543e-14,3.56645e-10
-0.5289204,1.459272,5.06262e-14,7.30529e-10
-0.5289187,1.459275,8.97060e-14,6.54056e-10
-0.5289168,1.459275,4.79616e-14,2.81494e-10
-0.528916,1.459276,2.08722e-13,2.09506e-10
-0.5289141,1.459278,1.15463e-14,9.27294e-10
-0.5289136,1.459279,6.57252e-14,2.02672e-10
-0.5289127,1.459278,4.26326e-14,1.45826e-9
-0.5289119,1.45928,5.68434e-14,1.33991e-9
-0.5289112,1.459282,3.73035e-14,1.52189e-9
-0.5289102,1.459281,1.62537e-13,1.61957e-9
-0.5289098,1.459281,3.10862e-14,5.78949e-10
-0.5289095,1.459281,6.03961e-14,1.40354e-9
-0.5289094,1.45928,7.99361e-14,1.44094e-9
-0.5289089,1.459281,1.93623e-13,5.89539e-10
-0.5289086,1.459282,7.54952e-14,5.57792e-10
-0.5289082,1.459281,7.10543e-14,1.44768e-9
-0.5289074,1.459282,5.50671e-14,1.50638e-9
-0.5289066,1.45928,1.17240e-13,1.39272e-9
-0.5289063,1.459279,1.10134e-13,1.90277e-11
-0.5289062,1.459279,1.05693e-13,5.08175e-10
-0.5289062,1.45928,4.26326e-14,4.79849e-10
-0.5289056,1.45928,4.44089e-14,1.10265e-9
-0.5289053,1.45928,2.48690e-14,1.63148e-11
-0.5289047,1.459279,1.21680e-13,6.54610e-10
-0.5289039,1.459281,5.41789e-14,1.10116e-9
-0.5289032,1.459281,8.08242e-14,4.86263e-10
-0.5289031,1.459281,9.41469e-14,6.16688e-10
-0.528901,1.459284,5.77316e-14,1.52662e-9
-0.5288999,1.459285,3.90799e-14,7.42412e-10
-0.5288985,1.459287,1.13687e-13,1.10480e-9
-0.5288965,1.459288,1.25233e-13,1.49863e-9
-0.5288953,1.459289,2.57572e-14,5.31978e-10
-0.5288938,1.45929,1.00364e-13,4.85698e-10
-0.5288927,1.459289,1.50990e-14,8.21093e-10
-0.5288908,1.45929,1.50990e-14,1.29697e-9
-0.5288895,1.45929,4.44089e-14,8.22417e-10
-0.5288894,1.45929,6.12843e-14,7.05075e-10
-0.5288883,1.45929,1.00364e-13,3.74474e-10
-0.5288879,1.45929,1.06581e-14,6.76668e-10
-0.5288863,1.459291,5.06262e-14,5.38092e-10
-0.528885,1.459293,1.06581e-14,1.06372e-9
-0.528884,1.459294,3.55271e-14,3.05887e-10
-0.5288836,1.459294,1.33227e-14,6.35574e-10
-0.528883,1.459295,6.66134e-14,1.41435e-9
-0.5288828,1.459294,2.48690e-14,4.27690e-10
-0.5288818,1.459295,7.54952e-14,1.57300e-9
-0.5288809,1.459296,7.63833e-14,1.12427e-10
-0.5288801,1.459295,6.75016e-14,1.20624e-9
-0.5288795,1.459297,1.24345e-14,1.13674e-9
-0.5288777,1.459297,1.23457e-13,5.79910e-10
-0.5288772,1.459294,4.88498e-14,9.73480e-10
-0.5288758,1.459295,1.15463e-13,6.78981e-10
-0.5288738,1.459295,7.63833e-14,2.37645e-10
-0.5288727,1.459298,4.97380e-14,6.77055e-10
-0.528868,1.459302,3.01981e-14,2.49269e-10
-0.5288668,1.459304,6.03961e-14,1.12535e-9
-0.5288656,1.459304,6.57252e-14,3.40461e-10
-0.5288638,1.459306,2.13163e-14,1.05625e-9
-0.5288627,1.459307,2.84217e-14,1.27017e-9
-0.5288607,1.459307,1.95399e-14,1.17118e-9
-0.5288594,1.459307,1.03917e-13,1.11697e-9
-0.5288565,1.459309,8.26006e-14,7.31688e-10
-0.5288553,1.459308,5.24025e-14,6.28250e-10
-0.5288548,1.459308,2.10498e-13,1.14815e-9
-0.5288535,1.459308,7.99361e-14,8.43384e-10
-0.528851,1.459309,6.21725e-14,4.50825e-10
-0.528849,1.45931,1.50990e-14,1.49211e-9
-0.5288478,1.459311,5.32907e-14,1.33584e-9
-0.5288464,1.459311,1.38556e-13,1.17474e-9
-0.5288453,1.459312,3.10862e-14,8.90876e-10
-0.5288445,1.459312,4.17444e-14,1.27034e-9
-0.5288438,1.459313,7.19425e-14,3.51172e-10
-0.5288426,1.459314,3.73035e-14,3.42903e-10
-0.5288414,1.459314,1.10134e-13,4.05775e-10
-0.52884,1.459316,4.26326e-14,1.70668e-10
-0.5288384,1.459315,7.46070e-14,1.49234e-10
-0.5287898,1.459354,7.10543e-14,2.89382e-11
-0.5287893,1.459354,5.24025e-14,1.15832e-9
-0.5287881,1.459354,5.32907e-14,1.08563e-9
-0.5287864,1.459355,1.50990e-13,3.27312e-10
-0.5287833,1.459357,1.17240e-13,8.62982e-10
-0.5287821,1.459358,1.11022e-13,1.20600e-10
-0.5287814,1.459359,9.59233e-14,4.30071e-10
-0.5287809,1.45936,3.46390e-14,1.31011e-9
-0.5287798,1.45936,7.81597e-14,1.07119e-9
-0.5287792,1.459363,1.86517e-13,3.96107e-10
-0.5287781,1.459365,3.01981e-14,1.26585e-10
-0.5287751,1.459364,1.42997e-13,1.25786e-9
-0.5287743,1.459363,2.93099e-14,6.10214e-10
-0.528773,1.459363,5.15143e-14,8.84118e-10
-0.5287715,1.459365,6.75016e-14,1.03706e-9
-0.5287705,1.459365,7.37188e-14,4.21558e-10
-0.5287702,1.459365,5.77316e-14,8.04648e-10
-0.5287699,1.459365,1.04805e-13,4.10245e-10
-0.5287691,1.459366,2.84217e-14,7.88189e-10
-0.5287671,1.459367,2.48690e-14,2.21762e-10
-0.5287659,1.459369,5.15143e-14,1.02724e-9
-0.5287648,1.459369,4.88498e-14,7.82827e-11
-0.528764,1.45937,1.31450e-13,4.54722e-10
-0.5287623,1.459372,9.59233e-14,9.25586e-10
-0.5287618,1.459373,1.30562e-13,2.03876e-10
-0.5287565,1.459376,4.26326e-14,1.02393e-9
-0.5287558,1.459376,1.09246e-13,3.57072e-10
-0.5287483,1.459387,9.05942e-14,1.75255e-11
-0.5287475,1.459387,9.23706e-14,7.43593e-10
-0.5287463,1.459387,4.44089e-14,1.08280e-9
-0.5287453,1.459388,1.25233e-13,6.67177e-10
-0.5287448,1.459388,1.95399e-14,8.60337e-10
-0.5287442,1.459388,5.77316e-14,5.69354e-10
-0.5287395,1.459392,2.57572e-14,7.57337e-10
-0.5287382,1.45939,9.76996e-14,9.33158e-10
-0.5287379,1.459389,4.61853e-14,5.84508e-10
-0.5287372,1.459389,2.22045e-14,3.51855e-10
-0.5287359,1.45939,1.48326e-13,6.68903e-10
-0.5287348,1.459391,1.12799e-13,7.66199e-10
-0.5287329,1.459393,5.41789e-14,8.35419e-10
-0.5287314,1.459394,1.19016e-13,8.62374e-10
-0.5287306,1.459392,9.85878e-14,4.82222e-10
-0.5287284,1.459393,1.20792e-13,4.31442e-11
-0.5287273,1.459393,1.27010e-13,6.96822e-10
-0.5287263,1.459394,5.68434e-14,5.31277e-10
-0.5287255,1.459396,1.59872e-14,5.49198e-10
-0.5287244,1.459395,1.52767e-13,8.12795e-10
-0.5287233,1.459397,4.61853e-14,1.27291e-9
-0.5287225,1.459398,7.19425e-14,1.57668e-10
-0.5287221,1.459398,9.23706e-14,1.53365e-10
-0.5287197,1.459399,4.35207e-14,2.15750e-10
-0.5287188,1.4594,8.34888e-14,8.22639e-10
-0.5287002,1.459411,3.37508e-14,3.27850e-10
-0.5286984,1.459412,9.32587e-14,1.27952e-9
-0.5286929,1.459417,6.12843e-14,6.24082e-10
-0.5286922,1.459418,1.03029e-13,1.15318e-9
-0.5286908,1.459419,1.40332e-13,8.65350e-10
-0.5286897,1.459421,1.14575e-13,1.97980e-10
-0.5286888,1.459422,5.24025e-14,5.86389e-10
-0.5286872,1.459422,8.52651e-14,9.84022e-10
-0.5286865,1.459422,4.97380e-14,7.37744e-10
-0.5286852,1.459423,8.97060e-14,9.13324e-10
-0.5286832,1.459424,1.09246e-13,1.96019e-11
-0.5286826,1.459425,1.11910e-13,1.05698e-9
-0.5286813,1.459424,9.41469e-14,6.22256e-10
-0.5286803,1.459425,1.15463e-13,9.33298e-10
-0.528679,1.459426,1.04805e-13,7.94990e-10
-0.5286755,1.459429,4.35207e-14,5.37345e-10
-0.5286753,1.459428,9.41469e-14,1.14047e-9
-0.5286736,1.45943,1.03917e-13,2.74319e-10
-0.5286724,1.459431,1.42109e-13,3.27108e-10
-0.5286723,1.45943,1.03917e-13,1.11252e-10
-0.5286713,1.45943,6.39488e-14,5.64510e-10
-0.5286701,1.459431,4.70735e-14,3.63285e-10
-0.5286697,1.459431,3.37508e-14,8.70858e-10
-0.5286676,1.459433,1.05693e-13,2.81401e-10
-0.528667,1.459433,9.41469e-14,1.17684e-9
-0.5286662,1.459432,3.37508e-14,5.96055e-10
-0.5286648,1.459433,3.28626e-14,3.35469e-10
-0.528663,1.459436,1.42109e-13,6.79697e-10
-0.5286625,1.459436,8.52651e-14,1.46646e-10
-0.5286619,1.459436,4.17444e-14,1.90860e-10
-0.528661,1.459437,1.79412e-13,2.36718e-10
-0.5286603,1.459438,1.48326e-13,7.17327e-11
-0.5286598,1.459438,6.39488e-14,4.97979e-11
-0.5286582,1.45944,1.95399e-14,3.59332e-10
-0.5286579,1.459439,1.68754e-13,1.04843e-9
-0.5286571,1.459442,6.21725e-14,5.47538e-10
-0.5286562,1.459443,3.81917e-14,5.27740e-10
-0.5286559,1.459443,1.52767e-13,3.73652e-10
-0.5286554,1.459443,4.61853e-14,2.99541e-11
-0.5286547,1.459443,1.73195e-13,9.14935e-10
-0.5286533,1.459445,1.24345e-13,9.50916e-10
-0.5286529,1.459445,1.22569e-13,8.60006e-10
-0.5286518,1.459444,1.13687e-13,2.29626e-10
-0.5286514,1.459445,7.81597e-14,7.71506e-10
-0.5286499,1.459448,9.14824e-14,1.11838e-9
-0.5286483,1.459449,6.57252e-14,4.22349e-10
-0.5286475,1.459449,4.70735e-14,6.68535e-10
-0.5286462,1.45945,1.09246e-13,3.83974e-10
-0.5286454,1.459451,7.01661e-14,3.55919e-10
-0.5286436,1.459452,1.82965e-13,7.48754e-11
-0.5286428,1.459453,8.97060e-14,7.34448e-10
-0.5286422,1.459454,1.63425e-13,3.79224e-10
-0.5286411,1.459454,1.01252e-13,9.28940e-10
-0.5286399,1.459453,7.81597e-14,5.16184e-10
-0.5286393,1.459454,1.61648e-13,5.03029e-10
-0.5286385,1.459453,4.08562e-14,2.08666e-10
-0.5286378,1.459454,1.02141e-13,1.89876e-10
-0.5286364,1.459453,1.46549e-13,1.94967e-10
-0.5286329,1.459458,8.34888e-14,4.63756e-10
-0.5286314,1.459459,1.82965e-13,1.11632e-9
-0.5286303,1.459459,9.68114e-14,2.99561e-10
-0.5286294,1.459459,4.88498e-14,9.69886e-10
-0.5286286,1.459459,5.50671e-14,7.73982e-10
-0.528628,1.459458,1.40332e-13,4.54117e-10
-0.5286274,1.459458,1.14575e-13,9.65404e-10
-0.5286267,1.459459,7.63833e-14,1.01962e-9
-0.5286258,1.459461,5.59552e-14,4.07615e-10
-0.5286248,1.459461,2.22045e-14,3.39043e-10
-0.5286238,1.459462,1.11910e-13,7.49406e-10
-0.5286221,1.459464,2.06057e-13,7.34647e-10
-0.5286212,1.459464,9.23706e-14,5.90801e-10
-0.5286203,1.459464,5.50671e-14,9.13101e-10
-0.5286197,1.459464,7.28306e-14,1.64686e-10
-0.5286194,1.459464,7.63833e-14,7.24299e-10
-0.528619,1.459464,1.14575e-13,1.00019e-9
-0.5286187,1.459465,5.86198e-14,1.17883e-9
-0.5286175,1.459466,8.70415e-14,4.69134e-10
-0.5286163,1.459466,2.16716e-13,7.66622e-10
-0.5286157,1.459467,4.88498e-14,6.34038e-11
-0.5286151,1.459467,5.41789e-14,1.10276e-9
-0.5286149,1.459467,1.55431e-13,6.21245e-11
-0.5286141,1.459467,1.38556e-13,3.68772e-10
-0.5286135,1.459467,1.42109e-14,4.90278e-10
-0.5286116,1.459468,6.12843e-14,7.01831e-10
-0.5286104,1.459469,1.49214e-13,7.57145e-10
-0.5286099,1.45947,5.68434e-14,2.16677e-10
-0.5286095,1.459471,2.13163e-14,3.87765e-10
-0.5286082,1.459471,1.43885e-13,1.05322e-9
-0.5286073,1.459472,1.33227e-14,5.06662e-10
-0.5286065,1.459472,1.68754e-14,9.23340e-10
-0.5286051,1.459473,4.97380e-14,1.02688e-10
-0.5286041,1.459473,1.42997e-13,1.97845e-10
-0.5286033,1.459473,7.01661e-14,7.47491e-10
-0.5286028,1.459473,1.64313e-13,8.55365e-10
-0.5286018,1.459476,9.41469e-14,7.63382e-10
-0.5286016,1.459476,5.95080e-14,3.28588e-10
-0.5286007,1.459477,1.74971e-13,8.16707e-10
-0.5286003,1.459476,1.08358e-13,6.04449e-10
-0.5285999,1.459476,5.50671e-14,3.10797e-10
-0.528599,1.459477,1.64313e-13,7.46433e-10
-0.5285977,1.45948,4.97380e-14,4.51675e-10
-0.528597,1.459481,4.35207e-14,5.75215e-10
-0.5285962,1.459482,1.06581e-14,8.69085e-11
-0.5285955,1.459482,1.29674e-13,7.70564e-11
-0.5285943,1.459483,9.94760e-14,6.08924e-10
-0.5285928,1.459483,1.32339e-13,7.41924e-10
-0.5285926,1.459484,2.53131e-13,1.90908e-10
-0.5285921,1.459485,2.48690e-14,3.90177e-10
-0.5285917,1.459485,5.24025e-14,4.39504e-10
-0.5285911,1.459485,1.30562e-13,6.20305e-10
-0.5285894,1.459486,1.05693e-13,5.23746e-10
-0.5285883,1.459487,6.03961e-14,5.13601e-11
-0.5285873,1.45949,2.57572e-13,7.95377e-11
-0.5285869,1.45949,5.24025e-14,7.52780e-11
-0.5285862,1.459491,4.08562e-14,8.26666e-10
-0.528586,1.459491,1.12799e-13,5.48189e-10
-0.528585,1.459491,6.03961e-14,5.37299e-10
-0.5285845,1.459492,1.37668e-13,1.02522e-9
-0.5285828,1.459493,1.42109e-14,8.53646e-10
-0.5285824,1.459492,6.92779e-14,7.15906e-10
-0.5285818,1.459493,7.10543e-14,1.13646e-9
-0.5285809,1.459493,1.28786e-13,2.82763e-10
-0.5285807,1.459493,8.17124e-14,9.02817e-10
-0.5285802,1.459493,9.41469e-14,7.13998e-10
-0.5285794,1.459494,7.37188e-14,9.09301e-10
-0.5285782,1.459494,1.82965e-13,8.00368e-10
-0.5285774,1.459495,5.59552e-14,4.08617e-10
-0.5285767,1.459496,9.32587e-14,1.03275e-9
-0.5285758,1.459496,1.87406e-13,3.22058e-11
-0.5285749,1.459496,4.52971e-14,1.10052e-9
-0.5285722,1.459499,1.10134e-13,7.78655e-10
-0.5285718,1.459499,1.31450e-13,9.80937e-10
-0.5285711,1.4595,1.51879e-13,1.00961e-9
-0.5285697,1.459502,5.50671e-14,4.44120e-10
-0.5285685,1.459505,9.50351e-14,3.22338e-10
-0.5285673,1.459506,9.94760e-14,7.48669e-10
-0.5285663,1.459506,1.95399e-13,4.54368e-10
-0.5285655,1.459506,1.33227e-13,7.28758e-10
-0.5285642,1.459507,8.61533e-14,8.50415e-10
-0.5285633,1.459507,8.43769e-14,1.06004e-10
-0.5285621,1.459508,4.52971e-14,7.67477e-10
-0.5285611,1.45951,9.14824e-14,8.33773e-10
-0.5285598,1.459509,8.26006e-14,4.88930e-10
-0.5285594,1.459511,8.34888e-14,7.80468e-10
-0.528559,1.459511,1.65201e-13,9.69861e-10
-0.5285578,1.459511,1.65201e-13,9.62779e-10
-0.5285568,1.459512,1.64313e-13,9.16671e-11
-0.5285562,1.459513,1.13687e-13,1.96108e-10
-0.5285555,1.459515,4.44089e-14,9.09146e-10
-0.5285549,1.459514,4.08562e-14,7.55998e-10
-0.5285542,1.459514,1.35003e-13,3.69877e-10
-0.5285531,1.459514,9.50351e-14,9.19100e-10
-0.5285523,1.459515,1.16351e-13,2.53398e-10
-0.5285517,1.459516,1.16351e-13,3.57283e-11
-0.5285509,1.459517,1.59872e-14,8.42270e-10
-0.5285505,1.459516,7.37188e-14,9.44315e-10
-0.5285501,1.459517,8.08242e-14,8.62790e-10
-0.5285485,1.459517,1.93623e-13,9.37550e-10
-0.5285474,1.459519,1.98064e-13,4.76560e-10
-0.528547,1.459519,1.00364e-13,7.11608e-10
-0.5285461,1.45952,1.10134e-13,8.23619e-10
-0.5285455,1.459521,5.24025e-14,1.03999e-9
-0.5285451,1.459521,1.84741e-13,7.54340e-10
-0.5285446,1.45952,1.19904e-13,4.96255e-10
-0.528544,1.459521,5.24025e-14,9.03291e-10
-0.5285437,1.459522,1.77636e-13,2.92962e-10
-0.5285425,1.459523,6.75016e-14,4.06632e-10
-0.528542,1.459524,1.26121e-13,9.17554e-10
-0.5285415,1.459523,6.75016e-14,4.58935e-10
-0.5285409,1.459524,5.24025e-14,9.05652e-10
-0.5285408,1.459524,1.18128e-13,4.61324e-10
-0.5285403,1.459524,3.55271e-14,7.09479e-12
-0.5285394,1.459525,4.17444e-14,7.84275e-10
-0.5285381,1.459525,5.24025e-14,1.23080e-10
-0.5285369,1.459522,5.86198e-14,4.14387e-10
-0.5285362,1.459523,1.49214e-13,8.88948e-10
-0.5285356,1.459524,9.85878e-14,4.12045e-10
-0.5285353,1.459524,5.06262e-14,2.54729e-14
-0.5285349,1.459524,1.01252e-13,7.14922e-10
-0.5285338,1.459524,1.41220e-13,5.70333e-10
-0.5285331,1.459525,5.68434e-14,9.54307e-10
-0.5285324,1.459525,5.50671e-14,8.97494e-10
-0.5285314,1.459526,1.74083e-13,1.54465e-10
-0.5285302,1.459524,9.68114e-14,1.34730e-10
-0.5285293,1.459525,1.66089e-13,7.97375e-10
-0.5285283,1.459524,1.01252e-13,7.19710e-10
-0.5285279,1.459525,8.17124e-14,8.85110e-10
-0.5285272,1.459526,6.03961e-14,1.31176e-10
-0.5285246,1.459529,3.46390e-14,3.89926e-10
-0.5285234,1.459528,5.59552e-14,7.73021e-10
-0.5285228,1.459528,9.05942e-14,1.95268e-10
-0.5285224,1.459528,7.19425e-14,7.17666e-10
-0.5285214,1.45953,7.90479e-14,6.15116e-10
-0.5285206,1.459531,9.50351e-14,7.06402e-10
-0.5285198,1.459532,8.26006e-14,6.40714e-12
-0.5285192,1.459531,1.06581e-13,2.48455e-10
-0.5285186,1.459531,4.79616e-14,9.57326e-10
-0.5285086,1.459539,1.66978e-13,4.30273e-11
-0.5285079,1.459538,6.92779e-14,2.79947e-10
-0.5285071,1.459539,6.92779e-14,2.42335e-10
-0.5285066,1.459539,2.22045e-14,5.48261e-10
-0.5285057,1.45954,8.17124e-14,5.44437e-10
-0.528505,1.459541,2.30926e-14,7.13608e-11
-0.5285016,1.459546,5.41789e-14,3.11166e-10
-0.5284991,1.459549,8.79297e-14,8.96692e-10
-0.5284984,1.45955,1.02141e-13,7.04950e-11
-0.5284978,1.45955,8.08242e-14,2.14130e-10
-0.528497,1.459551,7.46070e-14,5.90090e-10
-0.5284968,1.459551,1.56319e-13,7.16396e-10
-0.5284961,1.459553,1.20792e-13,8.62045e-11
-0.5284945,1.459553,9.05942e-14,2.15298e-10
-0.5284933,1.459553,8.08242e-14,9.41355e-10
-0.5284927,1.459553,1.02141e-13,2.50755e-10
-0.5284914,1.459554,1.48326e-13,2.25151e-10
-0.5284906,1.459554,3.01981e-14,2.40008e-10
-0.5284899,1.459554,1.86517e-14,2.91896e-10
-0.5284896,1.459555,9.05942e-14,5.09896e-10
-0.5284869,1.459558,9.94760e-14,4.39805e-10
-0.5284863,1.459558,5.15143e-14,2.79026e-10
-0.5284855,1.459559,1.48326e-13,9.15342e-10
-0.5284847,1.459559,1.68754e-13,6.51316e-10
-0.5284841,1.459559,1.74971e-13,3.57429e-10
-0.5284824,1.45956,2.57572e-14,7.83677e-10
-0.5284813,1.459561,1.66089e-13,6.11829e-11
-0.5284803,1.459562,5.86198e-14,2.08255e-11
-0.5284787,1.459563,3.90799e-14,4.15591e-10
-0.5284782,1.459563,3.19744e-14,5.38535e-11
-0.5284775,1.459563,7.90479e-14,9.01633e-10
-0.5284768,1.459566,6.57252e-14,5.61155e-10
-0.5284754,1.459567,5.06262e-14,7.83812e-10
-0.5284746,1.459568,1.06581e-13,3.54831e-10
-0.528474,1.459567,2.07834e-13,7.11230e-10
-0.5284727,1.459566,6.48370e-14,9.14892e-10
-0.528472,1.459565,1.28786e-13,1.04387e-10
-0.5284713,1.459565,6.75016e-14,8.52168e-10
-0.5284706,1.459566,7.54952e-14,4.77648e-10
-0.5284697,1.459567,1.61648e-13,7.79470e-10
-0.5284694,1.459568,3.10862e-14,1.21180e-10
-0.5284687,1.459569,4.61853e-14,2.92534e-10
-0.528468,1.459568,3.64153e-14,1.77456e-10
-0.5284672,1.459569,7.37188e-14,9.26752e-10
-0.5284662,1.459568,1.64313e-13,9.31660e-10
-0.5284654,1.459569,1.59872e-14,6.00604e-11
-0.5284647,1.459569,7.37188e-14,6.62923e-10
-0.5284642,1.45957,1.89182e-13,3.10635e-10
-0.5284631,1.459571,1.14575e-13,9.87622e-10
-0.5284625,1.459573,1.13687e-13,9.28928e-10
-0.5284621,1.459572,9.68114e-14,7.70002e-10
-0.5284618,1.459574,6.30607e-14,1.25086e-10
-0.5284611,1.459575,7.81597e-14,7.12069e-10
-0.5284604,1.459575,7.19425e-14,4.45528e-10
-0.5284601,1.459575,1.45661e-13,1.22219e-10
-0.5284594,1.459576,1.75859e-13,9.52475e-10
-0.5284586,1.459575,9.85878e-14,9.40161e-10
-0.528458,1.459575,1.01252e-13,5.07359e-10
-0.5284573,1.459576,6.03961e-14,7.07621e-10
-0.5284568,1.459578,4.61853e-14,7.84268e-10
-0.5284564,1.459577,2.77112e-13,1.23822e-10
-0.5284558,1.459578,1.48326e-13,7.56211e-12
-0.5284554,1.459578,1.17240e-13,4.76797e-10
-0.5284551,1.459578,1.30562e-13,2.63122e-10
-0.5284534,1.459577,1.20792e-13,4.63746e-10
-0.5284527,1.459577,8.97060e-14,8.53734e-10
-0.5284518,1.459577,1.77636e-14,8.80123e-10
-0.5284515,1.459576,1.58096e-13,7.16084e-10
-0.5284497,1.459578,3.73035e-14,7.99666e-10
-0.5284488,1.459578,4.35207e-14,1.61514e-10
-0.5284484,1.459579,7.90479e-14,4.82035e-10
-0.5284478,1.459579,2.48690e-14,3.80637e-10
-0.528447,1.45958,6.83897e-14,3.53060e-11
-0.5284466,1.459581,1.27898e-13,3.50071e-10
-0.5284459,1.459582,5.59552e-14,1.23577e-10
-0.5284448,1.459583,7.81597e-14,1.10591e-11
-0.5284442,1.459583,8.52651e-14,1.72090e-10
-0.5284439,1.459583,1.20792e-13,7.07102e-10
-0.5284435,1.459584,9.41469e-14,2.78772e-10
-0.5284428,1.459584,3.55271e-15,2.06730e-10
-0.5284426,1.459585,1.36779e-13,5.94414e-10
-0.5284421,1.459587,7.10543e-14,9.38137e-10
-0.5284413,1.459587,1.17240e-13,4.50183e-10
-0.5284408,1.459587,4.61853e-14,3.15875e-10
-0.52844,1.459587,1.66089e-13,4.84577e-10
-0.5284395,1.459587,9.76996e-14,2.95322e-10
-0.5284386,1.459588,1.40332e-13,4.27771e-10
-0.5284376,1.459589,1.34115e-13,7.87121e-11
-0.5284369,1.459591,1.25233e-13,3.61066e-10
-0.5284363,1.459592,1.40332e-13,3.21680e-10
-0.5284355,1.459593,1.03917e-13,5.77422e-10
-0.5284346,1.459594,1.33227e-13,8.88274e-10
-0.5284333,1.459595,8.34888e-14,3.23373e-10
-0.5284327,1.459595,9.05942e-14,2.31835e-10
-0.5284318,1.459597,1.86517e-14,1.09492e-10
-0.5284309,1.459598,8.17124e-14,5.21346e-10
-0.5284306,1.459597,4.26326e-14,4.66118e-10
-0.5284302,1.459598,1.42997e-13,4.42366e-10
-0.5284292,1.459598,1.25233e-13,6.23593e-10
-0.5284291,1.459599,9.85878e-14,8.69961e-10
-0.5284287,1.459599,1.54543e-13,1.55893e-10
-0.528428,1.459601,1.35003e-13,4.93168e-12
-0.5284277,1.459602,5.95080e-14,5.89131e-10
-0.5284266,1.459602,9.50351e-14,4.19782e-10
-0.5284258,1.459602,1.03029e-13,3.94216e-10
-0.5284254,1.459603,1.21680e-13,4.84631e-10
-0.5284252,1.459602,1.50102e-13,3.64125e-10
-0.5284244,1.459603,8.34888e-14,2.25689e-10
-0.5284236,1.459603,2.14939e-13,4.50591e-10
-0.5284228,1.459604,3.10862e-14,6.39072e-10
-0.5284223,1.459604,7.46070e-14,4.65544e-10
-0.5284214,1.459604,7.90479e-14,9.15425e-10
-0.528421,1.459603,3.46390e-14,9.14113e-11
-0.5284204,1.459603,7.19425e-14,5.90573e-10
-0.5284192,1.459604,1.61648e-13,5.12306e-10
-0.5284183,1.459604,3.99680e-14,7.31349e-10
-0.5284182,1.459604,4.61853e-14,7.14754e-10
-0.5284178,1.459604,3.28626e-14,7.04196e-10
-0.5284171,1.459605,6.21725e-14,6.79805e-10
-0.5284163,1.459606,7.81597e-14,7.08120e-10
-0.5284159,1.459605,2.22045e-14,3.76574e-10
-0.5284145,1.459606,3.01981e-14,2.59659e-10
-0.5284141,1.459607,2.22045e-14,2.35051e-10
-0.5284134,1.459606,5.50671e-14,4.46686e-10
-0.5284128,1.459607,1.06581e-13,2.63082e-11
-0.5284123,1.459607,1.80300e-13,5.17867e-10
-0.5284117,1.459607,1.26121e-13,5.20296e-11
-0.5284109,1.459607,2.30926e-14,7.56944e-10
-0.5284103,1.459607,8.88178e-14,7.60542e-10
-0.5284075,1.45961,1.07470e-13,5.52470e-10
-0.528403,1.459614,3.10862e-14,2.27876e-10
-0.5284021,1.459615,7.63833e-14,2.30346e-10
-0.5284012,1.459616,3.73035e-14,5.35085e-11
-0.5284002,1.459616,4.79616e-14,6.66507e-10
-0.5283995,1.459616,1.29674e-13,5.63096e-10
-0.5283981,1.459618,4.88498e-14,2.64678e-10
-0.5283976,1.459619,1.05693e-13,7.33333e-10
-0.5283966,1.459621,3.46390e-14,6.31468e-11
-0.5283959,1.459621,1.05693e-13,2.24692e-10
-0.5283954,1.459621,1.27898e-13,1.54162e-10
-0.5283948,1.459623,3.37508e-14,1.98365e-10
-0.5283942,1.459624,2.75335e-14,7.13686e-10
-0.5283937,1.459625,1.50990e-14,9.91656e-11
-0.5283925,1.459625,1.74971e-13,4.85019e-10
-0.5283915,1.459627,1.19904e-13,8.27287e-10
-0.5283912,1.459627,1.14575e-13,3.40797e-10
-0.5283871,1.45963,1.00364e-13,1.40638e-10
-0.5283869,1.459631,1.49214e-13,3.13439e-10
-0.5283863,1.459631,1.09246e-13,5.10856e-10
-0.5283856,1.459631,1.05693e-13,6.57428e-10
-0.528385,1.459631,6.39488e-14,4.91602e-10
-0.5283843,1.459631,3.64153e-14,6.42229e-10
-0.5283838,1.459633,2.28262e-13,5.43828e-10
-0.5283832,1.459633,1.10134e-13,4.01822e-10
-0.5283826,1.459634,3.81917e-14,3.25556e-10
-0.5283818,1.459635,1.00364e-13,6.97006e-10
-0.5283813,1.459636,7.19425e-14,8.60137e-10
-0.5283802,1.459637,1.51879e-13,8.03500e-10
-0.5283795,1.459638,1.50102e-13,7.14364e-10
-0.528379,1.459638,1.50102e-13,4.67457e-10
-0.5283781,1.459639,5.32907e-14,8.04388e-10
-0.528378,1.459639,5.68434e-14,6.68417e-10
-0.5283773,1.459639,2.04281e-13,7.94884e-10
-0.5283767,1.45964,6.48370e-14,4.95436e-10
-0.5283765,1.459639,5.77316e-14,4.62020e-10
-0.5283758,1.45964,7.37188e-14,2.28568e-10
-0.5283747,1.459642,3.46390e-14,1.94628e-10
-0.5283742,1.459642,9.50351e-14,6.43339e-10
-0.5283732,1.459642,5.32907e-14,9.25286e-11
-0.5283726,1.459643,3.37508e-14,3.40896e-10
-0.5283718,1.459643,1.67866e-13,6.40643e-10
-0.5283712,1.459643,6.92779e-14,5.15392e-10
-0.5283699,1.459644,1.19016e-13,9.72133e-11
-0.5283698,1.459644,6.12843e-14,1.22000e-10
-0.5283696,1.459644,1.13687e-13,6.71664e-10
-0.5283692,1.459644,7.46070e-14,7.50116e-10
-0.5283691,1.459645,3.19744e-14,7.96624e-10
-0.528368,1.459644,6.30607e-14,7.60804e-12
-0.5283673,1.459646,5.86198e-14,2.01926e-10
-0.528367,1.459646,1.66089e-13,5.81848e-10
-0.5283662,1.459647,1.90070e-13,1.13329e-10
-0.5283657,1.459647,2.69118e-13,3.38952e-10
-0.5283651,1.459647,1.15463e-14,6.38558e-10
-0.528364,1.459649,1.51879e-13,4.27992e-10
-0.5283636,1.459648,2.43361e-13,4.47023e-10
-0.528363,1.459648,4.61853e-14,2.23862e-10
-0.5283623,1.45965,1.31450e-13,9.08113e-11
-0.528362,1.45965,1.07470e-13,7.97415e-10
-0.5283615,1.459651,2.19380e-13,3.59733e-10
-0.5283606,1.459651,1.00364e-13,7.93201e-10
-0.5283599,1.459653,2.04281e-14,4.24784e-10
-0.5283597,1.459652,1.35003e-13,4.91079e-10
-0.5283596,1.459653,4.08562e-14,7.35262e-10
-0.5283587,1.459654,1.37668e-13,7.47894e-11
-0.5283581,1.459649,5.86198e-14,3.37145e-10
-0.5283578,1.459648,5.59552e-14,7.55202e-10
-0.528357,1.45965,7.72715e-14,2.12959e-10
-0.5283562,1.459651,7.28306e-14,5.41800e-10
-0.5283554,1.459651,7.99361e-14,1.00152e-12
-0.5283548,1.459652,5.41789e-14,2.42596e-10
-0.5283541,1.459653,9.59233e-14,9.82020e-11
-0.5283533,1.459654,1.40332e-13,6.45280e-10
-0.5283526,1.459654,7.37188e-14,2.96999e-10
-0.5283512,1.459654,1.10134e-13,7.61881e-10
-0.5283506,1.459654,2.48690e-14,2.69564e-10
-0.528345,1.459657,9.23706e-14,3.36905e-10
-0.5283442,1.459657,1.20792e-13,6.81550e-10
-0.5283432,1.459658,1.86517e-13,1.75410e-10
-0.5283422,1.45966,7.90479e-14,2.04403e-10
-0.5283415,1.45966,4.08562e-14,3.61464e-10
-0.5283393,1.459662,1.32339e-13,7.09281e-10
-0.5283382,1.459662,6.48370e-14,1.60213e-10
-0.5283373,1.459662,5.95080e-14,3.96226e-10
-0.5283357,1.459667,9.32587e-14,6.00571e-10
-0.5283353,1.459667,1.15463e-13,4.76086e-10
-0.528334,1.459668,8.08242e-14,7.27407e-10
-0.5283333,1.459668,8.97060e-14,5.53954e-10
-0.5283314,1.459668,8.26006e-14,5.92840e-10
-0.5283311,1.459667,3.37508e-14,4.11428e-10
-0.5283299,1.459668,2.04281e-13,1.87812e-10
-0.528328,1.459665,6.57252e-14,1.04522e-10
-0.5283278,1.459665,2.30038e-13,4.92990e-10
-0.5283267,1.459665,8.18012e-13,8.86978e-14
-0.5283262,1.459666,1.21680e-13,2.88380e-10
-0.5283255,1.459665,3.55271e-14,6.34910e-10
-0.5283246,1.459664,1.76748e-13,1.98372e-10
-0.5283239,1.459664,4.70735e-14,9.00944e-12
-0.5283238,1.459664,1.18128e-13,4.51678e-11
-0.5283233,1.459665,1.29674e-13,2.93350e-10
-0.5283228,1.459666,1.10134e-13,7.45600e-10
-0.5283226,1.459666,9.23706e-14,2.69989e-10
-0.5283219,1.459667,8.34888e-14,7.07642e-10
-0.5283213,1.459666,1.25233e-13,5.11038e-10
-0.5283201,1.459667,1.43885e-13,5.92881e-10
-0.5283189,1.459668,1.72307e-13,6.82508e-10
-0.5283182,1.459668,1.54543e-13,2.91563e-10
-0.5283172,1.459668,1.24345e-13,7.10371e-10
-0.5283169,1.459669,2.04281e-14,6.47928e-10
-0.5283165,1.459669,1.50102e-13,2.97608e-10
-0.5283144,1.459672,6.48370e-14,5.08910e-10
-0.5283142,1.459672,2.28262e-13,6.09021e-10
-0.5283133,1.459673,4.61853e-14,6.35412e-10
-0.5283122,1.459674,2.68230e-13,2.56771e-10
-0.528311,1.459676,1.32339e-13,9.45702e-11
-0.5283109,1.459675,1.74083e-13,5.29140e-10
-0.5283057,1.459678,3.64153e-14,6.40874e-10
-0.5283055,1.459677,3.01981e-14,3.17277e-10
-0.5283048,1.459678,1.21680e-13,2.98218e-10
-0.5283037,1.459678,7.81597e-14,3.36564e-10
-0.5283033,1.459679,3.99680e-14,6.84853e-10
-0.5283028,1.45968,1.27010e-13,2.10613e-10
-0.5283026,1.45968,6.75016e-14,2.00571e-10
-0.5283018,1.459681,4.79616e-14,5.23828e-10
-0.5283015,1.459681,8.97060e-14,2.73647e-10
-0.5283009,1.459682,3.73035e-14,5.69121e-10
-0.5283001,1.459683,1.37668e-13,4.28574e-10
-0.5283001,1.459683,1.02141e-13,2.48706e-13
-0.5283,1.459682,1.64313e-13,5.24673e-10
-0.5282991,1.459683,9.68114e-14,3.77967e-10
-0.5282986,1.459683,1.09246e-13,2.50076e-10
-0.5282976,1.459684,4.79616e-14,5.55050e-10
-0.5282962,1.459685,8.26006e-14,1.32006e-10
-0.5282958,1.459685,5.41789e-14,5.97498e-10
-0.5282956,1.459685,8.79297e-14,3.69113e-10
-0.5282953,1.459685,1.46549e-13,3.29293e-10
-0.528295,1.459685,1.19904e-13,3.66159e-10
-0.5282947,1.459685,1.42997e-13,7.52412e-10
-0.5282936,1.459684,1.86517e-13,1.01191e-10
-0.5282931,1.459684,1.32339e-13,6.95131e-10
-0.5282922,1.459686,3.19744e-14,1.98965e-10
-0.5282913,1.459686,8.34888e-14,6.82443e-10
-0.5282909,1.459686,1.00364e-13,6.99682e-11
-0.5282905,1.459687,4.97380e-14,7.49282e-10
-0.5282897,1.459687,1.13687e-13,2.09940e-10
-0.5282887,1.459688,1.79412e-13,4.25902e-10
-0.5282883,1.459688,9.94760e-14,1.40472e-10
-0.5282879,1.459689,4.52971e-14,2.90736e-10
-0.5282873,1.459689,2.62901e-13,9.45657e-11
-0.5282865,1.459689,1.34115e-13,2.99435e-10
-0.5282841,1.45969,3.90799e-14,2.60016e-10
-0.5282836,1.45969,7.37188e-14,3.31208e-10
-0.5282822,1.459691,1.84741e-13,4.17137e-10
-0.5282821,1.459692,2.02505e-13,5.45558e-10
-0.5282818,1.459692,4.88498e-14,6.17658e-10
-0.528281,1.459692,2.05169e-13,1.96518e-11
-0.5282803,1.459692,1.38556e-13,1.21341e-10
-0.5282796,1.459693,6.66134e-14,3.67882e-10
-0.5282791,1.459693,5.06262e-14,7.39572e-10
-0.5282784,1.459693,1.46549e-13,4.21105e-10
-0.5282774,1.459695,7.10543e-14,5.91421e-11
-0.5282762,1.459695,6.57252e-14,5.52421e-10
-0.5282753,1.459696,1.03917e-13,4.86135e-10
-0.5282748,1.459697,1.56319e-13,3.38297e-10
-0.5282741,1.459699,2.71783e-13,4.40750e-11
-0.5282728,1.4597,1.58096e-13,3.92743e-10
-0.5282724,1.4597,1.47438e-13,6.91460e-10
-0.5282722,1.4597,9.32587e-14,4.19330e-10
-0.5282718,1.4597,8.70415e-14,2.34013e-10
-0.5282711,1.4597,1.09246e-13,6.08010e-10
-0.5282707,1.4597,1.50990e-13,4.86261e-10
-0.5282698,1.4597,1.56319e-13,1.17388e-10
-0.5282697,1.4597,1.02141e-13,3.14401e-10
-0.5282688,1.459701,2.56684e-13,6.19753e-10
-0.5282677,1.459701,1.62537e-13,3.31760e-11
-0.5282669,1.459703,1.32339e-13,2.78142e-10
-0.5282668,1.459703,1.22569e-13,5.11613e-10
-0.528266,1.459703,8.17124e-14,2.51041e-10
-0.5282656,1.459704,1.26121e-13,1.46327e-10
-0.5282649,1.459704,8.43769e-14,6.60356e-10
-0.5282625,1.459705,9.94760e-14,6.73453e-10
-0.5282619,1.459705,9.41469e-14,1.62579e-10
-0.5282608,1.459705,9.41469e-14,7.23952e-10
-0.5282601,1.459705,4.08562e-14,4.24797e-10
-0.5282593,1.459708,1.12799e-13,6.66860e-10
-0.5282584,1.459708,4.35207e-14,2.27686e-10
-0.528258,1.459708,2.13163e-14,4.91128e-11
-0.5282578,1.459708,8.34888e-14,3.51086e-10
-0.5282573,1.459708,5.50671e-14,6.29792e-10
-0.5282569,1.459708,2.42473e-13,6.83734e-10
-0.5282563,1.459709,4.61853e-14,1.79613e-10
-0.5282552,1.45971,2.05169e-13,1.32993e-10
-0.5282545,1.459711,9.85878e-14,2.81231e-10
-0.5282537,1.459711,2.30926e-14,6.26767e-10
-0.5282528,1.459711,1.11022e-13,1.15940e-10
-0.5282522,1.459711,8.70415e-14,6.79971e-10
-0.5282512,1.459713,1.66089e-13,4.30258e-10
-0.5282502,1.459714,1.18128e-13,1.03404e-10
-0.528248,1.459714,7.28306e-14,5.57496e-10
-0.5282473,1.459713,2.10498e-13,2.80949e-10
-0.5282466,1.459714,1.02141e-13,6.44700e-10
-0.5282459,1.459714,8.17124e-14,7.07152e-10
-0.5282454,1.459715,2.09610e-13,1.93894e-10
-0.5282451,1.459715,1.37668e-13,8.75094e-11
-0.5282444,1.459716,1.92735e-13,1.71543e-10
-0.5282443,1.459717,9.14824e-14,1.92919e-12
-0.5282433,1.459717,9.41469e-14,4.34841e-10
-0.528243,1.459717,1.25233e-13,2.98092e-10
-0.5282429,1.459717,4.44089e-14,5.32881e-10
-0.5282427,1.459718,1.78524e-13,1.73446e-10
-0.528242,1.459719,6.83897e-14,2.01487e-10
-0.5282414,1.45972,3.81917e-14,2.36028e-11
-0.5282408,1.45972,6.39488e-14,3.73171e-10
-0.5282406,1.459721,1.48326e-13,6.42262e-10
-0.5282398,1.459722,2.09610e-13,1.02339e-10
-0.528239,1.459722,1.59872e-13,7.99779e-11
-0.5282377,1.459725,9.85878e-14,7.07999e-10
-0.5282368,1.459726,9.23706e-14,6.91062e-10
-0.5282363,1.459727,1.42109e-13,2.78805e-10
-0.5282358,1.459727,1.95399e-14,4.44275e-10
-0.5282355,1.459727,7.63833e-14,7.12475e-10
-0.5282348,1.459728,1.26121e-13,1.75571e-10
-0.5282343,1.459728,8.52651e-14,2.81836e-10
-0.5282339,1.459729,2.68230e-13,2.32731e-10
-0.5282332,1.45973,7.28306e-14,3.32275e-10
-0.5282323,1.459731,4.70735e-14,2.75609e-10
-0.5282307,1.459727,5.50671e-14,4.26619e-11
-0.5282305,1.459727,1.27898e-13,6.67224e-10
-0.5282298,1.459727,3.19744e-14,2.19774e-10
-0.5282292,1.459728,4.44089e-14,5.58708e-10
-0.5282269,1.45973,1.32339e-13,2.31667e-10
-0.5282267,1.459729,1.65201e-13,6.06668e-10
-0.5282261,1.459729,4.88498e-14,5.74133e-10
-0.5282254,1.45973,8.88178e-14,7.20061e-11
-0.5282248,1.459729,2.00728e-13,4.97228e-12
-0.5282248,1.459729,2.12275e-13,2.14084e-13
-0.5282243,1.459731,1.94511e-13,5.60045e-10
-0.5282239,1.459731,9.32587e-14,1.97581e-10
-0.528223,1.459731,1.99840e-13,2.45785e-10
-0.5282204,1.459733,1.24345e-13,3.98474e-10
-0.52822,1.459734,6.12843e-14,9.94278e-11
-0.5282191,1.459735,9.76996e-14,2.60983e-10
-0.5282183,1.459736,1.02141e-13,6.14892e-10
-0.5282176,1.459736,6.39488e-14,6.65531e-10
-0.5282172,1.459736,1.10134e-13,2.54762e-10
-0.5282166,1.459738,9.59233e-14,5.34390e-10
-0.5282164,1.459738,2.29150e-13,4.23292e-10
-0.528216,1.459738,1.31450e-13,7.01930e-11
-0.5282157,1.459738,6.21725e-14,5.35411e-10
-0.5282149,1.459739,6.12843e-14,5.33257e-10
-0.5282146,1.459739,2.04281e-14,1.52147e-11
-0.5282135,1.45974,5.41789e-14,5.99432e-10
-0.5282134,1.459739,1.09246e-13,3.26141e-10
-0.5282132,1.45974,5.68434e-14,2.12542e-10
-0.5282128,1.45974,2.49578e-13,4.32516e-10
-0.5282126,1.45974,1.35891e-13,7.11660e-11
-0.5282121,1.459741,5.06262e-14,5.59139e-10
-0.5282117,1.459739,9.59233e-14,2.83980e-10
-0.5282115,1.459739,1.97176e-13,3.69296e-10
-0.5282113,1.45974,3.19744e-14,1.15232e-10
-0.5282106,1.459739,4.26326e-14,3.06404e-10
-0.5282102,1.459739,5.50671e-14,3.61129e-10
-0.5282092,1.459739,6.75016e-14,4.87324e-10
-0.5282087,1.459739,3.37508e-14,2.15594e-11
-0.5282081,1.459739,6.03961e-14,5.08425e-10
-0.5282073,1.45974,1.20792e-13,6.21768e-10
-0.5282071,1.45974,1.88294e-13,5.40883e-10
-0.5282062,1.459741,2.61124e-13,4.74577e-11
-0.5282061,1.459742,9.68114e-14,2.15258e-10
-0.5282053,1.459741,1.58096e-13,2.19227e-10
-0.5282045,1.459742,4.44089e-14,1.47872e-10
-0.5282041,1.459742,1.12799e-13,6.34734e-11
-0.528204,1.459741,9.05942e-14,2.68899e-11
-0.5282038,1.459741,7.01661e-14,5.75599e-10
-0.5282035,1.459742,1.20792e-13,1.54807e-10
-0.5282033,1.459741,6.39488e-14,2.71779e-10
-0.5282023,1.459742,1.06581e-13,6.31889e-10
-0.5282017,1.459743,1.11910e-13,4.99172e-10
-0.5282014,1.459743,9.50351e-14,2.24078e-10
-0.5282006,1.459745,6.03961e-14,5.30974e-10
-0.5281994,1.459745,3.99680e-14,3.60543e-10
-0.5281994,1.459746,1.74971e-13,2.56745e-11
-0.5281987,1.459745,9.50351e-14,6.58462e-10
-0.5281981,1.459746,1.22569e-13,4.98826e-10
-0.5281977,1.459747,5.15143e-14,1.74606e-10
-0.5281969,1.459747,7.81597e-14,5.22622e-10
-0.5281966,1.459748,1.47438e-13,1.96297e-10
-0.5281965,1.459748,6.75016e-14,7.28375e-11
-0.5281958,1.459748,1.14575e-13,6.68430e-11
-0.5281947,1.459749,1.03917e-13,2.29967e-10
-0.5281941,1.459749,5.06262e-14,6.23998e-10
-0.5281935,1.45975,1.81188e-13,4.47522e-11
-0.5281923,1.45975,1.35003e-13,7.90611e-11
-0.5281921,1.45975,2.69118e-13,4.29474e-11
-0.5281917,1.45975,8.26006e-14,1.19985e-10
-0.5281915,1.45975,1.79412e-13,4.99740e-11
-0.5281914,1.45975,1.13687e-13,5.02571e-10
-0.5281912,1.45975,6.66134e-14,1.77695e-10
-0.5281906,1.45975,1.41220e-13,5.24981e-10
-0.5281898,1.459751,1.03029e-13,1.88264e-10
-0.5281894,1.459751,1.49214e-13,3.21437e-10
-0.5281891,1.459751,1.34115e-13,2.99062e-10
-0.5281884,1.459753,6.39488e-14,4.13399e-10
-0.5281881,1.459754,1.73195e-13,8.01305e-11
-0.5281878,1.459754,9.68114e-14,1.25301e-11
-0.5281876,1.459754,1.57208e-13,3.13039e-10
-0.5281871,1.459754,1.82965e-13,3.21794e-10
-0.5281865,1.459755,1.53655e-13,2.54228e-10
-0.528186,1.459755,5.86198e-14,4.98143e-10
-0.5281851,1.459756,1.05693e-13,6.54222e-10
-0.5281833,1.459758,1.98952e-13,4.02347e-10
-0.528183,1.459758,1.19904e-13,6.30393e-10
-0.5281827,1.459758,3.28626e-14,3.76121e-10
-0.5281825,1.459758,3.64153e-14,9.43099e-11
-0.5281816,1.459759,5.86198e-14,2.00762e-10
-0.5281814,1.459759,9.05942e-14,5.51045e-10
-0.5281809,1.459758,6.03961e-14,1.91486e-10
-0.5281804,1.459759,8.08242e-14,5.48563e-10
-0.5281802,1.459758,6.92779e-14,2.96955e-10
-0.5281791,1.459759,4.79616e-14,6.22388e-10
-0.528179,1.459759,2.80664e-13,5.99735e-11
-0.528179,1.459759,1.96287e-13,2.72191e-10
-0.5281783,1.459759,1.99840e-13,1.94791e-10
-0.5281777,1.45976,2.66454e-14,3.95077e-10
-0.528177,1.459759,8.43769e-14,3.73893e-10
-0.5281763,1.45976,7.10543e-14,1.13887e-10
-0.5281758,1.459761,2.26485e-13,1.07202e-10
-0.5281757,1.459762,1.84741e-13,2.27074e-10
-0.5281746,1.459762,1.58096e-13,6.22087e-10
-0.5281743,1.459762,1.35891e-13,5.34683e-11
-0.5281736,1.459762,1.85629e-13,5.34252e-10
-0.5281734,1.459763,7.01661e-14,6.01705e-10
-0.5281717,1.459764,1.74971e-13,2.36047e-10
-0.5281709,1.459765,4.61853e-14,2.59760e-10
-0.5281703,1.459766,2.34479e-13,4.11972e-10
-0.5281702,1.459766,5.15143e-14,3.86963e-10
-0.5281697,1.459766,1.02141e-13,7.97238e-11
-0.5281682,1.459767,2.48690e-14,1.99522e-10
-0.528168,1.459767,2.39808e-14,6.37575e-10
-0.5281677,1.459767,3.01981e-14,4.86506e-10
-0.5281675,1.459767,1.90958e-13,2.60019e-10
-0.5281672,1.459767,9.76996e-14,5.20736e-10
-0.5281671,1.459767,2.60236e-13,1.78930e-10
-0.5281668,1.459768,1.77636e-13,6.34463e-10
-0.5281659,1.459768,1.09246e-13,4.57738e-10
-0.5281657,1.459769,6.75016e-14,5.36477e-10
-0.5281653,1.45977,1.28786e-13,5.86089e-10
-0.5281644,1.45977,1.06581e-13,5.74884e-10
-0.5281643,1.45977,1.17240e-13,6.24691e-10
-0.5281642,1.45977,9.50351e-14,4.07573e-10
-0.5281637,1.45977,9.32587e-14,2.23645e-10
-0.5281631,1.45977,9.05942e-14,2.57881e-10
-0.5281624,1.459771,1.28786e-13,5.49099e-10
-0.5281622,1.459771,1.08358e-13,1.67004e-10
-0.5281621,1.45977,1.23457e-13,3.24060e-10
-0.5281618,1.45977,1.50990e-13,4.92663e-10
-0.528161,1.45977,1.85629e-13,1.25215e-10
-0.5281604,1.45977,9.76996e-14,3.29729e-10
-0.52816,1.459771,1.49214e-13,4.93562e-10
-0.5281598,1.459771,2.67342e-13,1.33978e-10
-0.5281596,1.459772,5.95080e-14,5.19269e-10
-0.5281588,1.459772,1.37668e-13,5.83044e-10
-0.5281585,1.459773,1.23457e-13,1.52384e-10
-0.5281578,1.459774,2.22045e-14,6.30372e-10
-0.5281571,1.459774,1.77636e-14,5.68827e-10
-0.5281568,1.459774,3.64153e-14,5.33694e-10
-0.5281567,1.459774,4.52971e-14,4.16817e-10
-0.5281564,1.459774,1.67866e-13,4.89132e-11
-0.5281563,1.459774,1.20792e-13,2.34565e-10
-0.5281556,1.459775,6.92779e-14,1.98645e-10
-0.5281551,1.459775,7.37188e-14,4.50428e-10
-0.5281547,1.459774,1.03917e-13,1.42584e-10
-0.5281543,1.459773,7.63833e-14,2.46726e-10
-0.5281537,1.459774,5.32907e-14,4.04310e-10
-0.5281529,1.459774,9.41469e-14,5.22686e-10
-0.5281525,1.459776,6.21725e-14,9.72193e-11
-0.5281518,1.459775,1.07470e-13,3.11508e-10
-0.5281516,1.459776,3.99680e-14,2.31916e-10
-0.5281511,1.459777,2.22045e-14,6.18986e-10
-0.5281505,1.459777,8.17124e-14,6.29753e-10
-0.5281497,1.459777,1.22569e-13,1.47880e-10
-0.5281495,1.459777,2.05169e-13,6.36373e-10
-0.5281488,1.459778,1.95399e-13,3.89446e-10
-0.5281482,1.459778,1.86517e-13,2.86391e-10
-0.5281463,1.459779,7.10543e-14,1.69118e-10
-0.5281461,1.45978,1.87406e-13,2.98817e-10
-0.5281456,1.459781,8.43769e-14,5.66257e-10
-0.5281452,1.459781,9.68114e-14,3.78990e-11
-0.5281448,1.459781,1.06581e-13,3.55153e-10
-0.5281446,1.459782,1.30562e-13,3.73771e-10
-0.5281443,1.459782,1.62537e-13,2.18930e-10
-0.5281436,1.459783,8.43769e-14,4.92699e-10
-0.5281432,1.459783,8.79297e-14,3.91963e-10
-0.5281432,1.459783,7.37188e-14,6.09700e-14
-0.528143,1.459784,2.34479e-13,2.95470e-10
-0.5281428,1.459784,1.36779e-13,4.14539e-10
-0.5281413,1.459786,1.21680e-13,2.74100e-10
-0.5281408,1.459787,1.68754e-13,4.73868e-10
-0.5281407,1.459787,2.57572e-14,8.20193e-11
-0.5281405,1.459787,8.17124e-14,5.72278e-10
-0.5281402,1.459787,1.56319e-13,3.76005e-10
-0.5281397,1.459787,7.37188e-14,1.81710e-10
-0.5281392,1.459787,4.79616e-14,2.91587e-10
-0.5281381,1.459787,1.45661e-13,1.22027e-10
-0.5281374,1.459787,1.72307e-13,5.00179e-10
-0.5281364,1.459788,1.06581e-13,3.58150e-10
-0.5281359,1.459788,1.97176e-13,3.03311e-11
-0.5281357,1.459788,6.12843e-14,4.07343e-10
-0.5281352,1.459789,1.19016e-13,4.48567e-10
-0.528135,1.459789,1.78524e-13,5.41734e-10
-0.5281348,1.45979,4.88498e-14,1.97620e-10
-0.5281347,1.45979,3.64153e-14,1.99926e-10
-0.528134,1.459791,1.66978e-13,6.05723e-10
-0.5281339,1.459792,1.54543e-13,2.39941e-10
-0.5281335,1.459792,1.46549e-13,1.77555e-10
-0.5281329,1.459793,5.95080e-14,5.14527e-10
-0.528132,1.459792,1.70530e-13,5.83546e-10
-0.5281315,1.459793,2.29150e-13,6.83614e-11
-0.5281308,1.459794,1.64313e-13,5.84460e-10
-0.5281305,1.459794,2.13163e-13,4.60308e-10
-0.5281303,1.459794,4.08562e-14,2.69649e-10
-0.52813,1.459793,1.10134e-13,6.01474e-10
-0.5281295,1.459793,9.05942e-14,4.21629e-10
-0.5281289,1.459794,8.52651e-14,5.15131e-10
-0.5281287,1.459794,1.52767e-13,2.88980e-10
-0.5281286,1.459794,7.54952e-14,3.32006e-10
-0.5281285,1.459794,4.97380e-14,3.37169e-10
-0.5281275,1.459795,1.30562e-13,3.47300e-10
-0.5281271,1.459796,1.54543e-13,3.78801e-10
-0.5281269,1.459796,8.17124e-14,1.35023e-10
-0.5281259,1.459796,2.65565e-13,5.81196e-10
-0.5281253,1.459796,5.50671e-14,1.86653e-10
-0.5281251,1.459797,7.63833e-14,2.03504e-10
-0.5281248,1.459797,1.90070e-13,1.69917e-10
-0.528124,1.459798,1.57208e-13,2.48865e-10
-0.5281236,1.459798,1.74971e-13,1.01043e-10
-0.5281231,1.459799,4.08562e-14,1.23861e-10
-0.5281227,1.459799,1.16351e-13,1.94153e-10
-0.5281222,1.459798,1.55431e-13,4.10408e-11
-0.5281221,1.459798,9.76996e-14,6.64070e-12
-0.5281075,1.459809,3.99680e-14,5.56349e-11
-0.5281072,1.459809,1.70530e-13,3.42618e-11
-0.5281068,1.45981,1.56319e-13,4.80222e-10
-0.5281064,1.45981,2.48690e-13,3.66777e-10
-0.5281054,1.459811,2.49578e-13,5.41419e-10
-0.5281049,1.459812,3.17968e-13,5.37602e-11
-0.5281046,1.459811,1.31450e-13,1.84418e-10
-0.528104,1.459812,5.15143e-14,1.17667e-10
-0.5281029,1.459812,1.52767e-13,5.37340e-10
-0.5281025,1.459812,2.73559e-13,1.65402e-10
-0.5281011,1.459814,1.98064e-13,1.95015e-10
-0.5281,1.459816,9.76996e-14,3.56917e-10
-0.5280998,1.459817,2.11386e-13,2.45263e-11
-0.528099,1.459817,4.26326e-14,4.95966e-10
-0.5280983,1.459817,1.73195e-13,3.78199e-10
-0.5280975,1.459817,3.90799e-14,3.97068e-10
-0.528096,1.459818,1.12799e-13,3.85483e-10
-0.5280956,1.459818,1.86517e-13,3.13925e-11
-0.5280955,1.459818,5.50671e-14,5.27134e-10
-0.528095,1.459818,5.32907e-14,4.11089e-10
-0.5280948,1.459818,2.17604e-13,2.54472e-10
-0.5280944,1.459818,2.20268e-13,4.79839e-10
-0.5280942,1.459819,9.68114e-14,2.48366e-10
-0.528094,1.459819,7.72715e-14,1.85873e-11
-0.5280936,1.459819,8.70415e-14,2.40018e-10
-0.5280934,1.459819,7.10543e-14,4.98552e-10
-0.5280933,1.459819,1.47438e-13,4.51375e-10
-0.5280929,1.45982,3.10862e-14,4.30351e-10
-0.5280921,1.45982,2.59348e-13,3.88631e-10
-0.528092,1.45982,9.23706e-14,9.59877e-11
-0.528092,1.45982,1.67866e-13,5.73658e-14
-0.5280918,1.45982,3.37508e-14,1.20533e-10
-0.5280915,1.45982,2.98428e-13,5.12883e-10
-0.5280914,1.45982,1.34115e-13,4.46241e-10
-0.5280905,1.459821,1.04805e-13,1.55505e-10
-0.5280902,1.459821,5.15143e-14,1.64574e-10
-0.52809,1.459821,3.37508e-14,4.76372e-10
-0.5280897,1.459822,1.19016e-13,3.52461e-10
-0.528089,1.459822,2.39808e-14,2.96455e-10
-0.5280883,1.459823,7.90479e-14,2.06591e-10
-0.5280881,1.459823,1.54543e-13,4.54029e-11
-0.5280876,1.459824,1.84741e-13,6.23850e-11
-0.5280866,1.459826,6.03961e-14,2.14480e-10
-0.5280859,1.459825,7.28306e-14,2.09191e-10
-0.5280858,1.459825,5.68434e-14,4.93565e-10
-0.5280856,1.459826,1.46549e-13,2.34772e-10
-0.5280847,1.459826,7.19425e-14,2.92281e-10
-0.5280845,1.459826,1.27010e-13,4.72951e-10
-0.5280832,1.459826,9.76996e-14,3.38361e-10
-0.5280825,1.459828,1.99840e-13,3.88241e-10
-0.5280819,1.459828,5.77316e-14,1.53705e-10
-0.5280815,1.459828,1.37668e-13,1.55676e-10
-0.5280813,1.459828,8.70415e-14,3.82964e-10
-0.5280812,1.459827,1.54543e-13,1.33401e-10
-0.5280807,1.459828,1.17240e-13,1.59575e-10
-0.5280806,1.459828,1.35003e-13,3.44610e-11
-0.5280803,1.459828,2.00728e-13,2.10081e-10
-0.5280799,1.459829,9.94760e-14,2.16422e-10
-0.5280797,1.459829,2.22933e-13,4.30247e-11
-0.5280797,1.45983,1.74083e-13,3.79060e-10
-0.5280788,1.459831,1.03029e-13,7.93713e-11
-0.5280779,1.459831,1.77636e-13,4.09555e-10
-0.5280773,1.459831,1.56319e-13,2.41675e-10
-0.5280767,1.459831,9.23706e-14,4.75330e-11
-0.5280765,1.459831,9.76996e-14,3.40609e-10
-0.5280759,1.459831,4.35207e-14,2.51778e-10
-0.5280757,1.459832,2.46914e-13,1.06956e-10
-0.5280749,1.459832,2.60236e-13,2.30449e-10
-0.5280743,1.459832,1.48326e-13,2.67269e-10
-0.528074,1.459831,8.17124e-14,2.71869e-10
-0.5280734,1.459831,3.31291e-13,2.38639e-10
-0.5280731,1.459831,1.21680e-13,2.59214e-10
-0.5280721,1.459832,1.24345e-13,2.29210e-10
-0.5280721,1.459832,6.66134e-14,1.24105e-13
-0.5280719,1.459832,1.18128e-13,1.04739e-10
-0.5280717,1.459832,1.93623e-13,2.25078e-13
-0.5280714,1.459832,1.27010e-13,2.41882e-11
-0.5280714,1.459832,1.29674e-13,2.85483e-10
-0.5280709,1.459832,1.19016e-13,4.09556e-11
-0.5280704,1.459833,7.37188e-14,4.17612e-10
-0.5280696,1.459834,1.27898e-13,3.78638e-10
-0.5280689,1.459834,1.39444e-13,4.89021e-10
-0.5280686,1.459834,4.61853e-14,1.16388e-10
-0.5280684,1.459834,1.81188e-13,3.13249e-10
-0.5280682,1.459835,3.07310e-13,1.03696e-10
-0.5280677,1.459835,1.50990e-13,1.07975e-10
-0.5280675,1.459836,5.59552e-14,3.38816e-10
-0.5280669,1.459837,1.07470e-13,4.95576e-10
-0.5280669,1.459837,1.28786e-13,2.26885e-15
-0.5280661,1.459838,1.44773e-13,1.72553e-10
-0.5280657,1.459838,1.01252e-13,1.64796e-10
-0.5280657,1.459838,2.58460e-13,1.65176e-10
-0.5280657,1.459838,1.50990e-13,1.35062e-10
-0.5280651,1.459837,2.21156e-13,7.42021e-11
-0.5280649,1.459838,1.63425e-13,4.67576e-10
-0.5280646,1.459838,1.90070e-13,2.94061e-10
-0.5280641,1.459839,2.81553e-13,2.25392e-10
-0.5280633,1.459839,1.20792e-13,5.02092e-10
-0.5280633,1.45984,1.14575e-13,4.32103e-10
-0.5280626,1.459839,2.63789e-13,2.40335e-10
-0.5280612,1.45984,1.82965e-13,4.36560e-10
-0.5280607,1.45984,9.05942e-14,8.52592e-11
-0.5280606,1.45984,9.59233e-14,1.03671e-10
-0.5280592,1.459841,1.51879e-13,3.51700e-10
-0.5280585,1.459843,1.59872e-14,2.57320e-11
-0.5280581,1.459843,1.19904e-13,3.40610e-11
-0.5280577,1.459842,1.72307e-13,3.78668e-10
-0.5280558,1.459842,3.64153e-14,1.79865e-10
-0.5280551,1.459843,2.93099e-14,4.90804e-10
-0.5280547,1.459843,5.86198e-14,4.63372e-10
-0.5280538,1.459844,7.81597e-14,6.76420e-11
-0.5280536,1.459845,2.14939e-13,9.95536e-11
-0.5280532,1.459845,1.27898e-13,2.06538e-10
-0.5280529,1.459844,1.92735e-13,3.96254e-10
-0.5280527,1.459844,5.41789e-14,4.42665e-10
-0.5280526,1.459845,1.77636e-13,2.45532e-10
-0.5280522,1.459845,1.62537e-13,2.68064e-10
-0.5280511,1.459846,8.17124e-14,5.21864e-11
-0.5280502,1.459846,2.84217e-14,4.03177e-10
-0.52805,1.459847,1.60760e-13,5.35784e-12
-0.5280498,1.459846,6.39488e-14,5.34019e-10
-0.5280491,1.459847,3.55271e-14,3.13804e-10
-0.5280481,1.459848,6.12843e-14,5.27571e-10
-0.5280472,1.459847,9.14824e-14,1.50586e-10
-0.5280468,1.459847,7.99361e-14,3.96738e-10
-0.5280467,1.459848,2.84217e-14,1.70467e-10
-0.5280461,1.459848,2.16716e-13,4.42630e-10
-0.5280455,1.459849,1.19904e-13,8.49310e-11
-0.5280453,1.459849,1.62537e-13,1.48592e-10
-0.5280445,1.459849,4.70735e-14,4.69816e-10
-0.5280438,1.45985,2.15827e-13,5.06927e-10
-0.5280435,1.45985,1.29674e-13,3.36872e-10
-0.528043,1.459851,4.52971e-14,4.34124e-10
-0.5280426,1.459851,1.77636e-13,7.72194e-11
-0.5280425,1.459852,1.65201e-13,1.29301e-10
-0.528042,1.459853,1.42997e-13,2.71507e-14
-0.5280418,1.459852,2.54019e-13,3.23858e-10
-0.5280409,1.459852,1.06581e-13,4.56823e-10
-0.5280322,1.459858,2.20268e-13,3.48762e-10
-0.5280319,1.459858,4.44089e-14,3.80547e-10
-0.5280316,1.459859,1.48326e-13,3.67322e-10
-0.5280309,1.459861,1.21680e-13,1.57409e-10
-0.5280303,1.459861,2.80664e-13,3.69918e-10
-0.528026,1.459864,3.14415e-13,1.40557e-10
-0.5280254,1.459866,4.97380e-14,1.53387e-10
-0.5280249,1.459866,1.36779e-13,2.61664e-10
-0.5280248,1.459866,2.84217e-14,4.95017e-10
-0.5280239,1.459867,5.41789e-14,4.66234e-10
-0.5280235,1.459867,2.35367e-13,2.14029e-10
-0.528023,1.459868,2.66454e-14,3.93940e-10
-0.5280227,1.459868,7.90479e-14,1.20761e-10
-0.5280217,1.459868,2.52243e-13,4.33543e-10
-0.5280214,1.459868,2.13163e-13,8.29404e-11
-0.5280211,1.459868,2.66454e-14,2.11653e-10
-0.5280209,1.459868,1.20792e-13,3.72297e-10
-0.5280209,1.459868,1.55431e-13,1.10956e-11
-0.5280204,1.459868,1.29674e-13,2.81679e-10
-0.528019,1.459869,5.50671e-14,3.96989e-11
-0.5280184,1.459869,1.81188e-13,1.95047e-10
-0.5280183,1.45987,1.47438e-13,1.26017e-11
-0.5280178,1.45987,2.43361e-13,1.40552e-10
-0.5280177,1.45987,9.14824e-14,4.09984e-10
-0.5280174,1.45987,1.46549e-13,2.50194e-10
-0.5280168,1.459872,6.66134e-14,8.99564e-11
-0.5280166,1.459872,1.48326e-13,3.86444e-10
-0.5280149,1.459873,1.50990e-13,2.80112e-10
-0.5280148,1.459872,2.93099e-14,3.99423e-10
-0.5280135,1.459873,1.48326e-13,4.58756e-10
-0.528013,1.459873,1.40332e-13,3.81858e-10
-0.5280124,1.459874,1.16351e-13,2.69045e-13
-0.5280124,1.459874,1.11022e-13,3.31466e-11
-0.5280112,1.459874,7.10543e-14,3.26023e-10
-0.5280107,1.459876,4.34319e-13,1.23667e-10
-0.5280076,1.459882,1.38556e-13,5.75677e-11
-0.5280072,1.459882,1.07470e-13,3.88205e-10
-0.5280067,1.459882,8.08242e-14,3.09041e-10
-0.5280057,1.459882,1.82965e-13,1.92724e-10
-0.5280055,1.459883,6.21725e-14,1.90156e-10
-0.5280051,1.459884,1.54543e-13,1.14940e-10
-0.5280048,1.459884,2.28262e-13,2.40046e-10
-0.5280019,1.459887,5.59552e-14,4.49767e-10
-0.5280013,1.459886,9.76996e-14,7.16452e-11
-0.5280013,1.459886,5.15143e-14,2.98716e-14
-0.5280008,1.459886,1.80300e-13,4.01087e-10
-0.5280004,1.459886,2.33591e-13,2.99503e-10
-0.5279999,1.459886,8.43769e-14,3.71963e-10
-0.5279997,1.459886,7.99361e-14,1.13118e-10
-0.5279985,1.45989,1.26121e-13,2.41600e-11
-0.5279976,1.459891,2.53131e-13,3.43504e-10
-0.5279969,1.459891,1.88294e-13,2.23161e-10
-0.5279963,1.459891,9.41469e-14,1.84729e-10
-0.5279956,1.459892,8.70415e-14,8.12638e-12
-0.5279951,1.459892,1.03029e-13,3.52768e-10
-0.527994,1.459892,9.94760e-14,7.56727e-11
-0.5279935,1.459893,1.03917e-13,4.12490e-10
-0.5279934,1.459893,1.21680e-13,6.32277e-11
-0.5279927,1.459892,7.81597e-14,1.37397e-10
-0.5279925,1.459892,1.38556e-13,3.85923e-11
-0.5279921,1.459893,6.57252e-14,4.41897e-10
-0.5279915,1.459893,5.32907e-14,3.88112e-10
-0.5279914,1.459894,1.87406e-13,4.53832e-10
-0.5279901,1.459894,1.09246e-13,8.01611e-11
-0.5279898,1.459893,2.06946e-13,1.89165e-10
-0.5279897,1.459893,1.16351e-13,2.92626e-10
-0.5279895,1.459893,1.11022e-13,2.76687e-10
-0.5279889,1.459894,8.79297e-14,4.74505e-10
-0.5279889,1.459894,3.50830e-13,2.36648e-13
-0.5279884,1.459895,4.70735e-14,5.12402e-11
-0.527988,1.459895,1.93623e-13,3.37784e-10
-0.5279878,1.459895,7.90479e-14,4.14549e-10
-0.5279876,1.459896,3.34843e-13,8.45463e-11
-0.5279871,1.459896,3.78364e-13,2.34994e-10
-0.5279868,1.459896,5.50671e-14,3.77527e-10
-0.5279867,1.459896,5.95080e-14,3.52332e-10
-0.5279864,1.459897,2.05169e-13,4.43255e-10
-0.5279861,1.459897,1.79412e-13,1.25793e-10
-0.5279857,1.459897,1.74083e-13,7.26861e-11
-0.5279851,1.459898,7.46070e-14,9.21516e-11
-0.527985,1.459898,2.14939e-13,1.26896e-10
-0.5279846,1.459898,1.46549e-13,4.73727e-10
-0.527984,1.459899,1.64313e-13,2.75661e-10
-0.5279837,1.459899,2.13163e-13,3.84102e-10
-0.5279833,1.4599,6.66134e-14,3.35105e-10
-0.5279832,1.4599,1.75859e-13,1.03245e-10
-0.5279832,1.459901,7.19425e-14,4.36611e-10
-0.5279828,1.459901,2.06946e-13,4.68642e-10
-0.5279827,1.459901,9.41469e-14,4.17234e-10
-0.5279827,1.459901,2.88658e-13,4.52061e-11
-0.5279824,1.459901,1.66978e-13,1.18466e-10
-0.5279823,1.4599,6.21725e-14,1.97688e-10
-0.5279822,1.459901,2.39808e-14,1.29703e-10
-0.5279819,1.4599,1.01252e-13,5.09933e-11
-0.5279813,1.4599,1.30562e-13,2.67218e-10
-0.5279804,1.459901,1.84741e-13,2.27887e-10
-0.52798,1.459901,1.23457e-13,1.86422e-10
-0.5279797,1.459901,7.63833e-14,2.44280e-10
-0.5279792,1.459902,9.32587e-14,5.50284e-11
-0.5279789,1.459902,1.46549e-13,4.89121e-11
-0.5279788,1.459902,2.11386e-13,4.05673e-10
-0.5279786,1.459902,1.17240e-13,3.77030e-10
-0.5279781,1.459902,2.66454e-14,2.25908e-10
-0.5279777,1.459903,1.13687e-13,8.58158e-11
-0.5279777,1.459903,2.36255e-13,3.01501e-10
-0.5279767,1.459903,1.42997e-13,1.27634e-10
-0.5279766,1.459903,9.41469e-14,4.99484e-11
-0.527976,1.459903,3.15303e-13,7.40890e-11
-0.5279758,1.459903,6.30607e-14,2.24432e-10
-0.5279752,1.459904,1.90070e-13,1.64790e-10
-0.5279747,1.459904,1.61648e-13,1.91155e-10
-0.5279745,1.459903,8.97060e-14,2.08336e-10
-0.5279739,1.459903,2.66454e-14,4.60024e-10
-0.5279739,1.459902,2.86882e-13,4.91576e-11
-0.5279735,1.459902,1.29674e-13,4.05358e-10
-0.5279732,1.459903,1.45661e-13,4.20588e-10
-0.5279728,1.459903,7.46070e-14,2.84685e-10
-0.5279723,1.459903,6.12843e-14,3.83628e-10
-0.527972,1.459904,1.93623e-13,4.03598e-10
-0.5279715,1.459904,2.94875e-13,5.17383e-11
-0.5279712,1.459904,8.97060e-14,3.01924e-10
-0.5279709,1.459904,8.88178e-14,9.26101e-11
-0.5279707,1.459904,3.64153e-14,2.74001e-10
-0.5279707,1.459904,2.92211e-13,4.96991e-13
-0.5279703,1.459904,6.12843e-14,6.55559e-11
-0.52797,1.459905,1.08358e-13,7.11843e-11
-0.5279699,1.459905,1.34115e-13,1.91526e-10
-0.5279682,1.459906,4.84945e-13,1.98125e-10
-0.5279681,1.459906,2.48690e-13,3.90101e-10
-0.5279677,1.459906,6.75016e-14,3.20952e-10
-0.5279674,1.459907,9.85878e-14,8.88876e-11
-0.5279669,1.459907,1.53655e-13,2.28093e-10
-0.5279667,1.459908,1.98952e-13,3.25533e-10
-0.5279666,1.459908,1.77636e-13,7.15252e-14
-0.5279659,1.459907,1.23457e-13,2.77085e-10
-0.5279656,1.459908,1.15463e-13,3.16464e-10
-0.5279652,1.459909,1.20792e-13,1.51941e-11
-0.5279652,1.459909,7.99361e-14,2.53261e-13
-0.5279651,1.459909,1.32339e-13,1.56076e-10
-0.5279651,1.459909,1.18128e-13,1.36868e-10
-0.5279646,1.45991,2.86882e-13,3.66620e-10
-0.5279644,1.459911,1.84741e-13,4.49697e-10
-0.5279637,1.459912,6.57252e-14,3.50757e-10
-0.527963,1.459912,6.83897e-14,1.09071e-10
-0.5279625,1.459912,8.79297e-14,1.55792e-10
-0.5279622,1.459913,7.46070e-14,3.60722e-10
-0.5279622,1.459913,2.21156e-13,6.32575e-11
-0.527962,1.459913,8.52651e-14,2.38352e-11
-0.5279616,1.459914,2.31815e-13,2.69869e-10
-0.5279613,1.459914,8.26006e-14,4.26087e-11
-0.5279612,1.459915,1.33227e-13,3.07971e-10
-0.5279609,1.459915,1.26121e-13,4.61036e-10
-0.5279604,1.459915,1.49214e-13,3.53950e-10
-0.52796,1.459915,1.77636e-14,7.00696e-11
-0.5279597,1.459916,1.83853e-13,1.24079e-10
-0.5279596,1.459916,1.45661e-13,3.50545e-11
-0.5279593,1.459916,2.18492e-13,4.07667e-10
-0.5279592,1.459915,2.89546e-13,2.70457e-10
-0.5279588,1.459916,8.79297e-14,4.42834e-10
-0.5279584,1.459916,1.55431e-13,3.41357e-10
-0.5279584,1.459916,1.35003e-13,1.61553e-10
-0.527958,1.459916,1.94511e-13,2.01198e-10
-0.5279575,1.459917,9.14824e-14,2.30024e-10
-0.5279572,1.459918,3.40172e-13,4.15789e-10
-0.5279567,1.459918,2.36255e-13,3.62661e-10
-0.527956,1.459919,9.76996e-14,3.45161e-11
-0.527956,1.459918,1.18128e-13,3.28158e-10
-0.5279558,1.459918,9.14824e-14,1.77955e-10
-0.5279553,1.459919,1.08358e-13,1.36984e-10
-0.5279551,1.459918,2.23821e-13,3.36551e-10
-0.5279548,1.459918,3.19744e-14,1.19806e-10
-0.5279545,1.459918,3.10862e-14,3.16702e-10
-0.527954,1.459919,1.52767e-13,2.01064e-10
-0.5279538,1.459919,1.68754e-13,2.61470e-10
-0.5279535,1.459919,1.20792e-13,1.47896e-10
-0.5279532,1.459919,2.72671e-13,1.05994e-10
-0.5279525,1.459919,8.43769e-14,7.10645e-11
-0.5279522,1.45992,1.11910e-13,9.65171e-11
-0.5279517,1.45992,1.56319e-13,2.90190e-12
-0.5279511,1.45992,2.91323e-13,2.95815e-10
-0.5279509,1.45992,2.75335e-13,1.37340e-11
-0.5279506,1.45992,3.00204e-13,3.51239e-10
-0.5279503,1.45992,1.29674e-13,2.79787e-10
-0.5279503,1.45992,8.88178e-14,1.24380e-12
-0.5279497,1.459921,8.61533e-14,3.13840e-10
-0.5279495,1.459921,2.85105e-13,1.84126e-10
-0.527949,1.459922,6.92779e-14,1.83751e-12
-0.5279484,1.459922,2.00728e-13,2.21928e-10
-0.5279483,1.459922,5.15143e-14,1.67812e-10
-0.5279477,1.459923,1.89182e-13,2.39353e-10
-0.5279474,1.459923,2.49578e-13,1.64390e-10
-0.5279469,1.459923,6.30607e-14,3.44335e-10
-0.5279468,1.459923,2.69118e-13,2.20611e-10
-0.5279462,1.459924,1.03029e-13,2.59415e-10
-0.527946,1.459924,3.90799e-14,3.88630e-10
-0.5279458,1.459923,1.58984e-13,3.20499e-10
-0.5279456,1.459923,3.10862e-13,2.63344e-10
-0.5279455,1.459923,5.95080e-14,3.80741e-10
-0.5279454,1.459924,1.66978e-13,2.70641e-11
-0.5279448,1.459923,2.22933e-13,3.88324e-10
-0.5279443,1.459925,2.57572e-14,3.36902e-10
-0.5279442,1.459925,2.39808e-14,2.20149e-10
-0.5279436,1.459925,7.01661e-14,8.87726e-11
-0.5279433,1.459925,2.52243e-13,1.72239e-10
-0.5279428,1.459925,2.41585e-13,3.67607e-10
-0.5279423,1.459925,2.22045e-14,2.98661e-10
-0.5279417,1.459926,1.27898e-13,2.25142e-10
-0.5279416,1.459926,1.59872e-13,3.57780e-10
-0.5279415,1.459926,1.91847e-13,4.26762e-10
-0.527941,1.459927,4.26326e-14,9.97053e-11
-0.5279409,1.459927,7.54952e-14,8.97923e-12
-0.5279406,1.459927,3.31291e-13,1.64420e-10
-0.52794,1.459927,2.52243e-13,2.25936e-10
-0.5279395,1.459929,1.63425e-13,6.87068e-11
-0.5279393,1.459928,7.99361e-14,2.14379e-10
-0.527939,1.459928,2.62901e-13,3.91604e-10
-0.5279384,1.459929,7.37188e-14,1.55018e-10
-0.5279383,1.459929,1.63425e-13,4.55365e-11
-0.5279382,1.45993,3.01981e-13,2.39803e-10
-0.527938,1.45993,1.50990e-14,1.31053e-11
-0.5279378,1.459931,1.70530e-13,4.13806e-10
-0.5279372,1.459931,1.34115e-13,2.13892e-11
-0.5279369,1.459932,1.17240e-13,1.86000e-11
-0.5279369,1.459932,2.64677e-13,1.65497e-13
-0.5279368,1.459932,3.49054e-13,3.77491e-10
-0.5279364,1.459932,2.30926e-13,3.57845e-10
-0.5279362,1.459932,3.81917e-14,3.89930e-11
-0.5279359,1.459932,1.94511e-13,2.22710e-10
-0.5279357,1.459933,2.54907e-13,4.06243e-10
-0.5279355,1.459932,1.02141e-13,3.50155e-10
-0.5279347,1.459932,1.07470e-13,2.63268e-10
-0.5279346,1.459932,2.57572e-14,2.63123e-10
-0.5279346,1.459932,1.35003e-13,3.50222e-10
-0.5279344,1.459932,8.88178e-14,1.56821e-10
-0.5279336,1.459931,1.37668e-13,2.57268e-10
-0.5279334,1.459931,2.32703e-13,1.19515e-10
-0.5279331,1.459931,4.13003e-13,3.14397e-10
-0.5279328,1.459932,1.35003e-13,3.47791e-10
-0.5279327,1.459931,1.50102e-13,3.16003e-11
-0.5279323,1.459931,8.52651e-14,5.49019e-11
-0.5279321,1.459931,2.46025e-13,3.94888e-10
-0.5279312,1.459931,1.56319e-13,3.98579e-11
-0.5279308,1.459932,2.43361e-13,3.71972e-11
-0.5279303,1.459933,1.61648e-13,1.16999e-10
-0.52793,1.459932,5.50671e-14,3.93172e-10
-0.52793,1.459932,6.83897e-14,8.86746e-14
-0.5279299,1.459932,1.93623e-13,2.56362e-10
-0.5279295,1.459933,9.23706e-14,1.97243e-10
-0.5279294,1.459933,5.06262e-14,4.21125e-10
-0.5279294,1.459933,1.51879e-13,2.59373e-10
-0.5279289,1.459933,9.94760e-14,2.98123e-10
-0.5279279,1.459935,2.43361e-13,2.13750e-10
-0.5279279,1.459935,3.99680e-13,1.74288e-13
-0.5279278,1.459934,1.07470e-13,4.02084e-10
-0.5279278,1.459934,1.49214e-13,3.69441e-10
-0.5279276,1.459934,4.52971e-14,6.84922e-11
-0.5279274,1.459934,1.54543e-13,3.94514e-10
-0.527927,1.459935,5.95080e-14,1.24192e-10
-0.5279269,1.459935,8.79297e-14,1.09962e-13
-0.5279266,1.459935,9.76996e-14,1.17599e-11
-0.5279264,1.459935,2.93099e-14,9.67482e-11
-0.5279261,1.459935,6.75016e-14,2.51881e-10
-0.527926,1.459935,5.95080e-14,2.86725e-10
-0.5279257,1.459934,1.42997e-13,6.32173e-11
-0.5279256,1.459935,2.13163e-14,3.95844e-10
-0.5279255,1.459935,1.25233e-13,6.53591e-11
-0.5279254,1.459935,3.10862e-14,2.37762e-10
-0.5279253,1.459936,8.34888e-14,3.53977e-10
-0.5279251,1.459936,3.02869e-13,3.13605e-10
-0.5279248,1.459936,2.30926e-13,1.87295e-10
-0.5279245,1.459936,2.09610e-13,8.00522e-12
-0.5279241,1.459936,4.26326e-14,1.92457e-10
-0.5279239,1.459942,2.48690e-13,2.18464e-10
-0.5279235,1.459942,6.83897e-14,2.12846e-10
-0.5279228,1.459943,6.21725e-14,3.01774e-10
-0.5279228,1.459943,1.22569e-13,2.54726e-10
-0.5279224,1.459943,6.57252e-14,3.18692e-10
-0.5279222,1.459944,1.22569e-13,1.04686e-10
-0.5279218,1.459944,2.47802e-13,3.66829e-10
-0.5279213,1.459943,3.64153e-14,2.24071e-10
-0.5279193,1.459941,5.32907e-14,2.59412e-10
-0.5279193,1.459941,7.72715e-14,2.70566e-13
-0.5279189,1.459942,1.22569e-13,3.37324e-10
-0.5279186,1.459942,7.72715e-14,3.59491e-11
-0.5279177,1.459944,1.71418e-13,7.61548e-11
-0.5279171,1.459945,1.42109e-13,4.09157e-10
-0.5279165,1.459945,1.36779e-13,8.57025e-11
-0.5279158,1.459945,1.81188e-13,3.10349e-10
-0.5279156,1.459945,9.41469e-14,1.85155e-10
-0.5279151,1.459946,1.03029e-13,4.96483e-14
-0.527915,1.459943,5.95080e-14,2.07771e-10
-0.5279147,1.459943,2.39808e-14,3.70685e-10
-0.5279142,1.459943,4.17444e-14,3.12677e-10
-0.5279136,1.459944,1.72307e-13,2.01403e-11
-0.5279132,1.459944,7.28306e-14,2.13711e-10
-0.5279127,1.459944,4.17444e-14,1.85322e-10
-0.5279126,1.459944,1.09246e-13,3.56137e-10
-0.5279119,1.459944,7.72715e-14,2.17518e-10
-0.5279107,1.459945,9.59233e-14,3.62850e-10
-0.5279105,1.459945,6.75016e-14,2.03494e-10
-0.5279102,1.459946,1.97176e-13,1.95385e-10
-0.5279097,1.459946,2.02505e-13,1.34282e-10
-0.5279094,1.459946,7.72715e-14,3.79358e-10
-0.5279093,1.459947,6.92779e-14,5.37502e-11
-0.5279091,1.459946,1.31450e-13,3.90717e-10
-0.527909,1.459946,8.34888e-14,2.54754e-10
-0.5279088,1.459947,3.67706e-13,2.02829e-10
-0.5279077,1.459947,3.29514e-13,6.52413e-11
-0.5279074,1.459946,2.91323e-13,2.13819e-10
-0.5279069,1.459946,1.10134e-13,2.12730e-10
-0.5279067,1.459947,1.01252e-13,1.65674e-10
-0.5279066,1.459947,2.24709e-13,2.45459e-10
-0.5279058,1.459948,1.32339e-13,2.80097e-10
-0.5279055,1.459949,1.43885e-13,3.79818e-11
-0.5279052,1.459949,7.63833e-14,1.94813e-10
-0.5279048,1.459949,1.91847e-13,2.77810e-10
-0.5279042,1.459949,1.51879e-13,3.70247e-10
-0.527904,1.459949,7.81597e-14,3.91236e-10
-0.5279038,1.459949,1.42997e-13,2.07021e-10
-0.5279037,1.459949,6.66134e-14,1.90986e-10
-0.5279034,1.459949,3.55271e-14,3.61424e-10
-0.527903,1.45995,2.25597e-13,1.17270e-10
-0.5279023,1.45995,1.37668e-13,1.39368e-10
-0.5279023,1.45995,6.39488e-14,1.71525e-13
-0.5279022,1.45995,2.37144e-13,3.03860e-10
-0.5279022,1.45995,4.35207e-14,2.88747e-10
-0.5279017,1.459951,2.36255e-13,3.84599e-10
-0.5279014,1.459951,1.11022e-13,3.66684e-10
-0.527901,1.459951,3.49054e-13,2.13357e-11
-0.527901,1.459952,2.75335e-13,3.49327e-10
-0.527901,1.459952,1.25233e-13,1.51725e-13
-0.5279004,1.459952,1.00364e-13,2.26235e-10
-0.5279002,1.459953,2.90434e-13,2.86739e-10
-0.5278998,1.459954,1.10134e-13,5.12951e-11
-0.5278991,1.459953,1.16351e-13,2.45519e-11
-0.527899,1.459952,2.72671e-13,2.67983e-10
-0.5278983,1.459952,1.10134e-13,3.44260e-10
-0.5278979,1.459952,1.55431e-13,3.15410e-10
-0.5278973,1.459953,2.06057e-13,3.76807e-10
-0.527897,1.459953,1.73195e-13,2.33215e-10
-0.5278966,1.459953,4.17444e-14,3.89499e-10
-0.5278962,1.459954,4.97380e-14,1.45442e-10
-0.5278959,1.459954,2.39808e-14,1.55484e-10
-0.5278954,1.459954,2.19380e-13,2.13928e-10
-0.5278951,1.459954,1.09246e-13,1.03976e-10
-0.5278946,1.459955,2.48690e-14,1.47828e-10
-0.5278941,1.459955,9.59233e-14,3.82136e-10
-0.5278937,1.459955,4.44089e-14,3.56549e-10
-0.527893,1.459955,7.63833e-14,3.14737e-10
-0.5278927,1.459956,2.30926e-13,3.91410e-10
-0.5278926,1.459956,8.61533e-14,5.81999e-11
-0.5278921,1.459956,8.26006e-14,3.40072e-10
-0.5278917,1.459957,1.50990e-13,1.22710e-11
-0.5278911,1.459959,1.07470e-13,1.37185e-10
-0.5278908,1.459959,8.43769e-14,5.30639e-12
-0.5278907,1.459959,7.90479e-14,5.59244e-11
-0.5278905,1.459958,7.37188e-14,3.86128e-11
-0.5278902,1.459958,2.83329e-13,1.95348e-10
-0.5278898,1.459958,1.15463e-13,1.69403e-11
-0.5278898,1.459958,6.30607e-14,1.92563e-12
-0.5278898,1.459959,1.46549e-13,3.40667e-10
-0.5278897,1.459959,1.81188e-13,5.84514e-11
-0.5278893,1.459961,2.71783e-13,7.70819e-11
-0.5278888,1.459961,1.11022e-13,7.24052e-13
-0.5278886,1.459962,4.79616e-14,2.48376e-10
-0.5278881,1.459963,1.24345e-13,1.89787e-10
-0.527888,1.459962,2.94875e-13,1.62011e-10
-0.5278877,1.459963,1.10134e-13,3.49100e-10
-0.527887,1.459963,8.34888e-14,1.55200e-10
-0.5278863,1.459964,7.81597e-14,3.75161e-10
-0.5278861,1.459964,1.19904e-13,1.40065e-10
-0.5278841,1.459965,2.71783e-13,1.36756e-10
-0.5278836,1.459966,1.89182e-13,4.36224e-11
-0.527883,1.459966,1.09246e-13,1.34639e-10
-0.5278828,1.459966,7.99361e-14,1.99237e-10
-0.5278823,1.459965,1.89182e-13,4.08802e-11
-0.527882,1.459966,1.98064e-13,2.97841e-10
-0.5278814,1.459966,9.41469e-14,3.48208e-10
-0.5278811,1.459966,1.01252e-13,3.83561e-10
-0.5278811,1.459966,2.30926e-14,1.54194e-10
-0.5278808,1.459965,1.70530e-13,1.61844e-10
-0.5278807,1.459966,6.75016e-14,3.64346e-10
-0.5278807,1.459966,5.86198e-14,6.85624e-13
-0.5278801,1.459967,1.28786e-13,4.77456e-13
-0.52788,1.459967,1.77636e-13,9.88749e-11
-0.52788,1.459967,1.46549e-13,3.61371e-10
-0.5278796,1.459967,1.58096e-13,3.30453e-10
-0.527879,1.459966,1.51879e-13,1.30198e-10
-0.5278787,1.459966,9.94760e-14,3.21527e-10
-0.5278783,1.459967,3.46390e-14,4.52655e-11
-0.5278776,1.459967,1.07470e-13,3.03243e-10
-0.5278771,1.459968,1.76748e-13,2.27597e-10
-0.5278769,1.459968,1.64313e-13,1.43138e-10
-0.5278767,1.459968,2.90434e-13,2.25841e-10
-0.5278767,1.459968,1.88294e-13,5.98198e-12
-0.5278763,1.459969,9.41469e-14,2.72650e-10
-0.5278761,1.459969,2.70006e-13,2.21467e-10
-0.5278758,1.45997,1.80300e-13,2.48963e-10
-0.5278749,1.459972,1.42997e-13,3.05635e-10
-0.5278748,1.459973,3.31291e-13,3.05996e-10
-0.5278745,1.459973,1.66089e-13,8.33716e-12
-0.5278744,1.459973,1.88294e-13,2.72522e-10
-0.5278724,1.459975,2.18492e-13,1.59141e-10
-0.5278724,1.459974,5.95080e-14,2.98456e-12
-0.5278719,1.459975,3.10862e-13,1.10676e-10
-0.5278716,1.459975,2.22045e-13,2.04260e-10
-0.5278712,1.459976,5.15143e-14,3.13660e-10
-0.5278711,1.459976,9.68114e-14,2.02804e-10
-0.5278708,1.459977,6.30607e-14,1.95786e-10
-0.5278706,1.459977,2.64677e-13,4.56117e-11
-0.5278703,1.459976,7.72715e-14,2.20128e-10
-0.5278701,1.459977,7.19425e-14,2.52319e-10
-0.5278698,1.459977,7.81597e-14,2.32436e-10
-0.5278695,1.459977,1.15463e-13,6.84455e-11
-0.5278695,1.459977,2.36255e-13,2.67556e-10
-0.5278693,1.459978,1.07470e-13,3.62201e-10
-0.5278691,1.459977,1.07470e-13,2.64903e-10
-0.5278687,1.459978,1.33227e-13,6.68618e-13
-0.5278686,1.459978,2.84217e-14,1.26526e-11
-0.5278681,1.459979,1.63425e-13,1.83142e-10
-0.5278677,1.459978,1.02141e-13,2.17260e-10
-0.5278672,1.459977,2.62901e-13,5.37553e-11
-0.527867,1.459978,1.42109e-13,3.44979e-11
-0.5278669,1.459977,2.88658e-13,8.17647e-11
-0.5278665,1.459978,1.77636e-13,6.80469e-11
-0.5278662,1.459978,2.62013e-13,2.69634e-10
-0.5278661,1.459978,2.80664e-13,4.43391e-11
-0.5278657,1.459979,5.41789e-14,1.83442e-10
-0.5278656,1.459979,1.50990e-14,1.55314e-10
-0.5278652,1.459979,3.90799e-14,2.11139e-10
-0.5278649,1.459978,1.25233e-13,2.37632e-10
-0.5278649,1.459978,9.23706e-14,4.78075e-13
-0.5278648,1.459979,1.62537e-13,1.57445e-10
-0.5278644,1.459979,1.82965e-13,5.52178e-11
-0.5278641,1.45998,1.16351e-13,1.58891e-10
-0.527864,1.45998,7.72715e-14,1.57503e-10
-0.5278638,1.45998,2.66454e-14,3.58931e-10
-0.5278633,1.45998,1.30562e-13,2.45029e-10
-0.5278631,1.45998,1.68754e-13,2.89971e-10
-0.5278627,1.45998,8.52651e-14,2.82227e-10
-0.5278622,1.45998,8.52651e-14,3.40351e-10
-0.5278621,1.45998,2.38920e-13,2.67416e-10
-0.5278617,1.45998,6.66134e-14,2.39456e-10
-0.5278614,1.459979,8.61533e-14,1.24329e-10
-0.5278613,1.459979,1.58984e-13,1.29966e-10
-0.527861,1.459979,3.73035e-14,2.94076e-11
-0.5278603,1.459979,1.85629e-13,1.20675e-10
-0.5278601,1.459979,2.78888e-13,1.08772e-10
-0.5278597,1.45998,1.19016e-13,1.46739e-10
-0.5278596,1.45998,6.75016e-14,8.04630e-11
-0.5278595,1.45998,7.28306e-14,2.20439e-10
-0.5278592,1.45998,1.17240e-13,3.27562e-10
-0.5278592,1.459979,1.52767e-13,3.00938e-10
-0.5278585,1.459979,2.58460e-13,2.72734e-10
-0.5278584,1.459979,1.21680e-13,3.63657e-11
-0.5278582,1.459978,1.29674e-13,2.78248e-10
-0.5278578,1.459979,1.63425e-13,1.85259e-10
-0.5278575,1.45998,2.30926e-13,2.64346e-10
-0.5278575,1.45998,1.46549e-13,3.40977e-10
-0.5278572,1.459981,7.10543e-14,1.07245e-10
-0.5278569,1.459982,5.06262e-14,3.29194e-10
-0.5278568,1.459982,1.06581e-13,1.26481e-10
-0.5278568,1.459982,8.70415e-14,1.57596e-12
-0.5278564,1.459981,3.99680e-14,1.40876e-10
-0.5278561,1.45998,1.89182e-13,3.29878e-10
-0.5278557,1.459981,1.62537e-13,1.99765e-10
-0.5278556,1.459981,2.82441e-13,3.20346e-10
-0.5278555,1.45998,9.05942e-14,7.79531e-11
-0.5278552,1.45998,3.22409e-13,1.66264e-10
-0.5278546,1.459977,2.15827e-13,3.39830e-11
-0.527854,1.459976,6.51923e-13,2.17347e-10
-0.5278539,1.459976,3.90799e-14,1.29473e-10
-0.5278537,1.459977,2.82441e-13,2.17008e-10
-0.5278533,1.459978,1.77636e-13,2.24873e-10
-0.5278528,1.459979,2.04281e-14,3.56800e-10
-0.5278526,1.459978,5.59552e-14,2.99217e-10
-0.5278506,1.459983,3.47278e-13,3.43542e-10
-0.5278505,1.459983,1.27898e-13,2.93255e-10
-0.5278504,1.459983,2.91323e-13,1.91025e-10
-0.5278503,1.459983,7.46070e-14,2.89360e-10
-0.52785,1.459983,1.93623e-13,2.79222e-11
-0.5278498,1.459984,4.26326e-14,7.32475e-11
-0.5278498,1.459984,7.37188e-14,4.67252e-11
-0.5278498,1.459984,1.69642e-13,2.51923e-10
-0.527849,1.459985,4.08562e-13,5.58890e-11
-0.527849,1.459985,7.99361e-14,2.19235e-10
-0.5278488,1.459985,1.12799e-13,1.73431e-10
-0.5278487,1.459985,4.97380e-14,1.90910e-10
-0.5278485,1.459985,4.06786e-13,1.31477e-10
-0.5278485,1.459985,4.08562e-14,2.63620e-10
-0.5278481,1.459986,1.86517e-13,2.46003e-10
-0.5278479,1.459986,1.95399e-13,2.96110e-10
-0.5278477,1.459986,8.08242e-14,1.38838e-10
-0.5278477,1.459986,9.94760e-14,3.41093e-10
-0.5278475,1.459987,2.01617e-13,1.51436e-10
-0.5278472,1.459986,1.46549e-13,3.03584e-10
-0.5278467,1.459987,2.04281e-13,1.23245e-11
-0.5278465,1.459987,1.12799e-13,2.99279e-10
-0.5278462,1.459987,2.30038e-13,1.57233e-10
-0.5278457,1.459988,2.53131e-13,1.48752e-11
-0.5278453,1.459988,4.72511e-13,2.90638e-11
-0.5278449,1.459988,1.27010e-13,3.51652e-10
-0.5278443,1.459989,3.19744e-13,1.84929e-10
-0.5278442,1.459988,8.17124e-14,9.31804e-11
-0.5278436,1.459988,4.35207e-14,1.48782e-10
-0.5278435,1.459989,3.59712e-13,3.63212e-10
-0.5278431,1.459989,8.70415e-14,2.76817e-10
-0.5278427,1.45999,6.39488e-14,3.21197e-10
-0.5278425,1.459989,3.89022e-13,2.75861e-10
-0.5278421,1.459989,1.31450e-13,2.96483e-10
-0.5278418,1.459989,2.02505e-13,3.48694e-10
-0.5278407,1.459989,1.17240e-13,1.08457e-10
-0.5278405,1.459989,9.50351e-14,1.84667e-11
-0.5278404,1.45999,2.10498e-13,9.98234e-11
-0.5278402,1.45999,1.47438e-13,1.48874e-10
-0.5278401,1.45999,2.17604e-13,4.12912e-11
-0.5278398,1.45999,8.52651e-14,1.81151e-10
-0.5278359,1.459992,1.27898e-13,1.89103e-10
-0.5278355,1.459993,6.30607e-14,2.32481e-10
-0.5278351,1.459993,7.99361e-14,1.02847e-11
-0.5278348,1.459993,3.37508e-13,3.10992e-10
-0.5278345,1.459994,3.49942e-13,1.40133e-10
-0.5278338,1.459994,1.09246e-13,2.86651e-10
-0.5278338,1.459994,1.47438e-13,1.26227e-13
-0.5278336,1.459995,2.38032e-13,3.33020e-10
-0.5278332,1.459994,2.93099e-14,3.62118e-11
-0.5278331,1.459994,3.37508e-14,2.66423e-10
-0.5278329,1.459994,1.46549e-13,8.22263e-11
-0.5278324,1.459994,1.50102e-13,2.18496e-10
-0.5278321,1.459994,2.56684e-13,8.02151e-12
-0.5278319,1.459995,1.81188e-13,1.63044e-10
-0.5278317,1.459995,2.14939e-13,2.12428e-10
-0.5278317,1.459995,2.06946e-13,6.10107e-13
-0.5278314,1.459995,1.80300e-13,3.21053e-10
-0.527831,1.459996,2.00728e-13,2.65213e-10
-0.5278308,1.459996,2.45137e-13,2.16115e-10
-0.5278307,1.459997,9.50351e-14,3.12392e-10
-0.5278306,1.459997,1.21680e-13,2.27494e-10
-0.5278306,1.459997,1.14575e-13,2.09854e-10
-0.5278304,1.459997,1.06581e-13,3.00080e-10
-0.5278302,1.459997,7.99361e-14,3.24101e-10
-0.5278297,1.459998,2.04281e-14,1.14162e-10
-0.5278294,1.459998,1.40332e-13,2.04371e-12
-0.5278293,1.459998,7.19425e-14,1.15120e-10
-0.5278293,1.459999,1.25233e-13,1.47569e-10
-0.5278292,1.459998,5.86198e-14,1.56830e-10
-0.5278289,1.459998,2.23821e-13,1.09922e-10
-0.5278289,1.459997,4.52971e-14,2.29912e-10
-0.5278286,1.459997,2.27374e-13,9.74457e-11
-0.5278285,1.459997,1.16351e-13,2.81478e-10
-0.5278279,1.459997,1.96287e-13,3.30492e-10
-0.5278275,1.459997,8.52651e-14,3.08162e-10
-0.5278272,1.459997,2.16716e-13,7.74134e-11
-0.5278272,1.459997,1.32339e-13,3.17185e-10
-0.5278267,1.459997,1.11022e-13,2.37446e-10
-0.5278265,1.459997,2.55795e-13,2.82181e-10
-0.5278265,1.459998,3.19744e-14,1.62400e-10
-0.5278259,1.459997,1.47438e-13,1.10304e-10
-0.5278255,1.459997,2.14051e-13,2.73469e-10
-0.5278254,1.459997,1.28786e-13,6.44587e-11
-0.5278254,1.459997,9.41469e-14,8.22653e-11
-0.5278249,1.459997,1.42109e-13,3.08010e-10
-0.5278243,1.459998,2.53131e-13,3.06955e-11
-0.527824,1.459998,2.64677e-13,1.03728e-10
-0.5278239,1.459998,2.74447e-13,1.12238e-10
-0.5278238,1.459998,2.39808e-13,1.39865e-10
-0.5278237,1.459998,8.17124e-14,6.99321e-11
-0.5278235,1.459999,1.65201e-13,2.68367e-10
-0.5278233,1.459999,4.61853e-14,2.67395e-10
-0.5278232,1.459999,3.15303e-13,9.69068e-11
-0.5278226,1.459999,9.59233e-14,3.43199e-10
-0.5278226,1.459998,7.28306e-14,3.06837e-11
-0.5278223,1.459999,8.26006e-14,7.25535e-11
-0.527822,1.459998,2.51354e-13,2.02950e-10
-0.5278217,1.459999,1.67866e-13,3.98993e-11
-0.5278213,1.459999,1.59872e-13,2.40353e-10
-0.5278211,1.459999,6.57252e-14,2.61078e-10
-0.5278207,1.459999,2.77112e-13,6.42497e-12
-0.5278204,1.459999,6.48370e-14,1.70042e-11
-0.5278198,1.46,1.07470e-13,3.31078e-10
-0.5278194,1.460001,1.29674e-13,1.34958e-10
-0.5278191,1.460001,1.40332e-13,1.10496e-10
-0.5278187,1.460001,4.52971e-14,3.12713e-10
-0.5278186,1.460002,1.16351e-13,2.60034e-10
-0.5278184,1.460002,2.29150e-13,1.13833e-10
-0.5278179,1.460002,5.86198e-14,1.76165e-10
-0.5278178,1.460002,1.87406e-13,2.40691e-10
-0.5278177,1.460002,1.47438e-13,2.29390e-10
-0.5278177,1.460002,1.37668e-13,1.10704e-13
-0.5278174,1.460003,1.16351e-13,2.64541e-10
-0.5278173,1.460003,1.07470e-13,2.98358e-10
-0.5278171,1.460004,4.88498e-14,2.38383e-10
-0.5278167,1.460005,1.04805e-13,1.45994e-10
-0.5278166,1.460005,1.33227e-13,3.10076e-10
-0.5278161,1.460006,3.55271e-14,1.67090e-10
-0.5278159,1.460005,1.02141e-13,1.82605e-10
-0.5278153,1.460006,4.08562e-14,6.49946e-11
-0.5278149,1.460005,2.60236e-13,1.75195e-10
-0.5278148,1.460006,5.77316e-14,1.45811e-10
-0.5278145,1.460005,8.79297e-14,2.11489e-10
-0.5278144,1.460005,1.74083e-13,6.85629e-11
-0.5278144,1.460005,3.44613e-13,2.14182e-11
-0.5278143,1.460004,1.50990e-13,3.74587e-11
-0.5278139,1.460005,1.35891e-13,2.74575e-10
-0.5278139,1.460004,1.11022e-13,5.89609e-11
-0.5278136,1.460005,7.28306e-14,2.71365e-10
-0.5278136,1.460005,3.57048e-13,9.96295e-13
-0.5278133,1.460005,1.79412e-13,2.22359e-10
-0.5278131,1.460006,1.83853e-13,1.16647e-11
-0.5278129,1.460006,1.77636e-13,2.17214e-10
-0.5278126,1.460006,8.26006e-14,2.57603e-10
-0.527812,1.460006,8.97060e-14,8.00591e-11
-0.5278118,1.460006,1.95399e-13,7.71098e-11
-0.5278116,1.460007,8.97060e-14,2.04655e-10
-0.527811,1.460007,8.17124e-14,2.00215e-10
-0.5278109,1.460006,2.51354e-13,1.30167e-10
-0.5278106,1.460005,1.20792e-13,2.58101e-10
-0.5278104,1.460005,1.92735e-13,2.91971e-11
-0.5278104,1.460005,6.39488e-14,1.78398e-13
-0.5278103,1.460005,2.73559e-13,2.39529e-10
-0.5278099,1.460005,2.80664e-13,2.16372e-10
-0.5278098,1.460005,4.44089e-14,2.55874e-10
-0.5278096,1.460005,7.01661e-14,1.19964e-10
-0.5278091,1.460006,1.43885e-13,2.79025e-10
-0.5278089,1.460007,1.84741e-13,3.28918e-10
-0.5278084,1.460007,2.00728e-13,1.52368e-11
-0.527808,1.460007,3.04645e-13,1.81479e-10
-0.5278077,1.460007,2.38920e-13,2.23936e-10
-0.5278073,1.460007,1.01252e-13,3.16941e-10
-0.5278065,1.460009,2.04281e-14,9.19204e-11
-0.5278061,1.460009,1.42997e-13,2.37682e-10
-0.5278061,1.460009,1.70530e-13,4.44649e-14
-0.5278057,1.460009,1.10134e-13,1.82194e-10
-0.5278054,1.460009,1.57208e-13,2.78761e-10
-0.5278053,1.46001,1.19016e-13,1.62111e-10
-0.5278048,1.460009,4.45866e-13,1.36908e-10
-0.5278048,1.460009,9.94760e-14,5.01226e-13
-0.5278043,1.460009,4.44089e-14,1.29211e-10
-0.5278043,1.460009,7.46070e-14,7.35211e-13
-0.5278039,1.46001,3.09974e-13,1.67766e-10
-0.5278037,1.46001,1.95399e-13,1.23449e-10
-0.5278034,1.46001,6.03961e-14,1.35305e-10
-0.5278032,1.46001,4.26326e-14,2.26719e-10
-0.5278032,1.46001,2.44249e-13,4.16916e-13
-0.5278029,1.46001,1.38556e-13,2.14705e-10
-0.5278026,1.46001,1.68754e-14,2.15111e-10
-0.5278026,1.46001,6.83897e-14,4.10364e-13
-0.5278021,1.46001,3.81917e-14,2.27010e-11
-0.527802,1.46001,4.61853e-14,2.73774e-10
-0.5278016,1.460011,3.13527e-13,2.30300e-10
-0.5278014,1.460011,7.63833e-14,2.18813e-11
-0.5278011,1.460011,5.32907e-14,2.82843e-10
-0.5277968,1.460014,1.36779e-13,4.33579e-12
-0.527796,1.460015,1.12799e-13,3.80584e-11
-0.5277956,1.460015,1.65201e-13,7.81703e-11
-0.5277951,1.460015,2.45137e-13,1.17689e-10
-0.5277947,1.460016,3.51719e-13,2.92121e-11
-0.5277944,1.460016,1.59872e-13,2.91924e-10
-0.5277942,1.460016,5.95080e-14,1.67461e-10
-0.527794,1.460016,6.03961e-14,2.12892e-10
-0.5277936,1.460016,2.85993e-13,4.00744e-11
-0.5277933,1.460017,1.42109e-13,2.53269e-10
-0.5277932,1.460017,2.57572e-13,1.65395e-10
-0.5277932,1.460017,3.64153e-13,5.23534e-11
-0.5277928,1.460017,5.18696e-13,2.95224e-10
-0.5277924,1.460017,7.72715e-14,2.91417e-10
-0.5277923,1.460017,7.72715e-14,2.36960e-11
-0.5277919,1.460017,2.84217e-14,3.01855e-10
-0.5277916,1.460018,1.31450e-13,2.93513e-10
-0.5277911,1.460017,2.41585e-13,8.95690e-12
-0.5277908,1.460018,1.25233e-13,2.11048e-10
-0.5277906,1.460018,5.86198e-14,8.11243e-11
-0.5277903,1.460018,7.54952e-14,2.06121e-10
-0.5277902,1.460019,1.50102e-13,2.33512e-10
-0.52779,1.460019,1.29674e-13,6.17802e-11
-0.52779,1.460019,1.30562e-13,1.31341e-12
-0.5277897,1.460019,1.35003e-13,2.99290e-10
-0.5277895,1.46002,1.90958e-13,8.36948e-11
-0.5277894,1.46002,1.62537e-13,1.40833e-10
-0.5277888,1.460021,1.43885e-13,1.57665e-10
-0.5277885,1.460021,2.01617e-13,2.22242e-10
-0.5277881,1.46002,6.48370e-14,9.02998e-11
-0.5277881,1.46002,5.52447e-13,4.28784e-13
-0.5277875,1.460021,1.48326e-13,3.00777e-10
-0.5277872,1.460022,1.55431e-13,1.09492e-10
-0.5277871,1.460021,1.71418e-13,2.10461e-10
-0.5277871,1.460021,1.11910e-13,1.08903e-12
-0.5277868,1.460022,1.34115e-13,1.03535e-10
-0.5277863,1.460022,1.70530e-13,6.14525e-12
-0.5277862,1.460022,8.79297e-14,2.94174e-10
-0.5277858,1.460022,4.88498e-14,2.35297e-10
-0.5277855,1.460022,2.17604e-13,1.00045e-10
-0.5277847,1.460022,4.17444e-14,2.28032e-10
-0.5277836,1.460024,1.67866e-13,4.53343e-11
-0.5277833,1.460024,1.66089e-13,1.99952e-10
-0.527783,1.460025,1.10134e-13,2.38783e-10
-0.5277828,1.460025,2.62901e-13,7.02402e-11
-0.5277824,1.460025,2.92211e-13,2.15373e-10
-0.5277822,1.460025,1.42109e-13,6.98234e-11
-0.5277819,1.460026,8.88178e-14,1.70344e-10
-0.5277816,1.460027,2.18492e-13,5.21543e-11
-0.5277815,1.460027,4.70735e-14,1.24405e-11
-0.5277813,1.460027,1.63425e-13,2.68593e-10
-0.5277811,1.460026,6.48370e-14,2.02540e-10
-0.527781,1.460026,2.03393e-13,2.98104e-11
-0.5277804,1.460028,1.34115e-13,1.93406e-10
-0.5277802,1.460028,1.28786e-13,8.41202e-11
-0.5277797,1.460029,2.12275e-13,2.08000e-11
-0.5277797,1.460029,9.23706e-14,6.97190e-13
-0.5277797,1.460029,1.92735e-13,2.35172e-10
-0.5277793,1.460029,8.17124e-14,2.07325e-10
-0.5277792,1.460029,3.05533e-13,2.39215e-10
-0.527779,1.46003,1.42109e-13,2.70679e-10
-0.5277787,1.460029,1.16351e-13,5.33144e-12
-0.5277783,1.460029,2.19380e-13,1.39932e-10
-0.527778,1.460029,1.58096e-13,1.45194e-10
-0.5277778,1.460028,1.18128e-13,1.90217e-10
-0.5277776,1.460029,2.59348e-13,2.58200e-10
-0.5277771,1.460029,2.52243e-13,2.40016e-10
-0.527777,1.46003,7.99361e-14,2.47992e-10
-0.5277767,1.46003,7.01661e-14,4.00562e-11
-0.5277767,1.46003,1.09246e-13,5.50829e-13
-0.5277765,1.46003,2.14939e-13,4.36273e-11
-0.5277761,1.460031,3.28626e-13,5.37950e-11
-0.527776,1.460031,2.04281e-13,2.64778e-10
-0.5277758,1.460031,3.12639e-13,2.14754e-10
-0.5277756,1.460031,1.32339e-13,4.35651e-11
-0.5277755,1.460031,2.23821e-13,2.82989e-10
-0.5277751,1.460031,6.03961e-14,5.85952e-11
-0.527775,1.460031,3.36620e-13,9.37777e-11
-0.5277749,1.460031,2.16716e-13,1.58498e-10
-0.5277746,1.460031,1.04805e-13,6.60286e-11
-0.5277745,1.460031,2.02505e-13,1.05493e-10
-0.5277742,1.460031,2.92211e-13,5.79201e-11
-0.5277735,1.460032,3.65930e-13,4.87594e-11
-0.5277732,1.460032,3.52607e-13,2.40474e-10
-0.527773,1.460032,1.58096e-13,1.90781e-10
-0.5277727,1.460032,1.02141e-13,1.09125e-10
-0.5277727,1.460032,5.77316e-14,4.35715e-11
-0.5277723,1.460033,1.61648e-13,2.56293e-10
-0.5277719,1.460032,3.19744e-13,7.01634e-11
-0.5277717,1.460033,6.03961e-14,2.25337e-10
-0.5277716,1.460033,6.75016e-14,1.18719e-10
-0.5277712,1.460033,1.82077e-13,1.72148e-10
-0.5277711,1.460034,4.97380e-14,1.02909e-11
-0.5277708,1.460034,1.63425e-13,2.57927e-10
-0.5277705,1.460034,3.21521e-13,9.38647e-11
-0.5277703,1.460034,1.10134e-13,1.53932e-10
-0.52777,1.460034,3.13527e-13,7.07818e-11
-0.5277698,1.460035,2.62013e-13,1.49236e-10
-0.5277694,1.460035,2.87770e-13,2.61206e-10
-0.5277694,1.460035,3.03757e-13,1.05124e-10
-0.5277693,1.460036,1.45661e-13,2.46881e-10
-0.5277692,1.460035,1.57208e-13,2.62057e-10
-0.527769,1.460035,8.26006e-14,9.76157e-12
-0.5277689,1.460035,8.43769e-14,2.34795e-10
-0.5277688,1.460035,1.73195e-13,6.91365e-11
-0.5277684,1.460035,1.43885e-13,1.95230e-10
-0.5277682,1.460035,1.15463e-13,1.41939e-10
-0.5277677,1.460035,1.82965e-13,2.58957e-10
-0.5277672,1.460035,2.24709e-13,2.07283e-10
-0.5277671,1.460036,1.13687e-13,1.11711e-10
-0.5277669,1.460036,1.08358e-13,5.65587e-11
-0.5277665,1.460037,8.26006e-14,1.27449e-10
-0.5277665,1.460037,2.10498e-13,1.63752e-11
-0.5277661,1.460038,6.75016e-14,1.85332e-10
-0.5277658,1.460038,7.10543e-14,2.75018e-10
-0.5277656,1.460039,1.42109e-13,1.25795e-10
-0.5277654,1.460039,1.42109e-13,1.85350e-10
-0.5277653,1.46004,1.03917e-13,2.37668e-10
-0.5277651,1.460039,1.92735e-13,1.73274e-10
-0.5277647,1.460039,2.85993e-13,1.22586e-10
-0.5277644,1.460039,2.88658e-13,2.62279e-10
-0.527764,1.460039,3.67706e-13,1.66913e-10
-0.5277633,1.46004,1.47438e-13,2.80641e-10
-0.5277633,1.46004,3.31291e-13,2.79477e-10
-0.5277632,1.460041,1.24345e-13,2.75307e-11
-0.5277632,1.46004,7.63833e-14,2.15709e-10
-0.5277632,1.460041,6.83897e-14,1.42183e-10
-0.5277631,1.460041,2.00728e-13,2.27401e-10
-0.5277629,1.460042,1.83853e-13,2.25295e-11
-0.5277624,1.460042,2.95763e-13,1.14121e-10
-0.5277622,1.460041,5.24025e-14,7.93240e-11
-0.5277622,1.460041,1.61648e-13,1.23905e-10
-0.5277619,1.460041,3.28626e-14,1.42070e-10
-0.5277618,1.460041,1.32339e-13,1.66174e-10
-0.5277617,1.460041,1.06581e-13,1.05387e-10
-0.5277616,1.460041,1.91847e-13,4.01572e-11
-0.5277615,1.460041,1.75859e-13,2.16605e-10
-0.5277612,1.460042,1.06581e-13,2.54642e-10
-0.5277609,1.460042,1.19904e-13,1.79625e-10
-0.5277606,1.460043,2.28262e-13,1.86787e-10
-0.5277604,1.460043,1.12799e-13,2.28274e-11
-0.5277603,1.460043,5.95080e-14,1.32644e-10
-0.5277602,1.460043,1.66089e-13,9.59018e-11
-0.5277598,1.460043,5.77316e-14,2.81581e-10
-0.5277597,1.460042,9.68114e-14,1.88652e-10
-0.5277595,1.460043,5.95080e-14,9.41545e-12
-0.5277595,1.460043,6.03961e-14,5.97716e-11
-0.5277593,1.460043,2.27374e-13,2.73078e-10
-0.5277589,1.460043,1.21680e-13,2.99600e-11
-0.5277588,1.460043,1.13687e-13,2.88985e-10
-0.5277586,1.460043,1.24345e-13,1.60571e-10
-0.5277583,1.460044,1.23457e-13,3.79628e-12
-0.5277583,1.460044,1.75859e-13,1.95606e-13
-0.527758,1.460045,2.50466e-13,1.36928e-10
-0.5277579,1.460045,1.62537e-13,6.08183e-11
-0.5277577,1.460045,4.31655e-13,2.90269e-10
-0.5277571,1.460046,7.46070e-14,5.74032e-11
-0.5277564,1.460047,4.97380e-14,2.53220e-10
-0.5277564,1.460047,6.21725e-14,2.73304e-10
-0.5277563,1.460046,1.99840e-13,2.27383e-10
-0.527756,1.460047,2.34479e-13,1.35299e-10
-0.5277556,1.460048,8.52651e-14,6.32479e-11
-0.5277553,1.460049,1.56319e-13,1.26854e-10
-0.5277548,1.460049,1.11022e-13,8.98339e-11
-0.5277548,1.460049,1.11910e-13,5.56657e-11
-0.5277546,1.46005,6.75016e-14,1.48867e-10
-0.5277541,1.460049,1.43885e-13,6.45722e-11
-0.5277537,1.460049,2.09610e-13,2.38509e-10
-0.5277534,1.460049,1.74971e-13,9.61769e-11
-0.5277532,1.460049,1.43885e-13,2.95870e-10
-0.5277531,1.46005,8.61533e-14,2.08740e-10
-0.5277527,1.46005,8.52651e-14,2.68549e-10
-0.5277527,1.46005,1.82965e-13,1.04721e-10
-0.5277527,1.460051,3.30402e-13,2.29437e-10
-0.5277526,1.460051,1.61648e-13,1.84390e-11
-0.5277524,1.460051,4.13891e-13,2.65215e-10
-0.5277524,1.460051,1.73195e-13,3.39844e-11
-0.5277524,1.460051,2.65565e-13,1.69711e-10
-0.5277523,1.460051,3.19744e-13,9.57391e-11
-0.5277519,1.460051,2.66454e-13,2.52158e-10
-0.5277517,1.460051,7.37188e-14,2.55525e-10
-0.5277516,1.460051,1.39444e-13,9.15812e-11
-0.5277514,1.460052,1.26121e-13,1.55447e-10
-0.5277514,1.460051,1.59872e-13,9.13299e-11
-0.5277512,1.460052,1.07470e-13,1.63328e-10
-0.527751,1.460052,2.38032e-13,7.53977e-11
-0.5277509,1.460052,1.40332e-13,2.91316e-10
-0.5277507,1.460052,2.73559e-13,9.65609e-11
-0.5277506,1.460052,2.14939e-13,7.46598e-11
-0.5277506,1.460051,1.49214e-13,1.34630e-11
-0.5277506,1.460051,7.90479e-14,2.95594e-10
-0.5277504,1.460052,1.69642e-13,1.53904e-10
-0.5277502,1.460052,1.77636e-13,5.37356e-11
-0.5277499,1.460052,6.12843e-14,2.19439e-10
-0.5277495,1.460053,1.84741e-13,3.14134e-11
-0.5277495,1.460052,3.24185e-13,2.67992e-10
-0.5277494,1.460052,2.37144e-13,1.42743e-10
-0.5277492,1.460052,6.39488e-14,1.35781e-11
-0.5277492,1.460052,5.40012e-13,4.49621e-13
-0.527749,1.460052,2.38920e-13,2.32495e-10
-0.5277484,1.460053,1.33227e-13,2.53702e-10
-0.5277484,1.460053,2.16716e-13,3.77960e-11
-0.5277465,1.460054,7.28306e-14,1.69118e-10
-0.527746,1.460054,2.62901e-13,1.25313e-10
-0.527746,1.460054,2.77112e-13,8.04593e-13
-0.5277457,1.460054,3.07310e-13,3.65177e-11
-0.5277455,1.460054,1.16351e-13,1.21365e-10
-0.5277454,1.460054,3.34843e-13,1.73291e-10
-0.527745,1.460054,7.28306e-14,2.69016e-10
-0.5277449,1.460055,9.59233e-14,4.12233e-12
-0.5277449,1.460054,7.46070e-14,1.12451e-14
-0.5277448,1.460054,1.24345e-13,5.82315e-11
-0.5277444,1.460055,7.63833e-14,1.22384e-10
-0.5277443,1.460055,2.27374e-13,2.40500e-10
-0.5277439,1.460056,4.44089e-14,2.07812e-10
-0.5277438,1.460056,1.90958e-13,2.82629e-10
-0.5277436,1.460057,1.34115e-13,2.07598e-11
-0.5277434,1.460056,3.41061e-13,1.99971e-10
-0.5277434,1.460056,2.76223e-13,1.57402e-10
-0.5277429,1.460056,1.31450e-13,2.48098e-10
-0.5277428,1.460056,4.44089e-14,1.13714e-13
-0.5277427,1.460056,1.17240e-13,2.07609e-10
-0.5277427,1.460056,2.27374e-13,2.18873e-10
-0.5277427,1.460056,5.24025e-14,1.37163e-11
-0.5277424,1.460056,5.32907e-14,1.06818e-10
-0.5277423,1.460056,1.27898e-13,1.33298e-10
-0.5277421,1.460056,1.47438e-13,2.49319e-10
-0.5277421,1.460056,2.19380e-13,6.22896e-11
-0.5277415,1.460057,1.05693e-13,8.01781e-11
-0.5277412,1.460057,5.15143e-14,2.84566e-10
-0.5277411,1.460057,8.43769e-14,2.44871e-10
-0.527741,1.460057,1.20792e-13,1.89708e-10
-0.5277408,1.460058,2.14051e-13,2.49239e-10
-0.5277408,1.460058,9.32587e-14,2.37052e-10
-0.5277407,1.460058,1.74971e-13,1.73586e-10
-0.5277402,1.460058,1.12799e-13,2.57480e-10
-0.5277398,1.460059,6.57252e-14,9.66282e-12
-0.5277396,1.46006,5.50671e-14,4.19983e-11
-0.5277393,1.46006,3.24185e-13,1.45796e-10
-0.5277388,1.460061,1.85629e-13,2.49416e-10
-0.5277385,1.460061,2.57572e-13,2.37644e-10
-0.5277381,1.460061,1.56319e-13,2.78813e-10
-0.5277374,1.460061,2.25597e-13,1.66236e-10
-0.5277374,1.460061,1.95399e-13,3.18280e-12
-0.5277373,1.460062,4.20997e-13,1.84963e-10
-0.5277371,1.460062,1.70530e-13,1.87272e-10
-0.527737,1.460062,1.63425e-13,5.04380e-11
-0.5277366,1.460063,1.52767e-13,2.31370e-10
-0.5277359,1.460062,1.00364e-13,1.51321e-11
-0.5277358,1.460063,9.68114e-14,1.74489e-10
-0.5277353,1.460064,1.83853e-13,1.60095e-10
-0.5277349,1.460064,5.86198e-14,1.05735e-10
-0.5277349,1.460064,1.33227e-13,3.69419e-11
-0.5277343,1.460065,2.91323e-13,1.60112e-10
-0.5277342,1.460065,8.26006e-14,2.72855e-10
-0.527734,1.460065,2.27374e-13,1.44197e-10
-0.527734,1.460065,2.72671e-13,2.45046e-11
-0.5277339,1.460066,3.53495e-13,1.14111e-10
-0.5277337,1.460066,1.40332e-13,2.48420e-10
-0.5277337,1.460066,4.00568e-13,9.65892e-11
-0.5277335,1.460066,2.11386e-13,1.51267e-10
-0.5277328,1.460066,4.61853e-14,2.60889e-10
-0.5277325,1.460067,1.67866e-13,9.91285e-11
-0.5277323,1.460067,3.11751e-13,2.47012e-10
-0.5277317,1.460067,6.39488e-14,4.26783e-11
-0.5277316,1.460068,1.32339e-13,2.05919e-10
-0.5277314,1.460068,1.40332e-13,1.53892e-11
-0.5277313,1.460068,3.90799e-13,7.67305e-11
-0.5277308,1.460067,2.00728e-13,6.25609e-11
-0.5277308,1.460067,4.58300e-13,1.49836e-13
-0.5277305,1.460067,2.54019e-13,2.28046e-10
-0.5277305,1.460067,1.35003e-13,2.96709e-11
-0.5277305,1.460067,5.59552e-14,9.05003e-13
-0.5277304,1.460067,1.30562e-13,1.04476e-10
-0.5277303,1.460067,3.22409e-13,2.71183e-10
-0.5277299,1.460067,1.53655e-13,3.94395e-11
-0.5277297,1.460068,6.83897e-14,2.24459e-10
-0.5277296,1.460068,6.66134e-14,2.90127e-13
-0.5277294,1.460068,1.80300e-13,2.00339e-10
-0.5277293,1.460068,2.23821e-13,1.72558e-10
-0.5277291,1.460068,1.64313e-13,3.20294e-11
-0.5277291,1.460068,6.66134e-14,3.20271e-13
-0.5277289,1.460068,2.32703e-13,1.49076e-10
-0.5277289,1.460068,2.45137e-13,8.14978e-13
-0.5277287,1.460068,2.93099e-14,2.42926e-10
-0.5277285,1.460068,1.88294e-13,2.02583e-10
-0.5277283,1.460068,1.36779e-13,1.40940e-10
-0.5277283,1.460068,1.02141e-13,6.58136e-13
-0.5277282,1.460068,7.28306e-14,9.36018e-11
-0.5277282,1.460068,1.98064e-13,6.79664e-13
-0.5277279,1.460068,1.32339e-13,1.63140e-10
-0.5277279,1.460068,1.58096e-13,1.86306e-13
-0.5277278,1.460068,1.83853e-13,8.57277e-11
-0.5277275,1.460068,1.67866e-13,5.24488e-11
-0.5277273,1.460068,1.89182e-13,2.24704e-10
-0.5277272,1.460068,2.09610e-13,2.26007e-10
-0.5277265,1.460069,6.92779e-14,7.46011e-11
-0.5277265,1.460069,1.00364e-13,3.75038e-13
-0.5277262,1.46007,2.24709e-13,2.35733e-11
-0.5277261,1.46007,1.53655e-13,1.36908e-10
-0.5277261,1.46007,4.79616e-14,5.64403e-13
-0.5277259,1.46007,1.43885e-13,2.31253e-10
-0.5277258,1.46007,2.75335e-13,2.10241e-10
-0.5277256,1.46007,1.11022e-13,1.75225e-10
-0.5277254,1.46007,1.21680e-13,2.28186e-10
-0.5277253,1.46007,2.31815e-13,2.64425e-10
-0.5277252,1.460071,1.44773e-13,8.02230e-11
-0.527725,1.46007,1.48326e-13,7.55184e-11
-0.5277249,1.46007,2.98428e-13,1.17617e-10
-0.5277248,1.46007,3.16192e-13,5.52357e-11
-0.5277248,1.460071,3.21521e-13,1.75354e-10
-0.5277245,1.460071,7.10543e-14,1.45373e-10
-0.5277243,1.460071,2.48690e-14,9.59866e-11
-0.5277243,1.460071,5.50671e-13,2.37260e-13
-0.5277241,1.460071,3.37508e-13,1.73257e-10
-0.5277237,1.460071,1.29674e-13,4.65466e-11
-0.5277236,1.460072,3.03757e-13,2.54601e-10
-0.5277233,1.460072,1.34115e-13,4.07067e-11
-0.5277231,1.460073,8.88178e-14,2.59086e-10
-0.5277229,1.460072,1.08358e-13,1.40762e-10
-0.5277227,1.460073,1.03917e-13,2.06945e-10
-0.5277226,1.460073,1.15463e-13,2.36882e-10
-0.527722,1.460074,2.21156e-13,1.88811e-10
-0.5277217,1.460074,1.23457e-13,1.55929e-10
-0.5277215,1.460075,1.52767e-13,1.19324e-10
-0.5277213,1.460074,2.73559e-13,2.06562e-10
-0.5277212,1.460075,2.90434e-13,2.03647e-10
-0.527721,1.460076,2.14939e-13,1.48717e-12
-0.5277209,1.460076,3.48166e-13,1.76612e-10
-0.5277209,1.460075,1.90958e-13,2.10075e-10
-0.5277206,1.460075,3.12639e-13,1.76514e-10
-0.5277204,1.460074,1.40332e-13,2.30796e-10
-0.52772,1.460075,9.68114e-14,9.71554e-11
-0.52772,1.460075,1.07470e-13,1.39183e-10
-0.5277195,1.460075,6.57252e-14,9.03097e-11
-0.5277195,1.460075,1.62537e-13,1.23649e-10
-0.5277191,1.460075,1.39444e-13,1.40154e-10
-0.5277185,1.460075,1.05693e-13,1.89041e-10
-0.5277182,1.460075,1.69642e-13,5.57511e-11
-0.5277177,1.460075,1.02141e-13,1.77624e-10
-0.5277174,1.460075,3.73035e-14,2.33417e-10
-0.5277173,1.460075,7.46070e-14,1.22325e-10
-0.5277172,1.460075,3.01092e-13,1.59821e-10
-0.5277172,1.460075,1.26121e-13,2.46900e-13
-0.5277168,1.460076,1.01252e-13,1.15640e-10
-0.5277164,1.460076,4.79616e-14,2.58436e-11
-0.5277164,1.460076,1.71418e-13,5.06576e-11
-0.5277164,1.460076,2.81553e-13,1.62267e-10
-0.5277164,1.460076,6.23501e-13,4.22309e-13
-0.5277158,1.460076,2.30038e-13,2.21656e-10
-0.5277152,1.460077,3.47278e-13,1.44494e-10
-0.5277145,1.460078,5.86198e-14,8.48990e-11
-0.5277135,1.46008,1.74083e-13,9.84115e-11
-0.5277134,1.460079,7.10543e-14,1.08570e-10
-0.5277131,1.46008,9.94760e-14,9.23138e-11
-0.5277127,1.460081,1.15463e-13,2.56955e-10
-0.5277126,1.460081,2.54907e-13,2.49352e-10
-0.5277122,1.460081,8.88178e-14,9.41219e-12
-0.5277122,1.460081,8.61533e-14,2.39013e-10
-0.5277121,1.460082,9.85878e-14,1.56465e-10
-0.527712,1.460083,1.11022e-13,1.38030e-10
-0.5277119,1.460083,3.73035e-13,3.02817e-11
-0.5277114,1.460082,1.94511e-13,1.87418e-10
-0.5277114,1.460082,1.61648e-13,5.44704e-14
-0.5277113,1.460081,5.32907e-14,5.71689e-11
-0.5277112,1.460081,1.44773e-13,6.37946e-11
-0.527711,1.460082,2.77112e-13,1.77249e-10
-0.5277108,1.460082,3.49942e-13,8.34449e-11
-0.5277106,1.460082,2.34479e-13,5.75659e-11
-0.5277103,1.460083,2.30038e-13,2.58097e-10
-0.5277102,1.460082,4.60076e-13,2.40219e-10
-0.52771,1.460082,2.78888e-13,2.29001e-10
-0.52771,1.460083,1.01252e-13,3.20908e-12
-0.52771,1.460083,6.30607e-14,1.04612e-12
-0.527709,1.460082,3.28626e-14,1.42475e-10
-0.5277088,1.460083,1.24345e-13,1.13213e-11
-0.5277087,1.460083,3.84581e-13,1.89677e-10
-0.5277081,1.460083,1.35003e-13,1.56320e-10
-0.527708,1.460083,7.72715e-14,2.30583e-10
-0.5277079,1.460083,2.14051e-13,1.98620e-10
-0.5277074,1.460082,8.97060e-14,4.62613e-11
-0.5277074,1.460082,2.06946e-13,1.34718e-12
-0.5277073,1.460082,1.38556e-13,1.48187e-10
-0.5277072,1.460082,3.83693e-13,5.96360e-11
-0.5277069,1.460083,5.68434e-14,2.47355e-10
-0.5277069,1.460082,2.92211e-13,4.29335e-11
-0.5277064,1.460083,1.18128e-13,2.83832e-11
-0.5277061,1.460084,8.26006e-14,1.10757e-10
-0.5277059,1.460083,2.30926e-14,2.10361e-10
-0.5277056,1.460083,2.00728e-13,2.53616e-10
-0.5277054,1.460083,1.74083e-13,1.89393e-10
-0.5277054,1.460083,1.27010e-13,1.04038e-10
-0.5277054,1.460083,2.02505e-13,1.41712e-13
-0.5277053,1.460083,4.88498e-14,2.38532e-10
-0.5277053,1.460082,2.04281e-13,2.03284e-10
-0.5277051,1.460083,1.26121e-13,2.52305e-10
-0.5277044,1.460084,1.24345e-13,2.35357e-10
-0.5277038,1.460084,8.52651e-14,1.78426e-10
-0.5277035,1.460085,2.93099e-13,1.58009e-10
-0.5277035,1.460085,8.34888e-14,9.96838e-11
-0.5277033,1.460085,2.05169e-13,5.05722e-12
-0.5277031,1.460086,1.54543e-13,3.79319e-11
-0.5277029,1.460085,2.73559e-13,9.61237e-11
-0.5277026,1.460086,1.40332e-13,1.05052e-10
-0.5277023,1.460086,1.47438e-13,3.04447e-11
-0.5277022,1.460086,1.74083e-13,2.52715e-14
-0.5277021,1.460086,2.32703e-13,2.36157e-10
-0.527702,1.460086,1.57208e-13,1.66041e-14
-0.527702,1.460086,8.61533e-14,3.30356e-13
-0.527702,1.460086,6.43041e-13,2.11350e-13
-0.5277013,1.460086,1.07470e-13,9.84884e-12
-0.5277012,1.460086,2.93987e-13,2.89269e-13
-0.5277009,1.460086,6.30607e-14,1.31230e-10
-0.5277005,1.460087,3.88134e-13,1.01886e-10
-0.5277005,1.460086,3.26850e-13,1.93983e-10
-0.5277003,1.460086,5.27578e-13,5.69466e-11
-0.5277001,1.460087,2.48690e-14,4.65829e-11
-0.5276998,1.460087,2.74447e-13,1.88891e-10
-0.5276995,1.460088,3.29514e-13,2.08723e-10
-0.5276992,1.460087,1.82965e-13,1.63911e-10
-0.5276987,1.460088,1.58096e-13,7.53860e-11
-0.5276986,1.460087,1.92735e-13,1.35199e-10
-0.5276982,1.460087,7.63833e-14,1.43542e-10
-0.5276982,1.460087,1.26121e-13,1.41439e-13
-0.5276975,1.460087,1.05693e-13,1.20597e-10
-0.5276974,1.460087,1.17240e-13,3.02918e-14
-0.527697,1.460087,3.36620e-13,2.34152e-10
-0.5276968,1.460088,1.77636e-13,1.45530e-10
-0.5276964,1.460087,5.77316e-14,1.63454e-10
-0.5276956,1.460088,1.50102e-13,4.64281e-11
-0.5276956,1.460088,5.88862e-13,1.41346e-13
-0.5276951,1.460088,1.91847e-13,1.57811e-10
-0.5276948,1.460088,1.64313e-13,4.95701e-11
-0.5276948,1.460088,1.20792e-13,1.29604e-12
-0.5276944,1.460088,2.06057e-13,1.79329e-10
-0.5276942,1.460088,2.64677e-13,1.72344e-11
-0.5276941,1.460089,1.35891e-13,5.23392e-12
-0.527694,1.460089,3.79252e-13,1.63350e-13
-0.5276938,1.460089,1.80300e-13,9.46254e-14
-0.5276938,1.460089,3.12639e-13,4.19520e-11
-0.5276938,1.460089,3.50830e-13,8.75935e-13
-0.5276936,1.46009,9.85878e-14,1.86025e-10
-0.5276904,1.460093,2.54907e-13,8.86392e-11
-0.5276903,1.460093,1.09246e-13,9.50163e-11
-0.52769,1.460093,5.15143e-14,2.18166e-10
-0.52769,1.460093,1.42109e-13,1.48861e-11
-0.5276899,1.460094,8.52651e-14,1.33041e-10
-0.5276896,1.460093,5.77316e-14,7.62535e-11
-0.5276894,1.460094,7.37188e-14,1.15469e-10
-0.5276892,1.460094,1.31450e-13,4.94749e-11
-0.527689,1.460095,1.19904e-13,1.55806e-10
-0.5276885,1.460094,1.04805e-13,1.15552e-10
-0.5276884,1.460094,1.82965e-13,1.75688e-10
-0.5276882,1.460094,1.58984e-13,1.19262e-10
-0.5276881,1.460094,1.66089e-13,1.11607e-10
-0.527688,1.460094,2.42473e-13,7.65382e-11
-0.527688,1.460095,8.08242e-14,1.71356e-10
-0.5276877,1.460095,9.59233e-14,2.29674e-10
-0.5276872,1.460095,2.99316e-13,4.98920e-11
-0.5276867,1.460096,2.93099e-14,8.84857e-11
-0.5276866,1.460096,3.81917e-13,2.12009e-10
-0.5276864,1.460096,2.91323e-13,4.87593e-11
-0.5276859,1.460096,6.57252e-14,1.43673e-11
-0.5276857,1.460095,2.78000e-13,2.30545e-10
-0.5276857,1.460096,6.75016e-14,2.32341e-10
-0.5276855,1.460095,7.72715e-14,1.98689e-10
-0.5276851,1.460096,2.38032e-13,6.01757e-11
-0.5276849,1.460096,2.04281e-13,1.09867e-10
-0.5276848,1.460096,1.19016e-13,1.14597e-10
-0.5276848,1.460096,1.58984e-13,6.16237e-11
-0.5276838,1.460092,1.27010e-13,1.83043e-10
-0.5276837,1.460093,5.59552e-14,1.15077e-10
-0.5276834,1.460093,4.12115e-13,5.07856e-11
-0.527683,1.460093,1.79412e-13,1.93032e-10
-0.5276827,1.460093,1.20792e-13,1.16679e-10
-0.5276823,1.460094,1.29674e-13,1.39516e-10
-0.5276817,1.460094,1.20792e-13,1.42539e-10
-0.5276814,1.460094,2.03393e-13,2.29848e-10
-0.5276813,1.460095,1.26121e-13,1.73211e-10
-0.527681,1.460095,2.15827e-13,2.56311e-11
-0.5276808,1.460096,2.68230e-13,2.04105e-10
-0.5276807,1.460096,4.61853e-14,8.14393e-11
-0.5276805,1.460096,1.61648e-13,7.72403e-11
-0.5276805,1.460096,1.78524e-13,2.80517e-11
-0.5276798,1.460095,1.29674e-13,2.34696e-10
-0.5276796,1.460095,3.09086e-13,2.12856e-10
-0.5276793,1.460095,8.34888e-14,2.10307e-10
-0.527679,1.460095,4.35207e-14,1.93054e-10
-0.5276789,1.460096,3.27738e-13,1.94890e-10
-0.5276782,1.460095,7.46070e-14,3.05299e-11
-0.527678,1.460094,1.80300e-13,1.16789e-10
-0.5276774,1.460094,2.11386e-13,1.35173e-10
-0.5276773,1.460094,4.26326e-14,2.32868e-10
-0.5276769,1.460094,1.97176e-13,1.62446e-12
-0.5276764,1.460094,2.22933e-13,1.59019e-10
-0.5276763,1.460095,2.60236e-13,1.84561e-10
-0.5276762,1.460094,1.75859e-13,8.67354e-12
-0.527676,1.460094,2.54019e-13,5.37777e-11
-0.5276758,1.460094,4.97380e-14,1.46932e-10
-0.5276756,1.460094,2.30926e-13,6.57487e-11
-0.5276754,1.460095,1.79412e-13,1.78452e-10
-0.5276751,1.460095,1.74083e-13,1.69524e-10
-0.5276747,1.460095,2.58460e-13,1.56393e-10
-0.5276745,1.460095,2.31815e-13,1.04604e-10
-0.5276744,1.460095,6.57252e-14,1.11983e-10
-0.527674,1.460095,1.47438e-13,3.98951e-11
-0.5276735,1.460096,1.73195e-13,4.54585e-12
-0.5276735,1.460095,1.63425e-13,6.23609e-11
-0.5276732,1.460095,7.37188e-14,8.78231e-13
-0.527673,1.460095,3.94351e-13,1.43106e-10
-0.5276724,1.460092,9.14824e-14,3.32128e-11
-0.5276724,1.460093,1.17240e-13,1.12302e-10
-0.5276722,1.460093,1.17240e-13,2.13633e-10
-0.5276718,1.460093,1.33227e-13,1.91038e-10
-0.5276717,1.460094,1.28786e-13,1.83107e-10
-0.5276709,1.460093,2.62901e-13,2.28318e-10
-0.5276707,1.460093,1.23457e-13,7.40540e-11
-0.5276706,1.460093,1.54543e-13,1.02162e-10
-0.5276706,1.460093,2.61124e-13,1.30828e-10
-0.5276705,1.460093,1.59872e-13,5.00742e-12
-0.5276705,1.460093,3.61489e-13,1.73770e-10
-0.5276703,1.460094,1.97176e-13,5.30349e-11
-0.5276703,1.460094,1.28786e-13,4.13462e-11
-0.5276703,1.460094,3.24185e-13,4.23962e-14
-0.5276701,1.460094,1.49214e-13,4.22194e-11
-0.5276701,1.460094,1.99840e-13,2.10106e-13
-0.5276701,1.460095,1.79412e-13,1.32608e-10
-0.5276699,1.460095,2.62901e-13,9.96104e-11
-0.5276698,1.460095,1.39444e-13,1.01771e-10
-0.5276694,1.460097,1.39444e-13,2.99425e-11
-0.5276691,1.460097,9.68114e-14,7.42725e-11
-0.5276688,1.460097,1.66089e-13,1.34224e-10
-0.5276688,1.460097,1.82077e-13,3.50652e-13
-0.5276686,1.460096,1.19904e-13,2.77922e-12
-0.5276684,1.460096,1.93623e-13,1.70814e-10
-0.5276683,1.460097,2.01617e-13,1.74283e-10
-0.5276682,1.460097,1.84741e-13,1.14439e-10
-0.5276681,1.460097,5.68434e-14,1.80089e-10
-0.527668,1.460097,3.18856e-13,9.10759e-11
-0.527668,1.460097,1.50990e-13,2.60276e-13
-0.527668,1.460097,3.56160e-13,7.47649e-11
-0.5276679,1.460097,1.75859e-13,7.35325e-11
-0.5276677,1.460098,7.46070e-14,8.00137e-11
-0.5276676,1.460098,4.35207e-13,4.36785e-11
-0.5276675,1.460099,1.92735e-13,1.62863e-10
-0.5276675,1.460099,2.20268e-13,1.42526e-10
-0.5276671,1.460099,9.32587e-14,8.64943e-11
-0.5276669,1.460099,3.42837e-13,6.36253e-11
-0.5276666,1.460099,1.90070e-13,1.35627e-10
-0.5276665,1.460099,3.12639e-13,8.71504e-11
-0.5276665,1.4601,2.93099e-14,2.27297e-11
-0.5276664,1.4601,1.11022e-13,7.03521e-11
-0.5276662,1.460099,3.19744e-14,1.20843e-10
-0.5276661,1.460099,3.09974e-13,1.79630e-10
-0.5276659,1.460099,8.61533e-14,1.18913e-10
-0.5276659,1.460099,2.14051e-13,1.17632e-10
-0.5276658,1.460099,3.82805e-13,1.33848e-10
-0.5276656,1.460099,2.88658e-13,2.07380e-11
-0.5276654,1.460099,6.92779e-14,1.80750e-10
-0.5276653,1.460099,1.59872e-14,1.55446e-10
-0.5276652,1.4601,1.61648e-13,5.26240e-11
-0.527665,1.4601,1.68754e-13,1.89681e-10
-0.5276648,1.4601,4.17444e-14,3.28780e-12
-0.5276648,1.4601,1.90070e-13,1.79230e-10
-0.5276647,1.460099,2.58460e-13,1.97134e-10
-0.5276647,1.460099,1.66089e-13,1.23015e-14
-0.5276645,1.4601,1.97176e-13,1.26075e-10
-0.5276644,1.460099,9.94760e-14,1.41754e-10
-0.5276643,1.460099,3.49054e-13,2.78369e-11
-0.5276638,1.460103,1.06581e-13,3.70590e-11
-0.5276632,1.460103,9.05942e-14,7.77387e-11
-0.5276629,1.460103,5.32907e-14,3.03517e-11
-0.5276628,1.460103,6.66134e-14,1.07379e-10
-0.5276626,1.460103,2.00728e-13,7.69555e-12
-0.5276624,1.460103,8.61533e-14,1.35492e-12
-0.5276624,1.460103,1.50990e-13,2.47553e-13
-0.5276623,1.460103,1.26121e-13,9.85150e-11
-0.5276622,1.460103,7.28306e-14,1.97707e-11
-0.5276622,1.460103,2.55795e-13,1.16514e-13
-0.5276622,1.460102,1.31450e-13,1.93674e-11
-0.527662,1.460103,2.85993e-13,1.74213e-10
-0.5276617,1.460104,1.05693e-13,8.20501e-11
-0.5276615,1.460104,1.58984e-13,1.86145e-10
-0.5276612,1.460104,3.99680e-14,2.21947e-10
-0.527661,1.460105,2.72671e-13,1.96388e-10
-0.527661,1.460104,7.90479e-14,2.20180e-11
-0.5276608,1.460105,1.48326e-13,5.13062e-11
-0.5276606,1.460105,2.14051e-13,2.23852e-10
-0.5276602,1.460103,1.35891e-13,1.00045e-10
-0.5276599,1.460104,1.11910e-13,1.42719e-10
-0.5276597,1.460103,3.03757e-13,2.19275e-10
-0.5276592,1.460104,2.33591e-13,5.70956e-11
-0.5276589,1.460104,2.93099e-14,1.33818e-10
-0.5276589,1.460103,9.59233e-14,2.33154e-10
-0.5276588,1.460103,2.49578e-13,8.12743e-11
-0.5276588,1.460103,1.27010e-13,2.15239e-13
-0.5276588,1.460103,1.85629e-13,1.34928e-10
-0.5276588,1.460103,1.50990e-13,1.45457e-10
-0.5276587,1.460103,6.87450e-13,1.34241e-10
-0.5276586,1.460103,1.14575e-13,1.97341e-10
-0.5276582,1.460103,2.33591e-13,1.78314e-10
-0.5276581,1.460104,2.58460e-13,1.98024e-10
-0.5276578,1.460103,1.60760e-13,7.92539e-11
-0.5276577,1.460103,3.21521e-13,8.07073e-11
-0.5276574,1.460104,9.76996e-14,1.36167e-10
-0.5276574,1.460104,3.09974e-13,1.99977e-10
-0.5276573,1.460104,1.18128e-13,2.30748e-10
-0.5276573,1.460104,1.52767e-13,4.46819e-13
-0.527657,1.460104,3.35731e-13,1.13458e-10
-0.5276569,1.460104,3.01981e-13,1.90653e-10
-0.5276568,1.460104,9.76996e-14,1.93636e-10
-0.5276567,1.460104,1.58984e-13,3.87323e-11
-0.5276564,1.460104,1.50990e-13,3.63208e-11
-0.5276563,1.460103,1.04805e-13,2.07732e-10
-0.5276562,1.460103,2.22933e-13,4.64458e-11
-0.5276562,1.460103,3.73035e-14,9.68626e-14
-0.5276557,1.460103,2.60236e-13,1.95796e-11
-0.5276553,1.460103,2.09610e-13,1.16645e-10
-0.527655,1.460103,2.09610e-13,1.93196e-10
-0.5276549,1.460103,1.75859e-13,7.59702e-12
-0.5276549,1.460103,3.19744e-13,4.83341e-13
-0.5276544,1.460103,1.98064e-13,6.50737e-11
-0.5276541,1.460103,1.05693e-13,1.63813e-10
-0.5276541,1.460103,1.08358e-13,1.87089e-14
-0.5276541,1.460103,1.47438e-13,4.34303e-11
-0.5276538,1.460104,9.50351e-14,1.01245e-11
-0.5276536,1.460104,1.27010e-13,2.09486e-10
-0.5276536,1.460104,7.19425e-14,2.03701e-10
-0.5276535,1.460104,1.26121e-13,1.44082e-10
-0.5276534,1.460104,4.70735e-14,1.95625e-10
-0.5276532,1.460104,1.41220e-13,5.60315e-11
-0.5276531,1.460105,2.57572e-14,1.30746e-10
-0.527653,1.460105,3.55271e-14,1.06769e-10
-0.5276528,1.460105,1.21680e-13,9.39079e-11
-0.5276526,1.460105,2.18492e-13,2.01133e-10
-0.5276526,1.460106,1.74083e-13,6.21048e-11
-0.5276522,1.460106,1.92735e-13,2.01363e-10
-0.5276521,1.460105,1.81188e-13,1.84534e-10
-0.527652,1.460105,1.20792e-13,1.48569e-10
-0.5276518,1.460105,3.76588e-13,2.26496e-11
-0.5276512,1.460106,4.17444e-14,2.09645e-11
-0.5276512,1.460106,4.61853e-14,7.94974e-11
-0.527651,1.460106,2.39808e-14,9.84735e-11
-0.5276507,1.460106,4.09450e-13,1.50318e-10
-0.5276507,1.460106,2.99316e-13,9.79530e-13
-0.5276505,1.460106,2.34479e-13,2.24910e-10
-0.5276503,1.460106,1.35891e-13,1.13091e-10
-0.5276499,1.460106,6.57252e-14,4.57300e-11
-0.5276497,1.460106,3.12639e-13,2.25430e-10
-0.5276493,1.460107,2.94875e-13,1.25134e-10
-0.5276491,1.460108,7.63833e-14,9.80552e-11
-0.5276489,1.460108,6.24389e-13,1.93320e-10
-0.5276487,1.460108,1.03917e-13,1.05631e-10
-0.5276486,1.460109,2.01617e-13,1.15760e-10
-0.5276485,1.460109,1.68754e-13,1.63294e-10
-0.5276482,1.460109,2.57572e-13,1.36377e-10
-0.5276482,1.460108,7.63833e-14,1.58062e-10
-0.5276481,1.460109,9.76996e-14,6.61123e-11
-0.5276475,1.460109,1.46549e-13,3.03370e-11
-0.5276475,1.460109,8.17124e-14,7.04997e-13
-0.5276472,1.460109,2.30926e-13,3.20105e-12
-0.5276469,1.460109,1.95399e-13,3.79286e-11
-0.527646,1.460109,8.26006e-14,3.28714e-11
-0.5276457,1.460109,1.49214e-13,1.02929e-11
-0.5276448,1.460109,2.16716e-13,2.18001e-10
-0.5276445,1.46011,2.54019e-13,9.15017e-11
-0.5276444,1.46011,2.00728e-13,2.07759e-10
-0.527644,1.46011,1.63425e-13,1.63216e-11
-0.5276437,1.460111,1.27898e-13,8.99593e-13
-0.5276434,1.460111,1.20792e-13,1.37801e-10
-0.5276432,1.460111,1.11910e-13,1.52690e-10
-0.527643,1.460111,1.68754e-13,4.46319e-11
-0.5276425,1.460111,1.65201e-13,9.11669e-11
-0.5276424,1.460112,1.79412e-13,7.98821e-11
-0.5276423,1.460111,1.38556e-13,1.54800e-10
-0.5276421,1.460111,2.39808e-14,1.37871e-10
-0.527642,1.460111,2.83329e-13,1.43333e-10
-0.5276418,1.460111,3.12639e-13,1.85508e-10
-0.5276415,1.460111,3.77476e-13,1.30146e-11
-0.5276411,1.460111,1.95399e-13,1.05704e-10
-0.5276408,1.460112,3.81917e-14,1.37250e-10
-0.5276403,1.460113,1.20792e-13,8.46419e-11
-0.5276402,1.460113,9.76996e-14,4.13960e-12
-0.5276402,1.460113,1.83853e-13,7.79815e-14
-0.5276398,1.460113,3.44613e-13,1.83675e-10
-0.5276396,1.460113,2.54907e-13,2.79940e-11
-0.5276396,1.460113,2.20268e-13,1.89285e-11
-0.5276395,1.460113,8.70415e-14,9.93722e-11
-0.5276391,1.460113,3.10862e-13,2.16553e-10
-0.5276388,1.460114,4.70735e-14,2.91282e-11
-0.5276388,1.460113,2.85993e-13,9.27744e-11
-0.5276387,1.460113,1.06581e-13,7.43638e-11
-0.5276384,1.460113,1.30562e-13,2.08094e-10
-0.5276384,1.460113,8.97060e-14,2.08976e-13
-0.5276383,1.460113,2.31815e-13,9.85091e-14
-0.5276378,1.460114,1.59872e-13,2.04496e-10
-0.5276377,1.460114,1.61648e-13,7.30616e-11
-0.5276376,1.460115,1.51879e-13,1.12925e-10
-0.5276373,1.460115,2.14051e-13,8.81141e-11
-0.527637,1.460115,1.19016e-13,1.99828e-10
-0.5276368,1.460115,7.63833e-14,1.64515e-10
-0.5276367,1.460115,1.11022e-13,1.04802e-10
-0.5276366,1.460115,2.26485e-13,2.01749e-10
-0.5276366,1.460115,2.47802e-13,4.62513e-11
-0.5276366,1.460115,1.58984e-13,9.02119e-11
-0.5276363,1.460115,1.97176e-13,1.10418e-10
-0.5276363,1.460115,1.13687e-13,1.34335e-12
-0.5276361,1.460114,2.54019e-13,2.12501e-10
-0.5276361,1.460114,2.52243e-13,4.51761e-14
-0.5276358,1.460114,1.00364e-13,2.07678e-10
-0.5276355,1.460115,8.08242e-14,2.58079e-12
-0.5276353,1.460115,1.24345e-13,3.70982e-11
-0.5276352,1.460115,2.13163e-13,7.86784e-11
-0.5276352,1.460115,2.96652e-13,5.38288e-13
-0.5276351,1.460115,1.09246e-13,1.53016e-10
-0.5276351,1.460115,1.49214e-13,9.15848e-13
-0.527635,1.460115,9.05942e-14,1.47365e-10
-0.527635,1.460115,1.52767e-13,1.15245e-12
-0.5276347,1.460116,1.76748e-13,3.19801e-11
-0.5276345,1.460116,7.19425e-14,2.02657e-10
-0.527634,1.460116,3.38396e-13,1.38513e-10
-0.5276338,1.460116,1.15463e-13,1.75133e-10
-0.5276338,1.460116,3.99680e-13,5.77393e-13
-0.5276337,1.460116,1.48326e-13,3.34482e-11
-0.5276337,1.460116,2.52243e-13,2.55364e-13
-0.5276337,1.460116,1.19016e-13,4.34594e-11
-0.5276337,1.460116,4.52083e-13,1.01975e-10
-0.5276335,1.460117,1.06581e-13,1.07284e-10
-0.5276335,1.460117,2.56684e-13,1.13557e-13
-0.5276333,1.460117,3.67706e-13,9.03912e-11
-0.527633,1.460117,2.93099e-14,1.04572e-10
-0.5276327,1.460116,4.65405e-13,1.39848e-10
-0.5276326,1.460116,1.98952e-13,2.19470e-10
-0.5276321,1.460116,9.50351e-14,1.55473e-10
-0.527632,1.460116,1.95399e-13,2.02570e-10
-0.5276319,1.460116,3.64153e-14,1.27526e-10
-0.5276317,1.460116,1.86517e-13,7.68253e-11
-0.5276315,1.460116,1.07470e-13,1.29986e-10
-0.5276314,1.460116,2.04281e-13,2.83260e-13
-0.5276314,1.460116,3.25073e-13,2.64084e-12
-0.5276308,1.460113,1.53655e-13,1.67829e-10
-0.5276307,1.460114,1.11022e-13,6.95459e-11
-0.5276306,1.460114,5.86198e-14,2.18173e-11
-0.5276304,1.460114,3.14415e-13,1.94934e-10
-0.5276299,1.460115,2.41585e-13,1.29588e-10
-0.5276291,1.460116,1.06581e-13,1.99420e-10
-0.527629,1.460116,4.19220e-13,9.51440e-11
-0.5276287,1.460116,2.84217e-13,4.45962e-11
-0.5276287,1.460116,2.01617e-13,1.99263e-10
-0.5276284,1.460116,2.28262e-13,2.13406e-11
-0.527628,1.460117,4.44089e-14,1.79911e-10
-0.5276278,1.460117,2.48690e-13,5.64722e-11
-0.5276274,1.460117,1.48326e-13,6.93834e-11
-0.5276271,1.460117,7.90479e-14,2.79999e-11
-0.5276271,1.460117,3.49942e-13,1.57158e-10
-0.527627,1.460117,3.11751e-13,1.54984e-10
-0.5276265,1.460117,7.72715e-14,1.20706e-10
-0.5276264,1.460118,3.01092e-13,2.26974e-11
-0.5276261,1.460118,1.19904e-13,3.14933e-11
-0.5276261,1.460117,1.05693e-13,1.56667e-10
-0.5276258,1.460117,1.90070e-13,4.29296e-11
-0.5276257,1.460117,3.09974e-13,7.15063e-11
-0.5276257,1.460117,8.70415e-14,4.47123e-11
-0.5276251,1.460117,1.84741e-13,6.81453e-11
-0.5276251,1.460117,9.05942e-14,1.85348e-10
-0.527625,1.460117,2.53131e-13,2.48985e-11
-0.5276247,1.460117,3.23297e-13,1.38316e-10
-0.5276246,1.460117,3.56160e-13,1.13256e-10
-0.5276243,1.460117,1.74083e-13,1.71642e-11
-0.5276242,1.460117,1.42109e-13,2.56542e-11
-0.5276241,1.460117,2.77112e-13,7.25062e-11
-0.527624,1.460117,1.60760e-13,1.40596e-10
-0.527624,1.460117,2.84217e-14,2.66335e-11
-0.5276237,1.460117,2.04281e-13,7.57623e-11
-0.5276236,1.460117,2.56684e-13,1.63947e-10
-0.5276236,1.460118,1.76748e-13,1.85177e-12
-0.5276236,1.460118,8.82849e-13,8.73359e-13
-0.5276236,1.460118,1.63425e-13,1.18909e-10
-0.5276235,1.460118,7.54952e-14,1.51246e-10
-0.5276235,1.460118,1.25233e-13,1.08394e-11
-0.5276233,1.460118,1.22569e-13,4.14585e-11
-0.5276233,1.460118,2.67342e-13,8.04749e-11
-0.5276231,1.460118,1.13687e-13,6.81755e-11
-0.527623,1.460118,2.67342e-13,6.84996e-12
-0.527623,1.460118,7.72715e-14,1.04546e-12
-0.527623,1.460118,1.42109e-13,2.06510e-10
-0.5276226,1.460118,1.37668e-13,1.70861e-10
-0.5276224,1.460118,2.68230e-13,4.03761e-11
-0.5276221,1.460118,1.34115e-13,1.65507e-10
-0.527622,1.460118,1.74971e-13,3.93788e-11
-0.5276219,1.460118,9.05942e-14,5.35369e-11
-0.5276219,1.460117,1.98064e-13,9.17399e-11
-0.5276219,1.460117,3.28626e-13,3.93073e-11
-0.5276218,1.460117,1.02141e-13,1.78090e-10
-0.5276217,1.460117,2.14051e-13,7.48118e-11
-0.5276215,1.460117,3.67706e-13,1.40736e-10
-0.5276211,1.460117,4.08562e-13,6.05889e-11
-0.527621,1.460117,1.00364e-13,8.51934e-11
-0.5276207,1.460118,2.80664e-13,8.17641e-11
-0.5276205,1.460118,2.62013e-13,9.82279e-11
-0.5276204,1.460117,4.26326e-13,9.55143e-11
-0.5276202,1.460117,3.04645e-13,6.27021e-12
-0.5276201,1.460118,2.20268e-13,1.00330e-10
-0.5276199,1.460118,2.13163e-13,1.63544e-10
-0.5276191,1.46012,1.48326e-13,4.25630e-11
-0.5276189,1.460121,8.79297e-14,1.90715e-10
-0.5276188,1.460121,2.30926e-13,4.55869e-13
-0.5276187,1.460121,1.97176e-13,1.44599e-10
-0.5276187,1.460121,1.16351e-13,1.56474e-10
-0.5276186,1.460121,4.34319e-13,1.84175e-10
-0.5276186,1.460121,5.04485e-13,6.22462e-11
-0.5276182,1.460122,1.78524e-13,1.27382e-10
-0.5276179,1.460122,3.71259e-13,9.54112e-11
-0.5276177,1.460122,2.17604e-13,6.07068e-11
-0.5276175,1.460122,1.96287e-13,2.67189e-11
-0.5276171,1.460122,2.37144e-13,1.93571e-10
-0.5276168,1.460122,3.75699e-13,1.16406e-10
-0.5276166,1.460123,2.75335e-13,1.33885e-10
-0.5276164,1.460122,1.98952e-13,1.00561e-10
-0.5276164,1.460122,2.09610e-13,7.00648e-11
-0.5276163,1.460123,3.09086e-13,1.58941e-10
-0.5276162,1.460123,4.46754e-13,5.66317e-12
-0.5276162,1.460123,2.50466e-13,2.66217e-13
-0.527616,1.460123,5.86198e-14,1.66408e-10
-0.527616,1.460123,1.76748e-13,1.35662e-10
-0.5276159,1.460123,2.63789e-13,1.00087e-10
-0.5276159,1.460123,1.22569e-13,8.06608e-11
-0.5276158,1.460123,3.31291e-13,1.87095e-10
-0.5276158,1.460123,2.72671e-13,1.23686e-10
-0.5276155,1.460123,8.79297e-14,1.77272e-10
-0.5276154,1.460123,2.31815e-13,7.88063e-13
-0.5276152,1.460123,1.17240e-13,1.07808e-10
-0.5276151,1.460123,2.15827e-13,9.20734e-11
-0.5276147,1.460123,8.17124e-14,8.64566e-11
-0.5276146,1.460123,2.36255e-13,1.17275e-10
-0.5276145,1.460123,3.19744e-14,1.32894e-10
-0.5276145,1.460124,1.42997e-13,1.51702e-10
-0.5276144,1.460124,8.88178e-14,8.82744e-11
-0.5276141,1.460124,1.43885e-13,1.55406e-10
-0.527614,1.460124,2.84217e-13,1.29148e-10
-0.5276136,1.460124,1.25233e-13,1.38321e-10
-0.5276135,1.460125,1.72307e-13,9.61195e-11
-0.527613,1.460125,1.78524e-13,1.32962e-10
-0.5276129,1.460126,1.56319e-13,1.61228e-10
-0.5276104,1.460122,7.22977e-13,1.44637e-10
-0.5276103,1.460122,6.21725e-14,1.02607e-10
-0.5276103,1.460123,1.90070e-13,7.56700e-11
-0.5276103,1.460123,2.22045e-13,1.64833e-11
-0.5276101,1.460124,4.88498e-14,1.05524e-10
-0.5276099,1.460124,6.66134e-14,1.19414e-10
-0.5276096,1.460123,9.85878e-14,1.19128e-10
-0.5276095,1.460123,1.87406e-13,4.27491e-11
-0.5276091,1.460124,1.35891e-13,1.58901e-11
-0.5276091,1.460123,1.26121e-13,1.18784e-10
-0.5276088,1.460123,1.86517e-13,1.77166e-10
-0.5276088,1.460123,1.58984e-13,1.53196e-10
-0.5276087,1.460123,1.47438e-13,1.02680e-10
-0.5276087,1.460123,4.75175e-13,1.09431e-13
-0.5276085,1.460123,2.38920e-13,7.93259e-13
-0.5276083,1.460122,6.83897e-14,7.20565e-11
-0.5276082,1.460122,2.55795e-13,3.48046e-11
-0.5276082,1.460123,3.52607e-13,9.49663e-11
-0.5276078,1.460123,1.36779e-13,2.89893e-11
-0.5276074,1.460123,1.03917e-13,3.81884e-11
-0.5276074,1.460123,1.15463e-13,8.43785e-14
-0.5276073,1.460123,3.12639e-13,5.29688e-14
-0.5276071,1.460124,1.68754e-13,5.07444e-11
-0.5276068,1.460124,2.05169e-13,3.62510e-11
-0.5276068,1.460124,3.82805e-13,1.61938e-11
-0.5276065,1.460124,1.01252e-13,4.56579e-11
-0.5276065,1.460124,2.36255e-13,3.37366e-13
-0.5276062,1.460125,3.09974e-13,8.66813e-11
-0.5276059,1.460126,2.70894e-13,5.80628e-11
-0.5276056,1.460126,1.78524e-13,1.38776e-10
-0.5276052,1.460126,1.74971e-13,5.64844e-11
-0.5276051,1.460125,2.80664e-13,4.30380e-11
-0.527605,1.460125,1.90958e-13,1.86112e-10
-0.5276048,1.460125,1.70530e-13,7.42172e-11
-0.5276046,1.460125,2.85105e-13,1.46907e-10
-0.5276044,1.460126,1.23457e-13,1.60055e-10
-0.5276043,1.460126,2.39808e-13,4.76185e-11
-0.5276042,1.460126,2.77112e-13,3.17027e-11
-0.5276041,1.460126,1.45661e-13,6.02827e-11
-0.527604,1.460126,4.08562e-13,9.94763e-11
-0.5276038,1.460126,1.03917e-13,1.20693e-10
-0.5276035,1.460126,5.68434e-14,6.56942e-11
-0.5276035,1.460125,1.39444e-13,1.53130e-10
-0.5276035,1.460125,3.81029e-13,1.87130e-12
-0.5276034,1.460125,3.99680e-14,9.54752e-11
-0.5276032,1.460125,2.54907e-13,1.55653e-10
-0.5276029,1.460125,3.24185e-13,1.39748e-10
-0.5276027,1.460126,3.96128e-13,1.34752e-10
-0.5276025,1.460126,3.71259e-13,1.15210e-11
-0.5276025,1.460126,8.97948e-13,1.49953e-13
-0.5276025,1.460126,2.04281e-13,8.18515e-11
-0.5276022,1.460126,1.35003e-13,1.91288e-10
-0.5276017,1.460127,1.65201e-13,1.95389e-10
-0.5276012,1.460127,1.97176e-13,2.43292e-11
-0.5276012,1.460127,4.61853e-14,3.44520e-14
-0.5276009,1.460128,3.51719e-13,1.59194e-10
-0.5276008,1.460128,2.89546e-13,1.04417e-10
-0.5276008,1.460128,1.91847e-13,3.57518e-14
-0.5276005,1.460128,2.03393e-13,4.94281e-11
-0.5276005,1.460128,1.87406e-13,1.31907e-13
-0.5276004,1.460128,1.01252e-13,1.66612e-10
-0.5276003,1.460128,1.75859e-13,1.24168e-10
-0.5276001,1.460128,8.61533e-14,8.49925e-11
-0.5275999,1.460129,5.99520e-13,1.91561e-10
-0.5275998,1.460129,2.31815e-13,5.48907e-11
-0.5275998,1.460129,3.33067e-13,3.74113e-11
-0.5275997,1.460129,4.58300e-13,1.13996e-10
-0.5275994,1.460129,2.82441e-13,1.79963e-10
-0.5275991,1.460129,7.46070e-14,1.11850e-10
-0.5275989,1.460128,7.54952e-14,1.17659e-10
-0.5275987,1.460128,2.67342e-13,5.77714e-11
-0.5275985,1.460128,1.36779e-13,1.00142e-10
-0.5275983,1.460129,1.35003e-13,1.41640e-10
-0.5275981,1.460128,3.65041e-13,5.60114e-11
-0.5275978,1.460128,1.20792e-13,8.22716e-11
-0.5275978,1.460128,2.13163e-13,8.26418e-13
-0.5275975,1.460128,5.68434e-14,8.78690e-11
-0.5275973,1.460129,9.23706e-14,1.04683e-11
-0.5275971,1.460129,1.58984e-13,9.20019e-11
-0.5275968,1.46013,2.33591e-13,1.71910e-10
-0.5275967,1.46013,2.62013e-13,6.46585e-11
-0.5275964,1.46013,1.73195e-13,1.21805e-10
-0.5275961,1.460131,1.05693e-13,3.35392e-11
-0.5275959,1.460131,1.24345e-13,5.20751e-11
-0.5275954,1.460132,1.87406e-13,2.05080e-11
-0.5275953,1.460132,1.10134e-13,1.69626e-10
-0.5275952,1.460132,1.11910e-13,5.82891e-12
-0.5275952,1.460132,3.26850e-13,6.81429e-14
-0.5275951,1.460132,6.48370e-14,4.71688e-12
-0.5275951,1.460132,1.37668e-13,1.01424e-12
-0.5275949,1.460133,2.48690e-13,8.30042e-11
-0.5275948,1.460133,1.80300e-13,1.38723e-10
-0.5275946,1.460133,2.26485e-13,2.56663e-11
-0.5275945,1.460133,1.27010e-13,1.64864e-10
-0.5275943,1.460133,1.49214e-13,1.97466e-10
-0.5275942,1.460133,1.73195e-13,1.33567e-10
-0.5275937,1.460134,1.61648e-13,1.68727e-10
-0.5275931,1.460135,1.19016e-13,1.20662e-10
-0.5275931,1.460135,2.62013e-13,4.20146e-13
-0.5275928,1.460135,3.88134e-13,4.92361e-11
-0.5275925,1.460136,1.18128e-13,1.39079e-10
-0.5275925,1.460136,8.86402e-13,1.41195e-12
-0.5275923,1.460137,8.52651e-14,3.73342e-11
-0.5275923,1.460137,2.09610e-13,1.06057e-13
-0.5275919,1.460137,2.06057e-13,2.75775e-12
-0.5275889,1.460138,9.14824e-14,1.91777e-10
-0.5275888,1.460138,9.59233e-14,1.86253e-10
-0.5275888,1.460138,1.09246e-13,8.14920e-13
-0.5275887,1.460138,1.56319e-13,5.53212e-11
-0.5275884,1.460138,3.15303e-13,4.95257e-12
-0.5275881,1.460138,6.69687e-13,4.59745e-11
-0.527588,1.460138,2.24709e-13,1.69010e-11
-0.5275879,1.460138,4.58300e-13,7.13941e-15
-0.5275877,1.460139,1.11910e-13,1.55287e-10
-0.5275873,1.460139,6.27054e-13,4.67832e-12
-0.527587,1.460139,4.17444e-14,4.13446e-11
-0.5275869,1.46014,1.45661e-13,3.46387e-11
-0.5275869,1.46014,3.13527e-13,8.90929e-13
-0.5275869,1.46014,1.62537e-13,1.29648e-10
-0.5275869,1.46014,1.16351e-13,7.61670e-13
-0.5275868,1.46014,3.12639e-13,5.94419e-11
-0.5275867,1.46014,2.35367e-13,7.58057e-11
-0.5275866,1.46014,3.92575e-13,7.89829e-11
-0.5275865,1.46014,2.30038e-13,6.66362e-11
-0.5275865,1.460141,1.50990e-13,7.02683e-11
-0.5275864,1.460141,1.77636e-14,5.54689e-11
-0.5275858,1.46014,2.48690e-13,9.84376e-11
-0.5275857,1.46014,2.39808e-13,6.36558e-11
-0.5275853,1.46014,7.01661e-14,1.72553e-10
-0.527585,1.46014,2.93099e-13,8.57322e-12
-0.527585,1.46014,1.14575e-13,3.26063e-11
-0.5275848,1.46014,1.73195e-13,4.20837e-11
-0.5275846,1.460139,1.16351e-13,2.29629e-11
-0.5275846,1.460139,1.88294e-13,1.28470e-13
-0.5275843,1.460139,3.33067e-13,3.23041e-11
-0.5275843,1.460139,1.78524e-13,4.51457e-13
-0.5275841,1.460139,2.65565e-13,1.69026e-10
-0.5275841,1.460139,9.23706e-14,1.75387e-10
-0.5275841,1.460139,2.14939e-13,1.00517e-10
-0.527584,1.460139,1.76748e-13,5.21413e-11
-0.5275838,1.46014,2.91323e-13,8.76097e-11
-0.5275837,1.46014,3.47278e-13,6.41952e-11
-0.5275836,1.46014,2.47802e-13,9.42707e-12
-0.5275835,1.460141,3.37508e-13,9.99698e-13
-0.5275835,1.460141,3.84581e-13,2.15231e-13
-0.5275831,1.460141,2.09610e-13,1.75935e-10
-0.5275828,1.460141,1.47438e-13,1.52063e-10
-0.5275827,1.460141,2.06057e-13,9.83744e-11
-0.5275826,1.460141,2.61124e-13,1.48045e-10
-0.5275823,1.46014,7.63833e-14,9.49537e-11
-0.5275819,1.46014,2.07834e-13,1.75456e-10
-0.5275815,1.46014,1.79412e-13,6.73497e-11
-0.5275813,1.46014,1.07470e-13,1.64202e-12
-0.527581,1.46014,7.63833e-14,2.55241e-11
-0.5275806,1.46014,2.48690e-13,1.62101e-11
-0.5275806,1.46014,1.85629e-13,8.24763e-11
-0.5275804,1.460141,3.98792e-13,1.17687e-11
-0.5275801,1.460141,9.20153e-13,1.36815e-14
-0.5275801,1.460141,1.57208e-13,8.00991e-11
-0.5275801,1.460141,7.54952e-14,3.59246e-11
-0.5275801,1.460141,1.18128e-13,2.31290e-12
-0.5275796,1.460141,2.22933e-13,6.24490e-11
-0.5275793,1.460141,2.38920e-13,6.07951e-11
-0.5275787,1.460142,2.85993e-13,1.36432e-10
-0.5275787,1.460142,7.63833e-14,1.03390e-14
-0.5275784,1.460142,2.05169e-13,9.01978e-11
-0.5275784,1.460142,1.26121e-13,1.29282e-10
-0.5275782,1.460142,1.70530e-13,9.28636e-11
-0.5275781,1.460142,2.90434e-13,1.10388e-10
-0.5275779,1.460142,3.11751e-13,1.24107e-11
-0.5275778,1.460142,2.91323e-13,7.60299e-11
-0.5275775,1.460142,1.00364e-13,1.13333e-10
-0.5275771,1.460143,1.84741e-13,1.37468e-10
-0.527577,1.460143,1.19016e-13,8.74530e-11
-0.5275768,1.460143,2.11386e-13,4.66431e-12
-0.5275767,1.460143,3.42837e-13,1.17505e-10
-0.5275764,1.460144,3.15303e-13,4.61609e-12
-0.5275764,1.460144,1.51879e-13,1.18520e-10
-0.5275762,1.460144,1.51879e-13,2.69548e-11
-0.5275762,1.460144,5.68434e-14,1.03738e-13
-0.5275762,1.460144,3.67706e-13,1.66582e-10
-0.5275761,1.460144,4.08562e-14,1.39247e-10
-0.5275761,1.460144,2.22045e-13,9.73172e-14
-0.5275758,1.460144,2.57572e-13,6.42772e-12
-0.5275757,1.460144,2.98428e-13,5.00125e-15
-0.5275757,1.460144,3.56160e-13,3.96880e-11
-0.5275756,1.460144,1.17240e-13,3.99222e-11
-0.5275756,1.460144,2.09610e-13,1.08286e-13
-0.5275754,1.460144,1.36779e-13,1.46463e-10
-0.5275752,1.460144,2.54019e-13,7.80802e-11
-0.527575,1.460145,1.99840e-13,1.35400e-10
-0.5275748,1.460144,2.53131e-13,2.33543e-11
-0.5275745,1.460145,8.88178e-14,8.74107e-11
-0.5275744,1.460144,2.52243e-13,4.95761e-11
-0.5275742,1.460145,1.08358e-13,1.69061e-10
-0.5275742,1.460145,2.26485e-13,1.38654e-13
-0.527574,1.460145,1.09246e-13,5.83026e-11
-0.527574,1.460146,2.77112e-13,8.22977e-11
-0.5275738,1.460146,1.82077e-13,1.31450e-10
-0.5275737,1.460146,4.04121e-13,7.85687e-11
-0.5275735,1.460146,4.87610e-13,7.30439e-12
-0.527573,1.460146,3.17080e-13,1.15766e-10
-0.5275727,1.460147,1.34115e-13,1.73846e-10
-0.5275727,1.460147,2.04281e-13,9.61705e-14
-0.5275722,1.460147,9.27258e-13,1.32324e-13
-0.5275722,1.460147,2.68230e-13,1.18195e-13
-0.527572,1.460148,2.70894e-13,7.48605e-11
-0.5275718,1.460147,6.40377e-13,1.81890e-10
-0.5275716,1.460147,1.05693e-13,9.21548e-11
-0.5275708,1.460147,1.50990e-13,4.36942e-14
-0.5275707,1.460148,2.13163e-13,5.21526e-11
-0.5275707,1.460148,3.86358e-13,4.78681e-14
-0.5275705,1.460148,1.30562e-13,1.79124e-10
-0.5275704,1.460147,9.94760e-14,1.06127e-10
-0.5275702,1.460147,3.19744e-14,1.14723e-10
-0.5275702,1.460147,4.61853e-14,2.98091e-11
-0.52757,1.460147,1.17240e-13,4.82598e-11
-0.52757,1.460147,2.77112e-13,1.68089e-13
-0.5275699,1.460147,3.06422e-13,4.48418e-13
-0.5275699,1.460147,8.24230e-13,2.29973e-13
-0.5275696,1.460148,4.77840e-13,1.05790e-10
-0.5275696,1.460148,1.65201e-13,7.13764e-11
-0.5275693,1.460148,2.24709e-13,1.42423e-10
-0.5275692,1.460148,7.99361e-14,1.84750e-10
-0.5275692,1.460148,2.38920e-13,4.20636e-12
-0.5275692,1.460148,1.03917e-13,9.92398e-12
-0.5275691,1.460148,1.61648e-13,8.15327e-11
-0.5275685,1.460146,3.47278e-13,2.24934e-11
-0.5275685,1.460146,3.93463e-13,7.96986e-11
-0.5275681,1.460145,2.90434e-13,1.05393e-11
-0.5275679,1.460145,1.22569e-13,1.29512e-10
-0.5275678,1.460145,4.48530e-13,1.32078e-10
-0.5275678,1.460145,1.41220e-13,1.39624e-13
-0.5275673,1.460145,1.25233e-13,8.30359e-11
-0.5275671,1.460145,2.22045e-13,8.82003e-12
-0.5275669,1.460146,2.18492e-13,3.32244e-11
-0.5275666,1.460146,7.19425e-14,6.09359e-11
-0.5275665,1.460147,2.40696e-13,1.46551e-10
-0.5275664,1.460148,2.13163e-14,1.27437e-10
-0.5275664,1.460148,1.90958e-13,2.42053e-13
-0.5275662,1.460148,5.68434e-14,1.19051e-11
-0.527566,1.460148,6.30607e-14,1.21985e-10
-0.5275659,1.460149,7.81597e-14,9.30224e-11
-0.5275659,1.460149,3.52607e-13,2.68001e-13
-0.5275657,1.46015,1.01252e-13,1.21333e-10
-0.5275655,1.460149,2.03393e-13,4.18477e-11
-0.5275654,1.460149,3.03757e-13,1.44430e-10
-0.5275653,1.46015,7.63833e-14,1.14519e-10
-0.5275653,1.46015,3.67706e-13,1.59871e-13
-0.5275651,1.46015,3.87246e-13,2.47853e-11
-0.5275651,1.46015,1.19016e-13,1.48925e-13
-0.527565,1.46015,3.32179e-13,9.07407e-11
-0.5275648,1.460151,4.08562e-14,1.63419e-10
-0.5275647,1.460151,1.57208e-13,1.65291e-10
-0.5275644,1.460152,3.55271e-13,1.68816e-10
-0.5275644,1.460152,5.51559e-13,1.69637e-14
-0.5275643,1.460152,2.22045e-13,5.27736e-11
-0.5275643,1.460152,1.36779e-13,4.02464e-13
-0.5275643,1.460152,1.06581e-13,9.04409e-11
-0.5275642,1.460151,1.74083e-13,7.77649e-11
-0.5275642,1.460151,4.70735e-14,1.09651e-13
-0.5275641,1.460152,3.81917e-14,7.74886e-11
-0.5275634,1.460153,4.15668e-13,9.21007e-11
-0.5275633,1.460152,2.36255e-13,1.21396e-10
-0.5275632,1.460153,8.52651e-14,5.30228e-11
-0.5275631,1.460152,2.41585e-13,3.32862e-11
-0.5275628,1.460152,1.60760e-13,1.16767e-10
-0.5275627,1.460152,2.48690e-13,1.50995e-10
-0.5275625,1.460152,8.43769e-14,8.07876e-11
-0.5275623,1.460152,1.83853e-13,7.22208e-11
-0.5275623,1.460152,3.03757e-13,5.20334e-13
-0.5275621,1.460152,6.03961e-14,5.52277e-11
-0.5275618,1.460152,1.30562e-13,4.97295e-12
-0.5275618,1.460151,2.02505e-13,1.17001e-10
-0.5275616,1.460152,1.48326e-13,7.76295e-11
-0.5275614,1.460152,1.90070e-13,1.16542e-10
-0.5275611,1.460153,3.03757e-13,1.03614e-10
-0.527561,1.460153,2.22045e-14,1.65102e-10
-0.5275609,1.460152,4.45866e-13,1.64658e-10
-0.5275609,1.460152,1.43885e-13,1.00379e-10
-0.5275607,1.460153,1.66978e-13,1.74458e-10
-0.5275604,1.460153,3.85469e-13,9.01180e-11
-0.5275601,1.460152,9.23706e-14,1.06583e-11
-0.5275601,1.460152,1.71418e-13,3.83639e-11
-0.52756,1.460153,2.12275e-13,8.92098e-11
-0.52756,1.460153,1.18128e-13,8.32679e-13
-0.5275598,1.460153,6.92779e-14,6.81809e-12
-0.5275598,1.460153,1.77636e-14,8.35930e-12
-0.5275598,1.460153,4.74287e-13,1.04744e-12
-0.5275597,1.460153,3.34843e-13,1.93877e-11
-0.5275595,1.460154,8.70415e-14,1.43973e-11
-0.5275594,1.460154,3.82805e-13,1.51511e-10
-0.5275593,1.460153,3.57936e-13,1.91315e-11
-0.527559,1.460153,9.59233e-14,2.67172e-11
-0.527559,1.460153,1.14575e-13,5.52749e-11
-0.527559,1.460153,3.30402e-13,1.30088e-10
-0.527559,1.460153,3.19744e-14,1.33109e-14
-0.5275585,1.460153,4.58300e-13,1.41930e-10
-0.5275584,1.460153,7.72715e-14,1.03648e-10
-0.5275584,1.460153,4.47642e-13,4.38302e-13
-0.5275583,1.460153,2.49578e-13,1.64891e-10
-0.5275579,1.460153,4.75175e-13,3.63050e-11
-0.5275578,1.460153,9.68114e-14,5.80741e-11
-0.5275577,1.460153,4.44089e-13,1.44144e-10
-0.5275572,1.460153,1.63425e-13,8.19721e-11
-0.5275569,1.460153,9.94760e-14,1.45017e-11
-0.5275569,1.460153,2.03393e-13,9.85113e-14
-0.5275565,1.460154,2.18492e-13,1.28555e-11
-0.5275564,1.460154,2.47802e-13,4.57821e-11
-0.5275561,1.460155,2.64677e-13,2.19050e-11
-0.5275561,1.460155,1.40332e-13,4.47986e-14
-0.5275561,1.460155,3.09086e-13,2.55818e-13
-0.5275559,1.460154,1.13687e-13,5.86397e-11
-0.5275554,1.460154,1.79412e-13,1.17742e-10
-0.5275552,1.460154,1.98952e-13,1.17670e-10
-0.5275549,1.460155,2.04281e-13,1.67924e-10
-0.5275549,1.460155,3.32179e-13,2.37948e-12
-0.5275545,1.460155,3.46390e-14,5.94999e-12
-0.5275545,1.460155,2.84217e-13,8.64189e-13
-0.5275545,1.460154,5.24025e-14,7.28490e-11
-0.5275545,1.460154,5.95080e-14,7.25583e-13
-0.5275544,1.460154,7.90479e-14,8.69379e-11
-0.5275544,1.460155,1.97176e-13,3.04527e-11
-0.5275543,1.460154,1.59872e-13,1.10585e-10
-0.5275542,1.460154,2.92211e-13,8.04504e-11
-0.5275542,1.460154,2.75335e-13,7.66628e-13
-0.5275542,1.460155,2.93987e-13,1.54893e-10
-0.527554,1.460155,6.48370e-14,3.46252e-11
-0.5275539,1.460155,9.32587e-14,1.68022e-10
-0.5275538,1.460155,1.24345e-13,3.32851e-11
-0.5275537,1.460155,3.63265e-13,4.49396e-11
-0.5275536,1.460155,7.72715e-14,3.74880e-11
-0.5275534,1.460155,1.11910e-13,7.02709e-11
-0.527553,1.460155,3.74811e-13,1.65920e-10
-0.5275529,1.460155,1.05693e-13,1.34872e-10
-0.5275529,1.460155,1.27898e-13,4.62768e-13
-0.5275529,1.460155,2.06946e-13,1.08141e-10
-0.5275529,1.460155,2.34479e-13,7.61528e-13
-0.5275529,1.460155,1.85629e-13,3.18525e-11
-0.5275525,1.460156,2.04281e-13,1.29596e-11
-0.5275519,1.460156,2.39808e-13,1.18866e-10
-0.5275516,1.460155,6.15508e-13,8.70298e-11
-0.5275512,1.460156,2.79776e-13,6.73705e-11
-0.5275508,1.460156,7.37188e-14,5.65003e-11
-0.5275507,1.460155,7.90479e-14,1.48144e-10
-0.5275507,1.460156,8.26006e-14,1.00563e-10
-0.5275506,1.460156,1.08358e-13,1.26642e-10
-0.5275503,1.460156,2.55795e-13,9.75507e-11
-0.52755,1.460155,1.17240e-13,2.14873e-11
-0.52755,1.460155,1.86517e-13,1.11563e-10
-0.5275499,1.460155,8.08242e-14,1.51860e-10
-0.5275499,1.460155,1.94511e-13,5.09465e-13
-0.5275496,1.460155,1.56319e-13,1.67509e-11
-0.5275496,1.460155,2.46025e-13,1.06466e-13
-0.5275495,1.460156,4.22773e-13,1.45118e-10
-0.5275494,1.460157,7.28306e-14,1.92938e-11
-0.5275493,1.460157,1.31450e-13,4.86177e-11
-0.5275493,1.460157,2.64677e-13,3.12689e-12
-0.5275482,1.460163,3.11751e-13,1.13732e-10
-0.5275481,1.460163,3.14415e-13,9.30514e-11
-0.5275478,1.460162,2.37144e-13,1.36517e-12
-0.5275475,1.460163,3.24185e-13,3.65134e-11
-0.5275474,1.460163,1.19016e-13,7.67929e-11
-0.5275472,1.460163,2.39808e-14,1.47393e-10
-0.5275471,1.460163,1.90070e-13,5.68019e-11
-0.5275468,1.460163,4.26326e-14,7.83113e-11
-0.5275467,1.460162,6.21725e-14,8.21461e-11
-0.5275467,1.460162,2.14051e-13,2.84779e-13
-0.5275465,1.460163,2.98428e-13,1.15163e-10
-0.5275461,1.460163,1.90958e-13,5.06033e-11
-0.5275461,1.460163,3.00204e-13,5.17950e-14
-0.527546,1.460163,8.34888e-14,7.87956e-11
-0.5275458,1.460163,4.20108e-13,8.85078e-11
-0.5275458,1.460163,7.57616e-13,5.22202e-13
-0.5275455,1.460163,1.21680e-13,7.04833e-11
-0.5275455,1.460163,2.17604e-13,5.90508e-13
-0.5275453,1.460164,9.68114e-14,6.11771e-11
-0.527545,1.460164,2.73559e-13,1.05368e-11
-0.5275447,1.460164,1.78524e-13,5.24769e-11
-0.5275447,1.460163,4.56524e-13,1.56419e-10
-0.5275446,1.460163,1.58984e-13,7.33134e-11
-0.5275444,1.460163,3.97904e-13,1.62087e-10
-0.5275444,1.460162,1.38556e-13,1.39405e-10
-0.5275438,1.460163,1.50990e-13,9.36797e-11
-0.5275438,1.460163,2.08722e-13,7.72310e-13
-0.5275437,1.460163,3.94351e-13,1.11680e-10
-0.5275437,1.460163,1.67866e-13,8.03276e-13
-0.5275432,1.460163,3.10862e-13,3.83671e-11
-0.5275431,1.460163,5.81757e-13,6.98545e-11
-0.5275431,1.460163,2.85993e-13,3.79259e-13
-0.527543,1.460164,1.30562e-13,8.11084e-11
-0.527543,1.460164,9.85878e-13,9.32033e-13
-0.5275408,1.460167,2.40696e-13,1.00148e-10
-0.5275407,1.460167,2.09610e-13,3.96271e-11
-0.5275403,1.460167,5.15143e-14,8.17369e-11
-0.52754,1.460168,3.42837e-13,1.14460e-10
-0.5275399,1.460168,2.57572e-13,1.41755e-10
-0.5275397,1.460168,3.10862e-14,6.93835e-11
-0.5275395,1.460168,2.79776e-13,5.18871e-12
-0.5275392,1.460168,5.68434e-14,1.50840e-10
-0.5275241,1.460179,1.30562e-13,1.87954e-13
-0.5275238,1.460179,3.81917e-13,4.79746e-11
-0.5275234,1.460179,7.72715e-14,1.39659e-10
-0.5275232,1.46018,4.15668e-13,4.86126e-11
-0.5275232,1.46018,1.19016e-13,1.28008e-10
-0.5275231,1.46018,5.86198e-14,4.43660e-11
-0.5275229,1.460179,5.32907e-14,5.21285e-11
-0.5275227,1.46018,3.01981e-14,9.86405e-11
-0.5275227,1.46018,4.53859e-13,6.71021e-13
-0.5275224,1.460179,2.30926e-13,2.86604e-11
-0.5275223,1.46018,5.32907e-14,1.09115e-10
-0.5275218,1.46018,2.82441e-13,1.33152e-10
-0.5275218,1.46018,9.87654e-13,1.04516e-13
-0.5275218,1.460181,2.74447e-13,1.41898e-10
-0.5275218,1.460181,7.19425e-14,1.01639e-10
-0.5275218,1.460181,3.79252e-13,2.08122e-11
-0.5275218,1.460181,4.68958e-13,1.96840e-12
-0.5275217,1.460181,1.58984e-13,1.29694e-10
-0.5275217,1.460181,3.44613e-13,8.23428e-14
-0.5275214,1.460181,2.65565e-13,6.89259e-11
-0.5275214,1.460181,2.91323e-13,5.33104e-14
-0.5275213,1.460181,1.42109e-13,1.46079e-10
-0.527521,1.460181,2.65565e-13,1.14316e-10
-0.527521,1.460181,2.59348e-13,1.35776e-10
-0.5275209,1.460182,6.39488e-14,1.42752e-10
-0.5275209,1.460182,2.84217e-13,2.46383e-13
-0.5275208,1.460182,3.35731e-13,6.59877e-11
-0.5275207,1.460182,3.01981e-13,5.53643e-11
-0.5275205,1.460182,2.40696e-13,1.11632e-10
-0.5275205,1.460182,9.50351e-14,1.53593e-10
-0.5275205,1.460182,1.49214e-13,2.65978e-14
-0.5275202,1.460182,1.76748e-13,3.72837e-13
-0.52752,1.460182,1.63425e-13,1.10633e-10
-0.5275198,1.460182,1.43885e-13,4.16008e-11
-0.5275198,1.460182,3.53495e-13,5.25891e-14
-0.5275193,1.460182,5.41789e-14,7.95608e-11
-0.5275193,1.460182,2.72671e-13,3.23239e-14
-0.5275193,1.460182,1.38556e-13,2.15712e-13
-0.5275191,1.460182,8.34888e-14,1.99966e-11
-0.5275189,1.460181,1.22569e-13,6.07883e-11
-0.5275187,1.460182,4.44089e-14,1.43371e-10
-0.5275181,1.460182,3.43725e-13,4.17748e-11
-0.527518,1.460182,2.83329e-13,1.85237e-13
-0.5275174,1.460182,1.02141e-13,8.39575e-11
-0.5275173,1.460183,4.92051e-13,4.74633e-11
-0.5275173,1.460183,3.76588e-13,1.54856e-13
-0.5275173,1.460183,1.98952e-13,2.84606e-13
-0.527517,1.460183,2.34479e-13,1.33619e-10
-0.527517,1.460183,4.54747e-13,1.16603e-10
-0.5275169,1.460183,6.92779e-14,8.95483e-14
-0.5275168,1.460183,2.58460e-13,6.48449e-11
-0.5275163,1.460184,1.12799e-13,8.48512e-11
-0.527516,1.460184,2.09610e-13,4.85795e-11
-0.5275159,1.460184,2.85105e-13,1.85165e-13
-0.5275159,1.460184,2.31815e-13,6.10796e-14
-0.5275155,1.460184,1.88294e-13,5.10619e-11
-0.5275155,1.460184,1.43885e-13,9.97241e-11
-0.5275153,1.460184,4.52971e-13,2.86477e-11
-0.5275152,1.460184,3.52607e-13,7.54094e-11
-0.5275151,1.460185,1.25233e-13,1.25932e-10
-0.5275151,1.460185,1.33227e-13,1.11931e-10
-0.5275147,1.460182,2.99316e-13,8.06039e-11
-0.5275147,1.460182,8.79297e-14,4.90243e-13
-0.5275145,1.460182,1.58984e-13,1.02672e-10
-0.5275143,1.460182,2.78888e-13,1.15805e-10
-0.5275141,1.460183,3.93463e-13,9.70992e-11
-0.527514,1.460183,1.42109e-13,9.48558e-11
-0.527514,1.460183,2.56684e-13,7.29119e-13
-0.5275138,1.460183,1.12799e-13,1.42291e-10
-0.5275138,1.460183,8.70415e-14,1.80203e-13
-0.5275136,1.460183,1.62537e-13,9.42503e-12
-0.5275136,1.460183,2.78000e-13,7.25585e-13
-0.5275135,1.460183,2.01617e-13,2.88807e-11
-0.5275133,1.460183,3.15303e-13,4.63922e-11
-0.5275133,1.460183,2.61124e-13,1.77343e-12
-0.5275133,1.460183,8.17124e-14,1.20891e-10
-0.5275131,1.460183,7.46070e-14,2.46845e-11
-0.5275131,1.460183,1.63425e-13,2.94873e-14
-0.5275127,1.460184,2.21156e-13,7.27631e-11
-0.5275125,1.460184,1.83853e-13,8.95908e-11
-0.5275124,1.460184,3.03757e-13,1.25507e-10
-0.5275124,1.460184,2.43361e-13,3.24220e-11
-0.5275119,1.460184,2.22045e-13,6.17554e-11
-0.5275118,1.460184,3.05533e-13,1.32872e-10
-0.5275118,1.460184,4.46754e-13,4.34463e-12
-0.5275116,1.460185,1.81188e-13,8.22728e-11
-0.5275114,1.460185,8.17124e-14,3.00829e-11
-0.5275112,1.460184,8.17124e-14,3.53171e-11
-0.5275112,1.460184,3.71259e-13,3.00762e-13
-0.5275109,1.460185,1.19904e-13,1.19462e-10
-0.5275105,1.460186,2.57572e-14,1.72668e-11
-0.5275102,1.460187,1.22569e-13,9.82144e-11
-0.5275102,1.460187,2.82441e-13,6.45862e-15
-0.52751,1.460186,6.10179e-13,4.00505e-11
-0.5275096,1.460187,1.15463e-13,3.27367e-11
-0.5275096,1.460187,2.71783e-13,9.98990e-11
-0.5275095,1.460187,3.01092e-13,1.50741e-13
-0.5275095,1.460187,5.52447e-13,1.26331e-13
-0.5275094,1.460187,2.62013e-13,1.72601e-13
-0.5275093,1.460187,1.40332e-13,2.93480e-11
-0.5275088,1.460187,2.11386e-13,2.34826e-11
-0.5275087,1.460187,1.49214e-13,2.24492e-11
-0.5275086,1.460187,5.47118e-13,1.05528e-10
-0.5275085,1.460186,3.37508e-14,6.00715e-11
-0.5275085,1.460186,1.47438e-13,3.01201e-13
-0.5275083,1.460186,6.03961e-14,1.10139e-10
-0.5275083,1.460186,1.80300e-13,5.90762e-13
-0.5275083,1.460186,6.03961e-14,5.68399e-11
-0.527508,1.460186,1.03029e-13,6.21463e-11
-0.5275078,1.460187,4.35207e-14,1.18217e-10
-0.5275078,1.460187,3.59712e-13,5.95283e-11
-0.5275077,1.460187,3.64153e-13,3.57829e-13
-0.5275073,1.460186,2.16716e-13,1.00838e-10
-0.5275072,1.460186,2.72671e-13,1.19819e-11
-0.527507,1.460187,1.31450e-13,4.01125e-11
-0.527507,1.460187,2.94875e-13,2.08403e-13
-0.5275069,1.460186,9.59233e-14,8.22551e-11
-0.5275067,1.460186,2.25597e-13,7.24036e-11
-0.5275067,1.460186,1.79412e-13,8.07240e-13
-0.5275066,1.460187,2.11386e-13,1.35850e-10
-0.5275065,1.460187,1.64313e-13,4.69764e-11
-0.5275065,1.460187,2.02505e-13,7.79232e-13
-0.5275065,1.460187,2.55795e-13,1.00774e-10
-0.5275063,1.460187,1.96287e-13,8.22151e-12
-0.527506,1.460186,2.09610e-13,7.23704e-11
-0.5275058,1.460186,2.93987e-13,2.31442e-11
-0.5275058,1.460186,1.35891e-13,5.96115e-13
-0.5275056,1.460186,1.91847e-13,6.12799e-11
-0.5275054,1.460187,2.19380e-13,1.30494e-10
-0.5275054,1.460187,8.34888e-14,1.76027e-13
-0.5275052,1.460187,9.59233e-14,5.63017e-11
-0.5275051,1.460186,2.32703e-13,1.16677e-10
-0.5275051,1.460186,2.85105e-13,3.42893e-13
-0.5275049,1.460187,2.85993e-13,7.08223e-11
-0.5275049,1.460187,1.47438e-13,5.50183e-11
-0.5275049,1.460187,1.63425e-13,1.68067e-11
-0.5275046,1.460187,1.49214e-13,8.93760e-11
-0.5275044,1.460188,2.02505e-13,1.15470e-11
-0.5275043,1.460188,2.31815e-13,1.21715e-10
-0.5275042,1.460188,7.99361e-14,1.24832e-10
-0.527504,1.460188,7.01661e-14,1.27604e-10
-0.5275038,1.460188,1.33227e-13,8.14781e-11
-0.5275038,1.460188,2.59348e-13,3.05828e-13
-0.5275036,1.460188,3.19744e-14,5.85508e-11
-0.5275033,1.460188,1.86517e-13,5.76578e-11
-0.5275033,1.460188,3.01981e-13,3.21473e-14
-0.5275032,1.460188,1.03917e-13,1.23839e-10
-0.5275029,1.460188,4.18332e-13,1.13129e-10
-0.5275025,1.460188,1.50990e-13,1.07792e-10
-0.5275025,1.460188,2.14939e-13,3.02852e-13
-0.5275024,1.460188,1.34115e-13,1.33584e-11
-0.5275024,1.460188,9.05942e-14,1.00651e-10
-0.5275024,1.460188,1.25233e-13,3.04817e-13
-0.527502,1.460188,2.14051e-13,9.35961e-11
-0.5275019,1.460188,1.11022e-13,7.12127e-11
-0.5275019,1.460188,1.43885e-13,3.86772e-13
-0.5275019,1.460188,2.86882e-13,2.88847e-11
-0.5275019,1.460188,3.35731e-13,1.77660e-14
-0.5275015,1.460188,2.01617e-13,1.04240e-10
-0.5275013,1.460189,2.80664e-13,1.00794e-10
-0.5275012,1.460188,2.83329e-13,5.49272e-11
-0.5275012,1.460188,2.45137e-13,3.16211e-13
-0.5275012,1.460188,4.70735e-14,1.06993e-10
-0.5275011,1.460189,9.41469e-14,1.30814e-10
-0.5275007,1.460189,2.27374e-13,6.67469e-11
-0.5275007,1.460189,1.82077e-13,6.90555e-13
-0.5275006,1.460189,3.61489e-13,5.63723e-11
-0.5275005,1.460189,3.85469e-13,6.37032e-11
-0.5275,1.460189,1.37668e-13,7.68856e-11
-0.5274997,1.46019,2.01617e-13,1.20253e-10
-0.5274997,1.46019,2.22045e-13,5.03144e-11
-0.527499,1.460191,2.71783e-13,1.08196e-10
-0.5274988,1.460191,4.07674e-13,1.26625e-10
-0.5274986,1.460191,9.59233e-14,5.53475e-11
-0.5274986,1.460191,2.25597e-13,3.36667e-13
-0.5274986,1.460191,2.06946e-13,3.45746e-11
-0.5274986,1.460191,2.58460e-13,1.32850e-12
-0.5274983,1.460191,1.80300e-13,4.73931e-11
-0.5274983,1.460191,3.05533e-13,1.42429e-12
-0.5274981,1.460192,6.58140e-13,1.30260e-10
-0.5274981,1.460192,3.05533e-13,1.30294e-10
-0.5274976,1.460193,4.39648e-13,1.06032e-10
-0.5274969,1.460194,1.58984e-13,6.79379e-11
-0.5274966,1.460194,1.19016e-13,5.03882e-11
-0.5274966,1.460194,2.50466e-13,1.84537e-13
-0.5274964,1.460194,2.13163e-13,8.10981e-12
-0.5274962,1.460194,2.58460e-13,6.80642e-11
-0.5274961,1.460194,2.44249e-13,5.38605e-11
-0.527496,1.460194,2.48690e-13,8.41460e-11
-0.527496,1.460194,1.06581e-13,1.21698e-13
-0.5274957,1.460194,1.50102e-13,3.14399e-11
-0.5274957,1.460195,1.94511e-13,1.72579e-13
-0.5274956,1.460195,1.72307e-13,4.29253e-13
-0.5274956,1.460195,3.51719e-13,3.00659e-14
-0.5274954,1.460194,7.99361e-14,7.02249e-11
-0.5274952,1.460194,2.40696e-13,5.95508e-12
-0.5274951,1.460194,1.68754e-13,8.30272e-11
-0.527495,1.460194,6.75016e-14,1.87571e-11
-0.5274948,1.460195,4.62741e-13,1.04542e-10
-0.5274945,1.460195,3.49942e-13,1.33200e-10
-0.5274941,1.460196,3.39284e-13,1.81578e-11
-0.5274926,1.460199,1.82965e-13,8.34745e-11
-0.5274923,1.4602,7.99361e-14,7.87277e-11
-0.5274922,1.4602,1.58096e-13,3.23677e-11
-0.5274921,1.4602,4.20997e-13,4.13477e-11
-0.527492,1.4602,4.07674e-13,1.25099e-10
-0.527492,1.4602,5.53335e-13,1.81574e-13
-0.5274918,1.4602,3.69482e-13,1.60895e-13
-0.5274918,1.460201,1.39444e-13,3.98118e-11
-0.5274918,1.460201,2.29150e-13,3.17439e-14
-0.5274918,1.460201,1.81188e-13,1.27937e-11
-0.5274915,1.460201,1.58984e-13,4.77069e-11
-0.5274915,1.460201,1.87406e-13,2.01117e-13
-0.527491,1.460201,1.37668e-13,1.47443e-11
-0.527491,1.460201,3.16192e-13,5.57827e-13
-0.5274908,1.4602,3.79252e-13,6.41735e-11
-0.5274907,1.4602,2.43361e-13,5.04030e-11
-0.5274905,1.4602,3.07310e-13,5.97258e-11
-0.5274905,1.4602,1.50990e-13,8.64194e-13
-0.52749,1.4602,5.08038e-13,4.84555e-11
-0.52749,1.4602,6.86562e-13,7.97020e-13
-0.5274899,1.4602,8.70415e-14,1.16885e-10
-0.5274898,1.4602,2.85993e-13,1.26313e-10
-0.5274895,1.4602,1.61648e-13,1.34036e-11
-0.5274895,1.4602,4.03233e-13,1.38594e-12
-0.5274894,1.4602,1.23457e-13,9.62261e-11
-0.5274894,1.4602,1.10134e-13,2.11130e-13
-0.5274893,1.460201,3.29514e-13,1.30775e-11
-0.5274891,1.460201,5.59552e-14,2.29497e-11
-0.5274887,1.460201,1.12799e-13,5.68079e-11
-0.5274885,1.460201,1.13687e-13,1.28044e-10
-0.5274884,1.460201,1.52767e-13,4.27641e-12
-0.5274882,1.460201,3.49942e-13,8.39075e-11
-0.5274882,1.460201,5.30243e-13,9.44136e-11
-0.527488,1.460202,1.39444e-13,3.83097e-11
-0.5274877,1.460201,1.20792e-13,6.46420e-13
-0.5274875,1.460201,4.64517e-13,1.03987e-10
-0.5274875,1.460201,4.63629e-13,3.20083e-13
-0.5274874,1.460201,1.28786e-13,8.13121e-11
-0.5274874,1.460201,3.09974e-13,3.63491e-14
-0.5274872,1.460201,2.08722e-13,1.32709e-10
-0.5274871,1.460202,1.64313e-13,8.09579e-11
-0.5274871,1.460202,2.38032e-13,1.25009e-10
-0.5274871,1.460202,2.04281e-13,1.43564e-14
-0.5274869,1.460201,2.43361e-13,6.83727e-11
-0.5274869,1.460201,1.74083e-13,1.85191e-13
-0.5274866,1.460201,8.61533e-14,4.76713e-11
-0.5274866,1.460202,4.41425e-13,5.37221e-12
-0.5274866,1.460202,1.33227e-13,4.29882e-13
-0.5274864,1.460202,1.59872e-13,9.45363e-11
-0.5274864,1.460202,2.18492e-13,2.74414e-11
-0.5274862,1.460202,1.62537e-13,1.90544e-12
-0.5274861,1.460202,5.18696e-13,9.82567e-11
-0.5274861,1.460202,1.00364e-13,1.33091e-10
-0.5274858,1.460202,7.63833e-14,6.22982e-11
-0.5274857,1.460202,9.85878e-14,9.08779e-11
-0.5274856,1.460203,4.68958e-13,1.01897e-10
-0.5274854,1.460203,1.39444e-13,8.44136e-11
-0.5274853,1.460203,2.18492e-13,8.57074e-11
-0.5274849,1.460203,3.99680e-13,1.23666e-10
-0.5274848,1.460203,3.04645e-13,1.63721e-13
-0.5274848,1.460203,4.08562e-13,1.71541e-13
-0.5274847,1.460203,3.49054e-13,2.01063e-13
-0.5274847,1.460203,4.08562e-13,1.03461e-10
-0.5274845,1.460203,1.41220e-13,9.22637e-11
-0.5274842,1.460204,2.06946e-13,1.34400e-10
-0.5274841,1.460203,1.35003e-13,1.63612e-11
-0.5274841,1.460203,8.52651e-14,1.49430e-12
-0.5274841,1.460203,3.26850e-13,5.10790e-11
-0.527484,1.460203,1.71418e-13,9.95621e-11
-0.5274834,1.460203,3.48166e-13,8.75450e-11
-0.5274834,1.460203,1.81188e-13,2.19494e-13
-0.5274833,1.460203,1.14575e-13,1.09866e-14
-0.5274831,1.460204,3.49942e-13,3.76665e-13
-0.5274828,1.460204,2.57572e-13,7.34476e-11
-0.5274827,1.460204,2.95763e-13,6.05862e-11
-0.5274824,1.460204,9.32587e-14,6.93791e-11
-0.5274824,1.460204,1.60760e-13,4.07096e-13
-0.5274824,1.460204,1.65201e-13,7.74152e-11
-0.5274823,1.460204,7.99361e-14,7.10331e-11
-0.5274821,1.460204,2.19380e-13,1.17797e-10
-0.5274821,1.460204,3.08198e-13,1.27942e-12
-0.5274821,1.460204,4.17444e-14,8.78935e-12
-0.5274819,1.460204,6.59028e-13,1.13742e-10
-0.5274815,1.460203,1.06581e-13,9.22353e-11
-0.5274815,1.460204,1.20792e-13,5.10628e-11
-0.5274813,1.460204,2.84217e-13,8.60830e-11
-0.5274812,1.460204,2.98428e-13,1.12800e-10
-0.527481,1.460204,1.26121e-13,4.27829e-11
-0.5274807,1.460205,8.97060e-14,1.24477e-10
-0.5274803,1.460205,3.26850e-13,1.10516e-10
-0.5274803,1.460205,2.40696e-13,2.51152e-13
-0.5274802,1.460205,3.05533e-13,1.84355e-11
-0.5274802,1.460205,1.22569e-13,9.18406e-11
-0.5274802,1.460205,8.43769e-14,5.94520e-11
-0.52748,1.460205,1.90070e-13,2.02001e-11
-0.52748,1.460205,1.13687e-13,9.50976e-14
-0.5274798,1.460205,3.95239e-13,3.52957e-11
-0.5274797,1.460205,7.81597e-14,6.65636e-11
-0.5274796,1.460206,3.97904e-13,3.39302e-11
-0.5274796,1.460207,3.94351e-13,5.23382e-11
-0.5274795,1.460207,1.63425e-13,2.22838e-11
-0.5274795,1.460207,2.06057e-13,5.15673e-13
-0.5274794,1.460207,9.76996e-14,6.19585e-11
-0.5274794,1.460207,4.00568e-13,7.44671e-13
-0.5274794,1.460207,1.13687e-13,7.80909e-11
-0.527479,1.460208,8.52651e-14,1.77653e-11
-0.527479,1.460208,1.51879e-13,6.93435e-13
-0.5274789,1.460208,2.49578e-13,9.39719e-11
-0.5274788,1.460209,2.65565e-13,6.49536e-11
-0.5274788,1.460209,1.28786e-13,1.47405e-13
-0.5274786,1.460209,4.68958e-13,3.56765e-11
-0.5274785,1.460209,4.32543e-13,8.77491e-11
-0.5274783,1.460209,2.69118e-13,1.16797e-12
-0.527478,1.46021,1.84741e-13,7.66423e-11
-0.5274779,1.460209,1.21680e-13,2.79616e-11
-0.5274778,1.46021,2.11386e-13,7.66564e-11
-0.5274777,1.46021,1.87406e-13,1.30963e-10
-0.5274771,1.460211,2.78000e-13,6.64041e-11
-0.5274771,1.460211,1.11910e-13,2.87762e-14
-0.5274769,1.460211,4.35207e-14,1.01907e-10
-0.5274769,1.460211,3.21521e-13,4.21335e-15
-0.5274768,1.460211,5.02709e-13,7.07153e-11
-0.5274765,1.460211,2.85105e-13,1.33576e-10
-0.5274764,1.460211,2.46914e-13,5.16653e-11
-0.5274689,1.460217,3.30402e-13,5.61209e-15
-0.5274689,1.460216,1.12799e-13,6.40578e-12
-0.5274688,1.460216,1.40332e-13,1.03219e-10
-0.5274687,1.460217,2.99316e-13,9.74522e-11
-0.5274686,1.460217,5.86198e-13,7.88664e-12
-0.5274684,1.460217,5.49782e-13,1.04462e-10
-0.5274682,1.460217,1.83853e-13,5.10431e-11
-0.527468,1.460217,4.59188e-13,7.65134e-11
-0.5274679,1.460217,1.59872e-13,4.41312e-11
-0.5274678,1.460217,3.21521e-13,1.78162e-13
-0.5274673,1.460218,3.92575e-13,3.21483e-11
-0.5274672,1.460218,3.72147e-13,7.25401e-11
-0.5274666,1.460218,1.38556e-13,7.52377e-11
-0.5274665,1.460218,3.68594e-13,7.77325e-14
-0.5274662,1.460218,6.75016e-14,4.84124e-11
-0.5274662,1.460218,3.00204e-13,7.38944e-14
-0.5274659,1.460218,1.14575e-13,4.40892e-11
-0.5274658,1.460218,2.23821e-13,1.00397e-11
-0.5274658,1.460218,1.33227e-13,1.77298e-13
-0.5274658,1.460218,2.31815e-13,1.35787e-14
-0.5274657,1.460218,1.57208e-13,2.11606e-13
-0.5274654,1.460218,1.89182e-13,8.77739e-11
-0.5274653,1.460218,3.20632e-13,5.85386e-11
-0.5274653,1.460218,9.94760e-14,6.94095e-11
-0.5274648,1.460219,4.04121e-13,8.88123e-11
-0.5274648,1.460218,1.66089e-13,4.42573e-11
-0.5274646,1.460218,2.92211e-13,1.24996e-10
-0.5274646,1.460218,3.03757e-13,4.86630e-13
-0.5274646,1.460218,8.17124e-14,3.55386e-13
-0.5274644,1.460218,3.64153e-13,6.83222e-11
-0.5274644,1.460218,1.85629e-13,1.42383e-13
-0.5274644,1.460218,2.33591e-13,4.25307e-13
-0.5274644,1.460218,4.77840e-13,4.81768e-13
-0.5274644,1.460218,3.88134e-13,3.11116e-13
-0.5274641,1.460219,3.42837e-13,1.75609e-11
-0.5274639,1.46022,4.45866e-13,1.74032e-11
-0.5274639,1.46022,1.59872e-13,4.27832e-13
-0.5274638,1.460219,2.31815e-13,6.55052e-11
-0.5274638,1.460219,9.85878e-14,1.21043e-10
-0.5274634,1.46022,4.70735e-13,7.94861e-11
-0.5274633,1.46022,1.95399e-13,1.33721e-13
-0.5274633,1.46022,1.92735e-13,1.11185e-13
-0.5274631,1.46022,2.73559e-13,4.95350e-11
-0.5274631,1.46022,2.66454e-14,1.49796e-13
-0.5274629,1.46022,1.94511e-13,1.09682e-10
-0.5274627,1.460221,1.85629e-13,4.02944e-11
-0.5274627,1.460221,2.70894e-13,1.03751e-13
-0.5274626,1.460221,2.68230e-13,9.23119e-15
-0.5274622,1.460222,2.47802e-13,2.42662e-11
-0.5274622,1.460222,1.55431e-13,6.23349e-11
-0.5274619,1.460221,5.33795e-13,9.54268e-11
-0.5274619,1.460221,3.73035e-13,7.14623e-15
-0.5274616,1.460221,3.02869e-13,6.06019e-11
-0.5274612,1.460222,3.19744e-13,4.47674e-11
-0.5274612,1.460222,1.95399e-13,2.89833e-14
-0.5274611,1.460222,3.52607e-13,3.42175e-11
-0.527461,1.460222,8.61533e-14,2.31421e-11
-0.527461,1.460222,3.47278e-13,6.89709e-13
-0.5274609,1.460222,3.49054e-13,1.52019e-11
-0.5274608,1.460222,1.63425e-13,3.25163e-11
-0.5274607,1.460223,1.39444e-13,1.25523e-10
-0.5274605,1.460224,6.57252e-14,1.67353e-11
-0.5274605,1.460224,2.46025e-13,3.87909e-11
-0.5274605,1.460224,1.17240e-13,7.11248e-13
-0.5274605,1.460224,3.71259e-13,9.87060e-11
-0.5274603,1.460223,4.48530e-13,1.17039e-11
-0.5274601,1.460223,2.32703e-13,1.23002e-10
-0.52746,1.460223,8.97060e-14,3.38975e-11
-0.5274599,1.460223,1.78524e-13,9.56657e-11
-0.5274599,1.460223,2.60236e-13,1.27372e-12
-0.5274599,1.460223,4.68070e-13,1.32614e-11
-0.5274595,1.460223,3.45501e-13,3.72547e-11
-0.5274595,1.460223,1.81188e-13,1.24634e-10
-0.5274595,1.460223,4.02345e-13,8.26903e-13
-0.5274593,1.460223,5.07150e-13,2.16032e-11
-0.5274593,1.460223,2.77112e-13,1.11446e-13
-0.5274592,1.460223,1.60760e-13,8.42102e-11
-0.5274588,1.460223,1.86517e-13,1.07431e-10
-0.5274585,1.460224,5.33795e-13,4.37368e-11
-0.5274585,1.460224,1.58096e-13,1.15647e-10
-0.5274583,1.460223,4.21885e-13,9.93720e-11
-0.5274583,1.460223,1.42109e-13,5.92823e-14
-0.5274583,1.460223,3.82805e-13,7.28405e-11
-0.5274581,1.460223,2.14939e-13,1.17607e-10
-0.527458,1.460223,5.06262e-14,1.10238e-10
-0.5274579,1.460223,2.13163e-14,4.90047e-11
-0.5274577,1.460224,5.32907e-14,4.89574e-11
-0.5274576,1.460224,4.68958e-13,1.21662e-11
-0.5274575,1.460223,1.71418e-13,9.40364e-11
-0.5274573,1.460224,1.55431e-13,6.14771e-11
-0.5274572,1.460224,2.22933e-13,4.74832e-11
-0.5274567,1.460224,4.97380e-13,1.16378e-10
-0.5274567,1.460224,5.44453e-13,1.26495e-13
-0.5274567,1.460225,3.37508e-14,1.23952e-10
-0.5274567,1.460225,7.63833e-14,3.90274e-11
-0.5274563,1.460225,1.49214e-13,9.27713e-11
-0.5274563,1.460225,1.14575e-13,1.05914e-10
-0.527456,1.460225,3.64153e-13,4.92870e-11
-0.527456,1.460225,1.23457e-13,7.20264e-14
-0.5274558,1.460226,7.63833e-14,4.85702e-11
-0.5274558,1.460226,4.64517e-13,4.66387e-14
-0.5274555,1.460226,1.38556e-13,4.14160e-11
-0.5274555,1.460226,5.67546e-13,1.20585e-12
-0.5274552,1.460226,1.15463e-13,3.35482e-11
-0.5274552,1.460226,4.19220e-13,9.36577e-13
-0.5274549,1.460227,1.74971e-13,2.72430e-11
-0.5274549,1.460227,3.17080e-13,1.22659e-13
-0.5274549,1.460226,2.58460e-13,3.72726e-11
-0.5274546,1.460226,6.11955e-13,1.13084e-10
-0.5274546,1.460226,5.80869e-13,1.07417e-13
-0.5274545,1.460226,2.13163e-13,7.05450e-11
-0.527454,1.460227,2.50466e-13,1.03214e-10
-0.5274535,1.460227,2.02505e-13,4.24341e-12
-0.5274535,1.460227,5.56000e-13,1.67265e-11
-0.5274534,1.460227,2.91323e-13,1.04160e-10
-0.5274534,1.460227,1.85629e-13,5.36532e-11
-0.5274534,1.460227,4.42313e-13,5.52646e-13
-0.5274533,1.460227,1.08358e-13,9.06420e-11
-0.5274533,1.460227,3.22409e-13,1.62291e-13
-0.5274531,1.460227,3.76588e-13,4.33631e-11
-0.527453,1.460227,5.16920e-13,4.02989e-11
-0.527453,1.460227,1.58984e-13,8.66896e-11
-0.5274529,1.460226,8.70415e-14,5.90989e-12
-0.5274529,1.460226,7.54952e-14,5.57443e-13
-0.5274528,1.460226,2.77112e-13,9.14260e-11
-0.5274528,1.460226,5.25802e-13,5.15499e-13
-0.5274527,1.460226,6.21725e-14,1.06259e-11
-0.5274527,1.460226,7.37188e-14,1.18270e-13
-0.5274525,1.460226,6.12843e-14,8.18555e-11
-0.5274524,1.460226,1.66978e-13,1.03055e-10
-0.5274523,1.460226,3.09974e-13,5.14316e-11
-0.5274518,1.460226,2.70006e-13,1.20993e-10
-0.5274518,1.460226,2.12275e-13,9.70053e-13
-0.5274517,1.460226,1.37668e-13,1.81594e-12
-0.5274517,1.460226,3.62377e-13,4.44873e-11
-0.5274516,1.460226,3.30402e-13,3.04469e-11
-0.5274516,1.460226,1.40332e-13,1.19957e-10
-0.5274516,1.460226,1.58096e-13,1.85261e-13
-0.5274514,1.460227,2.44249e-13,1.01883e-10
-0.5274514,1.460227,1.14575e-13,8.39427e-13
-0.5274513,1.460227,3.02869e-13,2.01991e-11
-0.5274513,1.460227,1.54543e-13,3.88403e-13
-0.5274509,1.460226,2.69118e-13,7.48134e-11
-0.5274508,1.460227,1.55431e-13,1.16607e-10
-0.5274508,1.460227,8.88178e-14,1.07039e-11
-0.5274506,1.460227,4.39648e-13,2.64920e-11
-0.5274505,1.460227,1.37668e-13,8.17713e-12
-0.5274505,1.460227,3.68594e-13,1.55695e-12
-0.5274504,1.460226,1.61648e-13,4.38720e-11
-0.5274504,1.460226,1.06581e-13,1.07746e-12
-0.5274503,1.460226,1.49214e-13,1.91848e-11
-0.5274503,1.460226,2.56684e-13,9.83698e-13
-0.5274503,1.460227,3.27738e-13,2.34425e-11
-0.5274503,1.460227,1.16351e-13,1.01557e-12
-0.5274503,1.460227,2.67342e-13,3.47727e-12
-0.5274503,1.460227,1.85629e-13,6.67541e-14
-0.52745,1.460228,1.88294e-13,1.23268e-10
-0.5274499,1.460227,6.31495e-13,7.18035e-11
-0.5274499,1.460227,2.70894e-13,4.49641e-13
-0.5274497,1.460228,2.65565e-13,4.41108e-11
-0.5274497,1.460228,6.01297e-13,4.11575e-13
-0.5274496,1.460228,2.27374e-13,9.68075e-11
-0.5274494,1.460229,1.74083e-13,6.48326e-11
-0.5274493,1.460229,5.75540e-13,3.44102e-11
-0.5274489,1.46023,2.28262e-13,9.71336e-11
-0.5274488,1.46023,2.62013e-13,1.03783e-10
-0.5274486,1.46023,1.74083e-13,3.80868e-13
-0.5274485,1.46023,1.56319e-13,8.20030e-11
-0.5274485,1.46023,2.83329e-13,5.58035e-11
-0.5274483,1.46023,2.20268e-13,3.05624e-12
-0.5274483,1.46023,3.30402e-13,4.76920e-13
-0.5274483,1.46023,2.35367e-13,7.34999e-14
-0.5274481,1.460231,3.27738e-13,1.06718e-10
-0.5274481,1.460231,3.00204e-13,2.34182e-12
-0.5274476,1.460231,1.68754e-14,1.19463e-10
-0.5274475,1.460231,3.14415e-13,7.45885e-11
-0.5274475,1.460231,5.12479e-13,4.03545e-13
-0.5274474,1.460231,2.89546e-13,4.11722e-11
-0.5274472,1.460231,2.06057e-13,9.27954e-11
-0.5274472,1.460231,6.75016e-14,7.20661e-13
-0.5274471,1.460231,7.46070e-14,3.10453e-11
-0.5274471,1.460231,1.20792e-13,5.26355e-11
-0.5274471,1.460231,2.64677e-13,2.95001e-13
-0.5274471,1.460231,1.14575e-13,3.51094e-11
-0.5274471,1.460231,1.67866e-13,1.13761e-12
-0.5274465,1.460232,9.59233e-14,9.59215e-11
-0.5274459,1.460233,3.80140e-13,4.12404e-11
-0.5274458,1.460233,1.63425e-13,6.53447e-11
-0.5274457,1.460233,1.57208e-13,1.16001e-13
-0.5274455,1.460232,3.02869e-13,3.97971e-12
-0.5274454,1.460232,3.37508e-14,5.10726e-11
-0.5274453,1.460233,1.44773e-13,9.38668e-11
-0.527445,1.460233,3.20632e-13,1.06297e-10
-0.5274448,1.460233,2.77112e-13,1.64717e-13
-0.5274448,1.460233,2.76223e-13,6.01820e-13
-0.5274445,1.460234,2.57572e-13,8.11975e-11
-0.5274445,1.460234,3.47278e-13,1.96817e-13
-0.5274445,1.460233,2.03393e-13,4.58031e-11
-0.5274444,1.460233,3.97016e-13,2.36145e-11
-0.5274442,1.460234,2.82441e-13,7.73081e-11
-0.5274442,1.460234,3.01981e-13,1.98125e-13
-0.5274442,1.460233,2.30038e-13,1.09459e-10
-0.5274441,1.460233,4.41425e-13,7.11446e-11
-0.5274439,1.460233,1.42109e-13,1.23998e-11
-0.5274439,1.460233,3.08198e-13,7.20938e-13
-0.5274439,1.460233,1.39444e-13,1.14314e-10
-0.5274438,1.460233,3.25961e-13,9.57221e-12
-0.5274438,1.460233,6.48370e-13,2.23401e-13
-0.5274437,1.460233,1.70530e-13,1.16042e-10
-0.5274436,1.460233,3.08198e-13,6.97700e-11
-0.5274436,1.460233,7.48734e-13,6.05784e-13
-0.5274435,1.460233,5.88862e-13,7.43828e-11
-0.5274433,1.460233,2.33591e-13,3.20985e-11
-0.5274428,1.460233,1.37668e-13,3.64824e-11
-0.5274428,1.460233,3.83693e-13,1.03715e-10
-0.5274423,1.460232,2.58460e-13,1.74402e-11
-0.5274423,1.460232,7.19425e-14,7.27370e-13
-0.5274422,1.460232,3.60600e-13,7.81179e-11
-0.5274421,1.460232,4.98268e-13,9.46847e-11
-0.527442,1.460232,3.45501e-13,1.11651e-10
-0.527442,1.460232,4.24549e-13,8.58743e-14
-0.5274418,1.460232,2.17604e-13,1.01531e-10
-0.5274418,1.460232,3.25073e-13,7.85916e-13
-0.5274417,1.460232,4.21885e-13,1.08475e-10
-0.5274414,1.460232,2.24709e-13,6.33719e-11
-0.5274413,1.460232,2.27374e-13,5.55681e-11
-0.5274413,1.460232,2.89546e-13,1.23602e-12
-0.5274411,1.460232,2.39808e-13,1.20152e-10
-0.527441,1.460232,4.31655e-13,5.33350e-11
-0.5274408,1.460232,1.74083e-13,1.06397e-10
-0.5274404,1.460232,2.63789e-13,9.59221e-11
-0.5274403,1.460233,2.83329e-13,1.15213e-10
-0.52744,1.460232,1.04805e-13,1.10708e-10
-0.52744,1.460233,4.45866e-13,4.48358e-11
-0.5274398,1.460233,4.30767e-13,8.80036e-11
-0.5274397,1.460233,4.98268e-13,6.26310e-14
-0.5274395,1.460233,2.06057e-13,7.11444e-11
-0.5274395,1.460233,4.04121e-13,9.42752e-11
-0.5274394,1.460233,2.34479e-13,2.26764e-12
-0.5274394,1.460233,1.96287e-13,4.61982e-14
-0.5274392,1.460233,8.97060e-14,3.93432e-11
-0.5274392,1.460233,8.26006e-14,6.42409e-13
-0.5274391,1.460233,8.88178e-14,1.28360e-11
-0.527439,1.460233,1.51879e-13,9.40326e-11
-0.5274388,1.460233,1.34115e-13,3.37618e-11
-0.5274388,1.460233,2.13163e-13,1.23260e-12
-0.5274386,1.460233,5.61329e-13,3.76551e-11
-0.5274385,1.460233,2.27374e-13,1.09758e-11
-0.527438,1.460233,2.70894e-13,5.12724e-11
-0.527438,1.460233,3.41061e-13,3.77485e-13
-0.5274376,1.460233,3.65041e-13,1.08804e-10
-0.5274374,1.460234,4.64517e-13,5.78945e-11
-0.5274373,1.460234,2.33591e-13,8.49202e-11
-0.5274371,1.460234,3.17968e-13,4.52616e-11
-0.5274368,1.460234,2.32703e-13,1.85028e-11
-0.5274368,1.460234,2.16716e-13,3.35118e-13
-0.5274366,1.460234,1.41220e-13,1.34774e-11
-0.5274363,1.460235,1.82965e-13,8.15474e-11
-0.5274363,1.460235,2.70006e-13,2.60629e-13
-0.5274361,1.460235,1.39444e-13,1.35862e-11
-0.5274357,1.460235,1.72307e-13,2.39937e-11
-0.5274355,1.460235,2.14939e-13,4.16513e-11
-0.5274354,1.460235,7.99361e-14,4.77498e-12
-0.5274353,1.460235,4.88498e-13,6.91204e-11
-0.527435,1.460235,2.69118e-13,5.79772e-11
-0.527435,1.460235,1.42997e-13,2.54444e-11
-0.527435,1.460235,4.13891e-13,1.66700e-13
-0.527435,1.460235,7.10543e-14,5.81014e-11
-0.5274347,1.460235,3.59712e-13,1.00581e-10
-0.5274345,1.460235,2.38920e-13,5.44072e-11
-0.5274345,1.460235,3.79252e-13,2.29203e-13
-0.5274344,1.460235,1.92735e-13,9.97772e-11
-0.5274344,1.460234,4.78728e-13,3.93408e-11
-0.5274343,1.460234,1.19016e-13,1.09395e-10
-0.527434,1.460235,3.70370e-13,1.14454e-10
-0.527434,1.460235,2.58460e-13,4.37872e-13
-0.5274338,1.460235,2.73559e-13,7.35219e-11
-0.5274333,1.460234,4.52971e-14,3.53858e-11
-0.5274332,1.460234,1.51879e-13,5.69316e-11
-0.5274332,1.460234,6.92779e-14,3.24762e-11
-0.5274332,1.460234,5.02709e-13,5.98659e-13
-0.5274331,1.460234,1.79412e-13,4.79237e-11
-0.5274331,1.460234,1.70530e-13,7.48375e-14
-0.5274331,1.460235,2.46914e-13,9.74224e-11
-0.5274331,1.460235,5.43565e-13,3.90234e-13
-0.5274328,1.460235,2.74447e-13,6.17462e-11
-0.5274328,1.460235,9.05942e-14,2.87504e-13
-0.5274326,1.460235,1.21680e-13,1.42909e-11
-0.5274326,1.460235,2.57572e-13,1.18399e-13
-0.5274323,1.460235,7.63833e-14,4.98925e-11
-0.5274323,1.460235,3.42837e-13,8.97807e-14
-0.527432,1.460234,7.37188e-14,4.25121e-11
-0.527432,1.460234,2.45137e-13,4.56365e-13
-0.5274319,1.460235,2.93987e-13,2.98176e-11
-0.5274318,1.460235,3.73035e-13,1.37930e-11
-0.5274317,1.460235,3.59712e-13,3.03553e-11
-0.5274317,1.460235,4.39648e-13,1.12238e-13
-0.5274316,1.460236,4.01457e-13,9.46148e-11
-0.5274316,1.460236,3.51719e-13,3.27939e-11
-0.5274315,1.460236,3.17968e-13,6.94041e-11
-0.5274315,1.460236,4.95604e-13,5.85194e-14
-0.5274314,1.460236,2.78000e-13,2.65990e-11
-0.5274314,1.460236,3.51719e-13,5.90689e-11
-0.5274314,1.460236,3.29514e-13,4.98118e-13
-0.5274312,1.460236,3.04645e-13,5.50714e-11
-0.527431,1.460237,4.50306e-13,3.54432e-12
-0.5274309,1.460236,1.67866e-13,6.95620e-11
-0.5274309,1.460236,1.11910e-13,6.01569e-13
-0.5274308,1.460236,1.42997e-13,1.11514e-11
-0.5274307,1.460237,6.76792e-13,7.98835e-12
-0.5274307,1.460237,3.21521e-13,4.23266e-11
-0.5274307,1.460237,3.71259e-13,2.35752e-13
-0.5274305,1.460237,1.90070e-13,6.42336e-11
-0.5274303,1.460237,6.28830e-13,1.86452e-11
-0.5274303,1.460237,1.70530e-13,4.32197e-14
-0.5274302,1.460237,1.70530e-13,6.51038e-11
-0.5274299,1.460237,3.14415e-13,3.37532e-11
-0.5274299,1.460237,7.28306e-13,1.04780e-12
-0.5274298,1.460237,4.42313e-13,8.78379e-11
-0.5274297,1.460237,2.93099e-13,1.08615e-10
-0.5274296,1.460237,3.92575e-13,2.82497e-11
-0.5274296,1.460237,3.28626e-13,4.17947e-13
-0.5274293,1.460237,1.30562e-13,2.40159e-11
-0.5274293,1.460237,1.58984e-13,7.06175e-11
-0.5274293,1.460237,2.76223e-13,3.29124e-13
-0.527429,1.460237,2.19380e-13,3.28169e-11
-0.527429,1.460237,3.67706e-13,1.93566e-11
-0.5274287,1.460237,1.61648e-13,1.06835e-10
-0.5274286,1.460237,2.56684e-13,5.56986e-11
-0.5274286,1.460237,6.39488e-14,2.63510e-13
-0.5274284,1.460237,2.59348e-13,7.74052e-11
-0.5274282,1.460237,4.15668e-13,5.53878e-11
-0.5274282,1.460237,1.22569e-13,5.36417e-14
-0.5274279,1.460237,2.55795e-13,9.46704e-11
-0.5274277,1.460237,2.41585e-13,2.17464e-11
-0.5274277,1.460237,3.46390e-13,6.79399e-13
-0.5274276,1.460236,9.85878e-14,7.21327e-11
-0.5274271,1.460236,3.70370e-13,5.87724e-11
-0.5274271,1.460236,1.66089e-13,7.62939e-13
-0.527427,1.460236,2.68230e-13,3.16045e-11
-0.527427,1.460236,3.20632e-13,2.72188e-13
-0.527427,1.460235,2.80664e-13,5.41008e-11
-0.527427,1.460235,9.05942e-14,5.76663e-13
-0.5274268,1.460235,4.52971e-13,6.94286e-11
-0.5274268,1.460234,1.80300e-13,6.96610e-11
-0.5274263,1.460235,1.64313e-13,3.87133e-11
-0.5274261,1.460235,3.00204e-13,4.21639e-11
-0.5274254,1.460236,3.89910e-13,9.82963e-11
-0.5274253,1.460235,3.83693e-13,1.04337e-10
-0.5274253,1.460235,3.99680e-13,2.81022e-15
-0.5274252,1.460235,2.00728e-13,7.45985e-11
-0.5274251,1.460236,4.17444e-13,9.39708e-11
-0.527425,1.460236,2.03393e-13,5.81896e-11
-0.527425,1.460236,3.85469e-13,3.43177e-13
-0.5274247,1.460237,4.84945e-13,1.28155e-11
-0.5274247,1.460236,3.28626e-13,7.10921e-11
-0.5274245,1.460235,2.71783e-13,4.13620e-11
-0.5274242,1.460236,1.52767e-13,5.22261e-11
-0.5274241,1.460236,2.84217e-13,5.83507e-13
-0.527424,1.460236,2.55795e-13,2.45245e-11
-0.5274239,1.460237,1.03917e-13,9.36361e-11
-0.5274239,1.460237,4.28102e-13,9.66241e-13
-0.5274237,1.460237,1.01252e-13,8.42008e-11
-0.5274235,1.460237,1.31450e-13,1.04707e-11
-0.5274235,1.460237,1.44773e-13,1.30953e-12
-0.5274233,1.460237,3.13527e-13,9.53152e-11
-0.5274233,1.460237,5.95968e-13,1.83041e-12
-0.5274229,1.460238,1.07470e-13,1.81687e-11
-0.5274228,1.460238,3.26850e-13,7.01340e-11
-0.5274228,1.460238,3.44613e-13,6.81183e-13
-0.5274227,1.460237,2.98428e-13,6.91726e-11
-0.5274227,1.460237,4.12115e-13,2.03705e-13
-0.5274222,1.460238,3.02869e-13,2.30130e-11
-0.5274222,1.460238,2.43361e-13,2.48234e-13
-0.527422,1.460238,2.26485e-13,1.11633e-10
-0.527422,1.460238,3.78364e-13,7.23652e-13
-0.5274217,1.460238,3.78364e-13,9.03273e-11
-0.5274215,1.460239,3.09086e-13,3.06282e-11
-0.5274215,1.460239,3.60600e-13,7.56261e-14
-0.5274214,1.460239,3.85469e-13,7.08959e-11
-0.5274214,1.460239,2.45137e-13,3.15400e-13
-0.527421,1.460239,6.12843e-14,9.39394e-11
-0.5274206,1.46024,9.41469e-14,3.05035e-11
-0.5274206,1.46024,1.61648e-13,5.45461e-11
-0.5274206,1.46024,3.64153e-13,3.34615e-13
-0.5274204,1.46024,3.64153e-13,1.00588e-10
-0.5274202,1.46024,9.68114e-14,1.97380e-11
-0.5274202,1.46024,2.40696e-13,8.53217e-11
-0.52742,1.46024,3.75699e-13,8.76449e-11
-0.5274197,1.46024,6.75016e-14,3.82336e-11
-0.5274197,1.460241,3.44613e-13,1.12962e-13
-0.5274196,1.460241,2.27374e-13,1.81046e-13
-0.5274192,1.460241,1.54543e-13,1.39778e-11
-0.5274191,1.460241,2.43361e-13,6.73492e-14
-0.527419,1.460242,6.48370e-14,6.16962e-14
-0.5274188,1.460241,1.38556e-13,5.40989e-12
-0.5274187,1.460241,1.50102e-13,1.40431e-14
-0.5274187,1.460241,9.76996e-14,1.89102e-11
-0.5274187,1.460241,1.88294e-13,1.42546e-13
-0.5274186,1.460241,4.11227e-13,5.03440e-11
-0.5274186,1.460241,3.78364e-13,8.12538e-14
-0.5274185,1.460241,2.93987e-13,1.08149e-10
-0.5274182,1.460241,2.25597e-13,1.04527e-10
-0.5274179,1.460241,3.11751e-13,8.40769e-11
-0.5274179,1.460241,4.48530e-13,1.12588e-13
-0.5274176,1.460242,8.52651e-14,2.23188e-11
-0.5274176,1.460242,1.31450e-13,5.15832e-13
-0.5274175,1.460241,1.82077e-13,1.09023e-10
-0.5274175,1.460242,1.43885e-13,7.04359e-11
-0.5274174,1.460241,1.00364e-13,5.01950e-11
-0.5274169,1.460242,4.02345e-13,2.40627e-11
-0.5274168,1.460242,2.90434e-13,1.51454e-11
-0.5274165,1.460242,8.08242e-14,1.06069e-11
-0.5274164,1.460242,4.61853e-14,6.91344e-11
-0.5274163,1.460242,2.18492e-13,2.63692e-13
-0.5274163,1.460242,6.57252e-13,7.51342e-11
-0.5274163,1.460242,2.91323e-13,2.89152e-13
-0.5274163,1.460243,5.62217e-13,3.18816e-13
-0.5274161,1.460243,2.96652e-13,4.49344e-11
-0.5274158,1.460243,1.66089e-13,8.04965e-11
-0.5274158,1.460243,2.65565e-13,2.44474e-13
-0.5274158,1.460243,4.66294e-13,8.31783e-11
-0.5274158,1.460243,2.76223e-13,6.23755e-14
-0.5274157,1.460243,3.11751e-13,1.05236e-11
-0.5274156,1.460242,2.06057e-13,7.10192e-11
-0.5274153,1.460242,1.88294e-13,6.48049e-11
-0.5274152,1.460243,5.16920e-13,5.14062e-14
-0.5274151,1.460243,8.62421e-13,5.27736e-14
-0.527415,1.460243,3.88134e-13,3.46860e-14
-0.5274149,1.460243,3.83693e-13,1.81794e-15
-0.5274147,1.460243,2.30926e-13,1.88186e-14
-0.5274136,1.460244,6.03961e-14,1.21103e-13
-0.5274135,1.460244,6.02185e-13,1.60289e-13
-0.5274134,1.460244,3.04645e-13,6.05004e-14
-0.5274134,1.460244,3.43725e-13,2.36578e-14
-0.5274132,1.460244,2.98428e-13,7.45549e-14
-0.5274132,1.460244,2.39808e-13,1.13298e-13
-0.527413,1.460244,2.61124e-13,1.77969e-11
-0.527413,1.460244,1.70530e-13,6.64889e-14
-0.527413,1.460244,2.45137e-13,2.07054e-12
-0.5274127,1.460244,2.29150e-13,9.10872e-11
-0.5274126,1.460244,8.70415e-14,2.58572e-13
-0.5274126,1.460244,2.90434e-13,2.63927e-11
-0.5274125,1.460244,2.02505e-13,4.71136e-13
-0.5274125,1.460244,6.89226e-13,2.49712e-13
-0.5274123,1.460244,7.30971e-13,1.36379e-11
-0.5274117,1.460244,3.53495e-13,1.19221e-11
-0.5274117,1.460244,5.31131e-13,6.80631e-11
-0.5274117,1.460244,2.27374e-13,1.52178e-12
-0.5274116,1.460244,1.60760e-13,3.51102e-13
-0.5274116,1.460244,2.51354e-13,8.37664e-11
-0.5274112,1.460244,2.19380e-13,1.07721e-10
-0.5274112,1.460244,1.63425e-13,1.23462e-13
-0.5274111,1.460244,6.21725e-14,2.15208e-13
-0.5274111,1.460244,2.16716e-13,2.48306e-13
-0.5274111,1.460244,2.72671e-13,9.54822e-11
-0.5274111,1.460244,3.42837e-13,1.41776e-11
-0.527411,1.460245,2.97540e-13,8.18238e-11
-0.527411,1.460245,8.34888e-14,9.65807e-14
-0.5274109,1.460245,1.03029e-13,6.14609e-12
-0.5274109,1.460245,4.48530e-13,3.42914e-15
-0.5274109,1.460245,2.13163e-13,5.22277e-11
-0.5274106,1.460245,2.27374e-13,8.01052e-11
-0.5274104,1.460245,9.23706e-14,8.13700e-12
-0.5274104,1.460245,3.98792e-13,1.47233e-13
-0.5274101,1.460245,2.33591e-13,7.20848e-11
-0.5274099,1.460246,2.16716e-13,8.31200e-11
-0.5274097,1.460246,1.58096e-13,7.62997e-11
-0.5274096,1.460246,2.57572e-13,5.91539e-15
-0.5274095,1.460246,1.29674e-13,8.07440e-14
-0.5274095,1.460246,3.00204e-13,9.86288e-11
-0.5274094,1.460246,1.56319e-13,8.68980e-11
-0.5274088,1.460246,3.57936e-13,2.76992e-12
-0.5274087,1.460246,1.49214e-13,1.12414e-13
-0.5274087,1.460246,2.06946e-13,9.99335e-11
-0.5274086,1.460246,5.83533e-13,3.83452e-11
-0.5274072,1.460247,3.49942e-13,6.60490e-15
-0.5274071,1.460248,2.70006e-13,1.45662e-11
-0.5274069,1.460248,1.12799e-13,5.37941e-12
-0.5274067,1.460248,1.91847e-13,7.62063e-11
-0.5274066,1.460248,1.91847e-13,2.19835e-15
-0.5274063,1.460248,3.23297e-13,8.66796e-12
-0.5274062,1.460248,1.44773e-13,7.99836e-11
-0.5274059,1.460248,2.89546e-13,8.65504e-11
-0.5274057,1.460248,2.97540e-13,2.37725e-11
-0.5274057,1.460248,2.14939e-13,2.99444e-14
-0.5274056,1.460248,2.29150e-13,4.14965e-11
-0.5274053,1.460248,5.22249e-13,8.28465e-11
-0.5274053,1.460248,3.63265e-13,3.76617e-13
-0.5274052,1.460248,1.05693e-13,6.63690e-11
-0.5274051,1.460248,3.76588e-13,5.08327e-11
-0.5274049,1.460248,2.54907e-13,5.95601e-12
-0.5274049,1.460248,5.91527e-13,2.00243e-14
-0.5274049,1.460248,4.59188e-13,1.75695e-13
-0.5274044,1.460248,1.02141e-13,2.14289e-11
-0.5274044,1.460248,4.13891e-13,2.92543e-13
-0.5274044,1.460248,3.14415e-13,5.28489e-13
-0.5274043,1.460248,2.28262e-13,1.82339e-11
-0.5274042,1.460248,1.90958e-13,1.50799e-13
-0.5274042,1.460248,7.10543e-13,2.48632e-14
-0.5274039,1.460248,2.42473e-13,9.41786e-11
-0.5274038,1.460248,8.97060e-14,1.00497e-13
-0.5274037,1.460248,1.85629e-13,4.51733e-11
-0.5274037,1.460248,3.63265e-13,3.24917e-13
-0.5274037,1.460248,2.38032e-13,1.57926e-13
-0.5274037,1.460248,9.59233e-14,2.54958e-13
-0.5274034,1.460248,1.07470e-13,6.21230e-11
-0.5274034,1.460248,2.05169e-13,9.69076e-11
-0.5274034,1.460248,3.69482e-13,4.13850e-12
-0.5274031,1.460248,2.82441e-13,5.08723e-11
-0.527403,1.460248,1.77636e-13,1.94393e-11
-0.527403,1.460248,9.85878e-14,4.14392e-11
-0.5274029,1.460249,1.47438e-13,3.76493e-13
-0.5274028,1.460249,2.01617e-13,5.90339e-11
-0.5274028,1.460249,4.44089e-13,7.75530e-14
-0.5274028,1.460249,5.24913e-13,2.76415e-13
-0.5274028,1.460249,3.59712e-13,2.42772e-13
-0.5274028,1.460249,3.61489e-13,3.58554e-13
-0.5274027,1.460249,8.70415e-14,8.17373e-11
-0.5274026,1.46025,1.06581e-13,3.60361e-11
-0.5274025,1.46025,2.98428e-13,6.59812e-11
-0.5274023,1.46025,5.21361e-13,7.55821e-11
-0.5274021,1.46025,3.43725e-13,6.17151e-12
-0.5274019,1.46025,1.29674e-13,2.45092e-11
-0.5274019,1.46025,5.68434e-14,2.48541e-12
-0.5274017,1.460249,1.88294e-13,1.46229e-11
-0.5274015,1.46025,1.11910e-13,7.37781e-11
-0.5274013,1.460249,1.38556e-13,7.23322e-12
-0.5274013,1.460249,6.23501e-13,9.23523e-14
-0.5274013,1.46025,4.05898e-13,5.70496e-11
-0.5274011,1.460251,3.35731e-13,1.89693e-11
-0.5274009,1.460251,1.25233e-13,3.28036e-11
-0.5274009,1.460251,3.31291e-13,7.86434e-11
-0.5274008,1.460251,5.19584e-13,3.18690e-11
-0.5274007,1.460252,1.77636e-13,7.60238e-11
-0.5274006,1.460252,2.67342e-13,3.66330e-11
-0.5274006,1.460252,2.51354e-13,4.09947e-11
-0.5274005,1.460252,3.65041e-13,2.24853e-13
-0.5274005,1.460252,2.70006e-13,2.25387e-13
-0.5274005,1.460252,2.68230e-13,7.87189e-14
-0.5274005,1.460252,1.97176e-13,2.06375e-13
-0.5274004,1.460252,7.72715e-14,2.39796e-13
-0.5274002,1.460252,3.17968e-13,5.22671e-11
-0.5274002,1.460252,2.09610e-13,6.26125e-14
-0.5274,1.460252,2.87770e-13,3.64121e-11
-0.5273922,1.460259,4.58300e-13,9.72570e-11
-0.5273922,1.460259,2.14051e-13,2.85147e-13
-0.5273922,1.460259,1.80300e-13,9.16215e-14
-0.5273921,1.460259,1.63425e-13,2.31176e-13
-0.5273919,1.460259,2.70006e-13,1.99802e-11
-0.5273919,1.460259,1.00364e-13,8.18201e-14
-0.5273917,1.460259,2.80664e-13,8.89333e-11
-0.5273915,1.460259,5.59552e-14,6.33060e-11
-0.5273915,1.460259,3.91687e-13,9.63820e-11
-0.5273911,1.460259,1.78524e-13,5.45681e-11
-0.5273911,1.460259,3.13527e-13,9.51225e-11
-0.5273911,1.460259,1.56319e-13,3.32693e-11
-0.5273911,1.460259,6.88338e-13,2.73707e-13
-0.5273906,1.460258,1.10134e-13,3.88821e-11
-0.5273903,1.460258,3.14415e-13,9.55178e-11
-0.5273902,1.460259,2.50466e-13,5.25366e-11
-0.5273899,1.460259,2.16716e-13,1.95680e-11
-0.5273899,1.460259,3.58824e-13,9.80756e-11
-0.5273897,1.460259,4.26326e-14,7.12557e-11
-0.5273896,1.460259,2.30038e-13,3.97325e-11
-0.5273893,1.46026,5.59552e-13,9.85323e-11
-0.5273893,1.46026,4.78728e-13,3.00585e-13
-0.5273889,1.46026,3.99680e-13,6.94273e-11
-0.5273889,1.46026,2.33591e-13,1.33690e-14
-0.5273889,1.46026,2.47802e-13,1.11629e-11
-0.5273889,1.46026,2.35367e-13,1.62640e-11
-0.5273888,1.46026,1.54543e-13,2.51213e-11
-0.5273886,1.460261,1.98064e-13,4.57025e-11
-0.5273882,1.460261,7.37188e-14,3.45762e-12
-0.5273879,1.460261,1.74971e-13,2.53814e-11
-0.5273877,1.460262,1.42997e-13,5.61168e-11
-0.5273873,1.460262,4.07674e-13,3.62504e-11
-0.5273871,1.460263,4.52083e-13,5.94842e-12
-0.5273869,1.460263,4.49418e-13,7.64096e-11
-0.5273869,1.460263,4.85834e-13,3.84681e-11
-0.5273868,1.460263,3.45501e-13,4.97364e-11
-0.5273867,1.460262,2.83329e-13,3.97818e-11
-0.5273865,1.460263,2.35367e-13,8.00107e-11
-0.5273865,1.460263,2.60236e-13,4.80517e-13
-0.5273862,1.460263,3.97904e-13,4.66993e-11
-0.5273862,1.460263,5.69322e-13,4.99787e-11
-0.527386,1.460263,4.19220e-13,2.73718e-11
-0.527386,1.460263,4.24549e-13,1.30886e-14
-0.5273859,1.460263,6.24389e-13,2.02026e-11
-0.5273857,1.460263,3.56160e-13,2.66529e-11
-0.5273857,1.460263,3.70370e-13,2.86681e-13
-0.5273857,1.460263,2.11386e-13,8.20345e-11
-0.5273855,1.460264,3.99680e-13,8.49569e-11
-0.5273855,1.460264,2.97540e-13,1.25028e-13
-0.5273851,1.460264,6.59028e-13,8.66049e-11
-0.5273851,1.460264,5.28466e-13,2.83231e-14
-0.5273851,1.460264,2.33591e-13,3.04673e-13
-0.5273849,1.460264,3.81917e-13,1.28512e-11
-0.5273849,1.460264,4.25437e-13,5.78114e-11
-0.5273848,1.460264,6.39488e-14,5.48707e-11
-0.5273827,1.460265,1.12799e-13,5.39324e-11
-0.5273824,1.460265,2.18492e-13,5.63642e-11
-0.5273816,1.460263,2.83329e-13,7.33084e-11
-0.5273814,1.460263,3.95239e-13,3.36323e-11
-0.5273813,1.460264,1.07470e-13,4.68431e-11
-0.5273812,1.460263,2.35367e-13,5.42536e-11
-0.5273812,1.460263,2.87770e-13,8.74361e-14
-0.5273809,1.460264,1.91847e-13,3.90751e-11
-0.5273808,1.460264,2.45137e-13,8.50691e-11
-0.5273808,1.460264,9.50351e-14,4.83053e-14
-0.5273806,1.460264,4.06786e-13,5.51562e-11
-0.5273806,1.460264,3.41949e-13,7.41984e-11
-0.5273804,1.460264,8.34888e-14,4.06041e-11
-0.5273804,1.460264,2.62013e-13,3.51329e-13
-0.5273804,1.460264,2.70006e-13,7.85779e-11
-0.5273804,1.460264,1.82077e-13,3.62777e-13
-0.5273787,1.460263,2.89546e-13,6.89344e-11
-0.5273786,1.460263,3.99680e-13,1.26764e-13
-0.5273786,1.460263,6.02185e-13,3.11926e-14
-0.5273785,1.460263,3.44613e-13,1.26342e-12
-0.5273785,1.460263,3.57936e-13,1.97425e-13
-0.5273785,1.460263,7.44294e-13,4.47590e-14
-0.5273783,1.460263,5.08038e-13,3.94703e-11
-0.5273783,1.460263,2.18492e-13,3.19018e-13
-0.5273781,1.460263,2.39808e-13,1.27312e-11
-0.5273781,1.460263,1.79412e-13,2.96844e-13
-0.5273781,1.460263,1.94511e-13,2.75229e-13
-0.5273781,1.460263,2.17604e-13,1.26690e-13
-0.5273777,1.460264,2.29150e-13,3.00651e-11
-0.5273777,1.460264,2.52243e-13,1.44325e-13
-0.5273774,1.460264,4.12115e-13,2.07745e-11
-0.5273774,1.460264,1.95399e-14,6.05318e-11
-0.5273773,1.460264,2.27374e-13,7.65678e-12
-0.5273773,1.460264,7.01661e-13,3.12048e-13
-0.5273758,1.460261,8.19789e-13,6.88934e-11
-0.5273757,1.460261,5.22249e-13,6.82572e-14
-0.5273738,1.460263,4.92051e-13,6.39917e-14
-0.5273736,1.460263,2.87770e-13,4.74477e-11
-0.5273736,1.460263,3.67706e-13,1.51747e-13
-0.5273736,1.460262,2.76223e-13,4.13710e-11
-0.5273735,1.460262,1.30562e-13,2.29618e-11
-0.5273735,1.460262,5.68434e-14,1.35689e-12
-0.5273732,1.460262,1.47438e-13,2.00559e-11
-0.5273729,1.460263,3.46390e-13,5.28512e-11
-0.5273726,1.460262,4.38760e-13,6.49242e-11
-0.5273726,1.460262,2.70894e-13,1.64092e-13
-0.5273725,1.460263,4.06786e-13,8.60353e-11
-0.5273723,1.460263,3.81917e-13,8.33747e-14
-0.5273722,1.460263,5.23137e-13,5.99340e-11
-0.5273722,1.460263,4.05898e-13,1.90931e-12
-0.527372,1.460263,1.95399e-13,7.62055e-11
-0.5273717,1.460263,4.74287e-13,4.66086e-14
-0.5273717,1.460262,3.68594e-13,2.51981e-11
-0.5273713,1.460262,4.37872e-13,9.17689e-11
-0.5273713,1.460262,1.67866e-13,2.19090e-11
-0.5273712,1.460262,2.51354e-13,7.02277e-11
-0.527371,1.460262,1.89182e-13,2.85827e-11
-0.5273709,1.460262,4.68070e-13,3.15905e-14
-0.5273709,1.460262,4.14779e-13,4.94093e-15
-0.5273708,1.460262,2.52243e-13,7.93623e-11
-0.5273707,1.460262,6.21725e-14,2.87389e-11
-0.5273705,1.460262,3.47278e-13,2.50141e-11
-0.5273704,1.460262,7.59393e-13,2.93547e-13
-0.5273704,1.460262,1.96287e-13,1.93398e-13
-0.5273704,1.460263,8.70415e-14,6.59712e-11
-0.5273702,1.460263,1.42109e-13,8.31802e-11
-0.5273701,1.460263,4.32543e-13,6.80748e-12
-0.5273701,1.460264,3.73923e-13,7.20241e-12
-0.5273701,1.460264,7.62057e-13,1.34819e-13
-0.5273699,1.460264,4.32543e-13,8.67393e-12
-0.5273626,1.46027,3.28626e-13,5.83068e-11
-0.5273626,1.460269,2.57572e-13,1.86142e-12
-0.5273625,1.46027,5.17808e-13,1.46257e-11
-0.5273625,1.46027,3.85469e-13,1.99810e-13
-0.5273624,1.46027,1.64313e-13,8.29824e-11
-0.5273624,1.46027,1.97176e-13,1.57097e-12
-0.5273624,1.46027,5.01821e-13,4.07950e-11
-0.5273624,1.46027,3.37508e-13,2.81324e-13
-0.5273619,1.46027,1.26121e-13,3.66156e-11
-0.5273619,1.46027,5.24913e-13,1.64406e-12
-0.5273618,1.460271,1.91847e-13,1.36319e-11
-0.5273618,1.460271,1.88294e-13,6.62057e-13
-0.5273616,1.460271,2.54019e-13,8.38592e-11
-0.5273615,1.460271,2.98428e-13,2.01489e-11
-0.5273615,1.460271,9.41469e-14,4.54802e-13
-0.5273614,1.46027,3.78364e-13,2.95364e-12
-0.5273614,1.46027,4.15668e-13,2.42959e-11
-0.5273612,1.46027,5.07150e-13,2.89116e-11
-0.527361,1.46027,3.44613e-13,4.53798e-12
-0.527361,1.46027,3.28626e-13,7.13494e-14
-0.5273608,1.46027,1.32339e-13,3.63144e-11
-0.5273607,1.46027,4.20997e-13,4.64312e-11
-0.5273605,1.460269,2.57572e-13,7.03132e-12
-0.5273604,1.46027,2.10498e-13,1.09148e-11
-0.5273604,1.46027,2.46914e-13,4.32032e-14
-0.5273604,1.46027,1.17240e-13,6.69648e-11
-0.5273604,1.46027,9.05942e-14,4.65442e-11
-0.5273602,1.46027,4.16556e-13,1.08704e-13
-0.5273599,1.46027,1.90070e-13,4.71784e-11
-0.5273597,1.46027,4.13003e-13,1.94734e-11
-0.5273596,1.46027,9.32587e-14,7.12213e-11
-0.5273594,1.46027,4.30767e-13,7.48379e-11
-0.5273594,1.46027,5.86198e-14,3.98816e-13
-0.5273594,1.46027,2.49578e-13,2.77599e-13
-0.5273594,1.46027,4.31655e-13,4.88553e-13
-0.5273594,1.46027,2.46914e-13,6.39185e-13
-0.5273589,1.460271,4.19220e-13,1.72623e-11
-0.5273589,1.460271,4.27214e-13,4.34306e-13
-0.5273589,1.460271,5.85310e-13,4.86879e-11
-0.5273588,1.460271,2.08722e-13,8.56021e-12
-0.5273588,1.460271,3.73035e-13,1.77116e-13
-0.5273588,1.460271,1.49214e-13,1.09334e-13
-0.5273587,1.460271,1.70530e-13,7.99543e-11
-0.5273558,1.460272,7.38964e-13,6.22496e-11
-0.5273557,1.460272,4.52083e-13,5.16942e-11
-0.5273557,1.460272,1.98952e-13,2.92486e-14
-0.5273557,1.460272,5.08926e-13,7.96887e-11
-0.5273557,1.460272,4.67182e-13,4.47692e-14
-0.5273556,1.460272,1.22569e-13,5.17232e-11
-0.5273556,1.460272,3.47278e-13,5.12027e-13
-0.5273553,1.460272,2.35367e-13,5.41738e-12
-0.5273553,1.460272,2.98428e-13,3.64830e-13
-0.527355,1.460272,2.38032e-13,4.91047e-11
-0.5273549,1.460272,3.34843e-13,2.14844e-11
-0.5273549,1.460272,4.80505e-13,7.75982e-14
-0.5273548,1.460272,1.47438e-13,2.28004e-11
-0.5273548,1.460272,4.33431e-13,3.34895e-13
-0.5273547,1.460272,7.46070e-14,4.85911e-11
-0.5273546,1.460272,5.86198e-13,7.85478e-11
-0.5273546,1.460272,4.65405e-13,4.21736e-13
-0.5273544,1.460272,6.22613e-13,2.24047e-11
-0.5273544,1.460272,3.40172e-13,7.49961e-13
-0.5273544,1.460272,8.88178e-13,8.17095e-11
-0.5273543,1.460272,2.72671e-13,4.28855e-11
-0.5273543,1.460272,2.70006e-13,3.50387e-13
-0.5273541,1.460272,2.23821e-13,3.52604e-11
-0.527354,1.460272,3.42837e-13,1.01208e-11
-0.5273539,1.460272,3.01092e-13,6.04298e-11
-0.5273538,1.460273,2.58460e-13,5.18371e-12
-0.5273537,1.460272,2.59348e-13,2.23352e-11
-0.5273537,1.460272,3.34843e-13,5.83699e-13
-0.5273537,1.460272,2.03393e-13,8.54893e-11
-0.5273536,1.460272,2.75335e-13,6.52297e-11
-0.5273536,1.460272,4.95604e-13,2.43359e-12
-0.5273534,1.460272,4.74287e-13,3.52516e-11
-0.5273531,1.460273,4.41425e-13,1.25873e-11
-0.5273526,1.460273,1.77636e-13,1.79355e-11
-0.5273526,1.460273,1.60760e-13,9.90410e-13
-0.5273525,1.460273,2.06057e-13,2.16111e-11
-0.5273524,1.460273,2.80664e-13,5.97117e-11
-0.5273524,1.460273,2.98428e-13,6.24374e-11
-0.5273524,1.460273,1.82965e-13,1.05741e-12
-0.5273521,1.460273,2.40696e-13,5.24076e-11
-0.5273519,1.460273,5.68434e-14,2.12988e-13
-0.5273518,1.460273,1.95399e-13,2.13328e-11
-0.5273516,1.460275,2.41585e-13,6.44441e-11
-0.5273514,1.460275,3.81029e-13,6.31563e-11
-0.5273514,1.460275,1.58984e-13,2.40505e-14
-0.5273513,1.460275,1.05693e-13,7.53945e-11
-0.5273511,1.460275,2.03393e-13,5.29293e-11
-0.5273509,1.460276,2.72671e-13,1.27046e-11
-0.5273509,1.460276,4.54747e-13,1.54539e-14
-0.5273508,1.460275,4.84057e-13,4.17065e-12
-0.5273508,1.460275,9.41469e-14,3.08773e-13
-0.5273506,1.460276,9.94760e-14,2.30000e-11
-0.5273505,1.460276,1.11910e-13,3.71714e-11
-0.5273505,1.460276,2.48690e-13,6.41382e-13
-0.5273505,1.460276,3.58824e-13,3.80628e-11
-0.5273505,1.460276,2.91323e-13,5.11007e-13
-0.5273504,1.460276,3.66818e-13,8.19157e-11
-0.5273502,1.460276,3.85469e-13,7.31255e-11
-0.5273499,1.460276,3.71259e-13,4.44737e-11
-0.5273497,1.460276,2.88658e-13,5.42836e-13
-0.5273497,1.460276,3.32179e-13,6.53462e-11
-0.5273496,1.460276,1.70530e-13,1.11954e-11
-0.5273494,1.460276,2.96652e-13,6.77790e-11
-0.5273493,1.460275,2.54907e-13,2.46780e-11
-0.5273491,1.460275,1.42997e-13,4.55249e-11
-0.527349,1.460275,7.47846e-13,1.29495e-11
-0.527349,1.460275,2.60236e-13,2.88136e-13
-0.5273488,1.460275,3.50830e-13,8.20879e-11
-0.5273487,1.460275,7.35412e-13,4.19292e-11
-0.5273485,1.460275,2.78888e-13,5.29871e-11
-0.5273483,1.460276,1.28786e-13,3.80558e-11
-0.5273482,1.460276,1.34115e-13,3.88015e-11
-0.527348,1.460276,4.98268e-13,7.72481e-11
-0.5273479,1.460276,6.33271e-13,3.63208e-11
-0.5273477,1.460276,4.44089e-14,7.84703e-11
-0.5273476,1.460276,4.27214e-13,5.03758e-11
-0.5273475,1.460276,6.98108e-13,8.15860e-11
-0.5273474,1.460275,9.23706e-14,7.93928e-11
-0.5273474,1.460275,1.34115e-13,4.57080e-11
-0.5273472,1.460275,3.56160e-13,3.41823e-11
-0.5273472,1.460275,2.72671e-13,4.62462e-13
-0.5273471,1.460274,6.21725e-14,7.77198e-12
-0.5273471,1.460274,2.47802e-13,3.03287e-13
-0.527347,1.460274,2.10498e-13,5.88374e-11
-0.527347,1.460274,3.95239e-13,2.09367e-13
-0.5273468,1.460274,6.21725e-14,1.89571e-11
-0.5273468,1.460274,3.02869e-13,5.23508e-13
-0.5273468,1.460274,5.98632e-13,1.25601e-11
-0.5273467,1.460274,2.85105e-13,1.54769e-12
-0.5273467,1.460274,5.32019e-13,8.35152e-13
-0.5273465,1.460274,4.97380e-14,7.38701e-11
-0.5273465,1.460274,1.97176e-13,2.51848e-13
-0.5273461,1.460275,4.05009e-13,6.83925e-11
-0.5273459,1.460275,2.11386e-13,2.84101e-11
-0.5273459,1.460275,5.79981e-13,3.31102e-11
-0.5273459,1.460275,4.02345e-13,2.96353e-14
-0.5273458,1.460275,3.46390e-14,6.78923e-11
-0.5273457,1.460276,8.94396e-13,6.39581e-11
-0.5273456,1.460276,2.59348e-13,1.36599e-11
-0.5273456,1.460276,4.17444e-13,3.08645e-13
-0.5273455,1.460276,4.26326e-13,9.34731e-12
-0.5273455,1.460276,1.35891e-13,4.82237e-11
-0.5273455,1.460276,5.98632e-13,2.85441e-13
-0.5273453,1.460276,2.59348e-13,7.58864e-11
-0.5273453,1.460276,5.04485e-13,5.23966e-13
-0.5273451,1.460276,4.82281e-13,4.34016e-11
-0.5273451,1.460276,4.79616e-14,6.89011e-13
-0.5273449,1.460277,2.34479e-13,7.30067e-11
-0.5273447,1.460277,7.28306e-14,2.85270e-11
-0.5273446,1.460277,5.50671e-14,7.42177e-11
-0.5273445,1.460276,2.77112e-13,4.80330e-11
-0.5273445,1.460276,5.88862e-13,1.94621e-13
-0.5273444,1.460276,2.95763e-13,4.62542e-11
-0.5273444,1.460276,4.09450e-13,4.96546e-13
-0.5273443,1.460276,1.31450e-13,4.20926e-11
-0.5273442,1.460276,4.29878e-13,1.28097e-11
-0.5273442,1.460276,3.41061e-13,1.05557e-12
-0.527344,1.460276,3.56160e-13,1.87825e-11
-0.527344,1.460276,2.19380e-13,3.90240e-13
-0.5273438,1.460277,2.10498e-13,5.16405e-11
-0.5273435,1.460277,3.30402e-13,7.32502e-11
-0.5273435,1.460277,1.20792e-13,9.63437e-13
-0.5273433,1.460277,2.70894e-13,2.39016e-11
-0.5273433,1.460277,1.25233e-13,5.19411e-13
-0.5273431,1.460277,3.59712e-13,7.33226e-11
-0.527343,1.460277,4.60076e-13,4.30449e-11
-0.527343,1.460277,4.46754e-13,7.04972e-13
-0.527343,1.460277,1.09246e-13,9.98886e-12
-0.5273429,1.460277,2.96652e-13,2.36470e-11
-0.5273428,1.460278,1.15463e-13,2.52887e-11
-0.5273428,1.460278,3.74811e-13,1.69756e-11
-0.5273425,1.460278,8.66862e-13,7.19847e-11
-0.5273424,1.460278,3.49942e-13,1.05409e-11
-0.5273424,1.460278,5.75540e-13,4.03418e-13
-0.527342,1.460279,3.75699e-13,5.83944e-12
-0.527342,1.460279,2.43361e-13,2.63332e-13
-0.5273417,1.460279,1.04805e-13,4.31554e-11
-0.5273415,1.460279,7.46958e-13,6.89991e-11
-0.5273413,1.460279,1.79412e-13,3.40020e-11
-0.5273413,1.460279,4.72511e-13,3.70155e-13
-0.5273407,1.46028,2.85993e-13,5.09774e-11
-0.5273407,1.46028,1.88294e-13,2.36208e-14
-0.5273406,1.46028,3.03757e-13,5.20526e-12
-0.5273406,1.46028,2.70894e-13,5.20909e-13
-0.5273402,1.46028,8.70415e-14,6.52635e-11
-0.5273402,1.46028,1.97176e-13,4.56539e-13
-0.5273401,1.46028,5.95080e-14,8.84462e-12
-0.5273401,1.46028,3.52607e-13,2.87355e-13
-0.52734,1.460279,4.26326e-14,1.51462e-11
-0.52734,1.460279,3.20632e-13,1.88882e-13
-0.52734,1.460279,5.36460e-13,3.74796e-11
-0.52734,1.460279,4.28102e-13,1.57785e-11
-0.52734,1.460279,3.31291e-13,4.65167e-13
-0.5273398,1.46028,4.51195e-13,3.66836e-11
-0.5273397,1.46028,7.30971e-13,1.13533e-11
-0.5273396,1.460281,2.60236e-13,2.91145e-12
-0.5273396,1.460281,4.37872e-13,4.97269e-13
-0.5273396,1.46028,1.99840e-13,8.54410e-12
-0.5273395,1.460281,3.24185e-13,5.38617e-12
-0.5273395,1.460281,3.41061e-13,3.91887e-13
-0.5273394,1.460281,3.81917e-13,3.66555e-11
-0.5273392,1.460281,3.03757e-13,1.61893e-12
-0.5273392,1.460281,3.19744e-13,4.95444e-13
-0.5273391,1.460281,8.79297e-14,3.90563e-11
-0.5273391,1.460281,1.60760e-13,1.02884e-13
-0.5273385,1.460281,3.37508e-13,7.34296e-11
-0.5273385,1.460281,6.30607e-13,1.05274e-13
-0.5273384,1.460281,7.63833e-13,2.41324e-11
-0.5273384,1.460281,2.10498e-13,7.62180e-13
-0.5273384,1.46028,1.74971e-13,5.66357e-11
-0.5273384,1.46028,9.59233e-14,3.98897e-13
-0.5273382,1.46028,7.01661e-14,8.02398e-12
-0.5273382,1.46028,3.22409e-13,1.68705e-13
-0.5273382,1.46028,5.81757e-13,5.83662e-12
-0.527338,1.460281,6.03073e-13,7.32990e-11
-0.5273379,1.460281,3.00204e-13,4.57954e-11
-0.5273379,1.460281,2.95763e-13,1.86174e-13
-0.5273375,1.460281,4.74287e-13,4.94447e-11
-0.5273374,1.460281,2.49578e-13,9.61032e-12
-0.5273373,1.460281,2.07834e-13,7.86486e-12
-0.5273373,1.460281,3.16192e-13,3.92027e-13
-0.5273373,1.460281,2.06946e-13,7.23029e-11
-0.5273373,1.460281,4.67182e-13,3.05003e-13
-0.5273371,1.460282,8.08242e-14,2.53669e-12
-0.5273371,1.460282,2.76223e-13,3.58959e-13
-0.5273368,1.460282,3.56160e-13,6.27079e-11
-0.5273368,1.460282,2.61124e-13,8.98788e-14
-0.5273365,1.460282,2.27374e-13,1.78200e-11
-0.5273364,1.460282,6.85674e-13,6.80819e-11
-0.5273364,1.460281,2.50466e-13,5.08750e-11
-0.5273364,1.460281,6.21725e-14,9.92421e-14
-0.5273363,1.460281,3.84581e-13,6.91483e-12
-0.5273362,1.460281,4.20997e-13,6.37455e-11
-0.5273362,1.460281,4.64517e-13,9.04686e-14
-0.527336,1.460281,1.61648e-13,2.35870e-11
-0.527336,1.460281,2.75335e-13,9.42434e-13
-0.5273359,1.46028,2.88658e-13,3.78613e-11
-0.5273358,1.460281,3.89022e-13,6.12612e-11
-0.5273355,1.460281,6.17284e-13,5.81567e-11
-0.5273353,1.460281,6.25278e-13,3.52430e-11
-0.5273351,1.460281,4.60076e-13,2.88736e-11
-0.5273349,1.460281,4.12115e-13,6.65215e-11
-0.5273348,1.46028,5.84421e-13,9.20383e-12
-0.5273347,1.46028,2.38920e-13,7.16747e-11
-0.5273347,1.460281,5.06262e-13,3.95779e-11
-0.5273343,1.460281,3.76588e-13,6.78278e-11
-0.5273343,1.46028,3.79252e-13,4.98924e-11
-0.527334,1.460281,2.85105e-13,5.61356e-11
-0.5273339,1.46028,3.33067e-13,5.67628e-11
-0.5273339,1.46028,6.43929e-13,5.67240e-11
-0.5273337,1.46028,1.47438e-13,1.46166e-11
-0.5273334,1.46028,5.90639e-13,4.90639e-11
-0.5273333,1.46028,1.70530e-13,2.62184e-11
-0.5273333,1.46028,2.98428e-13,9.17528e-12
-0.5273333,1.46028,2.13163e-13,3.82829e-13
-0.5273332,1.46028,4.97380e-14,4.94584e-11
-0.527333,1.46028,2.11386e-13,1.08456e-11
-0.5273327,1.46028,3.21521e-13,3.45057e-11
-0.5273327,1.46028,1.39444e-13,1.72927e-13
-0.5273326,1.46028,9.50351e-14,2.68935e-11
-0.5273325,1.46028,3.01981e-13,2.72319e-11
-0.5273324,1.46028,4.38760e-13,5.69658e-11
-0.5273321,1.460281,5.92415e-13,7.41155e-11
-0.5273319,1.460281,3.17968e-13,3.48853e-11
-0.5273317,1.460282,1.06581e-13,3.52975e-11
-0.5273315,1.460281,2.17604e-13,4.23226e-11
-0.5273315,1.460281,1.66978e-13,7.11379e-13
-0.5273312,1.460281,2.50466e-13,6.40304e-11
-0.5273312,1.460281,1.90070e-13,1.17401e-11
-0.5273311,1.460281,3.73035e-13,4.69900e-11
-0.5273311,1.460281,3.00204e-13,8.30758e-13
-0.5273309,1.460281,3.49054e-13,6.96403e-11
-0.5273306,1.460281,9.94760e-14,3.19348e-12
-0.5273306,1.460281,3.73035e-13,3.52401e-13
-0.5273306,1.460281,4.74287e-13,5.03683e-11
-0.5273305,1.460281,4.76064e-13,3.09413e-11
-0.5273305,1.460281,6.03073e-13,4.62343e-15
-0.5273304,1.460281,3.33067e-13,5.91310e-11
-0.5273304,1.460281,5.05374e-13,5.92372e-11
-0.5273302,1.460282,8.72191e-13,3.97530e-11
-0.5273302,1.460281,6.33271e-13,1.04809e-12
-0.5273298,1.460281,2.36255e-13,7.59297e-11
-0.5273295,1.460281,3.51719e-13,3.57666e-11
-0.5273292,1.460282,4.93827e-13,5.72332e-11
-0.5273292,1.460282,3.49054e-13,8.07186e-13
-0.5273292,1.460282,4.01457e-13,7.06849e-11
-0.5273292,1.460282,4.17444e-13,1.76032e-13
-0.5273288,1.460283,3.90799e-13,1.36281e-11
-0.5273285,1.460283,3.17080e-13,5.21995e-11
-0.5273285,1.460283,3.81029e-13,4.94165e-11
-0.5273284,1.460282,4.39648e-13,7.47544e-11
-0.5273283,1.460282,2.49578e-13,1.75664e-11
-0.5273283,1.460282,3.54383e-13,2.39148e-12
-0.5273282,1.460282,1.58984e-13,6.34170e-11
-0.527328,1.460283,3.49942e-13,5.07261e-12
-0.527328,1.460283,3.57048e-13,1.66556e-12
-0.527328,1.460283,2.82441e-13,2.85313e-12
-0.5273276,1.460283,6.87450e-13,9.32256e-12
-0.5273276,1.460283,3.86358e-13,1.16923e-12
-0.5273273,1.460283,2.77112e-13,1.58015e-11
-0.5273273,1.460283,1.48326e-13,8.77014e-13
-0.5273272,1.460283,5.00933e-13,6.03096e-11
-0.5273269,1.460283,7.46070e-14,5.59260e-11
-0.5273269,1.460283,2.89546e-13,5.50088e-11
-0.5273266,1.460283,3.39284e-13,4.29632e-11
-0.5273265,1.460283,1.61648e-13,7.02347e-11
-0.5273265,1.460283,8.08242e-14,2.38897e-13
-0.5273263,1.460282,4.13003e-13,4.15296e-11
-0.527326,1.460283,2.87770e-13,5.38707e-11
-0.5273259,1.460283,2.14051e-13,4.82497e-11
-0.5273258,1.460283,2.50466e-13,3.73482e-11
-0.5273258,1.460283,5.06262e-13,3.32169e-11
-0.5273258,1.460283,2.16716e-13,6.98162e-13
-0.5273258,1.460283,3.99680e-13,5.47774e-11
-0.5273257,1.460283,6.63469e-13,6.58012e-11
-0.5273257,1.460283,3.30402e-13,2.07843e-11
-0.5273256,1.460283,3.67706e-13,3.50712e-11
-0.5273256,1.460283,3.89022e-13,3.71821e-11
-0.5273254,1.460283,2.41585e-13,6.35037e-11
-0.5273252,1.460283,2.93987e-13,6.17063e-11
-0.527325,1.460283,8.38440e-13,1.02658e-11
-0.5273249,1.460283,1.66089e-13,6.50429e-12
-0.5273249,1.460283,3.52607e-13,4.51808e-14
-0.5273248,1.460283,3.96128e-13,2.10292e-11
-0.5273248,1.460283,2.70006e-13,8.79210e-13
-0.5273247,1.460283,2.57572e-13,7.45339e-12
-0.5273246,1.460283,5.56888e-13,6.64456e-11
-0.5273246,1.460283,6.91003e-13,2.22283e-12
-0.5273245,1.460284,8.80185e-13,6.05669e-11
-0.5273245,1.460284,6.01297e-13,6.43050e-14
-0.5273244,1.460283,2.70894e-13,2.21872e-11
-0.5273242,1.460284,2.45137e-13,4.35098e-11
-0.5273242,1.460284,3.38396e-13,1.51740e-13
-0.5273239,1.460284,4.01457e-13,2.61251e-12
-0.5273239,1.460284,2.49578e-13,1.19100e-12
-0.5273238,1.460284,7.29194e-13,6.60611e-11
-0.5273238,1.460284,2.28262e-13,9.53032e-13
-0.5273237,1.460284,6.51923e-13,2.82653e-11
-0.5273237,1.460284,4.08562e-14,6.19998e-12
-0.5273236,1.460284,1.57208e-13,1.41288e-11
-0.5273236,1.460284,4.97380e-13,5.26691e-13
-0.5273235,1.460284,2.23821e-13,1.76252e-11
-0.5273235,1.460284,2.73559e-13,8.03777e-13
-0.5273235,1.460284,9.50351e-14,6.48826e-11
-0.5273235,1.460284,4.92939e-13,7.12064e-11
-0.5273234,1.460284,7.37188e-14,2.92576e-11
-0.5273233,1.460284,3.78364e-13,1.93137e-11
-0.5273232,1.460285,2.23821e-13,1.36802e-11
-0.527323,1.460285,2.69118e-13,6.55653e-11
-0.527323,1.460284,3.88134e-13,1.46647e-11
-0.5273227,1.460285,1.23457e-13,3.98720e-11
-0.5273226,1.460285,2.34479e-13,2.24978e-11
-0.5273224,1.460285,9.14824e-14,3.13901e-11
-0.5273223,1.460285,2.09610e-13,6.06385e-12
-0.5273223,1.460285,4.69846e-13,6.42988e-11
-0.5273221,1.460285,4.99156e-13,8.01875e-12
-0.527322,1.460285,4.82281e-13,9.27062e-12
-0.527322,1.460285,2.53131e-13,3.09895e-11
-0.5273219,1.460285,8.11795e-13,5.85939e-12
-0.5273219,1.460285,4.33431e-13,4.53711e-13
-0.5273218,1.460286,4.83169e-13,5.07862e-11
-0.5273218,1.460286,5.15143e-13,6.14254e-11
-0.5273218,1.460286,5.47118e-13,2.00646e-12
-0.5273217,1.460286,3.19744e-14,1.37112e-11
-0.5273214,1.460285,3.81029e-13,4.42318e-11
-0.5273212,1.460286,6.43041e-13,5.14580e-11
-0.5273212,1.460286,2.36255e-13,1.71911e-13
-0.527321,1.460286,1.20792e-13,3.27752e-11
-0.527321,1.460286,3.81917e-13,2.32901e-13
-0.5273208,1.460286,2.22933e-13,2.89423e-11
-0.5273207,1.460287,2.64677e-13,5.43376e-11
-0.5273204,1.460287,5.97744e-13,3.97626e-11
-0.5273204,1.460287,4.56524e-13,6.10061e-13
-0.5273203,1.460287,7.19425e-14,1.72300e-11
-0.5273203,1.460287,6.35048e-13,6.67572e-13
-0.5273202,1.460287,2.53131e-13,1.23933e-11
-0.5273202,1.460287,1.85629e-13,2.74351e-14
-0.5273198,1.460288,8.26006e-14,3.45788e-11
-0.5273198,1.460288,1.65201e-13,9.63283e-13
-0.5273197,1.460287,9.21041e-13,4.84959e-12
-0.5273197,1.460287,5.81757e-13,3.02094e-13
-0.5273195,1.460288,1.25233e-13,2.43988e-11
-0.5273192,1.460288,2.31815e-13,1.72110e-11
-0.527319,1.460288,1.78524e-13,3.54410e-11
-0.5273189,1.460288,1.89182e-13,7.12110e-11
-0.5273184,1.460288,3.46390e-13,6.84504e-11
-0.5273184,1.460288,1.60760e-13,4.96802e-11
-0.527318,1.460288,2.53131e-13,1.01332e-11
-0.5273179,1.460289,1.21680e-13,3.67918e-11
-0.5273178,1.460288,1.64313e-13,2.93431e-11
-0.5273178,1.460288,2.06057e-13,5.94209e-12
-0.5273177,1.460288,6.69687e-13,7.28305e-11
-0.5273174,1.460289,5.11591e-13,4.48992e-11
-0.5273174,1.460289,5.63993e-13,1.58924e-12
-0.5273173,1.460289,2.17604e-13,3.43211e-11
-0.5273173,1.460289,1.03029e-13,7.07637e-11
-0.5273172,1.460289,1.31450e-13,3.40428e-11
-0.5273172,1.460289,5.87974e-13,3.81164e-11
-0.5273172,1.46029,4.68958e-13,5.54241e-11
-0.5273171,1.46029,1.64313e-13,5.21084e-12
-0.5273167,1.460289,1.97176e-13,5.73328e-11
-0.5273167,1.460289,1.42109e-13,6.96786e-11
-0.5273159,1.46029,1.50990e-13,1.25269e-11
-0.5273158,1.46029,3.90799e-13,4.13006e-13
-0.5273158,1.46029,5.11591e-13,3.93824e-11
-0.5273157,1.46029,2.36255e-13,7.73932e-12
-0.5273157,1.46029,3.61489e-13,4.67487e-13
-0.5273157,1.460289,3.92575e-13,3.13297e-11
-0.5273155,1.460289,2.70894e-13,2.24276e-11
-0.5273152,1.460289,1.51879e-13,4.45959e-11
-0.527315,1.460289,3.50830e-13,2.75845e-11
-0.5273149,1.460289,1.34115e-13,8.82512e-12
-0.5273148,1.460288,1.53655e-13,1.96345e-11
-0.5273147,1.460289,3.11751e-13,9.07133e-12
-0.5273147,1.460289,5.95080e-13,1.74726e-12
-0.5273146,1.460288,4.17444e-13,5.59883e-11
-0.5273144,1.460288,3.97016e-13,6.04119e-11
-0.5273141,1.460287,8.34888e-14,4.70782e-11
-0.5273139,1.460287,1.99840e-13,2.45193e-11
-0.5273138,1.460287,6.16396e-13,4.17826e-11
-0.5273136,1.460287,1.20792e-13,5.96027e-11
-0.5273134,1.460287,3.41061e-13,7.26599e-11
-0.5273134,1.460287,6.11955e-13,8.58398e-12
-0.5273134,1.460287,3.56160e-13,1.04619e-12
-0.5273133,1.460287,3.26850e-13,6.00116e-11
-0.5273131,1.460287,1.62537e-13,4.15355e-11
-0.5273131,1.460288,1.59872e-13,6.81736e-11
-0.5273127,1.460288,2.82441e-13,4.54188e-11
-0.5273127,1.460288,2.73559e-13,2.72348e-11
-0.5273126,1.460288,5.05374e-13,1.44701e-11
-0.5273125,1.460288,2.66454e-14,8.82534e-12
-0.5273125,1.460288,2.15827e-13,1.53684e-14
-0.5273123,1.460289,5.78204e-13,1.27442e-11
-0.5273121,1.460288,3.51719e-13,2.39702e-11
-0.5273119,1.460288,4.87610e-13,2.28764e-11
-0.5273119,1.460288,3.60600e-13,2.56185e-13
-0.5273117,1.460288,1.80300e-13,1.38833e-11
-0.5273117,1.460288,1.66978e-13,1.53135e-11
-0.5273115,1.460288,3.24185e-13,3.49129e-12
-0.5273113,1.460289,2.10498e-13,3.45489e-11
-0.5273112,1.460289,2.98428e-13,5.67836e-12
-0.5273111,1.460289,4.44089e-14,2.85647e-11
-0.5273111,1.460289,5.13367e-13,1.34569e-12
-0.5273107,1.46029,3.96128e-13,5.91087e-11
-0.5273106,1.46029,3.34843e-13,4.31605e-11
-0.5273106,1.46029,2.80664e-13,3.26461e-13
-0.5273105,1.46029,3.92575e-13,2.81617e-11
-0.5273104,1.46029,5.79092e-13,3.09237e-11
-0.5273102,1.46029,5.23137e-13,4.87202e-14
-0.5273102,1.46029,3.23297e-13,4.06991e-11
-0.52731,1.46029,4.31655e-13,1.38545e-11
-0.52731,1.46029,5.47118e-13,3.09710e-13
-0.5273098,1.460291,4.90274e-13,3.95646e-11
-0.5273098,1.460291,4.01457e-13,4.76080e-11
-0.5273097,1.46029,3.17968e-13,6.27053e-11
-0.5273097,1.46029,1.30562e-13,7.06625e-14
-0.5273097,1.46029,2.18492e-13,2.88005e-14
-0.5273096,1.460291,2.88658e-13,2.78524e-11
-0.5273095,1.460291,1.87406e-13,4.93100e-12
-0.5273095,1.460291,2.04281e-13,2.48755e-13
-0.5273095,1.460291,6.41265e-13,3.66246e-13
-0.5273095,1.460291,5.68434e-13,2.22875e-13
-0.5273095,1.460291,1.13687e-13,5.45381e-13
-0.5273093,1.460292,3.65930e-13,4.54249e-12
-0.5273093,1.460292,2.11386e-13,1.43203e-13
-0.5273091,1.460292,4.70735e-13,4.11757e-12
-0.5273089,1.460292,5.47118e-13,3.22556e-11
-0.5273087,1.460292,2.40696e-13,4.58718e-11
-0.5273086,1.460291,4.74287e-13,5.15816e-11
-0.5273086,1.460291,1.50102e-13,5.72983e-11
-0.5273084,1.460291,5.50671e-14,5.76996e-11
-0.5273083,1.460292,5.99520e-13,1.17506e-11
-0.5273083,1.460292,3.41061e-13,4.57771e-12
-0.5273081,1.460292,3.32179e-13,3.51560e-11
-0.5273081,1.460292,4.89386e-13,6.65355e-13
-0.5273081,1.460293,7.34524e-13,2.91609e-11
-0.5273081,1.460293,3.21521e-13,4.44962e-13
-0.527308,1.460293,5.98632e-13,6.37172e-12
-0.5273077,1.460293,1.42109e-13,3.36085e-11
-0.5273077,1.460293,4.73399e-13,9.80740e-13
-0.5273076,1.460294,2.14939e-13,9.35813e-12
-0.5273071,1.460293,1.96287e-13,2.62376e-12
-0.527307,1.460293,1.50990e-13,1.50668e-11
-0.527307,1.460293,3.00204e-13,1.87539e-11
-0.5273068,1.460294,2.62901e-13,2.45552e-11
-0.5273068,1.460294,2.88658e-13,1.12756e-11
-0.5273068,1.460294,4.14779e-13,6.52651e-11
-0.5273068,1.460294,3.07310e-13,4.20623e-13
-0.5273065,1.460294,5.46230e-13,2.79021e-11
-0.5273064,1.460294,9.94760e-14,5.33149e-11
-0.5273064,1.460294,8.43769e-14,5.57798e-11
-0.5273063,1.460294,3.25073e-13,6.51564e-11
-0.5273061,1.460294,2.43361e-13,3.58323e-11
-0.5273061,1.460294,3.28626e-14,3.18884e-11
-0.527306,1.460294,2.29150e-13,9.15458e-12
-0.5273057,1.460295,3.81917e-13,2.28713e-11
-0.5273054,1.460295,1.96287e-13,2.66842e-11
-0.5273053,1.460296,1.04805e-13,7.30854e-12
-0.5273052,1.460295,7.15872e-13,1.59496e-11
-0.5273051,1.460295,9.50351e-14,6.28875e-11
-0.527305,1.460295,1.91847e-13,1.12599e-11
-0.5273046,1.460296,3.85469e-13,2.66224e-11
-0.5273046,1.460295,4.32543e-13,4.34073e-11
-0.5273043,1.460295,3.02869e-13,5.10951e-11
-0.5273043,1.460295,3.56160e-13,1.12555e-11
-0.5273042,1.460295,1.89182e-13,1.26215e-11
-0.5273042,1.460295,6.35936e-13,3.20495e-11
-0.5273037,1.460295,2.28262e-13,5.93232e-11
-0.5273035,1.460296,6.41265e-13,4.11658e-11
-0.5273031,1.460296,4.76952e-13,6.14635e-11
-0.5273031,1.460296,3.84581e-13,3.96804e-13
-0.527303,1.460296,2.71783e-13,3.26107e-12
-0.527303,1.460296,3.48166e-13,6.30841e-11
-0.5273028,1.460295,2.79776e-13,3.46178e-12
-0.5273028,1.460295,3.25961e-13,8.77083e-12
-0.5273027,1.460295,2.09610e-13,3.29892e-11
-0.5273027,1.460295,1.00364e-13,5.53275e-13
-0.5273027,1.460295,5.53335e-13,1.42315e-11
-0.5273026,1.460296,1.02141e-13,6.35959e-11
-0.5273025,1.460296,5.95080e-14,6.65983e-11
-0.5273023,1.460296,6.72351e-13,4.58672e-11
-0.5273023,1.460295,4.90274e-13,4.28760e-11
-0.5273023,1.460295,1.66978e-13,1.22748e-11
-0.5273023,1.460295,3.17080e-13,5.79231e-16
-0.5273022,1.460295,5.30243e-13,8.14786e-13
-0.5273022,1.460295,1.67866e-13,9.61216e-12
-0.5273022,1.460295,3.98792e-13,4.74683e-13
-0.5273022,1.460296,4.17444e-13,2.02721e-12
-0.5273022,1.460296,2.71783e-13,5.73301e-13
-0.5273021,1.460296,5.39124e-13,6.71097e-11
-0.5273019,1.460296,4.74287e-13,4.17613e-11
-0.5273017,1.460297,5.21361e-13,3.48821e-11
-0.5273016,1.460296,2.02505e-13,6.28580e-11
-0.5273014,1.460297,3.85469e-13,4.99433e-11
-0.5273013,1.460297,6.29718e-13,4.39174e-11
-0.5273012,1.460298,5.44453e-13,3.80523e-11
-0.5273009,1.460298,2.13163e-13,6.07103e-11
-0.5273007,1.460298,1.29674e-13,1.89190e-11
-0.5273006,1.460298,3.14415e-13,6.43445e-11
-0.5273005,1.460298,3.77476e-13,5.84936e-11
-0.5273004,1.460298,1.24345e-13,5.99843e-11
-0.5273001,1.460298,6.19060e-13,3.83026e-11
-0.5272999,1.460298,5.35572e-13,4.65550e-11
-0.5272999,1.460298,5.19584e-13,4.45595e-11
-0.5272998,1.460298,4.15668e-13,1.79683e-11
-0.5272997,1.460298,2.55795e-13,1.43887e-11
-0.5272997,1.460298,4.46754e-13,2.59428e-13
-0.5272996,1.460298,6.74127e-13,4.54356e-11
-0.5272993,1.460298,6.54587e-13,1.68617e-11
-0.5272991,1.460298,6.31495e-13,2.38183e-11
-0.5272989,1.460298,2.22045e-13,4.05370e-11
-0.5272988,1.460298,3.87246e-13,5.83632e-12
-0.5272986,1.460299,4.60076e-13,3.50215e-11
-0.5272986,1.460299,2.55795e-13,1.71819e-13
-0.5272985,1.460299,7.29194e-13,1.23369e-11
-0.5272985,1.460299,4.51195e-13,7.23035e-14
-0.5272983,1.460299,5.40901e-13,2.32309e-11
-0.5272981,1.460299,3.17968e-13,6.04110e-11
-0.527298,1.4603,2.08722e-13,6.05739e-12
-0.5272979,1.4603,7.46070e-14,3.64384e-11
-0.5272979,1.4603,5.76428e-13,4.32754e-13
-0.5272976,1.4603,1.06581e-13,9.98334e-12
-0.5272976,1.4603,3.60600e-13,2.03509e-11
-0.5272975,1.4603,2.06946e-13,1.84921e-11
-0.5272972,1.4603,5.01821e-13,1.59841e-11
-0.5272971,1.4603,3.01092e-13,4.25240e-11
-0.5272969,1.460301,7.30083e-13,3.78859e-11
-0.5272968,1.460301,4.29878e-13,5.16636e-12
-0.5272968,1.460301,2.55795e-13,3.41478e-13
-0.5272967,1.460301,2.41585e-13,5.65571e-11
-0.5272966,1.460301,4.64517e-13,5.25466e-11
-0.5272964,1.460301,1.82077e-13,5.98688e-11
-0.5272962,1.460301,2.54907e-13,4.97179e-11
-0.5272962,1.460301,3.89022e-13,3.90579e-11
-0.5272961,1.460301,4.79616e-13,3.30003e-11
-0.5272961,1.460301,4.17444e-13,7.33172e-14
-0.527296,1.460301,2.78000e-13,2.54029e-11
-0.5272959,1.460301,6.35936e-13,5.04358e-11
-0.5272956,1.460301,5.87974e-13,6.81398e-13
-0.5272956,1.460301,1.30562e-13,3.60649e-11
-0.5272956,1.460302,5.24025e-13,8.14940e-12
-0.5272954,1.460302,3.27738e-13,6.19228e-11
-0.5272954,1.460302,2.54907e-13,3.13633e-11
-0.5272954,1.460302,3.44613e-13,2.71144e-12
-0.5272951,1.460302,3.80140e-13,2.71739e-11
-0.527295,1.460303,4.91163e-13,3.18983e-11
-0.5272949,1.460303,2.05169e-13,1.63998e-11
-0.5272949,1.460303,4.11227e-13,3.33655e-13
-0.5272948,1.460303,1.83853e-13,4.13366e-11
-0.5272948,1.460303,8.88178e-14,2.16615e-11
-0.5272948,1.460302,4.19220e-13,1.05234e-11
-0.5272946,1.460303,1.16351e-13,2.28973e-11
-0.5272945,1.460303,4.72511e-13,4.35811e-11
-0.5272945,1.460303,1.84741e-13,4.41877e-14
-0.5272944,1.460303,2.60236e-13,5.31801e-11
-0.5272941,1.460303,3.55271e-13,1.48771e-11
-0.5272941,1.460303,3.61489e-13,3.10274e-13
-0.5272938,1.460304,4.79616e-13,3.06290e-11
-0.5272938,1.460304,8.61533e-14,2.56511e-13
-0.5272938,1.460304,2.63789e-13,2.93694e-11
-0.5272937,1.460304,2.03393e-13,2.77602e-11
-0.5272933,1.460304,2.41585e-13,4.20792e-11
-0.5272932,1.460305,5.63993e-13,6.54940e-11
-0.5272932,1.460305,4.87610e-13,2.58414e-11
-0.5272931,1.460305,4.26326e-14,5.67279e-11
-0.5272931,1.460305,6.20837e-13,6.04309e-13
-0.5272929,1.460305,4.56524e-13,5.78918e-11
-0.5272928,1.460305,3.99680e-13,3.38737e-11
-0.5272928,1.460305,5.24025e-14,5.77679e-11
-0.5272927,1.460305,5.86198e-13,3.50503e-11
-0.5272927,1.460305,5.26690e-13,1.06877e-12
-0.5272926,1.460305,1.55431e-13,6.21321e-11
-0.5272926,1.460305,2.63789e-13,4.10292e-14
-0.5272925,1.460305,8.73968e-13,7.08876e-12
-0.5272924,1.460305,1.10134e-13,3.75966e-11
-0.5272924,1.460305,5.27578e-13,1.17888e-13
-0.5272922,1.460305,8.34888e-14,4.15459e-11
-0.5272921,1.460305,5.06262e-13,5.18173e-11
-0.5272921,1.460305,2.40696e-13,3.07020e-11
-0.527292,1.460305,3.92575e-13,3.20544e-11
-0.5272918,1.460305,3.94351e-13,2.76827e-11
-0.5272917,1.460305,2.97540e-13,2.44513e-11
-0.5272916,1.460305,4.54747e-13,1.47782e-11
-0.5272915,1.460305,9.94760e-14,2.91166e-11
-0.5272913,1.460306,2.92211e-13,4.75368e-11
-0.5272912,1.460305,2.04281e-13,4.52962e-12
-0.5272911,1.460306,4.20997e-13,5.76444e-11
-0.527291,1.460306,3.48166e-13,3.92177e-11
-0.5272908,1.460306,1.27010e-13,7.85874e-12
-0.5272908,1.460306,3.63265e-13,4.98390e-13
-0.5272906,1.460307,3.37508e-14,1.31045e-11
-0.5272905,1.460306,3.99680e-13,1.87032e-11
-0.5272904,1.460306,4.83169e-13,6.41689e-11
-0.52729,1.460306,3.41949e-13,9.81324e-12
-0.52729,1.460306,6.81233e-13,3.89814e-13
-0.52729,1.460306,2.26485e-13,4.54906e-11
-0.5272898,1.460306,2.43361e-13,3.17808e-11
-0.5272898,1.460306,7.81597e-14,7.03244e-13
-0.5272898,1.460306,1.61648e-13,4.88799e-11
-0.5272895,1.460306,3.02869e-13,5.18436e-11
-0.5272892,1.460306,2.69118e-13,3.82096e-11
-0.5272892,1.460306,2.22933e-13,4.58577e-13
-0.5272891,1.460307,1.63425e-13,3.03418e-11
-0.5272891,1.460307,2.21156e-13,3.51979e-11
-0.527289,1.460307,5.30243e-13,5.76363e-11
-0.527289,1.460307,4.47642e-13,3.69006e-13
-0.527289,1.460307,2.88658e-13,1.27562e-13
-0.5272887,1.460307,4.90274e-13,4.07371e-11
-0.5272885,1.460307,1.97176e-13,1.16113e-11
-0.5272884,1.460307,5.51559e-13,5.38648e-14
-0.5272883,1.460307,8.97060e-14,9.24412e-12
-0.5272882,1.460307,1.62537e-13,1.53835e-11
-0.5272881,1.460307,2.72671e-13,1.91009e-11
-0.527288,1.460307,5.63105e-13,2.57397e-11
-0.5272879,1.460307,1.66089e-13,1.48570e-11
-0.5272879,1.460307,7.62945e-13,1.50923e-13
-0.5272878,1.460307,4.45866e-13,1.80787e-11
-0.5272878,1.460307,4.84945e-13,1.47021e-11
-0.5272878,1.460307,2.33591e-13,1.00359e-13
-0.5272877,1.460307,5.36460e-13,2.82438e-11
-0.5272876,1.460308,3.77476e-13,6.07392e-11
-0.5272876,1.460307,2.28262e-13,3.34156e-11
-0.5272875,1.460307,4.99156e-13,3.57389e-14
-0.5272875,1.460307,3.44613e-13,4.00395e-11
-0.5272873,1.460307,3.49942e-13,4.68434e-11
-0.5272873,1.460307,3.45501e-13,3.80856e-11
-0.5272872,1.460307,6.90115e-13,5.17163e-11
-0.5272872,1.460307,2.15827e-13,1.11546e-13
-0.5272872,1.460307,6.61693e-13,3.54334e-14
-0.5272871,1.460307,6.48370e-13,1.93187e-14
-0.5272871,1.460307,4.46754e-13,1.05396e-14
-0.5272868,1.460308,3.80140e-13,1.16409e-11
-0.5272868,1.460308,3.56160e-13,3.79808e-11
-0.5272868,1.460308,5.13367e-13,4.70471e-11
-0.5272867,1.460308,2.40696e-13,4.71291e-11
-0.5272867,1.460308,4.42313e-13,4.52890e-11
-0.5272866,1.460308,2.51354e-13,1.90684e-11
-0.5272866,1.460308,4.44089e-13,6.59070e-13
-0.5272864,1.460308,3.73035e-13,4.15334e-11
-0.5272862,1.460308,5.15143e-13,2.51097e-11
-0.5272862,1.460308,1.19016e-13,1.27837e-11
-0.5272862,1.460308,4.20997e-13,3.75492e-14
-0.5272861,1.460308,2.89546e-13,5.98725e-11
-0.527286,1.460308,6.73239e-13,3.90573e-11
-0.5272859,1.460308,4.17444e-13,1.62963e-11
-0.5272857,1.460308,6.41265e-13,4.20548e-11
-0.5272857,1.460308,3.61489e-13,2.31777e-13
-0.5272857,1.460308,3.46390e-13,2.53806e-11
-0.5272857,1.460308,4.79616e-13,4.11329e-13
-0.5272857,1.460308,5.41789e-13,2.59638e-11
-0.5272856,1.460308,2.97540e-13,2.64478e-11
-0.5272853,1.460308,1.79412e-13,2.67425e-15
-0.5272852,1.460308,5.97744e-13,3.77712e-14
-0.5272851,1.460308,2.19380e-13,4.48680e-14
-0.5272851,1.460308,7.66498e-13,4.55574e-14
-0.5272845,1.460309,7.06990e-13,1.60367e-15
-0.5272845,1.460309,4.18332e-13,1.27681e-11
-0.5272845,1.460309,8.49099e-13,4.23018e-13
-0.5272845,1.460309,3.25073e-13,2.46884e-11
-0.5272842,1.460309,3.14415e-13,1.75926e-11
-0.5272841,1.460309,4.60076e-13,1.85548e-11
-0.5272841,1.460309,4.14779e-13,5.98397e-11
-0.5272841,1.460309,3.46390e-13,2.15806e-11
-0.5272838,1.460309,2.92211e-13,5.43962e-15
-0.5272828,1.46031,6.25278e-13,3.91837e-14
-0.5272826,1.46031,2.78000e-13,1.71268e-14
-0.5272826,1.46031,6.16396e-13,1.88355e-15
-0.5272823,1.46031,3.19744e-13,5.97673e-12
-0.5272823,1.46031,6.73239e-13,2.15074e-13
-0.5272823,1.46031,2.10498e-13,2.08875e-13
-0.5272823,1.46031,2.16716e-13,3.26836e-13
-0.5272822,1.46031,4.52971e-13,1.14010e-13
-0.5272822,1.46031,2.63789e-13,1.33001e-13
-0.5272822,1.46031,3.96128e-13,3.33230e-13
-0.5272822,1.46031,5.46230e-13,2.15239e-13
-0.5272821,1.46031,2.00728e-13,5.25827e-11
-0.5272821,1.46031,6.21725e-13,1.46253e-13
-0.5272819,1.46031,6.19060e-13,5.01995e-11
-0.5272818,1.46031,1.30562e-13,2.40108e-11
-0.5272817,1.460311,4.24549e-13,3.02033e-11
-0.5272816,1.460311,2.50466e-13,5.24089e-11
-0.5272815,1.460311,2.54019e-13,1.42587e-11
-0.5272814,1.460311,1.42997e-13,2.68784e-11
-0.5272814,1.460311,2.32703e-13,4.44917e-14
-0.5272813,1.460311,1.68754e-13,5.51206e-11
-0.5272813,1.460311,7.21201e-13,7.70561e-16
-0.5272813,1.460311,2.50466e-13,6.16147e-11
-0.5272811,1.460311,2.46025e-13,3.51905e-11
-0.5272811,1.460311,7.01661e-13,1.16222e-13
-0.5272809,1.460312,2.56684e-13,4.15263e-11
-0.5272809,1.460312,2.32703e-13,7.99557e-14
-0.5272808,1.460312,2.66454e-13,3.87520e-11
-0.5272808,1.460312,3.28626e-13,1.60651e-13
-0.5272808,1.460312,2.44249e-13,2.24852e-13
-0.5272808,1.460312,1.61648e-13,4.17299e-13
-0.5272808,1.460312,2.29150e-13,4.38653e-13
-0.5272808,1.460312,2.34479e-13,3.01983e-11
-0.5272806,1.460312,3.59712e-13,1.66908e-11
-0.5272805,1.460312,5.24025e-13,3.01191e-14
-0.5272805,1.460312,5.20473e-13,1.02971e-14
-0.5272804,1.460312,4.57412e-13,5.52631e-11
-0.5272804,1.460312,2.32703e-13,1.11821e-13
-0.5272804,1.460312,2.23821e-13,9.08841e-14
-0.5272803,1.460312,2.52243e-13,8.87896e-14
-0.5272803,1.460312,2.32703e-13,1.31785e-13
-0.5272803,1.460312,5.90639e-13,3.71446e-14
-0.5272803,1.460312,5.79981e-13,1.90229e-14
-0.5272803,1.460312,7.67386e-13,1.03214e-13
-0.5272802,1.460312,3.07310e-13,1.03385e-13
-0.5272802,1.460312,2.37144e-13,2.19752e-14
-0.5272802,1.460312,2.26485e-13,6.80337e-14
-0.5272802,1.460312,8.08242e-14,9.54487e-14
-0.5272801,1.460312,2.29150e-13,1.87374e-13
-0.52728,1.460313,3.23297e-13,4.29196e-11
-0.5272797,1.460313,2.58460e-13,1.49466e-11
-0.5272796,1.460313,1.82965e-13,5.16126e-14
-0.5272796,1.460313,2.33591e-13,2.06217e-14
-0.5272796,1.460313,4.56524e-13,1.08097e-13
-0.5272795,1.460313,1.33227e-13,9.87418e-14
-0.5272792,1.460313,2.87770e-13,3.07104e-11
-0.5272791,1.460313,1.51879e-13,3.36865e-11
-0.5272788,1.460313,5.79981e-13,2.34751e-12
-0.5272785,1.460314,1.95399e-13,1.46486e-11
-0.5272781,1.460314,4.82281e-13,4.51224e-11
-0.5272781,1.460314,9.66338e-13,1.63786e-13
-0.5272781,1.460314,2.02505e-13,2.36591e-11
-0.5272779,1.460314,1.98952e-13,2.73764e-11
-0.5272777,1.460314,1.99840e-13,3.63363e-13
-0.5272777,1.460314,3.07310e-13,7.71362e-12
-0.5272777,1.460314,6.20837e-13,3.86975e-13
-0.5272773,1.460314,2.20268e-13,5.40916e-11
-0.5272773,1.460314,4.47642e-13,5.70369e-11
-0.5272772,1.460314,2.61124e-13,5.30034e-14
-0.5272772,1.460314,2.77112e-13,7.86439e-14
-0.5272771,1.460314,4.77840e-13,5.23225e-14
-0.5272771,1.460314,8.08242e-13,1.23329e-13
-0.5272771,1.460314,1.46549e-13,1.90258e-13
-0.5272771,1.460314,1.30562e-13,6.59796e-14
-0.527277,1.460314,2.07834e-13,1.97892e-12
-0.5272768,1.460314,3.34843e-13,5.70624e-11
-0.5272768,1.460314,4.68070e-13,1.52136e-13
-0.5272767,1.460314,2.39808e-14,2.41438e-11
-0.5272764,1.460315,2.54019e-13,4.05649e-11
-0.5272764,1.460315,4.02345e-13,6.14430e-14
-0.5272762,1.460315,2.76223e-13,7.53225e-12
-0.5272761,1.460315,1.82077e-13,2.73655e-11
-0.5272761,1.460316,2.24709e-13,2.57098e-12
-0.5272759,1.460316,3.57048e-13,1.83255e-11
-0.5272759,1.460316,5.87974e-13,3.52584e-14
-0.5272759,1.460316,2.47802e-13,5.74749e-12
-0.5272758,1.460316,3.57048e-13,2.87209e-12
-0.5272757,1.460316,3.89022e-13,1.06682e-11
-0.5272757,1.460316,2.80664e-13,1.95313e-13
-0.5272756,1.460316,4.44089e-14,5.92985e-11
-0.5272755,1.460316,4.98268e-13,4.10039e-11
-0.5272755,1.460316,7.85150e-13,6.61005e-14
-0.5272753,1.460317,4.46754e-13,5.66823e-11
-0.5272753,1.460317,4.59188e-13,4.49690e-14
-0.527275,1.460317,3.20632e-13,3.30999e-11
-0.527275,1.460317,2.92211e-13,1.33267e-13
-0.527275,1.460317,1.52767e-13,8.09073e-14
-0.5272749,1.460317,1.11910e-13,1.63949e-11
-0.5272748,1.460317,2.37144e-13,1.35251e-11
-0.5272748,1.460317,1.59872e-13,5.20436e-14
-0.5272746,1.460317,7.71827e-13,5.30636e-11
-0.5272746,1.460317,2.78000e-13,2.03135e-13
-0.5272745,1.460317,3.29514e-13,5.33546e-11
-0.5272744,1.460317,3.24185e-13,2.29830e-11
-0.5272744,1.460317,7.89591e-13,3.43518e-11
-0.5272741,1.460318,5.68434e-13,9.73447e-12
-0.527274,1.460318,6.36824e-13,2.04976e-11
-0.5272739,1.460318,6.74127e-13,1.18782e-14
-0.5272739,1.460318,3.67706e-13,6.76919e-14
-0.5272738,1.460318,1.93623e-13,6.38643e-15
-0.5272735,1.460318,1.43885e-13,4.22682e-11
-0.5272734,1.460318,3.13527e-13,3.51159e-12
-0.5272734,1.460318,3.74811e-13,3.72046e-13
-0.5272734,1.460318,7.82485e-13,8.15748e-14
-0.5272734,1.460318,2.76223e-13,2.83098e-13
-0.5272734,1.460318,7.99361e-14,1.50695e-13
-0.5272734,1.460318,1.29674e-13,1.79694e-13
-0.5272734,1.460318,4.62741e-13,2.98151e-13
-0.5272734,1.460318,2.48690e-13,4.88548e-13
-0.5272733,1.460318,5.92415e-13,4.63839e-13
-0.5272733,1.460318,3.16192e-13,1.76790e-14
-0.5272732,1.460318,3.06422e-13,5.17772e-12
-0.5272732,1.460317,2.30038e-13,4.71042e-11
-0.5272732,1.460317,4.03233e-13,5.40126e-11
-0.5272731,1.460317,1.80300e-13,5.65047e-12
-0.5272731,1.460317,8.70415e-14,1.09851e-11
-0.5272729,1.460317,3.16192e-13,4.09126e-14
-0.5272729,1.460317,5.93303e-13,8.17620e-14
-0.5272728,1.460317,1.88294e-13,5.71914e-14
-0.5272728,1.460317,8.00249e-13,3.99136e-14
-0.5272726,1.460317,2.45137e-13,3.67174e-11
-0.5272725,1.460317,5.50671e-14,1.36294e-11
-0.5272725,1.460317,1.88294e-13,3.30524e-13
-0.5272725,1.460317,7.48734e-13,1.50550e-11
-0.5272723,1.460317,1.71418e-13,2.56033e-11
-0.5272722,1.460317,3.56160e-13,4.13647e-11
-0.527272,1.460317,3.10862e-13,4.20920e-15
-0.5272719,1.460317,6.37712e-13,4.44282e-11
-0.5272719,1.460317,2.98428e-13,1.71318e-13
-0.5272718,1.460317,8.77520e-13,6.32452e-14
-0.5272718,1.460317,3.62377e-13,1.58297e-13
-0.5272718,1.460318,4.76952e-13,5.31268e-11
-0.5272717,1.460318,5.26690e-13,1.13836e-13
-0.5272717,1.460318,4.92051e-13,2.60170e-11
-0.5272716,1.460318,4.20997e-13,2.78671e-11
-0.5272716,1.460318,2.64677e-13,3.47521e-13
-0.5272716,1.460318,1.37668e-13,1.31494e-11
-0.5272715,1.460317,6.03073e-13,5.71103e-11
-0.5272715,1.460317,7.29194e-13,1.90361e-11
-0.5272713,1.460317,3.57048e-13,2.28889e-11
-0.5272712,1.460317,1.84741e-13,5.82454e-11
-0.5272712,1.460317,2.32703e-13,6.32375e-14
-0.5272711,1.460318,5.17808e-13,3.94919e-11
-0.527271,1.460318,2.00728e-13,3.71186e-11
-0.527271,1.460318,1.51879e-13,7.01414e-14
-0.527271,1.460318,5.09814e-13,3.88506e-13
-0.5272709,1.460318,4.02345e-13,1.06606e-11
-0.5272708,1.460318,1.06581e-13,3.29321e-11
-0.5272704,1.460319,3.20632e-13,6.55179e-12
-0.5272701,1.460319,2.85993e-13,9.44147e-12
-0.5272697,1.460319,5.79092e-13,2.56475e-11
-0.5272696,1.460319,7.30971e-13,5.32530e-11
-0.5272695,1.460319,6.39488e-14,4.66709e-11
-0.5272693,1.46032,4.10338e-13,3.73649e-12
-0.5272693,1.46032,5.85310e-13,1.59390e-11
-0.5272693,1.46032,7.33635e-13,1.38637e-11
-0.5272693,1.46032,7.16760e-13,5.79847e-12
-0.5272693,1.46032,3.45501e-13,2.36645e-12
-0.5272693,1.460319,1.67866e-13,5.30056e-11
-0.5272693,1.460319,4.82281e-13,1.10449e-14
-0.5272691,1.460319,3.76588e-13,2.92724e-13
-0.5272689,1.460318,3.57048e-13,3.60460e-12
-0.5272688,1.460318,2.70894e-13,4.06041e-14
-0.5272685,1.460318,3.42837e-13,8.61348e-12
-0.5272684,1.460318,3.52607e-13,5.55002e-11
-0.5272684,1.460318,5.13367e-13,5.73870e-11
-0.5272684,1.460318,4.54747e-13,5.06240e-11
-0.5272683,1.460318,1.65201e-13,2.25944e-13
-0.527268,1.460318,2.94875e-13,4.30386e-11
-0.527268,1.460318,8.02913e-13,3.45963e-13
-0.527268,1.460318,2.10498e-13,1.37288e-13
-0.527268,1.460318,3.91687e-13,1.49167e-13
-0.527268,1.460318,3.09086e-13,2.04627e-13
-0.527268,1.460318,6.94556e-13,2.53421e-13
-0.5272679,1.460318,2.25597e-13,2.53885e-13
-0.5272679,1.460318,2.19380e-13,1.00748e-13
-0.5272679,1.460318,3.59712e-13,2.79280e-14
-0.5272679,1.460318,4.88498e-13,1.52753e-13
-0.5272679,1.460318,2.44249e-13,2.31282e-13
-0.5272679,1.460318,1.35003e-13,1.73419e-13
-0.5272679,1.460318,7.78932e-13,4.69099e-14
-0.5272678,1.460318,5.53335e-13,3.19428e-13
-0.5272676,1.460318,5.71987e-13,4.38434e-11
-0.5272676,1.460319,1.89182e-13,5.08570e-11
-0.5272676,1.460318,6.39488e-13,1.84779e-11
-0.5272675,1.460318,2.66454e-13,5.47785e-11
-0.5272674,1.460318,3.32179e-13,6.30578e-14
-0.5272674,1.460318,1.66978e-13,4.82193e-14
-0.5272672,1.460319,6.34159e-13,3.07725e-11
-0.5272669,1.460319,1.66978e-13,3.61692e-11
-0.5272667,1.460319,4.29878e-13,7.39779e-14
-0.5272667,1.460319,5.19584e-13,1.45137e-13
-0.5272666,1.460319,1.86517e-13,2.04937e-13
-0.5272666,1.460319,3.40172e-13,7.43908e-14
-0.5272666,1.46032,5.16032e-13,1.71484e-13
-0.5272666,1.46032,8.85514e-13,2.91249e-14
-0.5272666,1.46032,6.45706e-13,4.21777e-15
-0.5272666,1.46032,2.44249e-13,2.86895e-13
-0.5272663,1.46032,5.00044e-13,5.85878e-12
-0.5272663,1.46032,7.63833e-13,1.38485e-13
-0.5272663,1.46032,4.28990e-13,7.00022e-14
-0.5272661,1.46032,5.56888e-13,1.67290e-11
-0.5272661,1.46032,4.28102e-13,1.01878e-13
-0.527266,1.46032,1.89182e-13,9.17293e-12
-0.527266,1.46032,9.41469e-14,1.78189e-13
-0.527266,1.46032,4.11227e-13,2.33944e-11
-0.527266,1.46032,3.98792e-13,1.27242e-14
-0.527266,1.46032,3.74811e-13,1.76717e-11
-0.527266,1.46032,3.40172e-13,4.17045e-13
-0.5272659,1.46032,1.61648e-13,2.95608e-11
-0.5272658,1.460321,2.46025e-13,2.30215e-11
-0.5272658,1.460321,7.26530e-13,3.13935e-13
-0.5272658,1.460321,4.82281e-13,6.46772e-14
-0.5272658,1.460321,2.54019e-13,2.27507e-13
-0.5272658,1.460321,3.48166e-13,1.07624e-14
-0.5272658,1.460321,2.30926e-13,2.05387e-13
-0.5272657,1.460321,2.65565e-13,1.90810e-14
-0.5272656,1.460321,5.54223e-13,5.00769e-11
-0.5272653,1.460321,2.06946e-13,2.96352e-11
-0.5272653,1.460321,3.73035e-13,2.53696e-11
-0.5272652,1.460321,6.03961e-14,1.06364e-11
-0.5272652,1.460321,4.80505e-13,3.11881e-14
-0.5272652,1.46032,6.35048e-13,3.49054e-11
-0.5272652,1.46032,5.01821e-13,2.60335e-13
-0.5272651,1.46032,3.81917e-14,3.25501e-11
-0.5272651,1.46032,7.73603e-13,2.57373e-15
-0.5272651,1.46032,1.66978e-13,3.11613e-14
-0.5272651,1.46032,6.38600e-13,3.09338e-13
-0.5272651,1.46032,9.53904e-13,2.95752e-13
-0.527265,1.46032,2.07834e-13,1.71923e-13
-0.5272648,1.46032,7.30083e-13,4.39604e-11
-0.5272648,1.46032,8.62421e-13,1.29835e-14
-0.5272647,1.46032,6.44818e-13,4.76202e-12
-0.5272647,1.46032,2.33591e-13,7.16190e-14
-0.5272645,1.460321,4.99156e-13,5.26031e-11
-0.5272645,1.460321,2.30038e-13,2.29289e-13
-0.5272643,1.460321,4.05009e-13,3.30844e-11
-0.5272641,1.460321,2.85105e-13,4.23036e-12
-0.5272639,1.460321,2.26485e-13,3.07224e-11
-0.5272637,1.460321,1.80300e-13,2.51857e-14
-0.5272636,1.460321,7.21201e-13,2.50369e-13
-0.5272635,1.460321,1.70530e-13,1.65269e-11
-0.5272635,1.460321,1.68754e-13,1.89258e-13
-0.5272635,1.460321,1.84741e-13,2.34363e-13
-0.5272635,1.460321,5.48894e-13,1.14882e-13
-0.5272634,1.460321,2.50466e-13,1.44276e-13
-0.5272633,1.460322,3.14415e-13,2.63590e-11
-0.5272633,1.460322,7.29194e-13,3.12097e-13
-0.5272633,1.460322,1.58984e-13,1.14543e-13
-0.5272633,1.460322,2.35367e-13,2.94729e-11
-0.5272632,1.460322,1.28786e-13,1.75127e-11
-0.5272632,1.460322,1.80300e-13,1.26789e-13
-0.5272632,1.460322,2.34479e-13,4.53537e-14
-0.5272632,1.460322,7.11431e-13,2.40007e-13
-0.5272632,1.460322,2.52243e-13,9.77913e-14
-0.5272631,1.460322,2.46025e-13,7.52683e-14
-0.5272631,1.460322,9.23706e-14,2.37110e-13
-0.5272631,1.460322,2.59348e-13,2.07144e-13
-0.5272631,1.460322,2.38920e-13,3.26361e-13
-0.5272631,1.460322,6.75016e-14,2.57114e-16
-0.5272631,1.460322,4.72511e-13,2.33714e-13
-0.5272631,1.460322,2.82441e-13,3.59007e-13
-0.5272631,1.460322,3.21521e-13,3.76969e-15
-0.5272631,1.460322,3.58824e-13,2.65452e-13
-0.527263,1.460322,3.55271e-13,6.33210e-14
-0.5272629,1.460321,7.57616e-13,2.01307e-11
-0.5272629,1.460321,7.92255e-13,6.46459e-14
-0.5272629,1.460321,7.26530e-13,1.62925e-13
-0.5272629,1.460321,6.88338e-13,3.66555e-13
-0.5272629,1.460321,5.64881e-13,1.90677e-13
-0.5272627,1.460321,8.52651e-13,2.91469e-11
-0.5272627,1.460322,3.09086e-13,8.29429e-14
-0.5272627,1.460322,9.18376e-13,4.47287e-14
-0.5272627,1.460322,2.89546e-13,2.02476e-13
-0.5272626,1.460322,4.93827e-13,1.37105e-13
-0.5272626,1.460322,3.19744e-14,2.17831e-13
-0.5272626,1.460322,4.45866e-13,1.07152e-13
-0.5272626,1.460322,1.83853e-13,1.32479e-13
-0.5272626,1.460322,2.63789e-13,1.82377e-13
-0.5272623,1.460321,1.63425e-13,4.70975e-11
-0.5272619,1.460321,1.93623e-13,9.91141e-12
-0.5272619,1.460321,3.11751e-13,1.48377e-13
-0.5272617,1.460321,5.03597e-13,3.85498e-11
-0.5272616,1.460321,2.32703e-13,1.32930e-11
-0.5272611,1.460321,1.13687e-13,2.73196e-11
-0.5272611,1.460321,3.65930e-13,6.42062e-14
-0.5272611,1.460321,3.67706e-13,1.08847e-13
-0.527261,1.460321,5.75540e-13,5.28641e-14
-0.527261,1.460322,1.54543e-13,5.32307e-11
-0.5272609,1.460321,2.87770e-13,2.42656e-11
-0.5272608,1.460322,9.37916e-13,7.42040e-12
-0.5272607,1.460322,4.04121e-13,9.73979e-12
-0.5272605,1.460321,4.87610e-13,5.18290e-11
-0.5272605,1.460321,2.88658e-13,4.01068e-15
-0.5272602,1.460321,7.67386e-13,2.50182e-11
-0.5272599,1.460321,1.20792e-13,1.64502e-11
-0.5272598,1.460321,5.53335e-13,3.45162e-11
-0.5272597,1.460321,1.89182e-13,5.18290e-12
-0.5272597,1.460323,4.60965e-13,2.21837e-11
-0.5272595,1.460323,4.12115e-13,6.73221e-12
-0.5272595,1.460323,1.86517e-13,1.58533e-13
-0.5272594,1.460323,3.26850e-13,2.25133e-11
-0.5272594,1.460323,7.32747e-13,2.71876e-13
-0.5272593,1.460323,4.96492e-13,3.08815e-11
-0.5272593,1.460323,7.22977e-13,3.87038e-14
-0.527259,1.460323,1.80300e-13,1.03390e-11
-0.527259,1.460323,6.66134e-13,1.62183e-13
-0.5272588,1.460323,1.70530e-13,3.66566e-11
-0.5272588,1.460323,7.40741e-13,6.97654e-14
-0.5272588,1.460323,2.09610e-13,6.62585e-12
-0.5272588,1.460323,2.73559e-13,2.43688e-13
-0.5272588,1.460323,4.65405e-13,3.93726e-11
-0.5272587,1.460324,7.26530e-13,4.40305e-11
-0.5272587,1.460324,5.59552e-13,6.09258e-13
-0.5272587,1.460323,4.77840e-13,2.39610e-11
-0.5272587,1.460323,5.96856e-13,2.45893e-14
-0.5272585,1.460323,3.20632e-13,4.16177e-11
-0.5272585,1.460323,5.98632e-13,6.61777e-14
-0.5272582,1.460323,1.98952e-13,4.02117e-11
-0.5272582,1.460323,3.82805e-13,1.67264e-13
-0.5272581,1.460323,4.92939e-13,5.66101e-12
-0.5272579,1.460324,5.48894e-13,2.71692e-11
-0.5272576,1.460325,2.04281e-13,2.32257e-11
-0.5272575,1.460325,3.45501e-13,5.84543e-12
-0.5272575,1.460325,5.76428e-13,1.14085e-12
-0.5272574,1.460324,3.43725e-13,5.23020e-11
-0.5272571,1.460325,3.05533e-13,2.49623e-11
-0.5272571,1.460325,2.79776e-13,5.54163e-13
-0.5272569,1.460325,2.65565e-13,3.36414e-11
-0.5272569,1.460325,7.85150e-13,1.98044e-15
-0.5272568,1.460324,6.44818e-13,4.87082e-11
-0.5272567,1.460325,3.72147e-13,1.12992e-11
-0.5272567,1.460325,4.06786e-13,9.67882e-15
-0.5272564,1.460325,2.19380e-13,1.63873e-11
-0.5272564,1.460325,5.75540e-13,4.60360e-14
-0.5272564,1.460325,9.67226e-13,1.84929e-13
-0.5272564,1.460325,2.87770e-13,3.33941e-13
-0.527256,1.460325,2.76223e-13,1.95562e-11
-0.5272558,1.460325,1.76748e-13,4.12767e-11
-0.5272555,1.460325,4.75175e-13,6.72653e-12
-0.5272555,1.460325,2.30038e-13,4.95081e-13
-0.5272554,1.460325,1.60760e-13,2.93264e-11
-0.5272554,1.460325,3.12639e-13,1.09654e-12
-0.5272553,1.460325,2.46914e-13,2.75294e-11
-0.5272553,1.460325,3.01092e-13,6.49290e-13
-0.5272552,1.460324,8.26006e-14,2.79506e-11
-0.527255,1.460324,4.43201e-13,1.46265e-11
-0.527255,1.460324,4.34319e-13,6.36052e-13
-0.5272547,1.460324,7.03437e-13,3.91441e-11
-0.5272545,1.460324,3.77476e-13,4.79000e-11
-0.5272545,1.460324,5.75540e-13,1.22679e-13
-0.5272544,1.460323,5.32907e-13,4.44178e-11
-0.5272541,1.460324,1.54543e-13,1.22398e-11
-0.5272538,1.460325,4.46754e-13,1.67276e-11
-0.5272538,1.460325,3.41949e-13,3.93738e-14
-0.5272537,1.460324,1.46549e-13,1.29470e-11
-0.5272536,1.460324,3.97904e-13,4.76933e-11
-0.5272536,1.460324,1.33227e-13,2.33308e-13
-0.5272536,1.460324,6.51923e-13,4.42754e-14
-0.5272533,1.460324,7.33635e-13,3.58244e-11
-0.5272533,1.460324,1.88294e-13,2.92779e-11
-0.5272533,1.460324,5.50671e-13,4.89014e-11
-0.5272532,1.460324,4.72511e-13,5.11700e-11
-0.5272531,1.460324,6.41265e-13,2.62643e-11
-0.5272529,1.460324,6.39488e-13,1.70183e-11
-0.5272528,1.460324,6.53699e-13,5.25330e-11
-0.5272527,1.460324,5.56888e-13,4.07877e-11
-0.5272526,1.460324,2.26485e-13,5.22248e-11
-0.5272525,1.460324,7.55840e-13,2.56713e-11
-0.5272522,1.460324,6.71463e-13,6.65897e-12
-0.5272522,1.460324,7.61169e-13,6.68548e-15
-0.5272522,1.460324,1.63425e-13,4.16152e-11
-0.527252,1.460324,5.11591e-13,1.05100e-13
-0.5272515,1.460325,2.87770e-13,2.35583e-11
-0.5272515,1.460325,2.32703e-13,1.53881e-13
-0.5272514,1.460325,5.14255e-13,1.44771e-14
-0.5272514,1.460325,6.85674e-13,4.54343e-14
-0.5272514,1.460325,2.52243e-13,1.54452e-13
-0.5272514,1.460325,7.85150e-13,8.53612e-14
-0.5272513,1.460325,3.85469e-13,1.16140e-13
-0.5272513,1.460325,2.46914e-13,7.07474e-14
-0.5272513,1.460325,8.52651e-14,3.55513e-17
-0.5272512,1.460325,7.90479e-13,1.18260e-13
-0.5272512,1.460325,9.61897e-13,4.00659e-14
-0.5272512,1.460325,2.52243e-13,1.13891e-13
-0.5272509,1.460325,3.46390e-13,3.61006e-11
-0.5272509,1.460325,1.10134e-13,3.27894e-13
-0.5272509,1.460325,3.54383e-13,4.75503e-11
-0.5272499,1.460326,2.29150e-13,2.22631e-12
-0.5272497,1.460326,8.01137e-13,2.57139e-11
-0.5272496,1.460326,3.81029e-13,8.54254e-13
-0.5272496,1.460326,4.65405e-13,3.30474e-14
-0.5272495,1.460326,9.68114e-14,1.67934e-11
-0.5272495,1.460326,2.48690e-13,1.52620e-14
-0.5272492,1.460327,2.03393e-13,3.53937e-11
-0.5272492,1.460327,5.16032e-13,2.43974e-13
-0.5272492,1.460327,5.52447e-13,9.89877e-14
-0.5272492,1.460327,2.08722e-13,3.64245e-13
-0.5272492,1.460327,3.23297e-13,6.21474e-14
-0.5272491,1.460326,6.84786e-13,3.14261e-11
-0.527249,1.460327,1.22569e-13,2.21971e-11
-0.5272488,1.460327,2.17604e-13,3.61266e-11
-0.5272488,1.460327,8.11795e-13,1.70736e-12
-0.5272487,1.460327,4.01457e-13,2.38223e-11
-0.5272487,1.460327,6.01297e-13,2.91487e-12
-0.5272486,1.460327,5.21361e-13,3.41682e-11
-0.5272485,1.460327,1.19016e-13,4.55525e-11
-0.5272483,1.460327,1.42997e-13,2.73258e-11
-0.5272483,1.460328,2.49578e-13,6.22103e-14
-0.5272481,1.460327,1.11910e-13,4.67077e-11
-0.527248,1.460327,1.06581e-13,1.17919e-11
-0.5272477,1.460328,4.62741e-13,9.32986e-12
-0.5272475,1.460328,1.62537e-13,2.93953e-11
-0.5272475,1.460328,2.81553e-13,4.34972e-11
-0.5272475,1.460328,9.41469e-13,2.86378e-11
-0.5272474,1.460329,1.02141e-13,4.66874e-11
-0.5272473,1.460329,2.23821e-13,5.54839e-14
-0.5272473,1.460329,4.41425e-13,6.91727e-14
-0.5272473,1.460329,2.38032e-13,3.71790e-14
-0.5272472,1.460329,3.01981e-13,4.04915e-11
-0.5272471,1.460329,9.94760e-14,1.59256e-11
-0.5272469,1.460329,2.02505e-13,2.77528e-11
-0.5272465,1.460329,3.29514e-13,2.06172e-11
-0.5272463,1.46033,3.49054e-13,3.60213e-11
-0.5272463,1.46033,3.19744e-13,3.06156e-14
-0.5272461,1.46033,7.01661e-13,2.46296e-11
-0.527246,1.460329,4.66294e-13,4.54168e-11
-0.527246,1.46033,6.83897e-13,4.20450e-12
-0.5272458,1.46033,1.93623e-13,2.12472e-11
-0.5272458,1.46033,2.01617e-13,7.40304e-14
-0.5272455,1.46033,8.89955e-13,1.62361e-11
-0.5272455,1.46033,5.93303e-13,7.29060e-14
-0.5272454,1.460331,4.42313e-13,2.98058e-11
-0.5272454,1.460331,7.53175e-13,6.14733e-14
-0.5272454,1.460331,1.56319e-13,1.25405e-11
-0.5272454,1.460331,5.63993e-13,5.71780e-14
-0.5272453,1.460331,3.54383e-13,2.94774e-11
-0.5272452,1.460331,3.72147e-13,4.13585e-11
-0.5272452,1.460331,6.38600e-13,1.83259e-14
-0.5272451,1.460331,2.39808e-13,2.97831e-14
-0.5272451,1.460331,4.36984e-13,2.71416e-14
-0.527245,1.460331,4.61853e-13,8.76032e-14
-0.527245,1.460331,5.60441e-13,9.23948e-14
-0.5272449,1.460331,4.09450e-13,7.26318e-14
-0.5272449,1.460331,6.19949e-13,1.40063e-14
-0.5272449,1.460331,1.74971e-13,2.12573e-14
-0.5272448,1.460331,8.51763e-13,8.43253e-14
-0.5272447,1.460331,1.65201e-13,3.58850e-11
-0.5272446,1.460332,4.46754e-13,5.62751e-14
-0.5272444,1.460332,3.02869e-13,3.26484e-11
-0.5272442,1.460332,7.74492e-13,5.34760e-13
-0.5272442,1.460332,5.16920e-13,5.55386e-14
-0.527244,1.460332,6.51035e-13,4.11302e-11
-0.5272439,1.460332,3.65930e-13,3.84879e-11
-0.5272439,1.460332,4.94715e-13,1.56052e-13
-0.5272438,1.460332,9.13047e-13,1.40638e-13
-0.5272436,1.460333,6.41265e-13,1.21869e-11
-0.5272436,1.460333,2.91323e-13,1.17210e-13
-0.5272436,1.460333,2.48690e-13,1.95257e-11
-0.5272435,1.460332,3.49942e-13,1.16407e-11
-0.5272435,1.460332,7.90479e-14,1.48036e-13
-0.5272434,1.460332,2.05169e-13,3.00794e-11
-0.5272434,1.460332,6.53699e-13,1.32995e-13
-0.5272434,1.460332,5.39124e-13,1.47359e-13
-0.5272431,1.460333,1.48326e-13,1.68045e-12
-0.5272431,1.460333,4.64517e-13,3.16336e-14
-0.5272431,1.460333,8.52651e-13,1.40602e-13
-0.527243,1.460333,2.06057e-13,2.68581e-14
-0.527243,1.460333,4.66294e-13,5.93274e-14
-0.5272428,1.460333,3.79252e-13,1.21557e-11
-0.5272428,1.460333,2.52243e-13,2.57587e-15
-0.5272428,1.460333,2.41585e-13,1.36692e-13
-0.5272428,1.460333,6.20837e-13,6.76815e-14
-0.5272427,1.460333,2.55795e-13,9.60843e-14
-0.5272427,1.460333,6.62581e-13,7.49183e-14
-0.5272427,1.460333,5.15143e-13,8.39567e-15
-0.5272425,1.460333,8.28670e-13,2.31676e-11
-0.5272425,1.460333,4.83169e-13,1.02333e-13
-0.5272425,1.460333,5.08926e-13,4.20749e-14
-0.5272424,1.460333,4.99156e-13,6.14049e-14
-0.5272424,1.460333,2.43361e-13,7.66204e-15
-0.5272275,1.460343,5.61329e-13,1.20751e-14
-0.5272274,1.460343,2.68230e-13,3.54279e-11
-0.5272274,1.460343,4.05009e-13,2.47453e-13
-0.5272271,1.460344,8.71303e-13,1.30446e-11
-0.5272271,1.460344,3.61489e-13,9.01401e-14
-0.527227,1.460344,2.38032e-13,2.40783e-11
-0.527227,1.460344,9.85878e-14,1.80496e-13
-0.527227,1.460344,3.76588e-13,4.26684e-12
-0.5272269,1.460344,1.30562e-13,6.83279e-12
-0.5272269,1.460344,7.55840e-13,9.83455e-14
-0.5272268,1.460344,7.62057e-13,2.23328e-11
-0.5272266,1.460344,7.62945e-13,3.04579e-11
-0.5272266,1.460344,2.03393e-13,2.35221e-13
-0.5272265,1.460345,8.71303e-13,2.22771e-11
-0.5272265,1.460344,3.87246e-13,2.15457e-11
-0.5272264,1.460345,6.80345e-13,1.30056e-11
-0.5272264,1.460345,3.40172e-13,1.18843e-14
-0.5272262,1.460345,2.39808e-13,1.60611e-11
-0.5272262,1.460345,3.40172e-13,4.93613e-13
-0.5272261,1.460346,8.69527e-13,3.42933e-11
-0.5272259,1.460346,6.11955e-13,4.08826e-11
-0.5272259,1.460346,8.89955e-13,7.88237e-13
-0.5272257,1.460346,4.31655e-13,3.17437e-11
-0.5272257,1.460346,2.61124e-13,4.03914e-13
-0.5272256,1.460345,2.22933e-13,2.71431e-11
-0.5272256,1.460345,6.57252e-14,5.40304e-13
-0.5272254,1.460345,2.73559e-13,4.26383e-11
-0.5272254,1.460345,9.18376e-13,3.77924e-13
-0.5272252,1.460345,4.99156e-13,2.76061e-11
-0.5272251,1.460345,9.29923e-13,1.36915e-11
-0.5272251,1.460345,1.83853e-13,2.56715e-11
-0.5272251,1.460345,8.91731e-13,2.94545e-13
-0.5272251,1.460345,4.36096e-13,2.20202e-11
-0.5272251,1.460345,7.78932e-13,2.06459e-13
-0.5272251,1.460345,6.73239e-13,3.55907e-11
-0.5272251,1.460345,2.74447e-13,2.72713e-14
-0.5272251,1.460344,3.06422e-13,1.84493e-11
-0.5272251,1.460344,5.56000e-13,2.41367e-13
-0.5272247,1.460345,1.96287e-13,3.95475e-11
-0.5272247,1.460345,7.43405e-13,1.54574e-12
-0.5272245,1.460345,2.64677e-13,1.74561e-11
-0.5272244,1.460345,3.02869e-13,3.99680e-11
-0.5272244,1.460345,2.95763e-13,1.85250e-13
-0.5272244,1.460345,8.34888e-14,8.94139e-12
-0.5272241,1.460345,4.84057e-13,4.49829e-12
-0.5272241,1.460345,4.19220e-13,3.92679e-12
-0.5272239,1.460345,9.76996e-14,1.96262e-11
-0.5272237,1.460346,4.11227e-13,1.34867e-11
-0.5272237,1.460346,9.50351e-14,2.21734e-11
-0.5272235,1.460346,5.00933e-13,3.10259e-11
-0.5272233,1.460346,4.74287e-13,1.20882e-11
-0.5272233,1.460346,3.09974e-13,3.23185e-13
-0.527223,1.460346,7.58504e-13,5.82981e-12
-0.527223,1.460346,2.69118e-13,5.87321e-14
-0.527223,1.460346,3.89910e-13,1.77584e-13
-0.527223,1.460346,1.74971e-13,1.23855e-13
-0.5272227,1.460346,4.63629e-13,8.76829e-12
-0.5272226,1.460346,7.94032e-13,4.08590e-11
-0.5272225,1.460346,8.19789e-13,9.57261e-14
-0.5272223,1.460346,4.70735e-13,7.98814e-12
-0.5272223,1.460346,3.17968e-13,1.91991e-14
-0.5272223,1.460346,4.95604e-13,1.04021e-13
-0.5272221,1.460346,3.70370e-13,3.96425e-11
-0.5272221,1.460346,9.46798e-13,2.15475e-13
-0.5272221,1.460346,3.08198e-13,1.49339e-14
-0.527222,1.460347,4.20997e-13,3.74551e-12
-0.527222,1.460347,2.39808e-13,7.21708e-14
-0.5272219,1.460347,7.64722e-13,9.37592e-12
-0.5272219,1.460347,9.37916e-13,1.79415e-13
-0.5272219,1.460347,7.79821e-13,1.15978e-13
-0.5272219,1.460347,5.53335e-13,8.22959e-14
-0.5272218,1.460347,7.72715e-13,2.68639e-12
-0.5272216,1.460348,6.52811e-13,1.92150e-11
-0.5272215,1.460348,3.01092e-13,4.16409e-12
-0.5272215,1.460348,3.77476e-13,8.99136e-12
-0.5272215,1.460348,9.41469e-14,5.61936e-15
-0.5272214,1.460347,5.45342e-13,7.67899e-13
-0.5272214,1.460347,2.69118e-13,7.46688e-14
-0.5272212,1.460348,6.70575e-13,3.08073e-11
-0.5272212,1.460348,8.24230e-13,3.89278e-11
-0.527221,1.460348,2.70006e-13,1.81493e-11
-0.527221,1.460348,4.09450e-13,1.88697e-13
-0.527221,1.460348,4.43201e-13,3.86182e-11
-0.5272207,1.460349,4.51195e-13,1.42688e-13
-0.5272207,1.460348,2.13163e-13,1.24648e-11
-0.5272207,1.460348,5.51559e-13,2.24903e-14
-0.5272206,1.460348,5.24025e-13,1.27922e-11
-0.5272206,1.460348,2.86882e-13,3.15242e-14
-0.5272205,1.460348,1.30562e-13,5.61576e-12
-0.5272204,1.460349,1.21680e-13,2.97972e-11
-0.5272204,1.460349,9.83214e-13,7.60019e-14
-0.5272204,1.460349,9.24594e-13,5.16686e-14
-0.5272203,1.460349,2.23821e-13,1.27607e-14
-0.5272203,1.460349,3.90799e-13,1.90783e-14
-0.5272203,1.460349,1.63425e-13,8.13668e-14
-0.5272201,1.460349,5.04485e-13,3.95047e-11
-0.5272201,1.460349,2.70894e-13,7.52281e-14
-0.5272201,1.460349,1.60760e-13,5.72543e-14
-0.52722,1.460349,8.36664e-13,4.79869e-14
-0.5272197,1.460349,2.42473e-13,7.05221e-12
-0.5272197,1.460349,3.83693e-13,2.03118e-13
-0.5272195,1.460349,1.66089e-13,5.62519e-12
-0.5272195,1.460348,2.01617e-13,1.89159e-11
-0.5272195,1.460348,3.74811e-13,3.43860e-15
-0.5272195,1.460348,1.13687e-13,2.13655e-14
-0.5272195,1.460348,1.53655e-13,5.91032e-13
-0.5272195,1.460348,1.66978e-13,5.10072e-13
-0.5272195,1.460348,9.00613e-13,3.01324e-13
-0.5272195,1.460348,3.28626e-13,5.18687e-13
-0.5272195,1.460348,9.37916e-13,5.30130e-13
-0.5272194,1.460348,1.31450e-13,3.18019e-13
-0.5272194,1.460349,9.43245e-13,7.10862e-12
-0.5272194,1.460349,3.86358e-13,3.11168e-14
-0.5272194,1.460349,4.91163e-13,4.08210e-13
-0.5272193,1.460349,1.50990e-13,1.68558e-13
-0.5272193,1.460349,4.66294e-13,3.94416e-13
-0.5272193,1.460349,2.67342e-13,1.65632e-14
-0.5272193,1.460349,4.22773e-13,9.40030e-14
-0.5272193,1.460349,3.64153e-13,3.53140e-14
-0.5272193,1.460349,5.43565e-13,1.54974e-13
-0.5272193,1.460349,6.73239e-13,2.80990e-13
-0.5272193,1.460349,7.78044e-13,2.77501e-13
-0.5272193,1.460349,4.34319e-13,1.56053e-13
-0.5272193,1.460349,9.24594e-13,4.27486e-13
-0.5272193,1.460349,1.50102e-13,5.01959e-13
-0.5272192,1.460349,3.11751e-13,2.67307e-11
-0.5272191,1.460349,2.84217e-13,5.52909e-14
-0.527219,1.460349,5.91527e-13,3.75101e-11
-0.5272186,1.46035,4.76952e-13,1.81275e-11
-0.5272185,1.46035,2.14939e-13,3.05066e-13
-0.5272185,1.46035,3.12639e-13,2.16174e-11
-0.5272183,1.46035,4.94715e-13,2.44929e-11
-0.5272183,1.46035,3.20632e-13,1.06929e-13
-0.5272183,1.46035,6.01297e-13,9.44052e-14
-0.5272183,1.46035,3.94351e-13,2.01242e-13
-0.5272183,1.46035,2.37144e-13,6.00396e-14
-0.5272182,1.46035,6.19949e-13,1.67792e-13
-0.5272182,1.46035,4.65405e-13,5.75180e-14
-0.5272182,1.46035,1.54543e-13,1.55682e-13
-0.5272182,1.46035,8.73968e-13,1.51173e-13
-0.5272182,1.46035,8.24230e-13,2.28341e-13
-0.5272181,1.46035,4.80505e-13,9.27915e-12
-0.527218,1.46035,3.57048e-13,3.60120e-14
-0.5272179,1.46035,5.59552e-14,6.05041e-14
-0.5272178,1.46035,7.14095e-13,2.81161e-11
-0.5272178,1.46035,2.36255e-13,1.09043e-13
-0.5272177,1.46035,3.16192e-13,5.54577e-14
-0.5272177,1.46035,3.00204e-13,1.26064e-13
-0.5272176,1.46035,7.55840e-13,2.15638e-11
-0.5272176,1.46035,1.37668e-13,1.24619e-12
-0.5272176,1.46035,5.52447e-13,3.72718e-11
-0.5272176,1.46035,1.75859e-13,1.53816e-12
-0.5272175,1.46035,4.49418e-13,2.50843e-11
-0.5272173,1.46035,3.21521e-13,1.46477e-11
-0.5272164,1.460351,2.45137e-13,1.41120e-12
-0.5272163,1.460351,2.52243e-13,3.82233e-12
-0.5272163,1.460351,2.85993e-13,1.42752e-12
-0.5272162,1.460351,1.19904e-13,4.62785e-13
-0.5272161,1.460351,4.55636e-13,4.11808e-11
-0.5272161,1.460351,2.70006e-13,6.97008e-13
-0.5272159,1.460352,2.92211e-13,1.23542e-11
-0.5272159,1.460352,2.70894e-13,3.45041e-14
-0.5272155,1.460353,5.91527e-13,2.02310e-11
-0.5272155,1.460353,8.97060e-14,1.74110e-14
-0.5272155,1.460353,4.79616e-14,3.36163e-11
-0.5272155,1.460353,8.65086e-13,1.53111e-13
-0.5272153,1.460354,2.41585e-13,3.98458e-11
-0.5272153,1.460354,1.98952e-13,3.51291e-13
-0.5272153,1.460355,2.42473e-13,2.63049e-11
-0.5272153,1.460355,8.28670e-13,6.76909e-13
-0.5272151,1.460355,9.22817e-13,2.90383e-11
-0.5272151,1.460355,3.50830e-13,1.63891e-13
-0.5272151,1.460355,9.76996e-14,2.53524e-11
-0.527215,1.460355,2.89546e-13,3.63152e-11
-0.527215,1.460355,7.55840e-13,1.95841e-13
-0.5272149,1.460355,3.19744e-13,3.72061e-11
-0.5272149,1.460355,9.61897e-13,5.15875e-13
-0.5272148,1.460356,8.49987e-13,1.69181e-11
-0.5272148,1.460356,3.41949e-13,7.87872e-14
-0.5272145,1.460356,3.48166e-13,2.45551e-11
-0.5272145,1.460356,3.06422e-13,6.30149e-13
-0.5272145,1.460356,5.35572e-13,2.58774e-11
-0.5272143,1.460356,5.24025e-13,3.73252e-12
-0.5272143,1.460356,6.75016e-13,1.93246e-13
-0.527214,1.460356,4.56524e-13,3.00270e-11
-0.527214,1.460356,4.31655e-13,5.13285e-13
-0.5272139,1.460356,2.84217e-13,3.01277e-11
-0.5272139,1.460356,2.37144e-13,3.30266e-13
-0.5272137,1.460356,3.46390e-13,1.36292e-11
-0.5272136,1.460357,7.40741e-13,3.65874e-11
-0.5272135,1.460357,4.52971e-13,8.62608e-14
-0.5272135,1.460357,8.34888e-14,1.03407e-11
-0.5272134,1.460357,2.89546e-13,2.52710e-12
-0.5272134,1.460357,6.99885e-13,2.84071e-13
-0.5272134,1.460357,4.52971e-13,2.08091e-12
-0.5272134,1.460357,3.27738e-13,7.83460e-13
-0.5272132,1.460358,5.86198e-14,1.48151e-11
-0.527213,1.460358,1.52767e-13,1.94375e-11
-0.5272129,1.460359,5.62217e-13,2.24878e-11
-0.5272129,1.460358,5.73763e-13,3.90243e-11
-0.5272129,1.460358,5.71987e-13,5.47067e-13
-0.5272126,1.460358,1.15463e-13,4.77448e-13
-0.5272126,1.460358,8.37552e-13,4.88779e-13
-0.5272124,1.460358,3.31291e-13,3.11850e-11
-0.5272124,1.460358,8.88178e-13,2.67211e-13
-0.5272123,1.460358,2.65565e-13,1.53569e-11
-0.5272123,1.460358,3.14415e-13,5.82146e-13
-0.5272121,1.460359,3.32179e-13,3.78946e-11
-0.5272121,1.460359,7.01661e-13,1.61777e-11
-0.5272121,1.460359,9.32587e-13,4.85772e-13
-0.527212,1.460359,2.30926e-13,2.29481e-11
-0.527212,1.460359,6.51923e-13,6.20836e-13
-0.527212,1.460358,3.21521e-13,2.82829e-11
-0.527212,1.460358,6.19949e-13,5.02467e-13
-0.5272115,1.460359,6.20837e-13,2.57425e-11
-0.5272115,1.460359,5.47118e-13,5.00136e-14
-0.5272114,1.460359,5.78204e-13,1.08221e-11
-0.5272114,1.460359,5.00044e-13,4.61755e-13
-0.5272114,1.460359,8.06466e-13,2.50233e-11
-0.5272114,1.460359,3.53495e-13,1.87222e-13
-0.5272113,1.460359,3.35731e-13,3.40801e-11
-0.5272113,1.460359,4.44089e-13,1.32881e-12
-0.5272112,1.460359,3.74811e-13,3.00982e-11
-0.5272112,1.460359,2.90434e-13,9.75248e-13
-0.5272112,1.460359,8.89067e-13,4.33125e-12
-0.5272112,1.460359,8.52651e-14,6.20815e-13
-0.5272108,1.460359,6.83009e-13,2.00768e-11
-0.5272108,1.460359,4.05898e-13,4.89331e-13
-0.5272108,1.460359,2.72671e-13,3.53066e-11
-0.5272108,1.460359,6.11067e-13,2.75167e-13
-0.5272107,1.460359,6.50147e-13,1.79742e-11
-0.5272107,1.460359,2.03393e-13,6.65591e-13
-0.5272105,1.460359,3.34843e-13,2.63199e-11
-0.5272105,1.460359,9.52127e-13,2.11632e-14
-0.5272105,1.460359,1.39444e-13,2.87611e-11
-0.5272105,1.460359,9.11271e-13,8.71785e-13
-0.5272103,1.460359,2.75335e-13,3.13216e-11
-0.5272103,1.460359,8.79297e-13,4.73175e-13
-0.5272102,1.460359,8.40217e-13,3.69567e-11
-0.52721,1.460359,1.50990e-13,3.60628e-11
-0.52721,1.460359,2.79776e-13,1.34242e-13
-0.5272099,1.460359,4.36096e-13,2.53097e-11
-0.5272099,1.460359,1.62537e-13,5.49594e-13
-0.5272097,1.460359,1.09246e-13,3.34816e-11
-0.5272097,1.460359,3.94351e-13,5.06573e-14
-0.5272097,1.460359,4.39648e-13,2.51235e-12
-0.5272097,1.460359,1.17240e-13,6.11955e-13
-0.5272095,1.460359,4.45866e-13,1.31296e-11
-0.5272095,1.460359,5.63105e-13,4.00010e-14
-0.5272093,1.460359,4.39648e-13,3.07131e-11
-0.5272093,1.460359,8.64198e-13,2.77345e-13
-0.5272091,1.460359,8.08242e-14,2.90075e-11
-0.5272091,1.460359,2.68230e-13,1.17216e-12
-0.527209,1.46036,7.24754e-13,3.63365e-11
-0.527209,1.46036,6.94556e-13,5.77072e-13
-0.5272089,1.46036,2.54019e-13,1.68018e-11
-0.5272089,1.46036,4.36984e-13,4.18407e-13
-0.5272087,1.46036,1.98064e-13,9.65347e-12
-0.5272087,1.46036,3.28626e-13,5.21818e-13
-0.5272085,1.46036,9.96536e-13,2.73210e-11
-0.5272085,1.46036,5.40901e-13,1.06894e-13
-0.5272085,1.46036,7.29194e-13,1.75771e-11
-0.5272085,1.46036,2.99316e-13,1.31833e-12
-0.5272084,1.46036,3.12639e-13,2.33176e-12
-0.5272084,1.46036,3.36620e-13,1.44682e-12
-0.5272083,1.46036,1.96287e-13,2.30213e-11
-0.5272083,1.46036,3.92575e-13,4.75530e-13
-0.5272081,1.460361,7.99361e-13,2.91095e-11
-0.527208,1.460361,3.01981e-13,2.17556e-11
-0.5272078,1.46036,5.95080e-13,3.70717e-11
-0.5272078,1.46036,4.95604e-13,7.57035e-13
-0.5272078,1.46036,8.68638e-13,2.21987e-11
-0.5272077,1.46036,1.50102e-13,2.99415e-11
-0.5272077,1.46036,4.71623e-13,6.18361e-13
-0.5272077,1.46036,3.18856e-13,8.89919e-12
-0.5272077,1.46036,4.06786e-13,7.93350e-13
-0.5272075,1.460361,4.80505e-13,3.73916e-11
-0.5272075,1.460361,3.20632e-13,5.18945e-13
-0.5272074,1.460361,6.03961e-13,2.77646e-11
-0.5272072,1.460361,4.49418e-13,1.20548e-11
-0.527207,1.460361,1.81188e-13,3.07973e-11
-0.527207,1.460361,8.21565e-13,7.18992e-13
-0.527207,1.460361,6.96332e-13,2.60722e-11
-0.527207,1.460361,1.12799e-13,7.59077e-13
-0.5272069,1.460361,3.68594e-13,2.43425e-11
-0.5272069,1.460361,2.83329e-13,3.99294e-13
-0.5272065,1.460362,2.99316e-13,1.63913e-11
-0.5272065,1.460362,3.32179e-13,1.24962e-13
-0.5272063,1.460362,5.79981e-13,3.39697e-11
-0.5272063,1.460362,3.99680e-13,1.84128e-13
-0.5272063,1.460362,5.87974e-13,5.96843e-12
-0.5272063,1.460362,7.00773e-13,4.23838e-13
-0.5272062,1.460362,3.64153e-13,6.67655e-12
-0.5272061,1.460362,1.36779e-13,3.44062e-11
-0.527206,1.460362,3.59712e-13,3.33497e-11
-0.527206,1.460362,4.03233e-13,9.04133e-13
-0.5272059,1.460362,2.14051e-13,1.49571e-11
-0.5272059,1.460362,3.05533e-13,8.08984e-12
-0.5272059,1.460362,6.74127e-13,1.55949e-13
-0.5272059,1.460362,2.50466e-13,3.30204e-11
-0.5272059,1.460362,5.26690e-13,7.67419e-13
-0.5272058,1.460362,4.67182e-13,3.00502e-12
-0.5272058,1.460362,6.06626e-13,1.48887e-12
-0.5272057,1.460362,6.72351e-13,6.94146e-12
-0.5272055,1.460362,3.65930e-13,1.66579e-12
-0.5272055,1.460362,1.35891e-13,5.60266e-13
-0.5272055,1.460362,4.59188e-13,3.57710e-11
-0.5272055,1.460362,3.49942e-13,9.17223e-13
-0.5272052,1.460362,7.75380e-13,2.24031e-11
-0.5272051,1.460362,8.29559e-13,3.38670e-11
-0.5272051,1.460362,9.37028e-13,1.16784e-13
-0.5272051,1.460362,5.98632e-13,3.59429e-11
-0.5272049,1.460362,8.79297e-14,3.70891e-11
-0.5272049,1.460362,4.40536e-13,7.95961e-14
-0.5272048,1.460362,1.70530e-13,2.08789e-11
-0.5272046,1.460362,1.76748e-13,2.19669e-11
-0.5272044,1.460362,6.75904e-13,3.10189e-11
-0.5272043,1.460362,3.29514e-13,2.67293e-11
-0.5272043,1.460362,9.83214e-13,3.82679e-13
-0.527204,1.460362,5.63993e-13,3.87682e-11
-0.527204,1.460362,4.48530e-13,6.38369e-13
-0.5272036,1.460362,2.54907e-13,8.00096e-12
-0.5272036,1.460362,8.73968e-13,3.60814e-14
-0.5272036,1.460362,1.27010e-13,3.18320e-11
-0.5272036,1.460362,7.46070e-13,4.66676e-13
-0.5272033,1.460361,5.04485e-13,1.45356e-11
-0.5272032,1.460362,4.05009e-13,5.70112e-12
-0.5272031,1.460362,4.41425e-13,3.84241e-11
-0.5272031,1.460362,5.05374e-13,8.20849e-14
-0.5272031,1.460355,4.44977e-13,1.89020e-11
-0.5272031,1.460355,5.74651e-13,1.51304e-12
-0.5272031,1.460355,3.70370e-13,3.73479e-11
-0.5272031,1.460362,2.02505e-13,2.13212e-11
-0.5272031,1.460362,2.63789e-13,3.14054e-13
-0.527203,1.460356,4.92051e-13,2.47548e-11
-0.527203,1.460356,3.19744e-14,2.08775e-12
-0.527203,1.460361,4.66294e-13,9.32187e-12
-0.5272029,1.460356,9.51239e-13,3.45363e-11
-0.5272027,1.460361,4.17444e-14,3.04320e-13
-0.5272027,1.460356,5.79981e-13,2.65727e-12
-0.5272025,1.460362,5.81757e-13,5.14308e-12
-0.5272024,1.460362,3.98792e-13,1.26821e-12
-0.5272024,1.460362,3.29514e-13,5.95571e-14
-0.5272022,1.460362,9.11271e-13,1.98043e-13
-0.527202,1.460362,2.19380e-13,1.56586e-11
-0.527202,1.460362,6.72351e-13,1.86295e-12
-0.5272019,1.460362,8.85514e-13,1.52230e-13
-0.5272019,1.460363,1.68754e-13,7.99796e-12
-0.5272019,1.460363,4.41425e-13,1.71704e-13
-0.5272019,1.460363,9.02389e-13,1.89768e-13
-0.5272019,1.460363,2.84217e-13,1.42769e-13
-0.5272019,1.460363,1.65201e-13,1.19100e-14
-0.5272019,1.460363,6.10179e-13,3.33601e-13
-0.5272018,1.460363,6.58140e-13,2.87512e-11
-0.5272017,1.460363,9.93872e-13,6.96718e-14
-0.5272017,1.460363,6.40377e-13,1.24618e-13
-0.5272017,1.460363,8.76632e-13,3.84954e-12
-0.5272017,1.460363,7.48734e-13,1.47609e-14
-0.5272016,1.460364,3.85469e-13,2.42489e-11
-0.5272016,1.460364,4.05009e-13,1.91256e-13
-0.5272014,1.460364,6.11067e-13,3.40196e-11
-0.5272014,1.460364,6.17284e-13,8.12135e-14
-0.5272014,1.460363,4.61853e-13,1.13732e-11
-0.5272013,1.460363,3.71259e-13,2.86796e-11
-0.5272013,1.460363,9.29035e-13,1.00934e-11
-0.5272011,1.460363,5.11591e-13,2.64370e-11
-0.5272011,1.460363,7.30083e-13,2.92290e-13
-0.5272011,1.460362,6.69687e-13,1.74963e-11
-0.5272009,1.460363,2.76223e-13,2.89291e-11
-0.5272009,1.460363,1.29674e-13,1.06317e-11
-0.5272009,1.460363,1.99840e-13,2.71903e-13
-0.5272009,1.460363,3.25073e-13,2.04666e-11
-0.5272009,1.460363,8.23341e-13,9.80547e-16
-0.5272009,1.460363,7.62945e-13,3.25918e-11
-0.5272008,1.460363,6.16396e-13,9.04437e-13
-0.5272008,1.460363,9.44134e-13,6.06886e-13
-0.5272007,1.460363,8.01137e-13,3.40509e-11
-0.5272007,1.460363,2.18492e-13,2.60155e-13
-0.5272007,1.460363,2.79776e-13,2.99168e-13
-0.5272007,1.460363,3.29514e-13,4.43826e-13
-0.5272007,1.460363,1.45661e-13,5.34765e-14
-0.5272006,1.460364,3.51719e-13,2.47657e-11
-0.5272006,1.460364,6.18172e-13,1.99003e-12
-0.5272004,1.460363,1.84741e-13,3.08369e-11
-0.5272004,1.460363,1.60760e-13,3.70561e-13
-0.5272003,1.460364,9.45910e-13,2.98892e-11
-0.5272003,1.460363,2.78000e-13,3.65426e-11
-0.5272,1.460363,4.05009e-13,1.90716e-11
-0.5272,1.460363,7.51399e-13,9.42344e-14
-0.5272,1.460362,7.77156e-13,3.46400e-11
-0.5271999,1.460362,4.65405e-13,3.42090e-11
-0.5271996,1.460362,2.42473e-13,2.95080e-11
-0.5271996,1.460362,4.13891e-13,2.11669e-13
-0.5271996,1.460357,3.96128e-13,2.37620e-11
-0.5271996,1.460357,5.19584e-13,5.12427e-13
-0.5271995,1.460357,7.32747e-13,7.00455e-12
-0.5271994,1.460363,3.67706e-13,3.20830e-11
-0.5271994,1.460363,5.75540e-13,1.27695e-13
-0.5271994,1.460363,5.99520e-13,1.88745e-11
-0.5271993,1.460357,3.71259e-13,1.19984e-11
-0.5271993,1.460357,2.85993e-13,1.29280e-13
-0.5271993,1.460357,1.77636e-13,1.99448e-11
-0.5271993,1.460357,6.60805e-13,2.12948e-13
-0.5271991,1.460363,4.65405e-13,2.52725e-11
-0.5271988,1.460363,8.94396e-13,2.90888e-11
-0.5271987,1.460363,3.57936e-13,2.71247e-11
-0.5271987,1.460363,3.11751e-13,3.26874e-11
-0.5271986,1.460363,2.07834e-13,6.22800e-12
-0.5271984,1.460363,2.88658e-13,3.10616e-11
-0.5271983,1.460363,5.29354e-13,9.02517e-12
-0.5271983,1.460363,6.86562e-13,2.69327e-13
-0.5271982,1.460363,4.72511e-13,2.81708e-11
-0.5271981,1.460362,3.22409e-13,3.57276e-11
-0.527198,1.460362,4.21885e-13,3.65397e-11
-0.527198,1.460362,4.06786e-13,2.35238e-12
-0.527198,1.460362,7.56728e-13,1.58692e-11
-0.527198,1.460362,2.88658e-13,1.99425e-12
-0.5271979,1.460362,1.99840e-13,2.74265e-11
-0.5271979,1.460362,1.98064e-13,4.92416e-13
-0.5271978,1.460362,2.30926e-13,2.50798e-12
-0.5271978,1.460362,3.79252e-13,1.06696e-13
-0.5271977,1.460362,3.66818e-13,1.45031e-11
-0.5271977,1.460362,1.24345e-13,1.60484e-12
-0.5271976,1.460358,5.14255e-13,2.95451e-11
-0.5271976,1.460358,4.28990e-13,1.37312e-12
-0.5271975,1.460362,5.85310e-13,3.66081e-11
-0.5271975,1.460362,3.98792e-13,6.66437e-13
-0.5271974,1.460357,8.68638e-13,2.89373e-11
-0.5271972,1.460357,6.82121e-13,2.60294e-11
-0.5271972,1.460357,3.12639e-13,1.07651e-12
-0.5271972,1.460362,2.74447e-13,4.14924e-12
-0.5271972,1.460357,5.97744e-13,3.52644e-11
-0.5271972,1.460357,7.90479e-14,1.18953e-12
-0.527197,1.460357,4.32543e-13,2.90358e-11
-0.5271969,1.460358,7.39853e-13,2.65023e-11
-0.5271969,1.460358,2.94875e-13,8.38221e-13
-0.5271968,1.460358,4.99156e-13,2.80181e-11
-0.5271967,1.460358,2.32703e-13,3.52304e-11
-0.5271966,1.460357,3.33955e-13,2.47695e-11
-0.5271962,1.460357,3.45501e-13,3.28106e-11
-0.5271962,1.460357,2.81553e-13,7.32097e-13
-0.5271959,1.460357,1.42109e-13,1.81347e-11
-0.5271959,1.460357,4.40536e-13,2.14193e-11
-0.5271958,1.460357,7.58504e-13,2.91762e-11
-0.5271958,1.460357,3.61489e-13,1.68866e-12
-0.5271958,1.460357,1.03029e-13,3.63049e-11
-0.5271958,1.460357,1.03917e-13,2.00834e-12
-0.5271956,1.460358,1.71418e-13,2.77125e-11
-0.5271955,1.460358,1.65201e-13,1.03010e-11
-0.5271954,1.460358,3.89910e-13,2.73442e-11
-0.5271954,1.460358,9.21929e-13,1.54189e-11
-0.5271952,1.460358,4.38760e-13,2.57530e-11
-0.5271951,1.460358,4.78728e-13,5.72316e-13
-0.5271948,1.460358,1.69642e-13,2.92374e-11
-0.5271947,1.460358,1.05693e-13,2.02073e-11
-0.5271945,1.460359,5.38236e-13,3.82198e-11
-0.5271944,1.460358,2.20268e-13,1.80209e-11
-0.5271944,1.460358,2.73559e-13,7.36104e-13
-0.5271941,1.460359,5.10703e-13,2.17916e-11
-0.527194,1.460359,3.49942e-13,3.49960e-12
-0.527194,1.460359,8.85514e-13,1.06944e-11
-0.527194,1.460359,8.88178e-13,1.21274e-14
-0.5271937,1.460359,2.08722e-13,2.18641e-12
-0.5271937,1.46036,6.94556e-13,4.18544e-12
-0.5271936,1.46036,3.87246e-13,5.75501e-12
-0.5271936,1.46036,2.67342e-13,9.31076e-13
-0.5271936,1.46036,6.58140e-13,1.98092e-11
-0.5271935,1.46036,8.81961e-13,2.85971e-11
-0.5271935,1.46036,1.02141e-13,9.84462e-12
-0.5271935,1.46036,1.93623e-13,7.69650e-12
-0.5271933,1.460361,2.23821e-13,3.23053e-11
-0.5271932,1.460361,3.16192e-13,1.23495e-11
-0.5271931,1.460361,1.52767e-13,3.27968e-11
-0.5271931,1.460361,1.51879e-13,3.66367e-13
-0.527193,1.460361,5.40901e-13,2.49360e-11
-0.527193,1.460361,1.67866e-13,1.94334e-13
-0.5271929,1.460361,1.77636e-14,2.05338e-11
-0.5271929,1.460361,5.91527e-13,5.17864e-13
-0.5271928,1.460361,7.81597e-13,1.12336e-11
-0.5271927,1.460361,2.93987e-13,3.56953e-12
-0.5271923,1.460362,5.66658e-13,1.95141e-11
-0.5271921,1.460362,2.29150e-13,1.04512e-11
-0.527192,1.460362,3.97904e-13,2.15655e-11
-0.5271918,1.460363,3.24185e-13,1.96921e-11
-0.5271917,1.460362,4.86722e-13,1.51305e-11
-0.5271917,1.460362,5.87974e-13,2.36110e-11
-0.5271917,1.460363,2.78000e-13,7.07254e-12
-0.5271916,1.460363,6.54587e-13,3.55313e-11
-0.5271915,1.460363,1.43885e-13,2.30992e-11
-0.5271915,1.460363,2.96652e-13,1.57950e-13
-0.5271914,1.460364,4.68070e-13,2.39406e-11
-0.5271914,1.460364,5.01821e-13,1.36810e-11
-0.5271914,1.460364,3.02869e-13,2.83296e-13
-0.5271913,1.460364,4.14779e-13,7.47113e-12
-0.5271913,1.460364,3.74811e-13,8.12635e-14
-0.5271912,1.460365,4.39648e-13,8.65096e-12
-0.5271912,1.460364,5.37348e-13,8.38679e-12
-0.5271912,1.460364,4.42313e-13,3.48040e-13
-0.5271911,1.460364,4.98268e-13,2.36500e-11
-0.5271909,1.460364,5.61329e-13,1.75574e-11
-0.5271909,1.460364,6.25278e-13,1.94212e-13
-0.5271909,1.460365,5.33795e-13,1.67975e-11
-0.5271908,1.460365,3.24185e-13,1.01325e-11
-0.5271908,1.460365,1.87406e-13,1.79899e-11
-0.5271908,1.460365,5.56000e-13,9.26462e-13
-0.5271906,1.460366,6.01297e-13,2.25737e-11
-0.5271906,1.460366,4.43201e-13,2.08778e-11
-0.5271906,1.460366,2.85105e-13,3.97880e-13
-0.5271906,1.460366,7.66498e-13,3.35128e-12
-0.5271906,1.460366,2.08722e-13,4.94329e-12
-0.5271905,1.460364,1.29674e-13,3.48922e-13
-0.5271905,1.460364,5.83533e-13,1.25538e-13
-0.5271905,1.460366,4.60076e-13,1.65535e-11
-0.5271905,1.460366,6.02185e-13,1.16808e-13
-0.5271904,1.460364,5.72875e-13,3.42142e-11
-0.5271904,1.460364,3.00204e-13,3.37659e-14
-0.5271904,1.460366,1.41220e-13,1.42769e-11
-0.5271904,1.460366,3.47278e-13,1.94202e-12
-0.5271904,1.460364,7.95808e-13,2.24414e-15
-0.5271902,1.460367,3.17968e-13,1.43457e-11
-0.5271902,1.460367,6.43929e-13,3.60388e-13
-0.5271899,1.460367,1.13687e-13,1.85019e-11
-0.5271898,1.460367,2.38032e-13,1.01725e-11
-0.5271898,1.460367,3.61489e-13,2.43702e-11
-0.5271898,1.460367,4.11227e-13,6.35197e-13
-0.5271896,1.460367,5.75540e-13,2.93566e-11
-0.5271896,1.460367,4.30767e-13,5.59991e-13
-0.5271895,1.460367,5.27578e-13,3.55430e-13
-0.5271893,1.460367,7.33635e-13,1.02667e-11
-0.5271893,1.460367,3.51719e-13,1.01719e-11
-0.5271893,1.460367,5.86198e-13,1.10805e-12
-0.5271889,1.460368,3.32179e-13,3.26920e-11
-0.5271888,1.460368,4.46754e-13,1.37964e-11
-0.5271886,1.460368,7.14984e-13,3.00868e-12
-0.5271886,1.460368,3.58824e-13,2.89010e-13
-0.5271885,1.460368,1.24345e-13,1.12951e-11
-0.5271883,1.460368,3.76588e-13,9.51748e-12
-0.5271881,1.460369,7.98472e-13,1.58694e-11
-0.527188,1.460369,5.59552e-13,2.58389e-11
-0.527188,1.460369,4.16556e-13,2.21802e-11
-0.5271877,1.460369,7.43405e-13,1.84358e-11
-0.5271877,1.460369,4.79616e-13,2.12524e-11
-0.5271877,1.460369,4.05009e-13,3.66120e-12
-0.5271877,1.460369,3.33067e-13,4.20787e-13
-0.5271875,1.46037,1.66089e-13,2.78829e-11
-0.5271873,1.46037,4.19220e-13,2.45514e-11
-0.5271872,1.46037,6.28830e-13,5.72704e-12
-0.5271872,1.46037,5.32019e-13,7.31222e-16
-0.5271872,1.46037,4.81393e-13,1.07367e-11
-0.5271869,1.46037,1.58096e-13,1.81056e-11
-0.5271869,1.46037,3.45501e-13,1.44758e-13
-0.5271867,1.46037,9.69003e-13,1.64337e-11
-0.5271866,1.46037,3.95239e-13,2.45134e-11
-0.5271866,1.46037,3.10862e-13,1.13208e-14
-0.5271865,1.460369,8.18012e-13,2.12245e-11
-0.5271864,1.460369,6.94556e-13,2.26278e-11
-0.5271864,1.460369,2.30038e-13,1.23686e-11
-0.5271864,1.460369,2.03393e-13,1.49624e-11
-0.5271864,1.460369,5.69322e-13,6.90036e-14
-0.5271861,1.460369,1.47438e-13,2.32629e-11
-0.5271861,1.460369,4.00568e-13,5.37796e-14
-0.527186,1.460369,2.74447e-13,6.08166e-12
-0.5271858,1.460369,4.14779e-13,4.96904e-12
-0.5271858,1.460369,2.84217e-13,6.17381e-14
-0.5271857,1.460369,1.74083e-13,8.65704e-12
-0.5271857,1.460369,6.47482e-13,1.57931e-13
-0.5271856,1.460369,5.36460e-13,1.28659e-13
-0.5271856,1.460369,5.84421e-13,5.15492e-14
-0.5271854,1.46037,7.08766e-13,2.59508e-11
-0.5271853,1.46037,6.22613e-13,2.91941e-11
-0.5271852,1.46037,2.54019e-13,1.19976e-14
-0.5271852,1.46037,3.03757e-13,1.11825e-13
-0.5271852,1.46037,5.18696e-13,5.67049e-14
-0.5271852,1.46037,3.21521e-13,1.75935e-14
-0.5271852,1.46037,4.31655e-13,1.05027e-13
-0.5271851,1.46037,3.85469e-13,6.50633e-14
-0.527185,1.46037,1.52767e-13,2.48461e-11
-0.527185,1.46037,5.41789e-13,7.47516e-12
-0.527185,1.46037,6.10179e-13,4.89036e-14
-0.5271848,1.46037,6.36824e-13,8.91851e-12
-0.5271847,1.46037,6.83897e-14,1.83729e-11
-0.5271847,1.46037,3.10862e-13,3.90617e-14
-0.5271847,1.46037,3.18856e-13,5.56487e-13
-0.5271845,1.460371,6.12843e-13,8.48927e-12
-0.5271845,1.460371,3.15303e-13,8.13888e-14
-0.5271842,1.460371,1.55431e-13,3.01318e-11
-0.5271841,1.460371,4.63629e-13,3.42450e-11
-0.527184,1.460371,2.02505e-13,3.13941e-11
-0.527184,1.460371,3.83693e-13,6.75863e-14
-0.5271838,1.460371,7.94920e-13,7.92298e-12
-0.5271834,1.460371,4.76952e-13,4.64215e-12
-0.5271833,1.460371,5.35572e-13,4.19387e-12
-0.5271833,1.460371,6.98996e-13,1.21879e-13
-0.5271833,1.46037,1.19904e-13,2.04660e-11
-0.5271832,1.460371,5.64881e-13,3.51707e-11
-0.5271831,1.460371,2.76223e-13,1.09238e-13
-0.5271831,1.460371,3.17080e-13,1.10069e-13
-0.5271831,1.460371,4.14779e-13,3.90848e-14
-0.5271831,1.460371,5.92415e-13,4.93798e-14
-0.5271831,1.460371,3.26850e-13,1.21386e-13
-0.5271831,1.460371,3.50830e-13,2.80424e-14
-0.5271829,1.460371,3.15303e-13,6.74712e-12
-0.5271825,1.460371,6.39488e-13,6.90445e-12
-0.5271825,1.460371,4.17444e-13,4.34022e-13
-0.5271825,1.460371,8.77520e-13,4.11014e-14
-0.5271825,1.460371,4.52971e-13,1.88920e-13
-0.5271823,1.460371,3.65930e-13,7.45493e-12
-0.5271822,1.460371,3.72147e-13,3.22201e-11
-0.5271821,1.460371,1.44773e-13,8.64841e-12
-0.5271819,1.460371,4.79616e-14,3.28082e-11
-0.5271817,1.460371,4.49418e-13,1.35917e-12
-0.5271817,1.460371,4.33431e-13,4.06634e-14
-0.5271817,1.460371,2.00728e-13,1.64125e-11
-0.5271817,1.460371,3.03757e-13,1.77956e-13
-0.5271816,1.460371,9.72555e-13,3.11093e-11
-0.5271816,1.460371,1.94511e-13,4.05108e-13
-0.5271813,1.460371,4.00568e-13,5.81006e-12
-0.5271813,1.460371,9.37916e-13,2.28043e-13
-0.5271812,1.460371,2.46025e-13,1.55796e-11
-0.5271812,1.460371,6.52811e-13,1.72358e-13
-0.5271811,1.460371,5.70211e-13,3.27008e-11
-0.5271811,1.460371,3.50830e-13,1.14869e-13
-0.5271808,1.460371,5.94191e-13,3.41297e-11
-0.5271807,1.460371,3.85469e-13,1.54098e-11
-0.5271807,1.460371,3.20632e-13,8.37348e-13
-0.5271805,1.46037,6.57252e-13,1.92057e-11
-0.5271805,1.46037,7.62945e-13,2.39577e-13
-0.5271803,1.46037,4.57412e-13,5.15037e-12
-0.5271803,1.460371,2.81553e-13,1.54472e-11
-0.52718,1.460371,4.08562e-13,1.07973e-11
-0.52718,1.460371,9.26370e-13,3.62189e-13
-0.5271795,1.460372,6.50147e-13,4.91021e-12
-0.5271793,1.460371,3.56160e-13,2.83547e-11
-0.5271792,1.460372,3.75699e-13,2.98828e-11
-0.5271792,1.460372,7.45182e-13,3.56548e-14
-0.5271792,1.460372,3.41949e-13,5.70384e-12
-0.5271792,1.460372,5.57776e-13,2.69219e-13
-0.527179,1.460372,7.75380e-13,1.62882e-11
-0.527179,1.460372,6.03073e-13,3.30944e-13
-0.5271789,1.460372,6.38600e-13,1.27850e-11
-0.5271789,1.460372,7.36300e-13,2.85589e-15
-0.5271789,1.460372,4.25437e-13,2.33877e-11
-0.5271789,1.460372,9.37916e-13,1.68266e-11
-0.5271787,1.460372,3.40172e-13,1.12745e-11
-0.5271787,1.460372,2.26485e-13,3.90480e-13
-0.5271787,1.460372,4.62741e-13,2.37282e-13
-0.5271784,1.460372,1.47438e-13,6.66201e-12
-0.5271784,1.460372,8.39329e-13,3.35108e-13
-0.5271782,1.460372,3.25073e-13,3.41557e-11
-0.5271781,1.460372,4.86722e-13,2.99338e-11
-0.527178,1.460372,7.43405e-13,1.66421e-11
-0.5271779,1.460372,3.31291e-13,1.60641e-11
-0.5271777,1.460372,3.87246e-13,4.25761e-12
-0.5271777,1.460372,6.26166e-13,3.84471e-14
-0.5271776,1.460372,2.33591e-13,3.45747e-11
-0.5271776,1.460372,2.28262e-13,8.28889e-12
-0.5271776,1.460372,4.58300e-13,9.25716e-13
-0.5271772,1.460373,3.81917e-13,2.91697e-11
-0.5271771,1.460373,2.23821e-13,3.14361e-11
-0.5271771,1.460373,4.53859e-13,1.05347e-12
-0.527177,1.460373,4.30767e-13,3.09199e-11
-0.527177,1.460373,3.37508e-13,1.21606e-12
-0.5271769,1.460373,7.07878e-13,1.19341e-11
-0.5271767,1.460372,3.55271e-13,3.09998e-11
-0.5271766,1.460373,9.58345e-13,3.33949e-11
-0.5271766,1.460373,6.37712e-13,5.62249e-13
-0.5271766,1.460373,2.17604e-13,3.21694e-11
-0.5271763,1.460373,3.17968e-13,1.32862e-11
-0.5271762,1.460373,6.94556e-13,3.36402e-12
-0.5271762,1.460373,3.25073e-13,1.00533e-13
-0.5271761,1.460374,6.67910e-13,2.86339e-11
-0.527176,1.460373,5.20473e-13,3.28655e-11
-0.5271759,1.460373,4.07674e-13,2.77298e-11
-0.5271759,1.460373,9.43245e-13,1.90864e-13
-0.5271758,1.460374,1.42109e-13,1.93561e-11
-0.5271758,1.460374,3.14415e-13,1.48727e-13
-0.5271756,1.460374,3.22409e-13,3.14267e-11
-0.5271756,1.460374,6.12843e-13,1.77473e-11
-0.5271756,1.460374,7.30971e-13,9.15926e-14
-0.5271754,1.460374,7.96696e-13,1.29056e-12
-0.5271753,1.460375,1.89182e-13,1.66432e-11
-0.5271751,1.460375,4.47642e-13,1.54053e-11
-0.527175,1.460375,4.38760e-13,3.23799e-11
-0.5271746,1.460376,5.52447e-13,2.54558e-11
-0.5271746,1.460376,4.79616e-13,2.63660e-11
-0.5271745,1.460377,2.78888e-13,9.54412e-12
-0.5271744,1.460376,4.76064e-13,8.87154e-12
-0.5271744,1.460376,4.82281e-13,7.13301e-13
-0.5271744,1.460376,6.16396e-13,2.24216e-11
-0.5271743,1.460377,3.02869e-13,9.55472e-13
-0.5271743,1.460377,3.97904e-13,4.29225e-14
-0.5271742,1.460377,5.06262e-13,2.95256e-12
-0.5271741,1.460377,5.36460e-13,2.84751e-12
-0.5271741,1.460377,9.76996e-13,3.61327e-14
-0.5271741,1.460377,1.03029e-13,1.13761e-11
-0.527174,1.460377,6.22613e-13,8.22797e-13
-0.527174,1.460377,5.60441e-13,2.44590e-11
-0.5271738,1.460377,1.90958e-13,1.26028e-11
-0.5271737,1.460377,4.68958e-13,1.39133e-11
-0.5271736,1.460378,3.99680e-13,3.12926e-11
-0.5271736,1.460378,4.49418e-13,2.37339e-11
-0.5271733,1.460378,8.86402e-13,3.86556e-12
-0.5271733,1.460378,5.05374e-13,7.56022e-13
-0.527173,1.460377,5.32019e-13,2.25439e-11
-0.527173,1.460377,7.57616e-13,5.55109e-13
-0.527173,1.460377,8.09131e-13,1.03043e-12
-0.5271728,1.460378,2.61124e-13,2.87448e-11
-0.5271727,1.460377,1.60760e-13,2.94539e-11
-0.5271725,1.460378,4.36984e-13,2.72398e-11
-0.5271724,1.460378,5.34683e-13,2.90444e-11
-0.5271723,1.460379,6.77680e-13,5.39355e-12
-0.5271722,1.460379,1.85629e-13,2.55610e-12
-0.5271721,1.460378,7.96696e-13,2.39774e-12
-0.5271721,1.460379,1.98064e-13,2.31185e-11
-0.5271721,1.460379,1.13687e-13,3.88011e-13
-0.527172,1.460379,4.72511e-13,6.86636e-12
-0.5271719,1.460379,3.68594e-13,1.58365e-11
-0.5271719,1.460379,6.75904e-13,1.93477e-13
-0.5271718,1.460379,7.33635e-13,2.82549e-11
-0.5271716,1.460379,4.71623e-13,2.38878e-11
-0.5271716,1.460379,6.51035e-13,4.01279e-13
-0.5271713,1.460379,1.52767e-13,5.91852e-12
-0.5271713,1.460379,4.30767e-13,8.24106e-12
-0.5271711,1.460379,9.75220e-13,3.21713e-11
-0.5271707,1.460379,4.37872e-13,2.78269e-12
-0.5271707,1.460379,2.48690e-13,2.91677e-11
-0.5271706,1.460379,9.68114e-14,4.77643e-12
-0.5271706,1.460379,5.86198e-14,3.22414e-13
-0.5271704,1.460379,8.02025e-13,1.79160e-12
-0.5271704,1.460379,3.31291e-13,4.08928e-13
-0.5271703,1.46038,2.23821e-13,1.00635e-11
-0.5271703,1.46038,5.16920e-13,1.80248e-12
-0.5271702,1.46038,7.20313e-13,2.78918e-11
-0.5271702,1.46038,6.03073e-13,1.20141e-13
-0.52717,1.46038,3.19744e-13,3.23887e-11
-0.52717,1.46038,3.81029e-13,1.36956e-11
-0.5271699,1.46038,4.19220e-13,2.71294e-11
-0.5271699,1.46038,5.74651e-13,2.20523e-13
-0.5271698,1.46038,3.06422e-13,5.28324e-12
-0.5271697,1.46038,3.30402e-13,5.62241e-14
-0.5271696,1.46038,1.98064e-13,7.69398e-12
-0.5271695,1.460381,1.86517e-13,1.91563e-11
-0.5271692,1.460381,3.77476e-13,2.27678e-11
-0.5271692,1.460381,9.45022e-13,1.19550e-11
-0.5271692,1.460381,4.70735e-13,2.21283e-13
-0.5271689,1.460381,5.51559e-13,2.78308e-11
-0.5271687,1.460381,5.27578e-13,3.04875e-11
-0.5271686,1.460381,4.62741e-13,4.02306e-12
-0.5271686,1.460381,4.44089e-14,1.88865e-11
-0.5271684,1.460381,1.89182e-13,1.43297e-11
-0.5271683,1.460382,8.35776e-13,2.47175e-11
-0.5271683,1.460382,1.82965e-13,3.18041e-11
-0.5271682,1.460382,9.76996e-14,1.99885e-11
-0.5271679,1.460382,7.24754e-13,2.50097e-11
-0.5271679,1.460382,3.36620e-13,1.66346e-11
-0.5271679,1.460382,2.65565e-13,5.98183e-12
-0.5271679,1.460382,7.47846e-13,2.80408e-12
-0.5271677,1.460382,1.72307e-13,1.48207e-11
-0.5271677,1.460382,4.76952e-13,2.79863e-11
-0.5271677,1.460382,7.62057e-13,6.23368e-13
-0.5271676,1.460382,2.14939e-13,1.89519e-11
-0.5271676,1.460382,7.14095e-13,1.83725e-11
-0.5271674,1.460382,7.29194e-13,2.39934e-11
-0.5271674,1.460382,3.53495e-13,6.45833e-14
-0.5271673,1.460381,3.21521e-13,1.30809e-11
-0.5271672,1.460382,3.88134e-13,3.01812e-11
-0.5271671,1.460382,4.96492e-13,2.11885e-11
-0.5271671,1.460383,5.66658e-13,1.56417e-11
-0.5271671,1.460383,3.26850e-13,1.51125e-12
-0.5271669,1.460383,3.25073e-13,1.68199e-11
-0.5271669,1.460383,6.43929e-13,3.30931e-14
-0.5271668,1.460383,3.89910e-13,2.24314e-11
-0.5271666,1.460384,9.89431e-13,1.41816e-11
-0.5271663,1.460384,4.53859e-13,2.01588e-11
-0.527166,1.460384,3.68594e-13,3.06597e-11
-0.527166,1.460384,2.78888e-13,2.71024e-11
-0.527166,1.460384,7.86038e-13,2.31940e-12
-0.527166,1.460384,8.38440e-13,2.51174e-14
-0.5271659,1.460384,7.45182e-13,6.43082e-14
-0.5271659,1.460384,3.18856e-13,1.41495e-12
-0.5271657,1.460384,1.16351e-13,1.17436e-11
-0.5271656,1.460384,2.05169e-13,2.48001e-11
-0.5271656,1.460384,3.64153e-13,1.58063e-13
-0.5271654,1.460384,4.28102e-13,6.07763e-12
-0.5271654,1.460384,5.42677e-13,1.30565e-12
-0.5271652,1.460384,2.59348e-13,1.25455e-11
-0.5271652,1.460384,8.15348e-13,1.92583e-13
-0.5271649,1.460384,3.16192e-13,5.14112e-12
-0.5271649,1.460384,6.41265e-13,6.40929e-13
-0.5271648,1.460384,3.82805e-13,7.54494e-13
-0.5271648,1.460384,3.36620e-13,1.53362e-12
-0.5271648,1.460384,4.41425e-13,1.79656e-11
-0.5271645,1.460384,4.20997e-13,1.97861e-11
-0.5271642,1.460384,4.05009e-13,1.37610e-13
-0.5271642,1.460385,8.94396e-13,8.90528e-12
-0.5271642,1.460385,3.47278e-13,5.71616e-13
-0.527164,1.460385,2.41585e-13,8.16201e-12
-0.527164,1.460385,9.81437e-13,5.92728e-13
-0.5271639,1.460385,5.21361e-13,4.37801e-12
-0.5271638,1.460385,7.41629e-13,2.25496e-11
-0.5271637,1.460385,3.92575e-13,1.25556e-11
-0.5271637,1.460385,4.21885e-13,6.02673e-14
-0.5271637,1.460385,4.81393e-13,8.97493e-14
-0.5271637,1.460385,1.04805e-13,1.22927e-11
-0.5271635,1.460385,1.93623e-13,2.59785e-11
-0.5271635,1.460385,6.71463e-13,9.54063e-13
-0.5271635,1.460385,1.79412e-13,2.36417e-11
-0.5271634,1.460385,8.50875e-13,2.18225e-11
-0.5271634,1.460385,4.95604e-13,1.27945e-12
-0.5271633,1.460385,3.05533e-13,1.95325e-12
-0.5271629,1.460385,6.71463e-13,2.54207e-11
-0.5271628,1.460385,1.39444e-13,1.01093e-11
-0.5271627,1.460385,4.09450e-13,2.36531e-11
-0.5271627,1.460385,8.97060e-13,2.55849e-12
-0.5271625,1.460385,3.32179e-13,1.72873e-11
-0.5271624,1.460385,4.43201e-13,6.11565e-12
-0.5271624,1.460385,3.34843e-13,1.05294e-11
-0.5271623,1.460385,1.80300e-13,1.83600e-11
-0.5271623,1.460386,5.12479e-13,8.21832e-12
-0.5271623,1.460386,8.20677e-13,1.14897e-12
-0.5271621,1.460386,8.65086e-13,2.60671e-11
-0.5271619,1.460386,4.71623e-13,7.32114e-12
-0.5271617,1.460386,1.93623e-13,4.80937e-12
-0.5271617,1.460386,5.70211e-13,3.02760e-11
-0.5271615,1.460386,1.96287e-13,1.21468e-11
-0.5271611,1.460386,2.59348e-13,3.42859e-12
-0.5271611,1.460386,3.11751e-13,9.73509e-13
-0.5271611,1.460386,4.28990e-13,2.51074e-11
-0.5271611,1.460386,3.77476e-13,2.73805e-13
-0.5271593,1.460389,1.30562e-13,8.38785e-12
-0.5271593,1.460389,2.46914e-13,1.19807e-12
-0.5271591,1.460389,1.08358e-13,1.63307e-11
-0.527159,1.460389,3.74811e-13,1.85241e-11
-0.527159,1.460389,4.12115e-13,1.54934e-12
-0.5271589,1.460389,9.14824e-13,8.34048e-12
-0.5271587,1.46039,9.16600e-13,1.89849e-11
-0.5271587,1.46039,4.34319e-13,9.37341e-13
-0.5271585,1.460389,4.41425e-13,6.66301e-12
-0.5271585,1.460389,2.98428e-13,1.28890e-11
-0.5271585,1.460389,9.96536e-13,4.62212e-13
-0.5271584,1.46039,1.22569e-13,1.28032e-11
-0.5271584,1.46039,6.66134e-13,1.68811e-13
-0.5271583,1.46039,2.15827e-13,2.41110e-11
-0.5271583,1.46039,1.16351e-13,7.69864e-13
-0.527158,1.46039,5.41789e-13,6.95443e-13
-0.527158,1.46039,6.37712e-13,1.22931e-13
-0.5271579,1.46039,4.82281e-13,2.23084e-11
-0.5271579,1.460391,3.54383e-13,2.44745e-13
-0.5271579,1.460391,2.15827e-13,6.00398e-12
-0.5271579,1.460391,6.61693e-13,2.97369e-13
-0.5271579,1.460391,4.14779e-13,3.77919e-13
-0.5271579,1.460391,4.76064e-13,1.02199e-14
-0.5271579,1.460391,7.31859e-13,3.93000e-13
-0.5271579,1.460391,2.27374e-13,4.45732e-13
-0.5271579,1.460391,3.21521e-13,4.49710e-13
-0.5271579,1.460391,3.51719e-13,5.14578e-14
-0.5271576,1.460391,7.96696e-13,1.51912e-11
-0.5271573,1.46039,3.69482e-13,6.56712e-12
-0.5271573,1.46039,4.71623e-13,6.81715e-12
-0.5271573,1.46039,8.76632e-13,1.35529e-12
-0.5271571,1.46039,3.01092e-13,2.45544e-11
-0.5271571,1.46039,4.76064e-13,3.98346e-14
-0.5271571,1.46039,4.53859e-13,3.55807e-12
-0.5271571,1.46039,6.53699e-13,1.75399e-13
-0.5271569,1.460391,7.92255e-13,1.95284e-11
-0.5271569,1.460391,5.94191e-13,1.01166e-13
-0.5271568,1.460391,3.46390e-13,2.15446e-11
-0.5271568,1.460391,8.32223e-13,4.49463e-13
-0.5271567,1.460391,2.83329e-13,1.82706e-11
-0.5271567,1.460391,4.17444e-13,1.50920e-12
-0.5271566,1.460391,5.08926e-13,2.17332e-11
-0.5271566,1.460391,4.22773e-13,2.52816e-13
-0.5271564,1.460391,4.60965e-13,2.02815e-11
-0.5271564,1.460391,1.89182e-13,8.21540e-14
-0.5271563,1.460391,1.74971e-13,1.64941e-11
-0.5271563,1.460391,1.33227e-13,2.95337e-13
-0.5271563,1.460392,4.40536e-13,2.07556e-11
-0.5271563,1.460392,6.87450e-13,5.21049e-13
-0.5271562,1.460392,4.18332e-13,6.30268e-12
-0.5271562,1.460392,7.41629e-13,1.28391e-12
-0.527156,1.460392,1.90958e-13,1.28178e-11
-0.5271559,1.460392,3.96128e-13,2.29353e-12
-0.5271559,1.460392,7.19425e-13,8.15751e-13
-0.5271559,1.460392,2.12275e-13,2.39377e-11
-0.5271558,1.460392,1.29674e-13,7.41461e-12
-0.5271555,1.460392,6.94556e-13,2.20286e-13
-0.5271555,1.460392,5.65770e-13,5.85862e-12
-0.5271555,1.460392,5.21361e-13,3.62899e-14
-0.5271554,1.460392,5.00933e-13,1.46933e-11
-0.5271554,1.460392,4.86722e-13,1.11442e-14
-0.5271553,1.460392,8.48210e-13,1.87808e-11
-0.5271553,1.460392,4.22773e-13,2.03065e-13
-0.5271552,1.460393,2.18492e-13,1.01321e-11
-0.5271552,1.460393,3.53495e-13,3.81926e-13
-0.5271552,1.460393,1.03029e-13,2.41914e-11
-0.5271549,1.460393,4.14779e-13,1.30164e-11
-0.5271549,1.460393,2.22933e-13,6.53214e-13
-0.5271548,1.460393,1.60760e-13,1.09075e-11
-0.5271548,1.460393,3.42837e-13,5.86858e-13
-0.5271547,1.460393,1.27010e-13,9.39047e-12
-0.5271547,1.460393,3.19744e-13,3.22784e-13
-0.5271547,1.460393,6.94556e-13,6.41433e-12
-0.5271545,1.460394,4.28990e-13,2.41059e-11
-0.5271545,1.460394,6.23501e-13,1.60439e-13
-0.5271545,1.460393,2.94875e-13,1.69198e-11
-0.5271545,1.460393,2.85993e-13,6.50546e-13
-0.5271542,1.460394,6.15508e-13,1.10403e-11
-0.5271542,1.460394,4.46754e-13,1.07646e-12
-0.5271542,1.460393,4.41425e-13,5.09317e-12
-0.5271542,1.460393,6.92779e-13,9.35567e-14
-0.527154,1.460393,2.49578e-13,1.53578e-11
-0.527154,1.460393,4.09450e-13,2.50613e-13
-0.5271538,1.460393,6.07514e-13,2.56632e-11
-0.5271538,1.460393,6.77680e-13,1.74711e-12
-0.5271537,1.460393,3.28626e-13,1.78150e-11
-0.5271537,1.460393,3.32179e-13,3.21613e-13
-0.5271534,1.460393,6.19949e-13,8.46727e-12
-0.5271534,1.460393,7.54952e-13,1.60588e-13
-0.5271533,1.460393,2.57572e-13,1.09073e-12
-0.527153,1.460392,6.67910e-13,4.89336e-12
-0.527153,1.460392,4.98268e-13,4.18770e-13
-0.5271529,1.460392,5.55112e-13,7.42319e-12
-0.5271529,1.460392,6.19949e-13,5.16523e-13
-0.5271526,1.460393,2.92211e-13,1.21227e-11
-0.5271526,1.460393,3.44613e-13,7.10923e-14
-0.5271526,1.460393,9.25482e-13,2.76246e-11
-0.5271526,1.460393,3.41949e-13,1.22377e-12
-0.5271525,1.460393,2.90434e-13,1.57246e-11
-0.5271525,1.460393,6.60805e-13,7.90998e-13
-0.5271524,1.460394,7.19425e-14,2.67813e-11
-0.5271524,1.460394,2.50466e-13,7.20513e-13
-0.5271523,1.460394,1.95399e-13,2.56044e-11
-0.5271523,1.460394,6.67022e-13,1.74698e-12
-0.5271522,1.460394,9.03277e-13,1.54655e-11
-0.5271522,1.460394,3.73035e-13,2.14339e-12
-0.527152,1.460394,8.34000e-13,2.02597e-11
-0.527152,1.460394,2.46914e-13,1.07521e-14
-0.527152,1.460394,6.83009e-13,2.62969e-11
-0.5271519,1.460394,4.69846e-13,1.02627e-11
-0.5271519,1.460394,1.35003e-13,2.77324e-13
-0.5271519,1.460394,2.68230e-13,1.07359e-11
-0.5271519,1.460394,6.52811e-13,4.09633e-13
-0.5271518,1.460394,5.38236e-13,2.49583e-11
-0.5271518,1.460394,4.58300e-13,1.18802e-14
-0.5271517,1.460394,1.42109e-13,1.46160e-11
-0.5271516,1.460394,6.67022e-13,2.04837e-11
-0.5271516,1.460394,3.96128e-13,8.96425e-14
-0.5271516,1.460394,8.34000e-13,2.14164e-14
-0.5271516,1.460394,4.05009e-13,1.91837e-13
-0.5271516,1.460394,3.12639e-13,3.87320e-14
-0.5271515,1.460394,6.97220e-13,5.06947e-14
-0.5271514,1.460394,4.63629e-13,1.10077e-13
-0.5271513,1.460394,6.65246e-13,8.43227e-12
-0.5271513,1.460394,6.73239e-13,1.07851e-11
-0.5271513,1.460394,2.82441e-13,3.78487e-13
-0.5271512,1.460394,5.41789e-13,2.65206e-11
-0.5271512,1.460394,5.48894e-13,2.36610e-11
-0.5271512,1.460394,1.82077e-13,2.79332e-11
-0.5271512,1.460394,1.49214e-13,1.88012e-12
-0.527151,1.460394,5.19584e-13,1.71467e-11
-0.527151,1.460394,3.46390e-13,9.82403e-14
-0.527151,1.460394,7.00773e-13,1.14549e-15
-0.527151,1.460394,6.99885e-13,4.91344e-15
-0.5271509,1.460394,4.32543e-13,2.48968e-12
-0.5271508,1.460394,4.20997e-13,1.21585e-11
-0.5271507,1.460395,6.17284e-13,3.14615e-12
-0.5271506,1.460395,2.28262e-13,5.11176e-12
-0.5271505,1.460397,8.00249e-13,7.81475e-12
-0.5271505,1.460397,6.08402e-13,1.32349e-13
-0.5271505,1.460397,1.93623e-13,1.67188e-11
-0.5271505,1.460395,7.00773e-13,3.83475e-14
-0.5271505,1.460395,6.75016e-14,3.48274e-14
-0.5271504,1.460395,3.11751e-13,1.37329e-14
-0.5271504,1.460395,2.01617e-13,3.10235e-14
-0.5271504,1.460395,6.24389e-13,2.67148e-14
-0.5271503,1.460395,4.08562e-13,4.16880e-15
-0.5271503,1.460395,8.78408e-13,4.87958e-14
-0.5271503,1.460395,3.49942e-13,7.05672e-14
-0.5271503,1.460395,7.99361e-14,6.62506e-14
-0.5271502,1.460395,3.79252e-13,6.92003e-14
-0.5271502,1.460395,3.50830e-13,6.38753e-14
-0.5271502,1.460395,3.59712e-13,1.98199e-14
-0.5271501,1.460396,3.57048e-13,1.18422e-11
-0.52715,1.460396,5.16032e-13,9.21715e-12
-0.52715,1.460396,3.36620e-13,1.99413e-12
-0.5271499,1.460396,9.41469e-13,1.48545e-11
-0.5271499,1.460396,4.86722e-13,3.43955e-13
-0.5271499,1.460396,3.22409e-13,1.84223e-13
-0.5271499,1.460396,7.71827e-13,8.30660e-14
-0.5271499,1.460396,3.41061e-13,2.27247e-13
-0.5271499,1.460396,3.74811e-13,1.39764e-13
-0.5271499,1.460396,3.53495e-13,1.64228e-13
-0.5271499,1.460396,2.84217e-13,1.51578e-13
-0.5271499,1.460396,5.90639e-13,3.61751e-14
-0.5271498,1.460396,7.16760e-13,1.70278e-14
-0.5271496,1.460396,2.51354e-13,3.32588e-13
-0.5271494,1.460396,4.73399e-13,6.29858e-12
-0.5271494,1.460397,7.11431e-13,2.53703e-11
-0.5271493,1.460397,2.65565e-13,1.61907e-11
-0.5271493,1.460397,6.58140e-13,6.39080e-14
-0.5271493,1.460397,6.85674e-13,2.69145e-13
-0.5271493,1.460397,5.46230e-13,5.51760e-13
-0.5271493,1.460397,8.84626e-13,1.58483e-13
-0.5271493,1.460397,6.11067e-13,1.45125e-13
-0.5271493,1.460397,5.44453e-13,8.93397e-14
-0.5271493,1.460397,6.90115e-13,1.67476e-13
-0.5271493,1.460397,2.78888e-13,4.36737e-14
-0.5271493,1.460397,5.83533e-13,1.48911e-13
-0.5271493,1.460397,7.12319e-13,1.69910e-13
-0.5271493,1.460397,1.95399e-13,1.50216e-13
-0.5271493,1.460397,7.03437e-13,2.13047e-14
-0.5271492,1.460397,3.01981e-13,1.23725e-13
-0.5271492,1.460397,5.77316e-13,2.52609e-14
-0.5271492,1.460397,5.14255e-13,2.73140e-11
-0.5271491,1.460397,3.28626e-13,8.02449e-12
-0.5271491,1.460397,1.66089e-13,1.76928e-12
-0.5271491,1.460397,3.98792e-13,2.21802e-13
-0.5271491,1.460397,7.83373e-13,9.20735e-12
-0.5271491,1.460397,4.66294e-13,8.50219e-13
-0.5271491,1.460397,5.87086e-13,1.03175e-11
-0.5271491,1.460397,5.49782e-13,4.42934e-13
-0.527149,1.460397,2.40696e-13,1.78978e-11
-0.527149,1.460397,3.72147e-13,3.81485e-14
-0.5271489,1.460397,2.57572e-13,2.62257e-11
-0.5271489,1.460397,4.11227e-13,9.86380e-13
-0.5271489,1.460397,7.01661e-13,3.20796e-14
-0.5271488,1.460397,7.20313e-13,1.96874e-11
-0.5271487,1.460397,3.51719e-13,1.68228e-11
-0.5271487,1.460397,5.80869e-13,1.55824e-13
-0.5271487,1.460397,8.77520e-13,6.71993e-14
-0.5271487,1.460397,7.13207e-13,1.21166e-13
-0.5271487,1.460397,8.05578e-13,2.06284e-13
-0.5271487,1.460397,2.31815e-13,3.99325e-13
-0.5271487,1.460397,4.30767e-13,2.60099e-13
-0.5271485,1.460398,7.09655e-13,1.48074e-11
-0.5271484,1.460398,7.13207e-13,2.35942e-11
-0.5271484,1.460398,8.30447e-13,2.22247e-13
-0.5271483,1.460398,2.16716e-13,2.11644e-12
-0.5271483,1.460398,3.21521e-13,5.32798e-14
-0.5271481,1.460399,7.85150e-13,7.26998e-12
-0.527148,1.460399,3.03757e-13,4.84878e-13
-0.527148,1.460399,2.15827e-13,1.70419e-13
-0.5271479,1.460399,4.99156e-13,1.10905e-11
-0.5271479,1.460399,1.85629e-13,6.84261e-14
-0.5271478,1.460399,4.37872e-13,5.88741e-12
-0.5271478,1.460399,4.96492e-13,2.86532e-14
-0.5271478,1.460399,3.52607e-13,1.24466e-14
-0.5271477,1.460399,7.00773e-13,3.18109e-14
-0.5271477,1.460399,7.70051e-13,3.37109e-14
-0.5271477,1.460399,4.37872e-13,6.17576e-14
-0.5271477,1.460399,3.61489e-13,2.01274e-14
-0.5271476,1.460399,6.80345e-13,3.73099e-14
-0.5271476,1.460399,4.16556e-13,2.30497e-14
-0.5271476,1.460399,1.26121e-13,8.20349e-15
-0.5271476,1.460399,9.24594e-13,5.75888e-14
-0.5271475,1.460399,5.16032e-13,7.69688e-14
-0.5271475,1.460399,6.98108e-13,7.65699e-14
-0.5271475,1.460399,5.39124e-13,4.86099e-14
-0.5271475,1.460399,4.70735e-13,4.69862e-14
-0.5271474,1.460399,1.75859e-13,8.29124e-15
-0.5271474,1.460399,7.77156e-13,5.98917e-14
-0.5271474,1.460399,4.71623e-13,3.10920e-14
-0.5271474,1.460399,4.94715e-13,9.93026e-15
-0.5271474,1.460399,4.25437e-13,1.57599e-14
-0.5271474,1.460399,1.97176e-13,4.73189e-15
-0.5271473,1.460399,3.50830e-13,4.50969e-14
-0.5271473,1.460399,4.42313e-13,6.52694e-15
-0.5271473,1.460399,5.16920e-13,4.96971e-14
-0.5271473,1.460399,4.28102e-13,7.60178e-15
-0.5271473,1.460399,3.69482e-13,5.72061e-14
-0.5271473,1.460399,7.18536e-13,3.34104e-14
-0.5271472,1.460399,1.51879e-13,8.83717e-14
-0.5271472,1.460399,1.93623e-13,4.79542e-14
-0.5271472,1.460399,9.59233e-14,6.35288e-14
-0.5271472,1.4604,8.20677e-13,6.11165e-14
-0.5271472,1.4604,4.60965e-13,1.13042e-13
-0.5271472,1.4604,4.35207e-13,1.21250e-13
-0.5271472,1.4604,3.88134e-13,1.16551e-13
-0.5271471,1.4604,6.97220e-13,1.24357e-13
-0.5271471,1.4604,4.64517e-13,5.19741e-14
-0.5271469,1.460399,5.17808e-13,9.99716e-12
-0.5271469,1.460399,5.21361e-13,2.95562e-14
-0.5271469,1.460399,5.15143e-13,6.62176e-12
-0.5271466,1.460399,7.09655e-13,1.62101e-11
-0.5271466,1.460399,3.48166e-13,3.47943e-14
-0.5271465,1.460399,1.94511e-13,2.11683e-11
-0.5271465,1.460399,6.27054e-13,6.77139e-14
-0.5271465,1.460399,4.26326e-13,1.10321e-13
-0.5271464,1.460398,3.74811e-13,2.18714e-11
-0.5271463,1.460398,2.30038e-13,6.84088e-12
-0.5271463,1.460398,6.92779e-13,1.31019e-13
-0.5271463,1.460398,7.05214e-13,2.12874e-13
-0.5271463,1.460398,4.74287e-13,7.83681e-14
-0.5271463,1.460398,3.51719e-13,2.53719e-13
-0.5271463,1.460398,1.99840e-13,2.16621e-13
-0.5271463,1.460398,3.02869e-13,2.27607e-13
-0.5271462,1.460398,5.19584e-13,2.30682e-14
-0.5271462,1.460398,3.66818e-13,1.29009e-13
-0.5271462,1.460398,1.90958e-13,9.71008e-13
-0.5271462,1.460398,5.05374e-13,1.97588e-13
-0.5271461,1.460398,8.65974e-13,1.95073e-11
-0.5271459,1.460398,7.60281e-13,7.60543e-12
-0.5271459,1.460398,5.47118e-13,7.34986e-14
-0.5271459,1.460398,3.36620e-13,1.53196e-13
-0.5271459,1.460398,6.03961e-14,1.84525e-14
-0.5271459,1.460398,6.31495e-13,1.60408e-13
-0.5271458,1.460398,4.29878e-13,9.08528e-14
-0.5271458,1.460398,6.21725e-13,1.36950e-13
-0.5271458,1.460398,6.43929e-13,1.36100e-13
-0.5271458,1.460398,8.80185e-13,8.81173e-14
-0.5271458,1.460398,7.81597e-13,1.59797e-13
-0.5271458,1.460398,1.78524e-13,1.81668e-14
-0.5271458,1.460398,2.98428e-13,1.66547e-13
-0.5271458,1.460398,3.45501e-13,1.05598e-13
-0.5271458,1.460398,4.42313e-13,1.68015e-13
-0.5271458,1.460398,2.85993e-13,1.75092e-14
-0.5271457,1.460399,4.28990e-13,1.70560e-11
-0.5271456,1.460399,2.03393e-13,7.46101e-14
-0.5271456,1.460399,5.56888e-13,1.29022e-13
-0.5271456,1.460399,6.55476e-13,5.12669e-14
-0.5271456,1.460399,3.63265e-13,9.74491e-14
-0.5271456,1.460399,8.61533e-13,1.27859e-14
-0.5271455,1.460399,2.24709e-13,2.16059e-11
-0.5271455,1.460399,3.38396e-13,2.02366e-13
-0.5271454,1.460399,3.70370e-13,2.82565e-12
-0.5271454,1.460399,3.60600e-13,4.59960e-15
-0.5271454,1.460399,5.32019e-13,1.42177e-13
-0.5271454,1.460399,1.38556e-13,1.18690e-13
-0.5271454,1.460399,6.91891e-13,1.59515e-13
-0.5271454,1.460399,7.19425e-13,3.80652e-14
-0.527145,1.4604,4.81393e-13,2.40986e-11
-0.527145,1.4604,3.43725e-13,9.82965e-15
-0.5271449,1.460399,3.49054e-13,1.46383e-11
-0.5271449,1.460399,6.71463e-13,2.38575e-11
-0.5271449,1.460399,7.94032e-13,2.12509e-11
-0.5271449,1.460399,6.31495e-13,1.44816e-13
-0.5271448,1.460399,6.15508e-13,8.13106e-12
-0.5271448,1.460399,7.37188e-13,5.75949e-12
-0.5271448,1.460399,4.68958e-13,2.45536e-15
-0.5271446,1.460399,1.66089e-13,4.84230e-12
-0.5271446,1.460399,7.19425e-13,2.36035e-14
-0.5271445,1.460399,7.04325e-13,1.51855e-11
-0.5271445,1.460399,6.51035e-13,6.45819e-14
-0.5271445,1.460399,6.21725e-13,8.57216e-12
-0.5271445,1.460399,3.97904e-13,1.08407e-15
-0.5271444,1.460399,4.67182e-13,1.47448e-11
-0.5271444,1.460399,1.64313e-13,1.87435e-14
-0.5271444,1.4604,9.31699e-13,4.53113e-12
-0.5271444,1.4604,3.38396e-13,1.04071e-13
-0.5271443,1.4604,7.62057e-13,5.50192e-12
-0.5271443,1.4604,1.82077e-13,1.22554e-13
-0.5271443,1.4604,8.92619e-13,5.66089e-13
-0.5271443,1.4604,2.78888e-13,1.09549e-13
-0.527144,1.460399,7.62945e-13,1.31213e-11
-0.5271439,1.4604,9.69003e-13,6.90856e-12
-0.5271439,1.4604,7.66498e-13,8.98580e-14
-0.5271439,1.4604,1.08358e-13,3.87579e-14
-0.5271439,1.4604,3.59712e-13,1.13775e-11
-0.5271439,1.4604,3.50830e-13,1.47341e-13
-0.5271438,1.460401,8.98837e-13,1.70615e-11
-0.5271438,1.460401,2.89546e-13,6.45317e-16
-0.5271437,1.460402,3.75699e-13,7.74770e-13
-0.5271437,1.460402,1.27010e-13,1.19270e-13
-0.5271437,1.460402,2.35367e-13,4.21287e-14
-0.5271436,1.460402,5.44453e-13,1.58425e-13
-0.5271434,1.460402,6.11067e-13,2.28374e-11
-0.5271434,1.460402,1.39444e-13,7.95052e-12
-0.5271434,1.460402,4.39648e-13,1.44193e-13
-0.5271432,1.460403,3.94351e-13,1.73137e-11
-0.5271432,1.460403,4.65405e-13,7.47507e-14
-0.5271432,1.460403,1.27898e-13,8.86001e-14
-0.5271432,1.460403,5.82645e-13,8.55693e-12
-0.5271431,1.460403,7.96696e-13,2.70270e-14
-0.5271431,1.460403,7.30971e-13,6.80703e-15
-0.5271428,1.460403,4.05009e-13,1.38427e-12
-0.5271427,1.460403,2.19380e-13,2.12231e-11
-0.5271427,1.460403,7.29194e-13,8.22317e-16
-0.5271427,1.460403,7.08766e-13,5.66391e-14
-0.5271426,1.460403,3.70370e-13,9.08040e-14
-0.5271426,1.460403,9.17488e-13,2.44301e-13
-0.5271424,1.460403,2.76223e-13,1.04335e-11
-0.5271424,1.460403,4.73399e-13,2.83371e-13
-0.5271424,1.460403,6.21725e-13,1.48287e-13
-0.5271423,1.460403,5.52447e-13,2.98834e-13
-0.5271423,1.460403,2.50466e-13,8.93892e-14
-0.5271423,1.460403,3.52607e-13,2.22881e-13
-0.5271423,1.460403,3.72147e-13,8.46434e-14
-0.5271423,1.460403,9.14824e-13,6.48794e-14
-0.5271423,1.460403,3.87246e-13,2.40712e-13
-0.5271423,1.460403,2.89546e-13,6.33133e-14
-0.5271423,1.460403,5.24913e-13,2.99296e-13
-0.5271423,1.460403,6.96332e-13,1.64808e-13
-0.5271423,1.460403,6.89226e-13,1.92901e-13
-0.5271423,1.460403,7.05214e-13,8.26454e-14
-0.5271423,1.460403,3.21521e-13,2.69647e-14
-0.5271423,1.460403,5.66658e-13,1.52537e-13
-0.5271423,1.460403,3.64153e-13,2.69769e-13
-0.5271423,1.460403,6.74127e-13,2.21969e-13
-0.5271423,1.460403,7.02549e-13,3.85014e-14
-0.5271422,1.460403,7.06990e-13,1.26523e-13
-0.5271422,1.460403,7.00773e-13,6.39652e-14
-0.5271422,1.460403,5.64881e-13,1.26519e-13
-0.5271422,1.460403,7.28306e-13,6.21146e-14
-0.5271422,1.460403,2.32703e-13,2.20544e-13
-0.5271422,1.460403,2.54019e-13,2.85570e-14
-0.5271422,1.460404,5.12479e-13,2.84856e-13
-0.5271422,1.460404,6.62581e-13,1.97439e-13
-0.5271422,1.460404,7.42517e-13,2.01901e-13
-0.5271422,1.460404,2.77112e-13,6.62624e-14
-0.5271422,1.460404,3.36620e-13,1.14775e-13
-0.5271422,1.460404,2.41585e-13,2.56161e-13
-0.5271422,1.460404,5.69322e-13,2.29441e-13
-0.5271422,1.460404,3.60600e-13,2.82230e-13
-0.5271422,1.460404,4.16556e-13,1.72716e-13
-0.5271422,1.460404,7.44294e-13,3.79021e-13
-0.5271422,1.460404,1.03917e-13,2.43806e-13
-0.5271421,1.460404,2.78888e-13,2.05282e-13
-0.5271421,1.460404,9.94760e-14,3.44225e-13
-0.5271421,1.460404,7.06990e-13,3.34687e-13
-0.5271421,1.460404,6.81233e-13,2.16814e-13
-0.5271421,1.460404,7.40741e-13,3.20047e-14
-0.5271421,1.460404,6.45706e-13,2.23686e-13
-0.5271421,1.460404,2.09610e-13,3.02429e-14
-0.5271421,1.460404,2.64677e-13,2.65348e-13
-0.5271421,1.460404,3.39284e-13,1.72409e-13
-0.5271421,1.460404,3.38396e-13,1.75441e-13
-0.5271421,1.460404,3.26850e-13,3.01390e-13
-0.5271421,1.460404,3.99680e-13,1.50450e-13
-0.5271421,1.460404,3.71259e-13,1.49176e-13
-0.5271421,1.460404,1.78524e-13,1.91225e-13
-0.5271421,1.460404,3.53495e-13,2.30082e-13
-0.5271421,1.460404,6.96332e-13,2.69831e-13
-0.5271421,1.460404,3.98792e-13,3.07386e-13
-0.5271421,1.460404,3.04645e-13,3.08183e-13
-0.5271421,1.460404,7.25642e-13,2.60508e-13
-0.5271421,1.460404,3.52607e-13,1.09839e-13
-0.5271421,1.460404,1.29674e-13,1.92402e-13
-0.527142,1.460404,8.34888e-13,3.76770e-14
-0.527142,1.460404,7.96696e-13,3.15274e-13
-0.527142,1.460404,3.34843e-13,6.07310e-14
-0.527142,1.460404,3.68594e-13,1.63670e-13
-0.527142,1.460404,8.34888e-13,2.00949e-13
-0.527142,1.460404,5.01821e-13,1.74420e-13
-0.527142,1.460404,6.98996e-13,2.32800e-13
-0.527142,1.460404,6.84786e-13,3.34637e-13
-0.527142,1.460404,3.58824e-13,3.97048e-13
-0.527142,1.460404,3.90799e-13,3.33481e-13
-0.527142,1.460404,5.23137e-13,8.40990e-14
-0.527142,1.460404,5.00933e-13,7.61401e-14
-0.527142,1.460404,7.15872e-13,2.95985e-13
-0.527142,1.460404,1.35891e-13,2.60554e-13
-0.527142,1.460404,5.40901e-13,4.24939e-13
-0.527142,1.460404,1.92735e-13,3.10311e-13
-0.527142,1.460404,6.36824e-13,3.83015e-13
-0.527142,1.460404,4.57412e-13,1.62505e-13
-0.527142,1.460404,4.42313e-13,1.22670e-13
-0.527142,1.460404,3.55271e-13,2.71854e-13
-0.527142,1.460404,7.02549e-13,1.29015e-13
-0.527142,1.460404,9.78773e-13,1.73441e-13
-0.527142,1.460404,3.75699e-13,4.18700e-13
-0.5271419,1.460404,3.51719e-13,2.17960e-11
-0.5271419,1.460404,5.95080e-13,7.33226e-12
-0.5271419,1.460404,8.96172e-13,6.32402e-14
-0.5271419,1.460404,3.09086e-13,2.29037e-13
-0.5271418,1.460404,9.40581e-13,2.10199e-11
-0.5271415,1.460404,4.90274e-13,1.61107e-11
-0.5271415,1.460404,5.23137e-13,1.29168e-14
-0.5271415,1.460404,3.39284e-13,4.39726e-14
-0.5271415,1.460404,3.60600e-13,2.15366e-13
-0.5271415,1.460404,3.01981e-13,2.61765e-13
-0.5271415,1.460404,7.33635e-13,1.82177e-13
-0.5271415,1.460404,5.12479e-13,2.58041e-13
-0.5271415,1.460404,1.62537e-13,2.18431e-13
-0.5271415,1.460404,4.22773e-13,6.37007e-14
-0.5271415,1.460404,3.41061e-13,7.94183e-14
-0.5271415,1.460404,7.10543e-13,2.78891e-13
-0.5271415,1.460404,6.56364e-13,9.75864e-14
-0.5271415,1.460404,3.38396e-13,1.03283e-13
-0.5271413,1.460404,5.08038e-13,6.62137e-12
-0.5271413,1.460404,9.65450e-13,2.16509e-11
-0.5271413,1.460404,3.96128e-13,1.47979e-13
-0.5271411,1.460405,7.26530e-13,2.22005e-11
-0.5271411,1.460405,6.98108e-13,2.32293e-15
-0.527141,1.460405,5.72875e-13,1.39212e-14
-0.5271407,1.460405,7.27418e-13,1.44417e-12
-0.5271407,1.460405,3.61489e-13,6.33004e-14
-0.5271407,1.460405,5.59552e-14,1.46090e-11
-0.5271407,1.460405,3.68594e-13,2.92575e-13
-0.5271407,1.460405,5.07150e-13,1.50022e-11
-0.5271406,1.460405,6.21725e-14,2.21889e-11
-0.5271406,1.460405,5.88862e-13,1.75232e-13
-0.5271401,1.460406,3.78364e-13,1.12606e-11
-0.5271401,1.460406,5.68434e-13,3.53903e-14
-0.5271401,1.460406,3.18856e-13,3.29657e-14
-0.5271401,1.460406,3.72147e-13,3.38477e-13
-0.5271401,1.460406,2.38032e-13,1.00450e-13
-0.5271401,1.460406,1.45661e-13,1.18266e-13
-0.5271401,1.460406,7.19425e-13,1.95062e-16
-0.5271401,1.460406,5.59552e-13,1.24190e-12
-0.5271399,1.460406,2.64677e-13,2.13469e-11
-0.5271398,1.460406,5.31131e-13,1.37783e-11
-0.5271398,1.460406,2.66454e-14,2.23455e-13
-0.5271398,1.460406,7.30083e-13,3.38289e-13
-0.5271398,1.460406,7.21201e-13,4.29375e-13
-0.5271398,1.460406,7.00773e-13,5.00935e-13
-0.5271398,1.460406,2.74447e-13,3.84794e-14
-0.5271398,1.460406,2.49578e-13,8.19792e-14
-0.5271398,1.460406,7.21201e-13,1.43083e-13
-0.5271398,1.460406,2.96652e-13,2.34252e-13
-0.5271398,1.460406,3.74811e-13,3.73459e-13
-0.5271398,1.460406,4.64517e-13,4.24916e-14
-0.5271398,1.460406,7.30971e-13,2.73677e-13
-0.5271398,1.460406,8.41993e-13,4.82335e-13
-0.5271398,1.460406,8.00249e-13,1.46514e-13
-0.5271398,1.460406,5.05374e-13,4.69908e-13
-0.5271398,1.460406,4.25437e-13,2.90539e-13
-0.5271398,1.460406,1.74971e-13,1.40587e-13
-0.5271395,1.460407,7.31859e-13,7.91683e-12
-0.5271395,1.460407,5.63993e-13,2.96378e-13
-0.5271395,1.460407,3.50830e-13,1.91509e-13
-0.5271395,1.460407,7.31859e-13,3.03069e-13
-0.5271395,1.460407,5.30243e-13,2.07199e-13
-0.5271395,1.460407,8.97948e-13,3.79237e-13
-0.5271395,1.460407,4.61853e-13,3.84701e-13
-0.5271395,1.460407,5.13367e-13,2.30468e-13
-0.5271395,1.460407,5.15143e-13,3.89230e-13
-0.5271395,1.460407,8.17124e-13,4.17346e-13
-0.5271395,1.460407,5.99520e-13,3.17359e-13
-0.5271395,1.460407,7.32747e-13,8.74278e-14
-0.5271395,1.460407,5.36460e-13,2.04873e-13
-0.5271395,1.460407,8.00249e-13,2.03228e-13
-0.5271395,1.460407,4.82281e-13,7.40269e-14
-0.5271395,1.460407,5.58664e-13,2.88032e-13
-0.5271395,1.460407,2.64677e-13,3.63100e-13
-0.5271395,1.460407,5.95080e-13,2.76093e-13
-0.5271394,1.460407,7.30971e-13,4.85657e-13
-0.5271394,1.460407,4.14779e-13,4.80900e-13
-0.5271394,1.460407,6.39488e-13,2.08847e-13
-0.5271394,1.460407,2.25597e-13,2.91111e-13
-0.5271394,1.460407,4.81393e-13,1.32240e-13
-0.5271394,1.460407,1.74083e-13,1.48424e-13
-0.5271394,1.460407,5.24025e-13,3.03588e-13
-0.5271394,1.460407,8.88178e-13,3.87316e-13
-0.5271394,1.460407,2.56684e-13,6.06993e-14
-0.5271394,1.460407,4.57412e-13,3.16870e-13
-0.5271394,1.460407,2.65565e-13,1.86266e-13
-0.5271394,1.460407,7.06990e-13,1.92850e-13
-0.5271394,1.460407,6.10179e-13,2.57971e-13
-0.5271393,1.460407,7.46070e-13,1.03655e-11
-0.5271393,1.460407,8.04690e-13,1.36459e-14
-0.5271392,1.460407,6.58140e-13,4.36365e-12
-0.5271392,1.460407,6.38600e-13,2.05117e-13
-0.5271392,1.460407,1.72307e-13,1.54501e-13
-0.5271392,1.460406,5.07150e-13,1.80901e-11
-0.5271392,1.460406,7.30083e-13,1.40895e-13
-0.5271392,1.460406,7.10543e-13,1.67766e-13
-0.5271392,1.460406,7.29194e-13,7.41554e-14
-0.5271392,1.460406,4.14779e-13,6.46588e-14
-0.5271391,1.460407,9.75220e-13,1.88831e-13
-0.5271391,1.460407,1.58096e-13,1.06920e-13
-0.5271391,1.460407,3.31291e-13,2.25448e-14
-0.5271391,1.460407,7.54952e-13,1.61773e-13
-0.5271391,1.460407,3.58824e-13,1.73565e-13
-0.5271391,1.460407,5.31131e-13,7.29591e-14
-0.5271391,1.460407,8.70415e-13,7.68494e-14
-0.5271391,1.460407,3.49054e-13,1.74675e-13
-0.5271391,1.460407,5.12479e-13,2.65178e-14
-0.5271391,1.460407,4.97380e-13,4.77590e-14
-0.5271391,1.460407,7.94032e-13,6.16848e-14
-0.527139,1.460407,6.27942e-13,8.70659e-14
-0.527139,1.460407,4.86722e-13,1.39120e-13
-0.527139,1.460407,8.08242e-13,2.54445e-14
-0.527139,1.460407,2.62901e-13,1.81117e-13
-0.5271389,1.460407,5.29354e-13,1.29452e-11
-0.5271389,1.460407,1.75859e-13,1.44346e-13
-0.5271389,1.460407,4.58300e-13,1.58798e-13
-0.5271389,1.460407,3.55271e-13,3.90741e-14
-0.5271389,1.460407,2.85993e-13,3.58061e-14
-0.5271389,1.460407,4.76064e-13,1.76219e-13
-0.5271388,1.460406,5.49782e-13,1.66243e-11
-0.5271388,1.460406,9.02389e-13,2.68405e-13
-0.5271388,1.460406,8.26894e-13,1.33466e-13
-0.5271388,1.460406,6.60805e-13,1.66155e-13
-0.5271388,1.460406,3.15303e-13,8.41357e-14
-0.5271386,1.460406,6.66134e-13,1.33546e-11
-0.5271386,1.460406,5.15143e-13,6.35382e-14
-0.5271386,1.460406,4.13891e-13,1.15399e-13
-0.5271386,1.460406,1.90958e-13,2.20760e-12
-0.5271384,1.460406,4.34319e-13,1.14795e-11
-0.5271383,1.460407,7.54952e-14,7.00940e-14
-0.5271383,1.460407,6.79456e-13,1.25810e-13
-0.5271383,1.460407,7.34524e-13,1.45799e-13
-0.5271383,1.460407,8.34888e-14,1.10749e-13
-0.5271383,1.460407,3.69482e-13,9.18633e-14
-0.5271383,1.460407,7.30971e-13,1.17898e-13
-0.5271382,1.460407,4.87610e-13,8.37908e-12
-0.5271381,1.460407,1.13687e-13,1.95257e-11
-0.5271381,1.460407,7.01661e-14,1.95021e-11
-0.5271381,1.460407,7.21201e-13,1.08854e-13
-0.5271381,1.460407,3.01092e-13,9.89183e-14
-0.5271381,1.460407,5.87086e-13,1.09221e-13
-0.527138,1.460407,9.23706e-14,1.76372e-14
-0.527138,1.460407,9.44134e-13,2.36741e-11
-0.527138,1.460407,3.41949e-13,7.50973e-16
-0.5271379,1.460407,6.68798e-13,3.97007e-14
-0.5271379,1.460407,9.90319e-13,3.07575e-14
-0.5271379,1.460407,5.53335e-13,2.50416e-14
-0.5271378,1.460407,7.65610e-13,5.34157e-14
-0.5271378,1.460407,6.60805e-13,4.81623e-14
-0.5271378,1.460407,7.36300e-13,2.25653e-14
-0.5271378,1.460407,7.14984e-13,3.35556e-14
-0.5271377,1.460407,2.19380e-13,3.37345e-14
-0.5271377,1.460407,6.62581e-13,6.19606e-15
-0.5271377,1.460407,2.50466e-13,1.15055e-14
-0.5271376,1.460407,3.60600e-13,4.20318e-14
-0.5271376,1.460407,4.30767e-13,2.66638e-15
-0.5271376,1.460407,4.68070e-13,1.60582e-14
-0.5271375,1.460407,8.09131e-13,2.00291e-14
-0.5271375,1.460407,5.50671e-13,1.62781e-14
-0.5271375,1.460407,4.47642e-13,2.65017e-14
-0.5271374,1.460407,7.35412e-13,4.23577e-14
-0.5271374,1.460407,7.06990e-13,2.08431e-14
-0.5271374,1.460407,4.98268e-13,4.59037e-14
-0.5271373,1.460407,2.07834e-13,4.18707e-12
-0.5271371,1.460407,4.76064e-13,2.03324e-11
-0.5271371,1.460407,6.74127e-13,1.08963e-13
-0.5271369,1.460408,3.57048e-13,1.06084e-11
-0.5271369,1.460408,8.61533e-13,4.32740e-14
-0.5271367,1.460407,9.39693e-13,1.79589e-11
-0.5271367,1.460407,5.89750e-13,2.23392e-13
-0.5271366,1.460407,3.65041e-13,1.20250e-13
-0.5271366,1.460407,9.55680e-13,1.08418e-12
-0.5271366,1.460407,3.10862e-13,1.71295e-14
-0.5271365,1.460407,3.68594e-13,5.92144e-14
-0.5271364,1.460408,5.55112e-13,2.08257e-11
-0.5271362,1.460408,3.28626e-13,2.05019e-11
-0.5271362,1.460408,4.97380e-13,2.79393e-13
-0.5271362,1.460408,5.71987e-13,8.63474e-14
-0.5271361,1.460408,4.93827e-13,2.24676e-13
-0.5271361,1.460408,7.67386e-13,7.38055e-14
-0.527136,1.460408,5.83533e-13,4.76396e-12
-0.527136,1.460408,5.32019e-13,4.31106e-16
-0.527136,1.460408,9.69003e-13,6.17682e-12
-0.527136,1.460408,7.38076e-13,2.03748e-13
-0.5271359,1.460408,8.48210e-13,1.84477e-11
-0.5271359,1.460408,9.04166e-13,1.81922e-13
-0.5271357,1.460408,4.90274e-13,1.57903e-12
-0.5271357,1.460408,7.51399e-13,2.79133e-13
-0.5271356,1.460408,9.36140e-13,2.19272e-11
-0.5271356,1.460408,3.61489e-13,8.64362e-14
-0.5271354,1.460408,4.82281e-13,2.16619e-11
-0.5271354,1.460408,6.42153e-13,2.62698e-13
-0.5271351,1.460408,5.09814e-13,2.41077e-11
-0.527135,1.460408,3.44613e-13,1.92544e-11
-0.527135,1.460408,5.64881e-13,2.88221e-15
-0.527135,1.460408,3.57048e-13,1.04319e-11
-0.5271345,1.460408,9.47686e-13,2.17800e-14
-0.527134,1.460408,3.66818e-13,1.01625e-13
-0.527134,1.460408,1.68754e-13,2.32066e-11
-0.5271339,1.460408,9.33476e-13,2.38832e-11
-0.5271339,1.460408,7.50511e-13,3.93738e-14
-0.5271338,1.460408,4.83169e-13,9.16456e-12
-0.5271338,1.460408,8.41105e-13,1.17519e-11
-0.5271338,1.460408,7.51399e-13,4.74791e-15
-0.5271336,1.460408,4.75175e-13,1.57474e-11
-0.5271336,1.460408,4.28102e-13,2.48552e-13
-0.5271335,1.460409,7.06990e-13,1.41751e-11
-0.5271335,1.460409,4.11227e-13,1.39534e-12
-0.5271334,1.460409,6.66134e-13,7.00735e-12
-0.5271334,1.460409,4.86722e-13,3.00329e-13
-0.5271334,1.460409,6.51035e-13,2.30841e-13
-0.5271332,1.460409,3.18856e-13,1.54284e-11
-0.5271332,1.460409,5.22249e-13,5.73647e-13
-0.527133,1.46041,3.59712e-13,2.88770e-12
-0.5271329,1.46041,3.09086e-13,2.31421e-11
-0.5271325,1.460411,6.60805e-13,1.11905e-11
-0.5271323,1.460411,8.09131e-13,1.87244e-11
-0.527132,1.460411,9.19265e-13,3.76786e-12
-0.527132,1.460411,9.04166e-13,8.81032e-14
-0.527132,1.460411,1.06581e-13,4.65027e-14
-0.527132,1.460411,6.84786e-13,5.46268e-14
-0.5271319,1.460411,3.67706e-13,1.03234e-15
-0.5271319,1.460411,5.25802e-13,4.61096e-14
-0.5271319,1.460411,9.42357e-13,1.85256e-11
-0.5271319,1.460411,3.57936e-13,6.47975e-14
-0.5271318,1.460411,2.97540e-13,3.68102e-14
-0.5271318,1.460411,1.70530e-13,5.98474e-14
-0.5271318,1.460411,3.32179e-13,6.84339e-14
-0.5271318,1.460411,2.48690e-13,4.22801e-14
-0.5271318,1.460411,4.68958e-13,5.41424e-14
-0.5271317,1.460411,5.54223e-13,2.36578e-14
-0.5271317,1.460411,2.45137e-13,5.20199e-14
-0.5271316,1.460411,3.85469e-13,4.10687e-12
-0.5271315,1.460411,3.25073e-13,1.95642e-11
-0.5271315,1.460411,6.59917e-13,9.03221e-14
-0.5271315,1.460411,7.44294e-13,3.83069e-13
-0.5271314,1.460411,5.90639e-13,4.53986e-12
-0.5271256,1.460416,4.51195e-13,8.58094e-14
-0.5271255,1.460417,7.14984e-13,9.25662e-12
-0.5271255,1.460417,2.22045e-13,2.43733e-15
-0.5271253,1.460416,1.37668e-13,1.86017e-11
-0.5271253,1.460416,7.86038e-13,2.53635e-14
-0.5271252,1.460416,8.02913e-13,1.75671e-12
-0.5271252,1.460416,3.53495e-13,1.98706e-14
-0.5271252,1.460416,4.14779e-13,1.13193e-11
-0.5271252,1.460416,2.11386e-13,2.65977e-15
-0.5271251,1.460416,9.10383e-13,1.22640e-11
-0.5271251,1.460416,9.23706e-13,6.19337e-15
-0.5271251,1.460416,2.52243e-13,1.18855e-11
-0.5271251,1.460416,2.80664e-13,4.25302e-14
-0.527125,1.460416,5.78204e-13,1.74463e-11
-0.5271249,1.460416,4.19220e-13,1.02916e-13
-0.5271249,1.460417,2.52243e-13,1.86240e-11
-0.5271249,1.460417,6.66134e-13,1.68835e-13
-0.5271246,1.460415,4.87610e-13,1.97537e-11
-0.5271246,1.460416,9.85878e-14,1.13936e-11
-0.5271246,1.460416,3.44613e-13,3.04150e-13
-0.5271245,1.460416,7.66498e-13,2.00052e-11
-0.5271245,1.460416,7.56728e-13,3.58693e-13
-0.5271242,1.460416,1.85629e-13,6.32546e-12
-0.5271242,1.460416,8.51763e-13,3.23125e-13
-0.527124,1.460417,3.61489e-13,1.17129e-11
-0.527124,1.460417,9.76996e-13,1.10265e-11
-0.5271238,1.460417,1.80300e-13,4.33795e-12
-0.5271238,1.460417,8.96172e-13,3.76458e-13
-0.5271237,1.460417,5.43565e-13,1.59479e-11
-0.5271237,1.460417,4.24549e-13,1.81888e-13
-0.5271234,1.460417,4.39648e-13,6.41982e-13
-0.5271234,1.460417,2.40696e-13,2.04240e-11
-0.5271234,1.460417,5.53335e-13,1.82944e-13
-0.5271232,1.460416,9.74332e-13,1.16625e-11
-0.5271231,1.460417,5.60441e-13,1.25419e-11
-0.5271231,1.460417,4.21885e-13,6.29944e-13
-0.527123,1.460417,2.28262e-13,1.70794e-11
-0.527123,1.460417,1.47438e-13,2.46315e-13
-0.5271228,1.460417,8.41105e-13,3.84611e-12
-0.5271228,1.460417,3.48166e-13,3.14922e-13
-0.5271227,1.460417,9.50351e-14,7.15816e-12
-0.5271227,1.460417,7.78932e-13,4.14104e-13
-0.5271226,1.460417,5.74651e-13,3.05138e-12
-0.5271225,1.460417,4.83169e-13,1.32852e-11
-0.5271225,1.460417,6.89226e-13,7.03332e-13
-0.5271222,1.460417,6.75016e-13,1.15347e-11
-0.5271222,1.460417,3.83693e-13,3.71824e-13
-0.5271221,1.460417,8.79297e-14,1.35587e-11
-0.5271221,1.460417,5.83533e-13,1.53099e-13
-0.527122,1.460417,2.55795e-13,4.52299e-12
-0.527122,1.460417,4.49418e-13,2.17707e-13
-0.5271219,1.460417,9.41469e-13,6.50480e-12
-0.5271219,1.460417,2.90434e-13,2.56196e-13
-0.5271219,1.460417,2.76223e-13,3.67575e-12
-0.5271219,1.460417,5.03597e-13,2.82028e-13
-0.5271218,1.460417,6.79456e-13,3.83933e-12
-0.5271218,1.460417,4.84945e-13,3.91361e-13
-0.5271218,1.460417,7.62057e-13,7.58492e-12
-0.5271218,1.460417,7.90479e-13,2.12578e-13
-0.5271214,1.460417,6.98996e-13,5.48860e-12
-0.5271214,1.460417,8.05578e-13,6.22035e-14
-0.5271213,1.460418,7.84262e-13,2.32569e-12
-0.5271213,1.460418,5.28466e-13,1.59352e-11
-0.5271213,1.460418,9.32587e-13,1.72888e-13
-0.5271211,1.460418,6.13731e-13,9.76712e-12
-0.5271211,1.460418,8.43769e-13,1.34800e-13
-0.5271209,1.460418,9.63674e-13,7.86043e-12
-0.5271209,1.460418,8.34888e-13,3.65442e-14
-0.5271207,1.460418,6.93667e-13,3.58694e-13
-0.5271207,1.460418,4.08562e-13,7.58198e-14
-0.5271205,1.460418,2.73559e-13,4.32990e-12
-0.5271202,1.460418,7.95808e-13,7.87477e-12
-0.5271202,1.460418,5.44453e-13,6.60464e-14
-0.5271201,1.460418,5.62217e-13,1.05765e-11
-0.5271201,1.460418,6.52811e-13,5.35409e-14
-0.52712,1.460418,8.25118e-13,5.39347e-12
-0.52712,1.460418,3.48166e-13,2.06054e-14
-0.52712,1.460419,7.46070e-13,1.03467e-11
-0.52712,1.460419,4.99156e-13,3.12007e-14
-0.5271199,1.460419,7.68274e-13,1.20561e-11
-0.5271199,1.460419,3.75699e-13,1.80772e-14
-0.5271198,1.460419,6.76792e-13,8.31850e-13
-0.5271198,1.460419,1.62537e-13,7.04711e-14
-0.5271197,1.460418,4.04121e-13,4.04759e-12
-0.5271197,1.460418,3.24185e-13,2.33351e-13
-0.5271196,1.460418,6.65246e-13,1.26114e-11
-0.5271196,1.460418,3.84581e-13,4.14371e-14
-0.5271195,1.460418,7.94920e-13,7.68907e-12
-0.5271195,1.460418,8.02025e-13,6.78051e-15
-0.5271195,1.460418,4.35207e-13,2.11968e-12
-0.5271195,1.460418,2.19380e-13,1.57582e-13
-0.5271195,1.460418,2.43361e-13,1.85578e-11
-0.5271195,1.460418,3.95239e-13,3.99430e-14
-0.5271193,1.460418,1.96287e-13,1.77612e-11
-0.5271193,1.460418,4.16556e-13,2.88055e-12
-0.5271193,1.460418,4.93827e-13,3.11617e-13
-0.5271191,1.460418,2.32703e-13,7.80896e-12
-0.5271191,1.460418,7.29194e-13,2.69623e-13
-0.5271189,1.460418,8.66862e-13,1.70134e-11
-0.5271189,1.460418,6.19949e-13,2.37874e-13
-0.5271188,1.460418,6.50147e-13,3.63616e-12
-0.5271188,1.460418,4.69846e-13,1.83742e-13
-0.5271187,1.460418,7.36300e-13,1.32102e-11
-0.5271187,1.460418,7.94032e-13,8.90928e-14
-0.5271185,1.460419,9.28146e-13,8.70740e-12
-0.5271185,1.460419,8.46434e-13,5.08631e-14
-0.5271182,1.460419,3.43725e-13,1.60738e-11
-0.5271182,1.460419,7.14095e-13,3.17070e-12
-0.5271182,1.460419,8.08242e-13,1.60251e-13
-0.5271181,1.460419,4.99156e-13,5.60356e-12
-0.5271181,1.460419,5.55112e-13,2.44769e-13
-0.5271179,1.46042,3.65930e-13,1.90961e-12
-0.5271179,1.46042,4.45866e-13,1.21234e-13
-0.5271178,1.46042,2.62901e-13,1.42664e-11
-0.5271178,1.46042,7.62057e-13,4.58394e-14
-0.5271176,1.46042,3.82805e-13,8.75432e-12
-0.5271176,1.46042,7.84262e-13,2.16545e-14
-0.5271175,1.46042,2.78000e-13,1.71684e-11
-0.5271175,1.460419,7.44294e-13,1.02035e-11
-0.5271172,1.460419,6.45706e-13,1.17772e-12
-0.5271172,1.460419,8.00249e-13,2.69815e-16
-0.5271169,1.46042,7.23865e-13,2.61368e-13
-0.5271169,1.46042,4.19220e-13,1.03052e-13
-0.5271167,1.46042,8.41105e-13,6.78650e-13
-0.5271167,1.46042,9.54792e-13,6.75964e-15
-0.5271165,1.46042,4.36984e-13,1.19287e-11
-0.5271163,1.46042,1.92735e-13,4.22384e-12
-0.5271163,1.46042,2.29150e-13,1.34738e-14
-0.5271161,1.46042,9.69003e-13,1.19778e-11
-0.5271158,1.46042,4.80505e-13,1.06576e-11
-0.5271158,1.46042,2.45137e-13,3.30904e-15
-0.5271158,1.46042,8.76632e-13,8.35882e-12
-0.5271158,1.46042,2.41585e-13,1.27340e-13
-0.5271158,1.46042,6.95444e-13,1.22380e-11
-0.5271158,1.46042,4.89386e-13,1.08639e-11
-0.5271158,1.46042,4.92051e-13,8.25973e-14
-0.5271157,1.46042,2.76223e-13,3.53623e-12
-0.5271156,1.460419,9.14824e-13,4.49602e-12
-0.5271156,1.460419,9.58345e-13,2.08575e-14
-0.5271156,1.460419,7.95808e-13,4.04548e-12
-0.5271156,1.460419,4.28102e-13,5.47629e-14
-0.5271154,1.46042,5.59552e-13,1.67579e-11
-0.5271154,1.46042,6.27054e-13,1.49965e-14
-0.5271152,1.46042,2.01617e-13,3.54587e-12
-0.5271152,1.46042,7.95808e-13,8.76880e-12
-0.5271152,1.46042,4.15668e-13,2.20772e-13
-0.5271152,1.46042,4.34319e-13,4.47377e-12
-0.527115,1.46042,3.26850e-13,9.69205e-12
-0.527115,1.46042,2.41585e-13,1.99781e-13
-0.527115,1.46042,8.82849e-13,1.55694e-11
-0.5271148,1.46042,7.91367e-13,3.47240e-12
-0.5271148,1.46042,2.11386e-13,1.34108e-13
-0.5271146,1.46042,1.98952e-13,1.33143e-11
-0.5271146,1.46042,8.76632e-13,1.96243e-13
-0.5271145,1.46042,1.73195e-13,1.22702e-11
-0.5271143,1.46042,5.71987e-13,2.20578e-14
-0.5271141,1.46042,2.34479e-13,5.04703e-12
-0.5271139,1.46042,8.31335e-13,2.55748e-15
-0.5271132,1.460419,3.98792e-13,1.27729e-11
-0.5271128,1.460419,4.08562e-13,1.23646e-11
-0.5271128,1.460419,5.56000e-13,1.68546e-14
-0.5271127,1.460419,2.33591e-13,1.00083e-11
-0.5271124,1.460418,8.75744e-13,7.43257e-12
-0.5271124,1.460418,4.57412e-13,8.35780e-14
-0.5271124,1.460419,9.94760e-14,2.93298e-12
-0.5271123,1.460419,1.57208e-13,3.08177e-14
-0.5271123,1.460419,3.53495e-13,7.08314e-14
-0.5271123,1.460419,3.16192e-13,1.06618e-14
-0.5271122,1.460419,4.20997e-13,5.69446e-14
-0.5271122,1.460419,5.42677e-13,3.78205e-14
-0.5271122,1.460419,6.48370e-13,3.38750e-14
-0.5271122,1.460419,4.96492e-13,9.56320e-14
-0.5271122,1.460419,4.17444e-13,8.92320e-12
-0.5271122,1.460419,5.83533e-13,1.26135e-11
-0.5271122,1.460418,3.90799e-13,1.08482e-11
-0.5271121,1.460418,8.22453e-13,6.71012e-12
-0.5271119,1.460418,3.89022e-13,2.57591e-12
-0.5271119,1.460418,4.43201e-13,4.06126e-14
-0.5271117,1.460419,2.14939e-13,1.20268e-11
-0.5271117,1.460419,8.26006e-14,3.72160e-15
-0.5271117,1.460419,1.84741e-13,1.56568e-13
-0.5271116,1.460419,1.34115e-13,2.99505e-12
-0.5271116,1.460419,4.09450e-13,2.34509e-13
-0.5271115,1.46042,6.37712e-13,1.17960e-11
-0.5271115,1.46042,8.33111e-13,5.69475e-14
-0.5271115,1.46042,2.55795e-13,9.75191e-13
-0.5271115,1.46042,1.34115e-13,1.27667e-13
-0.5271115,1.46042,8.19789e-13,5.41301e-12
-0.5271115,1.46042,6.11067e-13,4.91271e-12
-0.5271115,1.46042,1.62537e-13,1.53358e-13
-0.5271114,1.46042,3.56160e-13,9.29943e-12
-0.5271114,1.46042,4.38760e-13,4.46893e-14
-0.5271113,1.46042,4.83169e-13,7.84742e-12
-0.5271113,1.46042,5.87974e-13,1.20347e-13
-0.5271111,1.46042,4.79616e-14,6.41409e-12
-0.5271111,1.46042,9.55680e-13,5.11271e-13
-0.5271108,1.46042,5.70211e-13,6.00360e-12
-0.5271108,1.46042,5.53335e-13,7.70765e-14
-0.5271106,1.460421,6.90115e-13,5.57424e-12
-0.5271106,1.460421,7.77156e-13,1.66507e-14
-0.5271104,1.460421,3.92575e-13,1.25712e-11
-0.5271104,1.460421,8.34888e-13,1.08156e-13
-0.5271103,1.460421,4.08562e-13,6.88491e-12
-0.5271103,1.460421,3.48166e-13,9.94047e-14
-0.5271101,1.460421,9.86766e-13,6.56842e-13
-0.5271101,1.460421,4.92051e-13,1.84701e-14
-0.52711,1.460421,2.36255e-13,4.94582e-12
-0.52711,1.460421,5.11591e-13,1.27138e-11
-0.52711,1.460421,6.70575e-13,2.22052e-13
-0.52711,1.460421,6.71463e-13,1.69254e-11
-0.52711,1.460421,4.23661e-13,1.86741e-13
-0.5271098,1.460421,5.21361e-13,1.64044e-11
-0.5271098,1.460421,3.87246e-13,1.64562e-13
-0.5271097,1.460422,2.81553e-13,1.40803e-11
-0.5271095,1.460422,4.17444e-13,1.18932e-12
-0.5271095,1.460422,3.03757e-13,1.60122e-13
-0.5271095,1.460422,5.17808e-13,1.50221e-11
-0.5271095,1.460422,8.22453e-13,1.03868e-13
-0.5271093,1.460421,9.55680e-13,7.97866e-13
-0.5271093,1.460421,4.47642e-13,6.97735e-14
-0.527109,1.460421,5.95968e-13,1.13659e-11
-0.527109,1.460421,5.33795e-13,1.48411e-14
-0.5271089,1.460422,1.62537e-13,1.64656e-11
-0.5271089,1.460422,4.87610e-13,1.93572e-13
-0.5271087,1.460422,6.08402e-13,3.98789e-12
-0.5271087,1.460422,5.95968e-13,1.62109e-13
-0.5271087,1.460422,8.14460e-13,7.68940e-12
-0.5271087,1.460422,2.09610e-13,2.33501e-13
-0.5271086,1.460421,5.41789e-13,6.43780e-13
-0.5271086,1.460421,3.89022e-13,1.46151e-13
-0.5271086,1.460421,6.20837e-13,1.21444e-11
-0.5271084,1.460421,8.78408e-13,1.23098e-11
-0.5271082,1.460421,2.30926e-13,2.56995e-12
-0.5271082,1.460421,7.96696e-13,3.04383e-13
-0.5271081,1.460421,8.40217e-13,8.39262e-12
-0.5271081,1.460421,3.95239e-13,6.95929e-14
-0.5271081,1.46042,8.18012e-13,4.86482e-12
-0.5271081,1.46042,7.49623e-13,1.42043e-13
-0.5271079,1.46042,1.23457e-13,2.32085e-12
-0.5271079,1.46042,5.95080e-13,3.98971e-13
-0.5271078,1.46042,2.80664e-13,1.93818e-12
-0.5271078,1.46042,3.48166e-13,6.41822e-14
-0.5271076,1.460421,1.30562e-13,1.32198e-11
-0.5271076,1.460421,2.65565e-13,8.40183e-12
-0.5271076,1.460421,5.15143e-13,3.30766e-13
-0.5271076,1.46042,9.82325e-13,4.86112e-12
-0.5271076,1.46042,8.94396e-13,4.08143e-13
-0.5271075,1.46042,4.97380e-13,5.63659e-12
-0.5271075,1.46042,5.27578e-13,2.14078e-13
-0.5271075,1.460421,9.45022e-13,9.23367e-12
-0.5271075,1.460421,5.71099e-13,9.73585e-14
-0.5271073,1.46042,4.19220e-13,7.82490e-12
-0.5271073,1.46042,6.62581e-13,2.76861e-13
-0.5271073,1.46042,6.13731e-13,1.30669e-11
-0.5271073,1.46042,6.84786e-13,2.17261e-14
-0.5271072,1.46042,6.02185e-13,1.88702e-12
-0.5271072,1.46042,3.95239e-13,4.50283e-14
-0.5271071,1.46042,8.49099e-13,8.33913e-12
-0.5271071,1.46042,4.75175e-13,2.54455e-14
-0.5271069,1.46042,6.55476e-13,9.25358e-12
-0.5271067,1.46042,8.34888e-13,1.41371e-11
-0.5271067,1.46042,5.71987e-13,1.11169e-13
-0.5271066,1.46042,3.94351e-13,1.66875e-11
-0.5271066,1.46042,7.42517e-13,9.44359e-14
-0.5271063,1.460421,7.70051e-13,1.67713e-11
-0.5271063,1.460421,6.61693e-13,4.45514e-15
-0.5271063,1.46042,8.49987e-13,1.63523e-11
-0.5271062,1.46042,2.69118e-13,1.34445e-15
-0.5271062,1.46042,5.46230e-13,1.59224e-11
-0.5271062,1.46042,6.16396e-13,1.40613e-13
-0.5271062,1.460421,9.92983e-13,1.40793e-11
-0.5271062,1.460421,4.30767e-13,2.67903e-15
-0.5271061,1.460421,8.49987e-13,9.64240e-12
-0.5271061,1.460421,4.32543e-13,6.00145e-14
-0.5271061,1.460421,6.84786e-13,1.02634e-11
-0.5271061,1.460421,8.41993e-13,5.83472e-12
-0.527106,1.460421,5.29354e-13,5.04771e-12
-0.527106,1.460421,5.34683e-13,5.81379e-14
-0.527106,1.460421,5.54223e-13,5.36575e-12
-0.527106,1.460421,6.86562e-13,6.53479e-14
-0.5271058,1.460421,8.41993e-13,1.51175e-12
-0.5271058,1.460421,6.80345e-13,1.07814e-11
-0.5271058,1.460421,8.45546e-13,2.37459e-13
-0.5271057,1.460422,4.92939e-13,1.27938e-12
-0.5271057,1.460422,4.15668e-13,2.83124e-14
-0.5271056,1.460422,8.47322e-13,1.42034e-11
-0.5271056,1.460422,8.31335e-13,1.40530e-13
-0.5271056,1.460422,3.92575e-13,1.10699e-11
-0.5271056,1.460422,8.09131e-13,1.47644e-12
-0.5271055,1.460422,8.64198e-13,2.62732e-12
-0.5271053,1.460422,6.37712e-13,1.00778e-11
-0.5271052,1.460422,9.29035e-13,1.36601e-14
-0.5271051,1.460422,2.07834e-13,1.37292e-11
-0.5271051,1.460422,8.46434e-13,3.46179e-14
-0.527105,1.460423,1.20792e-13,7.13540e-12
-0.527105,1.460423,6.90115e-13,6.78321e-14
-0.5271049,1.460423,4.44977e-13,7.67103e-12
-0.5271049,1.460423,5.16920e-13,8.42817e-14
-0.5271048,1.460423,4.32543e-13,1.11022e-11
-0.5271048,1.460423,6.64357e-13,2.45812e-13
-0.5271047,1.460423,5.88862e-13,2.17804e-12
-0.5271046,1.460423,1.56319e-13,1.17019e-11
-0.5271046,1.460423,9.62785e-13,1.32447e-13
-0.5271046,1.460423,2.29150e-13,9.81101e-12
-0.5271045,1.460423,2.10498e-13,7.35378e-12
-0.5271045,1.460423,1.93623e-13,4.43396e-13
-0.5271044,1.460423,8.06466e-13,3.07011e-12
-0.5271044,1.460423,6.12843e-13,4.84064e-13
-0.5271043,1.460423,8.60645e-13,1.18171e-12
-0.5271043,1.460423,4.70735e-13,2.71209e-13
-0.5271041,1.460423,3.45501e-13,1.63015e-11
-0.5271041,1.460423,2.87770e-13,1.08086e-14
-0.5271039,1.460423,7.33635e-13,3.25994e-12
-0.5271039,1.460423,2.60236e-13,5.72211e-13
-0.5271035,1.460423,6.70575e-13,1.48619e-11
-0.5271035,1.460423,4.24549e-13,5.17885e-13
-0.5271033,1.460423,5.88862e-13,4.11199e-12
-0.5271033,1.460423,4.52083e-13,5.56073e-13
-0.5271033,1.460423,1.10134e-13,6.53167e-12
-0.5271033,1.460423,2.89546e-13,3.23060e-13
-0.5271031,1.460423,2.62013e-13,9.88780e-12
-0.5271031,1.460423,5.24025e-13,1.23090e-13
-0.527103,1.460423,8.52651e-13,1.89836e-12
-0.527103,1.460423,8.27782e-13,1.58577e-13
-0.5271028,1.460423,2.62901e-13,1.44290e-11
-0.5271028,1.460423,5.56000e-13,4.28994e-14
-0.5271028,1.460423,6.08402e-13,1.18242e-12
-0.5271028,1.460423,1.53655e-13,4.93635e-13
-0.5271026,1.460424,5.16032e-13,1.65206e-11
-0.5271026,1.460424,5.80869e-13,3.72517e-13
-0.5271026,1.460424,1.64313e-13,9.10559e-12
-0.5271026,1.460424,8.92619e-13,1.20466e-13
-0.5271025,1.460423,8.49987e-13,4.55700e-12
-0.5271025,1.460423,5.61329e-13,1.45990e-13
-0.5271023,1.460424,5.70211e-13,6.27441e-12
-0.5271023,1.460424,3.09086e-13,5.42891e-14
-0.5271022,1.460424,6.04850e-13,1.21326e-11
-0.5271022,1.460424,4.05009e-13,1.31147e-13
-0.527102,1.460424,3.89022e-13,1.60207e-11
-0.527102,1.460424,6.64357e-13,3.89884e-14
-0.527102,1.460425,8.57980e-13,1.37540e-11
-0.527102,1.460425,6.17284e-13,3.91152e-14
-0.5271019,1.460425,5.19584e-13,1.28830e-11
-0.5271019,1.460425,7.51399e-13,5.86679e-14
-0.5271019,1.460424,3.65041e-13,1.13298e-13
-0.5271019,1.460424,8.61533e-13,1.69167e-15
-0.5271018,1.460425,2.47802e-13,6.60892e-12
-0.5271018,1.460425,4.99156e-13,9.96797e-14
-0.5270999,1.460426,4.01457e-13,1.19560e-11
-0.5270999,1.460426,8.07354e-13,3.45227e-13
-0.5270999,1.460426,8.02025e-13,8.90809e-12
-0.5270999,1.460426,7.51399e-13,7.19245e-13
-0.5270952,1.460443,3.99680e-13,3.09263e-14
-0.5270952,1.460443,8.10019e-13,4.87229e-12
-0.5270952,1.460443,7.07878e-13,1.66665e-14
-0.5270952,1.460443,5.43565e-13,9.66629e-14
-0.5270952,1.460443,3.70370e-13,1.01583e-13
-0.5270952,1.460443,9.85878e-13,3.42590e-14
-0.5270952,1.460443,9.51239e-13,5.30301e-15
-0.5270952,1.460443,5.56000e-13,1.83336e-14
-0.5270952,1.460443,5.61329e-13,7.92151e-14
-0.5270952,1.460443,4.65405e-13,8.63919e-14
-0.5270952,1.460443,4.96492e-13,4.16806e-14
-0.5270952,1.460443,7.55840e-13,5.15921e-14
-0.5270952,1.460443,1.71418e-13,1.66960e-14
-0.5270952,1.460443,5.02709e-13,4.13833e-14
-0.5270952,1.460443,1.04805e-13,2.43414e-14
-0.5270952,1.460443,4.30767e-13,7.18596e-14
-0.5270951,1.460443,7.46958e-13,8.09887e-14
-0.5270951,1.460443,3.25073e-13,5.18579e-14
-0.5270951,1.460443,4.78728e-13,9.14970e-14
-0.5270951,1.460443,8.49099e-13,9.74904e-14
-0.5270951,1.460443,3.46390e-13,7.46270e-14
-0.5270951,1.460443,4.49418e-13,2.60124e-14
-0.5270951,1.460443,6.27942e-13,5.88197e-14
-0.5270951,1.460443,4.88498e-13,6.86572e-14
-0.5270951,1.460443,9.39693e-13,6.35576e-12
-0.5270951,1.460443,1.49214e-13,1.83502e-13
-0.5270951,1.460443,4.49418e-13,2.14768e-13
-0.5270951,1.460443,4.92939e-13,3.82930e-13
-0.5270951,1.460443,8.49987e-13,2.24737e-13
-0.5270951,1.460443,5.75540e-13,9.01805e-14
-0.5270951,1.460443,1.93623e-13,8.57532e-15
-0.5270951,1.460443,5.71099e-13,3.13627e-13
-0.5270951,1.460443,4.32543e-13,2.25567e-13
-0.5270951,1.460443,5.77316e-13,5.79797e-14
-0.5270951,1.460443,4.57412e-13,2.25176e-13
-0.5270951,1.460443,8.83738e-13,3.40172e-13
-0.5270951,1.460443,9.82325e-13,6.65577e-14
-0.5270951,1.460443,9.02389e-13,1.94225e-13
-0.527095,1.460443,6.18172e-13,5.15389e-15
-0.527095,1.460443,3.12639e-13,2.51061e-14
-0.527095,1.460443,4.14779e-13,1.59997e-13
-0.527095,1.460443,6.71463e-13,1.54896e-13
-0.527095,1.460443,7.46070e-13,1.56065e-14
-0.527095,1.460443,6.71463e-13,5.12040e-14
-0.527095,1.460443,4.61853e-13,1.58353e-13
-0.527095,1.460443,4.43201e-13,2.29068e-13
-0.527095,1.460443,7.44294e-13,2.85023e-13
-0.527095,1.460443,8.80185e-13,2.99636e-14
-0.527095,1.460443,7.63833e-13,9.49830e-14
-0.527095,1.460443,5.92415e-13,1.80866e-13
-0.527095,1.460444,1.95399e-13,8.92736e-12
-0.527095,1.460444,3.70370e-13,2.01337e-13
-0.527095,1.460444,4.92939e-13,3.75576e-14
-0.527095,1.460444,4.42313e-13,2.71460e-13
-0.527095,1.460444,8.38440e-13,1.82572e-13
-0.527095,1.460444,1.77636e-13,1.19619e-13
-0.527095,1.460444,4.05898e-13,8.14022e-14
-0.527095,1.460444,9.15712e-13,7.24027e-14
-0.5270948,1.460444,5.17808e-13,2.29121e-12
-0.5270948,1.460444,9.09495e-13,7.81143e-14
-0.5270948,1.460444,2.34479e-13,1.26611e-13
-0.5270948,1.460444,8.85514e-13,2.88005e-13
-0.5270948,1.460444,4.88498e-14,2.34288e-13
-0.5270948,1.460444,7.94920e-13,5.88781e-12
-0.5270948,1.460444,1.87406e-13,5.24935e-14
-0.5270948,1.460444,2.11386e-13,7.32001e-14
-0.5270948,1.460444,8.67750e-13,1.34493e-13
-0.5270948,1.460444,6.99885e-13,2.35699e-13
-0.5270948,1.460444,7.73603e-13,2.21929e-14
-0.5270948,1.460444,6.25278e-13,2.02026e-13
-0.5270948,1.460444,5.62217e-13,6.74982e-14
-0.5270948,1.460444,4.40536e-13,3.27426e-13
-0.5270946,1.460444,4.47642e-13,1.37508e-12
-0.5270946,1.460444,8.86402e-13,2.06870e-13
-0.5270946,1.460444,3.56160e-13,1.94488e-13
-0.5270946,1.460444,1.15463e-13,2.30880e-13
-0.5270946,1.460444,5.93303e-13,1.22032e-13
-0.5270946,1.460444,4.55636e-13,1.49133e-13
-0.5270946,1.460444,6.67910e-13,1.84158e-13
-0.5270946,1.460444,6.34159e-13,2.30505e-13
-0.5270946,1.460444,9.33476e-13,2.57253e-13
-0.5270946,1.460444,8.64198e-13,1.17806e-13
-0.5270946,1.460444,6.27054e-13,1.85389e-13
-0.5270946,1.460444,4.46754e-13,1.88451e-13
-0.5270946,1.460444,7.70939e-13,1.51787e-13
-0.5270946,1.460444,8.75744e-13,9.26307e-14
-0.5270946,1.460444,6.37712e-13,2.82716e-13
-0.5270946,1.460444,5.98632e-13,1.52035e-13
-0.5270946,1.460444,8.76632e-13,2.68851e-14
-0.5270946,1.460444,7.09655e-13,2.38863e-13
-0.5270946,1.460444,6.46594e-13,1.42074e-13
-0.5270946,1.460444,4.90274e-13,6.51062e-14
-0.5270946,1.460444,4.68070e-13,1.04462e-14
-0.5270946,1.460444,5.94191e-13,3.12447e-13
-0.5270946,1.460444,4.97380e-13,3.15079e-13
-0.5270946,1.460444,1.73195e-13,1.63942e-14
-0.5270946,1.460444,8.40217e-13,7.92074e-14
-0.5270946,1.460444,9.61897e-13,1.76223e-13
-0.5270946,1.460444,5.40901e-13,3.10567e-13
-0.5270946,1.460444,2.99316e-13,3.90086e-12
-0.5270946,1.460444,8.80185e-13,3.17536e-13
-0.5270946,1.460444,4.48530e-13,4.74358e-14
-0.5270946,1.460444,4.64517e-13,1.65724e-13
-0.5270946,1.460444,6.42153e-13,3.32810e-13
-0.5270946,1.460444,8.87290e-13,4.77046e-14
-0.5270943,1.460443,7.69163e-13,9.25281e-12
-0.5270943,1.460443,6.59917e-13,3.28912e-13
-0.5270943,1.460443,2.96652e-13,2.72621e-13
-0.5270943,1.460443,8.81073e-13,6.84741e-14
-0.5270943,1.460443,7.81597e-14,1.23976e-13
-0.5270943,1.460443,8.78408e-13,1.11498e-13
-0.5270943,1.460443,4.57412e-13,4.03546e-14
-0.5270943,1.460443,3.26850e-13,2.73969e-13
-0.5270943,1.460443,4.13003e-13,9.28667e-14
-0.5270943,1.460443,5.37348e-13,2.04973e-13
-0.5270943,1.460443,4.44977e-13,2.38868e-13
-0.5270943,1.460443,5.28466e-13,1.69968e-13
-0.5270943,1.460443,4.36984e-13,3.44429e-13
-0.5270943,1.460443,2.59348e-13,2.82469e-13
-0.5270943,1.460443,8.58869e-13,1.87969e-13
-0.5270943,1.460443,3.60600e-13,4.31321e-14
-0.5270943,1.460443,1.13687e-13,2.11051e-13
-0.5270943,1.460443,7.67386e-13,3.48833e-13
-0.5270943,1.460443,5.69322e-13,2.34363e-13
-0.5270943,1.460443,1.19904e-13,2.50117e-13
-0.5270943,1.460443,7.22977e-13,3.02825e-13
-0.5270943,1.460443,4.47642e-13,3.47712e-13
-0.5270943,1.460443,4.01457e-13,3.53528e-15
-0.5270943,1.460443,8.45546e-13,3.09946e-13
-0.5270943,1.460443,6.02185e-13,2.09712e-13
-0.5270943,1.460443,5.79092e-13,4.89012e-14
-0.5270943,1.460443,3.85469e-13,1.81033e-13
-0.5270943,1.460443,3.25073e-13,2.71289e-13
-0.5270943,1.460443,8.66862e-13,3.39926e-13
-0.5270943,1.460443,4.68070e-13,2.90189e-14
-0.5270943,1.460443,7.16760e-13,1.30558e-13
-0.5270943,1.460443,8.73079e-13,6.33111e-14
-0.5270943,1.460443,5.02709e-13,7.50640e-14
-0.5270943,1.460443,5.55112e-13,3.19859e-14
-0.5270943,1.460443,8.47322e-13,1.92326e-13
-0.5270943,1.460443,5.88862e-13,1.94168e-13
-0.5270943,1.460443,8.16236e-13,6.36504e-14
-0.5270943,1.460443,6.56364e-13,1.85095e-13
-0.5270943,1.460443,2.29150e-13,2.59271e-13
-0.5270943,1.460443,9.53015e-13,3.05039e-13
-0.5270943,1.460443,6.63469e-13,3.33910e-13
-0.5270943,1.460443,3.69482e-13,8.93657e-15
-0.5270943,1.460443,5.38236e-13,2.66064e-14
-0.5270942,1.460443,5.56888e-13,9.35794e-12
-0.5270942,1.460443,1.55431e-13,2.35284e-14
-0.5270942,1.460443,9.02389e-13,1.11726e-14
-0.5270942,1.460443,4.49418e-13,3.65383e-13
-0.5270941,1.460443,7.03437e-13,4.12386e-12
-0.5270941,1.460443,5.82645e-13,3.17509e-13
-0.5270941,1.460443,2.62013e-13,5.52265e-14
-0.5270941,1.460443,5.84421e-13,1.82934e-13
-0.5270941,1.460443,1.76748e-13,3.48069e-13
-0.5270941,1.460443,3.26850e-13,1.94864e-13
-0.5270941,1.460443,5.16920e-13,7.75755e-14
-0.5270941,1.460443,9.68114e-13,3.53825e-13
-0.5270941,1.460443,2.63789e-13,2.60765e-13
-0.5270941,1.460443,4.93827e-13,1.97078e-13
-0.5270941,1.460443,4.76064e-13,1.62177e-13
-0.5270941,1.460443,9.03277e-13,1.57578e-13
-0.5270941,1.460443,6.43929e-13,1.82725e-13
-0.5270941,1.460443,8.83738e-13,2.38858e-13
-0.5270941,1.460443,4.22773e-13,3.25983e-13
-0.5270941,1.460443,9.69003e-13,8.54952e-14
-0.5270941,1.460443,7.45182e-13,2.32444e-13
-0.5270941,1.460443,8.80185e-13,5.27313e-14
-0.5270941,1.460443,8.91731e-13,2.61520e-13
-0.5270941,1.460443,7.27418e-13,1.43563e-13
-0.5270941,1.460443,3.49942e-13,5.57985e-14
-0.5270941,1.460443,4.49418e-13,3.60198e-13
-0.5270941,1.460443,7.54063e-13,3.37130e-13
-0.5270941,1.460443,7.09655e-13,3.45328e-13
-0.5270941,1.460443,9.38805e-13,2.27474e-14
-0.5270941,1.460443,6.34159e-13,9.20111e-14
-0.5270941,1.460443,4.99156e-13,1.93327e-13
-0.5270941,1.460443,3.65930e-13,3.27289e-13
-0.5270941,1.460443,2.36255e-13,1.31623e-13
-0.5270941,1.460443,8.76632e-13,3.30063e-13
-0.5270941,1.460443,5.44453e-13,1.98146e-13
-0.5270941,1.460443,7.63833e-13,9.77723e-14
-0.5270941,1.460443,5.38236e-13,2.82135e-14
-0.5270941,1.460444,7.15872e-13,3.54276e-13
-0.5270941,1.460444,4.44977e-13,3.51387e-13
-0.5270941,1.460444,9.56568e-13,1.69498e-14
-0.5270941,1.460444,4.28990e-13,7.62263e-14
-0.5270941,1.460444,5.64881e-13,1.68419e-13
-0.5270941,1.460444,4.46754e-13,2.93321e-13
-0.5270941,1.460444,4.79616e-14,8.90577e-14
-0.5270941,1.460444,5.53335e-13,2.80021e-13
-0.5270941,1.460444,8.90843e-13,1.40739e-13
-0.5270941,1.460444,4.48530e-13,3.36755e-14
-0.5270941,1.460444,8.76632e-13,3.23929e-13
-0.5270941,1.460444,8.80185e-13,2.84019e-13
-0.5270941,1.460444,7.16760e-13,2.77348e-13
-0.5270941,1.460444,8.74856e-13,3.04117e-13
-0.5270941,1.460444,4.50306e-13,3.64513e-13
-0.527094,1.460444,6.73239e-13,9.25803e-14
-0.527094,1.460444,2.46025e-13,2.16128e-13
-0.527094,1.460444,4.64517e-13,8.77051e-15
-0.527094,1.460444,4.36984e-13,1.98142e-13
-0.527094,1.460443,2.13163e-14,4.64835e-12
-0.527094,1.460443,4.25437e-13,1.59952e-13
-0.527094,1.460443,2.25597e-13,8.14581e-14
-0.527094,1.460443,6.11955e-13,6.34461e-14
-0.527094,1.460443,8.10019e-13,1.06439e-13
-0.527094,1.460443,2.63789e-13,2.12874e-13
-0.527094,1.460443,6.98108e-13,1.32666e-13
-0.527094,1.460443,8.64198e-13,1.13551e-13
-0.527094,1.460443,8.81073e-13,1.56330e-13
-0.527094,1.460443,2.62013e-13,3.40517e-15
-0.5270938,1.460444,8.94396e-13,5.07070e-12
-0.5270937,1.460444,8.70415e-13,1.27273e-14
-0.5270937,1.460444,8.95284e-13,4.04082e-14
-0.5270937,1.460444,8.65086e-13,9.03242e-14
-0.5270937,1.460444,6.97220e-13,2.63785e-14
-0.5270937,1.460444,8.72191e-13,1.19986e-13
-0.5270937,1.460444,6.03073e-13,9.98632e-14
-0.5270937,1.460444,4.44089e-13,1.00804e-13
-0.5270937,1.460444,2.48690e-14,1.22107e-13
-0.5270937,1.460444,6.14619e-13,2.76847e-14
-0.5270937,1.460444,4.39648e-13,8.71869e-14
-0.5270937,1.460444,7.63833e-13,3.17701e-14
-0.5270937,1.460444,7.94032e-13,1.29436e-13
-0.5270937,1.460444,5.93303e-13,1.13593e-13
-0.5270937,1.460444,6.75904e-13,1.15922e-13
-0.5270937,1.460444,4.67182e-13,2.60832e-15
-0.5270937,1.460444,5.49782e-13,3.92758e-14
-0.5270937,1.460444,7.54952e-13,9.45586e-14
-0.5270937,1.460444,1.72307e-13,3.59023e-14
-0.5270937,1.460444,8.89067e-13,1.27416e-13
-0.5270937,1.460444,6.11067e-13,1.06854e-13
-0.5270936,1.460444,3.94351e-13,1.04074e-13
-0.5270936,1.460444,1.27898e-13,1.21168e-13
-0.5270936,1.460444,3.61489e-13,2.82737e-14
-0.5270936,1.460444,4.77840e-13,8.43464e-14
-0.5270936,1.460443,5.29354e-13,2.77815e-12
-0.5270935,1.460443,5.97744e-13,1.09210e-13
-0.5270935,1.460443,3.37508e-13,6.82628e-14
-0.5270935,1.460443,4.13891e-13,7.49566e-14
-0.5270935,1.460443,7.06102e-13,7.74414e-14
-0.5270935,1.460443,8.26894e-13,1.18584e-13
-0.5270935,1.460443,3.74811e-13,6.62433e-14
-0.5270935,1.460443,8.04690e-13,8.84544e-14
-0.5270934,1.460444,6.53699e-13,5.31717e-12
-0.5270933,1.460444,3.83693e-13,1.67407e-14
-0.5270933,1.460444,4.32543e-13,1.16086e-14
-0.5270894,1.460447,6.98996e-13,1.95479e-14
-0.5270894,1.460447,9.01501e-13,8.79553e-14
-0.5270894,1.460447,2.54907e-13,1.59710e-13
-0.5270894,1.460447,9.05942e-13,2.33893e-13
-0.5270894,1.460447,8.18012e-13,3.94080e-14
-0.5270894,1.460447,4.44089e-13,1.15388e-13
-0.5270894,1.460447,4.44977e-13,1.93968e-13
-0.5270894,1.460447,8.10907e-13,4.27518e-15
-0.5270894,1.460447,4.52971e-13,8.45642e-14
-0.5270894,1.460447,9.23706e-14,1.67096e-13
-0.5270894,1.460447,3.46390e-13,2.51319e-13
-0.5270894,1.460447,1.66089e-13,6.87023e-14
-0.5270894,1.460447,9.01501e-13,1.54341e-13
-0.5270894,1.460447,4.53859e-13,2.42800e-13
-0.5270894,1.460447,5.00933e-13,6.35203e-14
-0.5270894,1.460447,6.27942e-13,1.53048e-13
-0.5270894,1.460447,4.61853e-13,2.43670e-13
-0.5270894,1.460447,9.39693e-13,6.72681e-14
-0.5270893,1.460447,5.43565e-13,1.59902e-13
-0.5270893,1.460447,6.92779e-13,2.53333e-13
-0.5270893,1.460447,8.47322e-13,7.92068e-14
-0.5270893,1.460447,8.85514e-13,1.72501e-13
-0.5270893,1.460447,8.02025e-13,2.67776e-13
-0.5270892,1.460446,4.08562e-13,9.70446e-12
-0.5270892,1.460446,9.59233e-13,8.65780e-14
-0.5270892,1.460446,3.73923e-13,8.40715e-14
-0.5270892,1.460446,4.97380e-14,8.46265e-14
-0.5270892,1.460446,1.53655e-13,8.81476e-14
-0.5270892,1.460446,4.69846e-13,9.44978e-14
-0.5270892,1.460446,8.78408e-13,1.02898e-13
-0.5270892,1.460446,5.58664e-13,1.15272e-13
-0.5270892,1.460446,4.49418e-13,1.29718e-13
-0.5270892,1.460446,4.75175e-13,1.47630e-13
-0.5270892,1.460446,4.26326e-13,1.67963e-13
-0.5270892,1.460446,4.36096e-13,1.91551e-13
-0.5270892,1.460446,9.01501e-13,2.18384e-13
-0.5270891,1.460446,8.78408e-13,2.47964e-13
-0.5270891,1.460446,4.76064e-13,2.80146e-13
-0.5270891,1.460446,8.81961e-13,3.16516e-13
-0.5270891,1.460446,4.45866e-13,3.55207e-13
-0.5270891,1.460446,7.29194e-13,2.22309e-15
-0.5270891,1.460446,8.93507e-13,4.30493e-14
-0.5270891,1.460446,4.63629e-13,8.75920e-14
-0.5270891,1.460446,9.58345e-13,8.64000e-13
-0.5270891,1.460446,4.33431e-13,1.82783e-15
-0.527089,1.460446,4.50306e-13,2.46322e-14
-0.527089,1.460446,5.82645e-13,4.64325e-14
-0.527089,1.460446,7.41629e-13,6.67248e-14
-0.527089,1.460446,6.60805e-13,8.44702e-14
-0.527089,1.460446,6.51923e-13,1.00709e-13
-0.527089,1.460446,6.79456e-13,1.15114e-13
-0.527089,1.460446,2.36255e-13,1.27383e-13
-0.527089,1.460446,9.00613e-13,1.37201e-13
-0.527089,1.460446,8.61533e-13,1.43777e-13
-0.527089,1.460446,5.32019e-13,1.47986e-13
-0.527089,1.460446,6.78568e-13,1.48433e-13
-0.527089,1.460446,4.19220e-13,1.45695e-13
-0.527089,1.460446,2.22933e-13,1.38710e-13
-0.527089,1.460446,7.46958e-13,1.27726e-13
-0.527089,1.460446,9.04166e-13,1.12047e-13
-0.527089,1.460446,6.41265e-13,9.22720e-14
-0.527089,1.460446,7.59393e-13,6.65071e-14
-0.527089,1.460446,3.35731e-13,3.61277e-14
-0.527089,1.460446,4.52083e-13,3.94499e-13
-0.527089,1.460446,5.87974e-13,3.55992e-13
-0.527089,1.460446,2.44249e-13,3.10837e-13
-0.527089,1.460446,5.72875e-13,2.58149e-13
-0.527089,1.460446,4.63629e-13,1.98215e-13
-0.527089,1.460446,6.91003e-13,1.29734e-13
-0.527089,1.460446,2.90434e-13,5.29150e-14
-0.527089,1.460446,4.59188e-13,3.60925e-13
-0.527089,1.460446,6.51035e-13,2.69829e-13
-0.527089,1.460446,9.02389e-13,1.68261e-13
-0.527089,1.460446,6.32383e-13,5.50392e-14
-0.527089,1.460446,8.01137e-13,3.23874e-13
-0.527089,1.460446,4.23661e-13,1.91579e-13
-0.527089,1.460446,1.17240e-13,4.58188e-14
-0.527089,1.460446,8.83738e-13,2.79918e-13
-0.527089,1.460446,4.62741e-13,1.10048e-13
-0.527089,1.460446,8.91731e-13,3.17956e-13
-0.527089,1.460446,2.93099e-13,1.20406e-13
-0.527089,1.460446,8.78408e-13,2.98448e-13
-0.527089,1.460446,2.76223e-13,6.92385e-14
-0.527089,1.460446,4.35207e-13,2.13453e-13
-0.527089,1.460446,8.91731e-13,3.41149e-13
-0.5270887,1.460446,5.71099e-13,3.87528e-12
-0.5270887,1.460446,5.48894e-13,1.16974e-13
-0.5270887,1.460446,6.53699e-13,1.98752e-13
-0.5270887,1.460446,4.56524e-13,5.15802e-14
-0.5270887,1.460446,8.41105e-13,1.38616e-13
-0.5270887,1.460446,4.84057e-13,2.31308e-13
-0.5270887,1.460447,6.17284e-13,9.55357e-14
-0.5270887,1.460447,6.49258e-13,1.94475e-13
-0.5270887,1.460447,4.32543e-13,6.40394e-14
-0.5270887,1.460447,9.01501e-13,1.69135e-13
-0.5270887,1.460447,4.13891e-13,4.62898e-14
-0.5270887,1.460447,5.74651e-13,1.59002e-13
-0.5270887,1.460447,8.89955e-13,4.19469e-14
-0.5270887,1.460447,6.46594e-13,1.61290e-13
-0.5270887,1.460447,6.15508e-13,5.15248e-14
-0.5270887,1.460447,6.82121e-13,1.78438e-13
-0.5270887,1.460447,7.83373e-13,7.56148e-14
-0.5270887,1.460447,5.27578e-13,2.09320e-13
-0.5270887,1.460447,4.24549e-13,1.14277e-13
-0.5270887,1.460447,5.13367e-13,2.15310e-14
-0.5270887,1.460447,7.58504e-13,1.64055e-13
-0.5270887,1.460447,9.69003e-13,7.93043e-14
-0.5270887,1.460447,5.98632e-13,2.30367e-13
-0.5270887,1.460447,9.41469e-14,1.52970e-13
-0.5270887,1.460447,4.28102e-13,7.80857e-14
-0.5270887,1.460447,5.30243e-13,5.50946e-15
-0.5270887,1.460447,5.93303e-13,1.68437e-13
-0.5270887,1.460447,3.66818e-13,1.04373e-13
-0.5270886,1.460447,3.72147e-13,4.20356e-14
-0.5270886,1.460447,7.48734e-13,2.16287e-13
-0.5270886,1.460447,9.19265e-13,1.62567e-13
-0.5270886,1.460447,4.35207e-13,1.12195e-13
-0.5270886,1.460447,9.58345e-13,6.42097e-14
-0.5270886,1.460447,4.10338e-13,1.83548e-14
-0.5270886,1.460447,5.79092e-13,2.09552e-13
-0.5270886,1.460447,3.70370e-13,1.73101e-13
-0.5270886,1.460447,7.30971e-13,1.39306e-13
-0.5270886,1.460447,4.26326e-13,1.08393e-13
-0.5270886,1.460447,9.30811e-13,8.65797e-12
-0.5270886,1.460447,5.80869e-13,1.12605e-13
-0.5270886,1.460447,4.63629e-13,1.96575e-12
-0.5270872,1.460435,5.79981e-13,3.59934e-13
-0.5270871,1.460434,9.29923e-13,1.17443e-11
-0.527087,1.460435,9.25482e-13,3.33027e-12
-0.527087,1.460435,2.81553e-13,1.85351e-14
-0.527087,1.460435,4.43201e-13,1.88731e-13
-0.527087,1.460435,1.59872e-13,1.55297e-13
-0.527087,1.460435,5.59552e-13,3.08444e-13
-0.527087,1.460435,8.72191e-13,1.59126e-13
-0.527087,1.460435,9.11271e-13,3.53349e-13
-0.527087,1.460435,7.54952e-13,2.77802e-13
-0.527087,1.460435,3.90799e-13,1.19228e-11
-0.527087,1.460435,6.74127e-13,3.52182e-14
-0.5270869,1.460435,8.39329e-13,1.89136e-12
-0.5270869,1.460435,4.96492e-13,5.90578e-13
-0.5270869,1.460435,9.88543e-13,2.16606e-12
-0.5270869,1.460435,5.12479e-13,4.89840e-14
-0.5270869,1.460435,3.41949e-13,1.46905e-11
-0.5270869,1.460435,5.63993e-13,4.21344e-13
-0.5270868,1.460435,9.45910e-13,3.04292e-12
-0.5270868,1.460435,4.58300e-13,1.02965e-13
-0.5270868,1.460435,6.12843e-13,1.55597e-11
-0.5270868,1.460435,6.43929e-13,7.09210e-13
-0.5270866,1.460435,9.20153e-13,1.53553e-11
-0.5270866,1.460435,3.49054e-13,5.31016e-14
-0.5270865,1.460435,5.40901e-13,8.20860e-12
-0.5270863,1.460435,7.53175e-13,1.39845e-12
-0.5270863,1.460435,4.58300e-13,3.00214e-15
-0.527086,1.460435,4.42313e-13,4.36495e-12
-0.527086,1.460435,3.91687e-13,7.73155e-14
-0.527086,1.460435,3.12639e-13,9.91362e-12
-0.527086,1.460435,3.79252e-13,2.15461e-13
-0.5270859,1.460436,7.13207e-13,5.91072e-13
-0.5270858,1.460435,2.35367e-13,1.06876e-11
-0.5270858,1.460435,9.29035e-13,9.26862e-13
-0.5270857,1.460435,9.41469e-13,1.13569e-11
-0.5270855,1.460436,9.05054e-13,1.24702e-11
-0.5270855,1.460436,6.26166e-13,4.18450e-13
-0.5270854,1.460436,9.71667e-13,1.31222e-11
-0.5270854,1.460436,4.38760e-13,4.82535e-13
-0.5270852,1.460436,7.37188e-13,1.08337e-11
-0.5270852,1.460436,5.06262e-13,4.27114e-14
-0.527085,1.460436,6.91003e-13,2.75912e-12
-0.527085,1.460436,8.83738e-13,2.55346e-13
-0.5270848,1.460436,4.71623e-13,4.93738e-12
-0.5270848,1.460436,9.53904e-13,1.50288e-13
-0.5270845,1.460437,8.15348e-13,1.29654e-11
-0.5270844,1.460437,7.38076e-13,1.60746e-13
-0.5270844,1.460437,4.21885e-13,8.06618e-14
-0.5270844,1.460437,2.85105e-13,4.67011e-14
-0.5270843,1.460436,6.06626e-13,4.31344e-12
-0.5270843,1.460436,7.02549e-13,1.48352e-12
-0.5270841,1.460436,4.94715e-13,9.26478e-12
-0.5270841,1.460436,2.95763e-13,1.38053e-12
-0.527084,1.460436,8.01137e-13,1.27071e-11
-0.527084,1.460436,7.19425e-14,3.11459e-14
-0.5270839,1.460436,9.37916e-13,7.59524e-12
-0.5270839,1.460436,4.51195e-13,1.87436e-12
-0.5270837,1.460436,9.06830e-13,2.14689e-12
-0.5270837,1.460436,6.96332e-13,8.06025e-13
-0.5270836,1.460436,3.86358e-13,1.29465e-11
-0.5270836,1.460436,4.52083e-13,3.15414e-13
-0.5270836,1.460436,8.29559e-13,4.37262e-13
-0.5270836,1.460436,2.09610e-13,2.80813e-13
-0.5270836,1.460436,3.39284e-13,4.14795e-14
-0.5270836,1.460436,3.27738e-13,1.73979e-13
-0.5270836,1.460436,6.19949e-13,2.38286e-13
-0.5270836,1.460436,5.67546e-13,3.58571e-13
-0.5270836,1.460436,9.64562e-13,4.54670e-14
-0.5270836,1.460436,4.45866e-13,2.75932e-13
-0.5270836,1.460436,4.75175e-13,3.85928e-13
-0.5270836,1.460436,7.62057e-13,2.83040e-13
-0.5270836,1.460436,3.60600e-13,3.50749e-13
-0.5270836,1.460436,3.58824e-13,4.68291e-14
-0.5270836,1.460436,9.37916e-13,5.41057e-14
-0.5270836,1.460436,3.75699e-13,2.99525e-13
-0.5270836,1.460436,6.45706e-13,2.88775e-13
-0.5270836,1.460436,4.79616e-14,2.29849e-13
-0.5270836,1.460436,9.34364e-13,1.51988e-13
-0.5270836,1.460436,2.87770e-13,6.57279e-15
-0.5270833,1.460437,5.93303e-13,4.39345e-12
-0.5270829,1.460437,9.96536e-13,1.37397e-11
-0.5270829,1.460437,5.80869e-13,2.79002e-12
-0.5270829,1.460436,5.92415e-13,1.31687e-11
-0.5270827,1.460436,6.63469e-13,3.16786e-12
-0.5270827,1.460436,3.09974e-13,1.25888e-12
-0.5270827,1.460437,8.00249e-13,4.08344e-12
-0.5270827,1.460437,4.97380e-13,2.74700e-12
-0.5270826,1.460437,2.94875e-13,9.25496e-12
-0.5270826,1.460437,4.61853e-13,4.03012e-13
-0.5270825,1.460437,6.86562e-13,1.01980e-11
-0.5270825,1.460437,9.06830e-13,1.10866e-12
-0.5270821,1.460438,3.03757e-13,1.30284e-11
-0.5270821,1.460438,9.75220e-13,1.18213e-12
-0.527082,1.460438,2.78888e-13,5.38616e-12
-0.527082,1.460438,4.93827e-13,1.66823e-12
-0.5270817,1.460439,2.84217e-13,3.40460e-12
-0.5270817,1.460439,3.49054e-13,2.44440e-14
-0.5270815,1.460439,6.64357e-13,4.71148e-12
-0.5270814,1.460439,6.54587e-13,6.30163e-12
-0.5270814,1.460439,8.58869e-13,3.85895e-14
-0.5270813,1.460439,3.44613e-13,9.86270e-12
-0.5270813,1.460439,5.73763e-13,1.84257e-14
-0.5270812,1.460439,5.65770e-13,2.98475e-12
-0.5270812,1.460439,4.84057e-13,1.41348e-12
-0.527081,1.460439,9.54792e-13,4.38331e-12
-0.527081,1.460439,1.94511e-13,8.33268e-14
-0.527081,1.460439,4.42313e-13,5.23686e-14
-0.5270809,1.460439,4.89386e-13,5.25310e-14
-0.5270807,1.460439,3.17968e-13,5.21859e-12
-0.5270807,1.460439,4.29878e-13,1.09523e-12
-0.5270805,1.460439,6.10179e-13,4.66200e-14
-0.5270805,1.460439,5.95080e-13,9.11578e-14
-0.5270805,1.460439,9.40581e-13,9.16547e-14
-0.5270805,1.460439,9.64562e-13,1.99798e-13
-0.5270805,1.460439,6.80345e-13,5.68795e-14
-0.5270805,1.460439,1.37668e-13,1.30871e-14
-0.5270803,1.460439,5.40012e-13,1.19395e-11
-0.5270803,1.460439,4.28990e-13,1.78083e-13
-0.5270802,1.460439,4.32543e-13,9.58999e-12
-0.5270802,1.460439,4.72511e-13,1.52289e-14
-0.5270798,1.46044,3.82805e-13,5.52408e-12
-0.5270795,1.46044,3.36620e-13,2.22135e-12
-0.5270795,1.46044,3.27738e-13,1.41174e-13
-0.5270795,1.46044,1.33227e-13,3.90329e-13
-0.5270794,1.460441,2.00728e-13,1.58686e-12
-0.5270794,1.460441,5.79092e-13,5.47634e-12
-0.5270794,1.460441,6.84786e-13,2.44256e-13
-0.5270792,1.460441,9.59233e-13,4.89912e-12
-0.5270792,1.460441,9.61009e-13,8.41861e-14
-0.5270792,1.460441,5.21361e-13,2.13618e-13
-0.5270791,1.460441,3.42837e-13,1.24542e-11
-0.5270791,1.460441,2.70894e-13,4.20979e-13
-0.527079,1.460441,2.92211e-13,1.26519e-11
-0.527079,1.460441,4.59188e-13,9.06956e-13
-0.5270787,1.460441,9.53904e-13,7.34460e-12
-0.5270787,1.460441,2.92211e-13,2.55676e-13
-0.5270786,1.460441,1.29674e-13,5.93341e-12
-0.5270786,1.460441,9.51239e-13,1.66028e-12
-0.5270785,1.460441,3.41949e-13,7.61093e-12
-0.5270785,1.460441,9.30811e-13,1.17879e-14
-0.5270783,1.460441,3.14415e-13,4.90606e-12
-0.5270783,1.460441,6.73239e-13,2.90819e-13
-0.5270783,1.460441,4.45866e-13,5.25732e-13
-0.5270783,1.460442,9.55680e-13,9.55451e-12
-0.5270783,1.460442,3.59712e-13,5.02079e-13
-0.5270778,1.460442,7.29194e-13,6.76267e-12
-0.5270778,1.460442,9.58345e-13,9.50388e-12
-0.5270777,1.460442,8.82849e-13,1.19110e-11
-0.5270777,1.460442,3.07310e-13,4.08780e-13
-0.5270777,1.460441,4.75175e-13,5.76442e-12
-0.5270777,1.460441,6.30607e-13,2.29185e-14
