reTau,imTau,coneDeficit,margin
0.08434249,1.147376,1.33227e-14,0.000388009
0.1611858,1.154917,3.29514e-13,0.0000165949
0.1619714,1.147239,8.94396e-13,0.000160683
0.1705651,1.162422,1.77636e-15,0.0000351581
0.2240532,1.177613,8.88178e-15,0.0000213058
0.2821698,1.206905,1.42109e-14,0.0000294328
0.3275498,1.232718,1.24345e-14,0.0000137504
0.3567981,1.24905,1.77636e-15,0.00000537053
0.3728514,1.258832,5.32907e-15,7.32514e-7
0.3835713,1.265476,3.55271e-15,9.38098e-7
0.3835746,1.270702,2.66454e-15,0.00000247776
0.3913061,1.270459,3.55271e-15,6.59058e-7
0.3915732,1.275404,3.55271e-15,4.13408e-7
0.396675,1.273803,6.21725e-15,0.00000242947
0.3970897,1.278777,6.21725e-15,1.55833e-7
0.4006545,1.27631,8.88178e-15,0.00000166861
0.4014163,1.281398,5.32907e-15,1.88590e-7
0.4037603,1.27823,5.32907e-15,8.78961e-7
0.4041636,1.283092,7.99361e-15,1.38250e-7
0.4042673,1.283172,9.76996e-15,2.95728e-7
0.4047409,1.278848,2.13163e-14,2.54194e-7
0.4048099,1.283532,1.24345e-14,9.05031e-7
0.4052963,1.2792,2.66454e-15,3.13702e-9
0.7096051,0.63626,6.21725e-15,2.32771e-7
0.7108135,0.6365277,3.55271e-15,9.92935e-7
0.7119835,0.636818,4.44089e-15,5.99487e-7
0.7130218,0.6370094,7.10543e-15,8.93634e-7
0.7137247,0.6371358,4.44089e-15,3.91962e-8
0.7145983,0.6372778,3.55271e-15,0.00000138317
0.7152982,0.6374073,2.66454e-15,7.06999e-7
0.7158368,0.6375006,3.55271e-15,5.10566e-7
0.7162956,0.6375683,7.99361e-15,1.83738e-7
0.7168419,0.6376203,3.55271e-15,1.98897e-7
0.7173877,0.6377105,1.59872e-14,2.23518e-8
0.7178942,0.6377838,7.10543e-15,1.11620e-7
0.7182539,0.6378724,5.32907e-15,3.59841e-7
0.7186958,0.6379224,7.99361e-15,0.00000123480
0.7190291,0.6379613,7.10543e-15,2.90399e-7
0.7193486,0.6379887,4.44089e-15,0.00000114433
0.7196283,0.6380287,3.55271e-15,5.17633e-7
0.7197105,0.6380355,6.21725e-15,4.32498e-7
0.7197572,0.6380518,1.50990e-14,4.30887e-8
0.7197969,0.6380664,9.69891e-13,1.57482e-7
0.719837,0.6380807,4.44089e-15,1.76071e-7
0.7198919,0.638094,9.76996e-15,2.78899e-7
0.7201204,0.6381169,7.99361e-15,1.07663e-7
0.7201637,0.6381362,8.88178e-15,7.43503e-7
0.7204254,0.6381671,6.21725e-15,8.12990e-7
0.720643,0.6382047,6.21725e-15,0.00000105804
0.7207093,0.638216,4.44089e-15,1.25732e-7
0.7208283,0.6382273,5.32907e-15,2.09631e-7
0.7209154,0.6382295,1.06581e-14,6.72415e-7
0.7210101,0.638245,8.88178e-15,4.65687e-8
0.721086,0.6382493,4.44089e-15,1.44442e-7
0.7211838,0.6382625,3.55271e-15,1.76469e-7
0.7212304,0.638273,4.44089e-15,1.16961e-7
0.7212688,0.6382834,6.21725e-15,3.24866e-8
0.721319,0.6382993,1.06581e-14,3.42378e-8
0.721369,0.6383106,3.55271e-15,6.22666e-7
0.7214105,0.638326,7.99361e-15,4.18635e-7
0.7215583,0.6383471,6.21725e-15,7.38703e-8
0.7216177,0.6383504,8.88178e-15,1.50429e-7
0.7217082,0.6383646,2.66454e-15,2.63338e-8
0.7217822,0.6383717,7.99361e-15,4.33465e-7
0.721906,0.6383808,7.10543e-15,1.02291e-7
0.7220215,0.6383863,1.06581e-14,4.34922e-7
0.7220578,0.6384025,7.99361e-15,3.67548e-7
0.722107,0.6384101,1.06581e-14,5.60777e-8
0.7221582,0.638413,2.22045e-14,3.67684e-9
0.7222158,0.6384168,8.28670e-13,3.37276e-7
0.7223072,0.6384308,1.58096e-13,5.03071e-9
0.7223543,0.6384342,1.42109e-14,1.87013e-8
0.7224036,0.6384338,1.86517e-14,2.83865e-7
0.7224552,0.6384367,1.59872e-14,1.44351e-8
0.7225122,0.6384417,7.10543e-15,2.55020e-7
0.72256,0.6384516,7.10543e-15,1.86573e-7
0.7226446,0.638453,5.32907e-15,1.70576e-8
0.7226953,0.6384545,8.88178e-15,4.35400e-7
0.7227524,0.6384649,1.06581e-14,5.34310e-7
0.7227771,0.6384598,7.10543e-15,1.39124e-7
0.7228368,0.6384688,1.24345e-14,2.94413e-7
0.7228835,0.6384806,1.06581e-14,2.31880e-7
0.7229205,0.6384907,6.21725e-15,1.72043e-7
0.7229529,0.6384949,6.21725e-15,7.15255e-8
0.7228882,0.6385564,9.76996e-15,3.14378e-7
0.7229373,0.6385736,1.95399e-14,3.09240e-7
0.722985,0.638596,1.24345e-14,3.52207e-7
0.7230488,0.6386182,7.99361e-15,6.15626e-7
0.7231129,0.6386282,2.13163e-14,2.64250e-7
0.7231754,0.6386442,7.10543e-15,5.07059e-7
0.7232383,0.6386559,7.10543e-15,2.89169e-7
0.723277,0.6386673,2.13163e-14,8.62742e-8
0.7233162,0.6386831,1.42109e-14,6.06617e-8
0.723367,0.6386896,6.21725e-15,4.47192e-7
0.7234163,0.6387019,3.55271e-15,1.34853e-7
0.7234593,0.6387093,7.10543e-15,2.77227e-7
0.7235065,0.6387113,1.06581e-14,2.09195e-7
0.7235412,0.6387219,1.42109e-14,6.65692e-8
0.7235839,0.6387319,1.15463e-14,6.25742e-8
0.7236256,0.638738,7.99361e-15,1.22828e-7
0.7236731,0.6387422,4.44089e-15,8.83517e-8
0.7237167,0.6387497,2.39808e-14,3.32198e-7
0.7237591,0.6387534,7.10543e-15,1.62862e-7
0.7238021,0.6387563,1.24345e-14,1.55458e-7
0.7238475,0.638763,7.99361e-15,2.64416e-8
0.7238879,0.6387707,2.13163e-14,5.34247e-8
0.7239253,0.6387738,7.10543e-15,1.47541e-8
0.7239598,0.6387849,1.24345e-14,1.98502e-7
0.7240089,0.638789,1.59872e-14,6.86693e-8
0.7240401,0.6388017,5.32907e-15,1.79054e-7
0.7240764,0.6388114,1.77636e-14,1.41449e-7
0.7241085,0.6388172,1.59872e-14,5.81892e-8
0.7241481,0.6388255,2.30926e-14,1.99739e-7
0.7241921,0.6388295,1.33227e-14,4.12865e-8
0.7242271,0.6388376,2.22045e-14,3.46152e-8
0.7242716,0.6388477,1.77636e-14,1.82742e-7
0.7243104,0.6388548,1.42109e-14,4.96336e-8
0.7243445,0.6388574,1.50990e-14,1.49103e-8
0.7243924,0.6388627,1.24345e-14,9.78448e-8
0.7244304,0.6388637,2.66454e-14,2.62207e-8
0.7244603,0.6388707,1.06581e-14,2.96929e-7
0.7244988,0.6388775,2.75335e-14,2.07751e-9
0.7245339,0.6388888,2.48690e-14,1.46673e-7
0.7245834,0.6388957,2.13163e-14,3.79931e-11
0.7246164,0.6389047,1.86517e-14,1.66408e-7
0.7246466,0.6389143,1.15463e-14,4.63002e-8
0.7246843,0.6389191,1.77636e-14,2.70766e-8
0.7247248,0.6389271,8.88178e-15,2.40119e-8
0.7247602,0.6389306,1.24345e-14,1.47400e-7
0.7247997,0.6389381,7.99361e-15,3.20207e-8
0.7248365,0.6389444,1.95399e-14,3.36867e-8
0.7248695,0.6389482,1.77636e-14,1.11072e-7
0.7249066,0.6389521,1.33227e-14,1.58790e-7
0.7249388,0.6389562,7.10543e-15,1.60757e-7
0.7249783,0.6389607,7.99361e-15,1.89619e-7
0.7250097,0.6389649,1.59872e-14,3.31507e-8
0.7250428,0.638969,2.57572e-14,1.19813e-8
0.7250768,0.638972,7.99361e-15,1.41516e-7
0.725115,0.6389732,1.15463e-14,8.61794e-8
0.7251549,0.6389783,2.66454e-15,4.92224e-8
0.7251832,0.638985,2.84217e-14,1.17536e-7
0.7252155,0.6389883,2.22045e-14,2.11464e-9
0.7252496,0.638994,1.33227e-14,1.74423e-8
0.725283,0.6390022,1.33227e-14,4.16156e-8
0.7253243,0.6390006,2.13163e-14,3.60563e-8
0.7253533,0.6390075,1.77636e-14,1.16295e-7
0.7253803,0.6390162,2.30926e-14,6.14490e-8
0.7254013,0.6390267,3.01981e-14,1.00005e-7
0.7254327,0.6390316,1.24345e-14,6.11071e-9
0.7254641,0.63904,9.76996e-15,7.09489e-8
0.7254923,0.6390511,3.55271e-14,1.27124e-7
0.7255191,0.6390573,2.22045e-14,1.91766e-7
0.7255538,0.63906,2.93099e-14,1.35344e-7
0.7255805,0.639066,1.95399e-14,4.37611e-8
0.7256105,0.6390698,4.26326e-14,5.42445e-8
0.7256321,0.6390747,2.04281e-14,9.17724e-8
0.725662,0.6390754,2.22045e-14,8.37006e-9
0.7256923,0.6390765,1.68754e-14,6.68038e-8
0.7257132,0.6390821,1.15463e-14,1.81489e-8
0.7257414,0.6390872,3.37508e-14,1.59156e-7
0.7257711,0.6390938,8.88178e-15,1.62111e-7
0.7258018,0.6390992,2.39808e-14,1.29694e-7
0.725828,0.6391052,1.33227e-14,7.00162e-8
0.7258518,0.6391128,2.13163e-14,9.58887e-8
0.7258835,0.6391178,2.04281e-14,1.00761e-8
0.7259114,0.639122,2.48690e-14,2.21996e-8
0.725945,0.6391285,1.42109e-14,2.99250e-8
0.7259673,0.6391295,1.42109e-14,1.18703e-8
0.7259926,0.6391331,4.44089e-15,1.00945e-7
0.7260193,0.6391387,1.42109e-14,1.37452e-8
0.726043,0.639146,1.59872e-14,8.10495e-9
0.7260664,0.6391504,5.32907e-15,3.48840e-8
0.7260927,0.6391546,4.97380e-14,4.21799e-8
0.7261164,0.6391585,3.73035e-14,4.17028e-8
0.7261395,0.6391633,7.99361e-15,5.42653e-8
0.7261633,0.639168,3.37508e-14,1.79136e-8
0.726191,0.6391718,1.15463e-14,1.99579e-8
0.7262169,0.6391744,1.77636e-14,4.96306e-8
0.7262492,0.6391774,2.66454e-14,6.92805e-9
0.7262711,0.6391784,2.13163e-14,4.81763e-8
0.7262961,0.6391762,1.42109e-14,9.64887e-9
0.7263176,0.6391811,1.77636e-14,6.92636e-8
0.7263434,0.639186,5.50671e-14,3.42628e-8
0.726367,0.6391914,2.84217e-14,2.16842e-8
0.7263828,0.6391955,1.86517e-14,4.36224e-9
0.7264054,0.6391959,2.93099e-14,5.77280e-8
0.7264307,0.6391985,2.75335e-14,1.68750e-8
0.7264529,0.6392006,3.01981e-14,3.39662e-8
0.7264698,0.6392058,1.95399e-14,1.77510e-8
0.7264893,0.639209,4.44089e-14,3.12277e-8
0.7265036,0.6392123,2.22045e-14,6.60577e-8
0.7265241,0.639219,9.76996e-15,7.11291e-8
0.7265434,0.6392244,5.32907e-14,1.81374e-8
0.7265591,0.6392298,1.59872e-14,3.57043e-8
0.7265794,0.6392305,1.50990e-14,3.39464e-8
0.7265961,0.6392386,3.28626e-14,5.21888e-8
0.726616,0.6392413,1.59872e-14,6.30418e-9
0.7266315,0.6392455,3.10862e-14,1.49910e-8
0.7266523,0.6392495,2.30926e-14,3.70892e-8
0.7266656,0.6392538,9.76996e-15,2.15369e-8
0.7266869,0.6392544,2.13163e-14,1.54343e-8
0.7267071,0.6392555,3.90799e-14,4.16771e-8
0.7267235,0.6392593,3.19744e-14,2.30931e-8
0.7267439,0.6392586,2.66454e-14,1.58082e-8
0.7267617,0.6392622,1.86517e-14,6.34084e-8
0.7267762,0.6392649,3.73035e-14,4.76569e-9
0.7267934,0.6392662,3.01981e-14,3.49408e-9
0.7268084,0.6392672,4.61853e-14,3.38037e-8
0.7268228,0.6392739,4.26326e-14,3.40503e-8
0.7268374,0.6392765,2.66454e-14,5.70871e-8
0.7268555,0.6392782,1.42109e-14,1.06908e-8
0.7268669,0.6392835,3.01981e-14,3.90580e-9
0.7268825,0.6392852,1.59872e-14,2.18320e-8
0.7268925,0.6392888,1.86517e-14,1.98864e-8
0.7268997,0.6392901,1.42109e-14,3.06803e-9
0.7269118,0.6392912,4.44089e-14,1.29703e-8
0.7269245,0.6392928,2.75335e-14,1.94782e-8
0.7269371,0.6392976,3.90799e-14,1.88826e-8
0.7269518,0.6393006,3.73035e-14,1.64201e-8
0.7269656,0.6393032,3.28626e-14,3.44899e-8
0.7269793,0.639306,4.79616e-14,4.10993e-8
0.7269947,0.6393083,3.19744e-14,7.20646e-9
0.7270092,0.6393135,5.50671e-14,3.05481e-8
0.7270214,0.6393164,3.28626e-14,1.47259e-8
0.727031,0.6393187,3.90799e-14,3.74470e-8
0.7270454,0.6393206,2.84217e-14,3.87707e-8
0.7270561,0.6393221,4.08562e-14,1.11324e-8
0.727068,0.6393228,3.90799e-14,2.88057e-8
0.727079,0.6393252,3.10862e-14,4.43387e-8
0.7270885,0.639327,7.37188e-14,4.37554e-9
0.7270996,0.6393294,2.84217e-14,3.00274e-8
0.7271125,0.639331,2.66454e-14,9.97423e-9
0.7271252,0.6393311,8.17124e-14,3.39772e-8
0.7271364,0.6393322,9.41469e-14,2.92227e-8
0.7271481,0.6393345,3.28626e-14,8.52193e-9
0.727159,0.6393367,4.35207e-14,2.48656e-8
0.7271651,0.6393389,6.30607e-14,2.24288e-8
0.7271749,0.6393422,2.30926e-14,8.56520e-9
0.7271797,0.6393431,9.41469e-14,7.98142e-9
0.7271841,0.6393429,4.97380e-14,1.34663e-8
0.7271879,0.639343,4.17444e-14,9.96163e-9
0.727194,0.639344,1.24345e-14,3.24427e-9
0.7271984,0.6393455,7.90479e-14,2.43181e-8
0.7272075,0.6393478,3.55271e-14,1.30328e-9
0.7272189,0.6393476,7.63833e-14,2.46145e-8
0.7272311,0.6393489,5.15143e-14,2.11515e-9
0.7272399,0.6393504,8.70415e-14,2.16524e-9
0.7272491,0.6393529,5.15143e-14,1.96541e-8
0.7272575,0.6393558,3.19744e-14,3.59332e-8
0.7272664,0.6393582,5.32907e-14,1.18354e-8
0.7272744,0.6393593,2.84217e-14,1.09467e-8
0.7272834,0.6393606,6.48370e-14,2.74077e-8
0.7272913,0.6393638,5.06262e-14,2.29962e-8
0.7273004,0.6393655,5.32907e-14,2.12591e-8
0.7273099,0.6393667,6.75016e-14,1.82779e-9
0.7273185,0.6393682,5.41789e-14,1.45979e-8
0.7273259,0.6393679,4.26326e-14,1.53003e-8
0.7273303,0.6393695,5.86198e-14,7.73063e-10
0.7273361,0.639372,4.79616e-14,5.12301e-10
0.7273424,0.6393742,5.77316e-14,7.49312e-10
0.7273456,0.6393757,5.50671e-14,1.29830e-8
0.72735,0.6393768,7.19425e-14,3.27204e-9
0.7273547,0.6393776,4.08562e-14,1.55678e-8
0.7273609,0.6393795,7.54952e-14,1.14749e-11
0.727367,0.6393812,6.03961e-14,5.64667e-9
0.7273739,0.6393819,1.08358e-13,1.73094e-8
0.7273831,0.6393817,4.88498e-14,6.82003e-9
0.7273897,0.6393835,3.99680e-14,1.08574e-8
0.7273954,0.6393853,6.12843e-14,1.46128e-8
0.7274015,0.6393885,4.70735e-14,1.94092e-8
0.7274115,0.6393879,7.10543e-14,1.00520e-8
0.727416,0.6393891,6.92779e-14,2.36595e-8
0.7274222,0.6393901,2.93099e-14,5.56331e-9
0.7274285,0.6393927,7.72715e-14,1.12143e-8
0.727436,0.6393934,7.90479e-14,6.76883e-9
0.7274437,0.6393945,3.46390e-14,1.46873e-8
0.7274516,0.6393956,6.39488e-14,2.21530e-8
0.7274591,0.6393961,4.08562e-14,1.52152e-8
0.7274645,0.639397,3.10862e-14,2.28259e-8
0.7274722,0.6393977,1.86517e-14,6.64491e-10
0.7274785,0.639399,5.95080e-14,1.04163e-8
0.7274833,0.6394001,1.24345e-14,1.11024e-8
0.72749,0.639401,5.59552e-14,1.70738e-8
0.7274948,0.6394019,2.57572e-14,1.30041e-8
0.7275016,0.6394029,3.37508e-14,2.03295e-8
0.7275085,0.6394031,6.12843e-14,9.52967e-9
0.7275159,0.6394037,5.41789e-14,3.62767e-9
0.7275204,0.6394042,2.39808e-14,1.23733e-8
0.727526,0.6394036,3.81917e-14,1.31942e-8
0.7275334,0.639403,3.19744e-14,1.01517e-8
0.7275383,0.6394038,1.08358e-13,1.63662e-8
0.7275443,0.6394041,6.57252e-14,2.64370e-9
0.7275481,0.6394049,5.32907e-14,1.89828e-8
0.7275528,0.6394074,5.95080e-14,3.50405e-9
0.7275549,0.6394097,2.66454e-14,1.03497e-8
0.7275576,0.6394109,9.05942e-14,5.65677e-9
0.7275614,0.6394126,1.86517e-14,1.03884e-8
0.7275674,0.6394137,4.08562e-14,1.70705e-9
0.7275734,0.6394146,8.43769e-14,9.04395e-9
0.7275778,0.6394152,4.61853e-14,6.98897e-9
0.7275822,0.6394157,4.08562e-14,2.65940e-9
0.7275859,0.6394161,8.34888e-14,1.13696e-8
0.7275909,0.6394168,5.59552e-14,1.80551e-9
0.7275953,0.639417,5.59552e-14,1.60430e-8
0.7276005,0.6394185,4.26326e-14,5.53081e-9
0.7276062,0.6394198,2.84217e-14,9.09103e-9
0.7276096,0.63942,1.40332e-13,6.79365e-9
0.727615,0.6394202,5.32907e-14,1.32150e-9
0.7276187,0.6394206,4.97380e-14,2.93703e-9
0.7276244,0.6394195,5.77316e-14,1.27296e-9
0.7276276,0.63942,6.75016e-14,3.23693e-9
0.7276326,0.6394208,1.20792e-13,1.02986e-9
0.7276366,0.6394206,6.39488e-14,3.42469e-9
0.7276375,0.6394213,8.34888e-14,1.72845e-9
0.7276411,0.6394208,1.52767e-13,9.98490e-11
0.7276429,0.639422,1.24345e-14,7.57453e-9
0.727645,0.6394221,2.84217e-14,2.39730e-9
0.7276498,0.6394228,4.08562e-14,4.39943e-9
0.7276538,0.6394237,4.79616e-14,1.18671e-8
0.7276587,0.6394254,3.28626e-14,5.15604e-9
0.7276611,0.639426,1.36779e-13,8.55237e-10
0.7276643,0.6394263,9.76996e-14,1.16287e-9
0.7276682,0.6394273,4.79616e-14,8.20069e-9
0.7276718,0.6394279,5.15143e-14,1.04069e-8
0.7276768,0.6394281,4.97380e-14,5.33359e-9
0.7276836,0.6394279,7.10543e-14,4.12002e-9
0.7276899,0.6394279,7.28306e-14,4.61831e-9
0.7276928,0.6394294,1.12799e-13,6.29372e-9
0.7276985,0.6394308,1.31450e-13,9.78271e-9
0.7277022,0.6394315,5.77316e-14,6.04961e-9
0.7277051,0.639432,8.43769e-14,1.33153e-8
0.7277074,0.6394324,5.77316e-14,1.15866e-8
0.7277121,0.6394327,1.08358e-13,7.74034e-9
0.7277146,0.6394338,9.85878e-14,1.22061e-8
0.7277179,0.6394349,6.03961e-14,9.82654e-9
0.7277215,0.6394356,1.47438e-13,8.80408e-9
0.7277266,0.6394354,4.70735e-14,1.05491e-8
0.7277319,0.6394364,9.59233e-14,8.00613e-9
0.727736,0.6394383,1.61648e-13,6.27465e-9
0.7277378,0.6394408,8.88178e-14,8.22643e-10
0.727744,0.6394404,7.01661e-14,8.20925e-9
0.7277474,0.6394417,8.26006e-14,9.80850e-9
0.7277504,0.6394432,1.12799e-13,7.89247e-9
0.7277546,0.6394433,4.08562e-14,1.50081e-9
0.727758,0.6394434,4.44089e-14,2.97498e-9
0.7277606,0.6394439,1.38556e-13,4.51577e-9
0.7277629,0.6394449,8.70415e-14,7.54632e-9
0.7277664,0.6394451,3.01981e-14,3.50737e-9
0.727769,0.6394464,8.43769e-14,4.87508e-10
0.7277698,0.6394469,6.39488e-14,7.00067e-9
0.727772,0.6394481,9.85878e-14,7.75153e-9
0.7277735,0.6394495,9.94760e-14,6.41810e-9
0.7277757,0.6394508,1.19904e-13,7.96357e-9
0.7277796,0.6394511,1.90070e-13,6.45681e-9
0.7277821,0.6394522,6.39488e-14,1.06679e-9
0.727784,0.6394528,4.17444e-14,6.83650e-9
0.7277876,0.6394527,3.73035e-14,2.53728e-10
0.7277919,0.6394518,1.19904e-13,6.66473e-9
0.7277937,0.6394526,6.30607e-14,5.06467e-9
0.7277961,0.6394525,7.81597e-14,4.63422e-9
0.7278003,0.6394519,3.37508e-14,3.49421e-9
0.7278021,0.6394531,6.66134e-14,1.40786e-9
0.7278045,0.6394537,8.88178e-14,2.57826e-9
0.7278066,0.6394537,6.39488e-14,6.13842e-11
0.7278083,0.6394541,1.02141e-13,4.80972e-9
0.7278102,0.6394545,9.41469e-14,2.81329e-9
0.7278123,0.6394548,9.23706e-14,4.75982e-9
0.7278154,0.6394551,5.86198e-14,2.58830e-10
0.7278194,0.6394569,1.03917e-13,9.18024e-9
0.7278213,0.6394568,6.92779e-14,2.63898e-9
0.7278228,0.6394574,5.32907e-14,4.96161e-9
0.7278245,0.639458,5.32907e-14,4.42404e-9
0.7278264,0.6394588,1.56319e-13,3.16489e-9
0.7278286,0.6394595,7.01661e-14,7.22765e-9
0.7278307,0.6394602,1.08358e-13,5.47014e-9
0.7278323,0.6394604,5.50671e-14,8.99807e-10
0.7278342,0.6394607,9.23706e-14,3.84205e-9
0.7278367,0.639461,8.70415e-14,1.82694e-9
0.7278376,0.6394617,5.06262e-14,5.49303e-9
0.7278386,0.6394622,8.52651e-14,3.17321e-9
0.7278401,0.6394627,1.88294e-13,4.06623e-9
0.7278424,0.6394629,6.12843e-14,2.37646e-9
0.7278429,0.6394646,8.61533e-14,4.92540e-9
0.7278456,0.6394654,1.55431e-13,5.69334e-9
0.7278475,0.639466,1.30562e-13,5.85403e-9
0.7278502,0.6394666,4.44089e-14,5.97822e-9
0.7278526,0.6394667,1.01252e-13,3.97541e-10
0.7278544,0.6394674,5.15143e-14,2.77751e-11
0.7278559,0.6394681,1.03029e-13,5.70757e-9
0.7278577,0.6394685,9.59233e-14,3.07838e-9
0.72786,0.6394683,5.50671e-14,7.30409e-9
0.7278618,0.6394693,7.46070e-14,1.12493e-9
0.7278626,0.6394696,1.14575e-13,9.56419e-10
0.7278689,0.6394689,2.66454e-14,6.49817e-9
0.727872,0.6394697,5.15143e-14,3.73673e-10
0.7278743,0.6394698,1.04805e-13,3.78240e-9
0.7278767,0.6394702,7.19425e-14,1.63731e-9
0.7278788,0.6394701,1.03029e-13,2.87870e-9
0.727881,0.6394701,1.52767e-13,1.82087e-9
0.7278827,0.6394702,4.79616e-14,1.44236e-9
0.7278839,0.6394712,7.37188e-14,3.48250e-10
0.7278849,0.6394719,4.17444e-14,8.55816e-10
0.7278855,0.6394729,1.17240e-13,2.37779e-9
0.7278861,0.6394734,6.39488e-14,2.96363e-9
0.7278868,0.6394734,1.35003e-13,2.40566e-9
0.7278878,0.6394735,5.24025e-14,3.00089e-9
0.7278896,0.639474,1.32339e-13,2.07210e-11
0.7278908,0.6394749,3.73035e-14,1.05049e-11
0.7278922,0.6394752,1.11910e-13,2.76702e-9
0.7278932,0.6394752,9.94760e-14,7.37500e-10
0.7278942,0.6394747,1.19016e-13,1.31564e-9
0.7278955,0.639475,9.14824e-14,8.73539e-11
0.7278961,0.6394752,2.01617e-13,1.07219e-9
0.7278965,0.6394753,1.59872e-13,1.33594e-9
0.7278983,0.6394746,1.30562e-13,4.35354e-9
0.7279009,0.6394746,1.84741e-13,2.94264e-9
0.7279025,0.6394749,1.14575e-13,5.37198e-9
0.7279042,0.6394754,1.34115e-13,1.02707e-9
0.7279042,0.6394777,1.14575e-13,2.33166e-9
0.727905,0.6394781,5.32907e-14,3.56701e-9
0.7279071,0.6394779,6.48370e-14,9.73513e-10
0.7279078,0.6394782,9.94760e-14,2.00957e-9
0.72791,0.6394785,4.61853e-14,3.67123e-9
0.7279123,0.6394784,1.31450e-13,2.65221e-9
0.7279132,0.6394782,1.43885e-13,3.54607e-9
0.7279151,0.6394788,8.43769e-14,2.29677e-9
0.7279155,0.6394797,4.70735e-14,3.50681e-9
0.727918,0.6394799,7.10543e-14,3.36175e-9
0.7279202,0.6394799,3.90799e-14,4.94568e-9
0.7279214,0.6394801,9.14824e-14,2.24285e-9
0.7279235,0.6394805,5.86198e-14,5.07345e-9
0.7279252,0.6394802,1.06581e-13,1.11230e-9
0.7279258,0.6394805,1.44773e-13,6.48736e-9
0.7279269,0.6394811,4.44089e-14,2.69975e-9
0.7279284,0.6394812,7.90479e-14,1.13781e-9
0.7279298,0.6394816,1.09246e-13,2.67272e-9
0.7279307,0.6394816,1.26121e-13,5.46541e-10
0.7279326,0.6394816,2.00728e-13,1.46753e-9
0.7279334,0.6394823,2.30926e-13,3.14397e-9
0.7279349,0.6394821,1.29674e-13,2.94769e-9
0.727936,0.639482,1.38556e-13,1.39800e-9
0.7279374,0.6394821,1.40332e-13,3.28033e-9
0.7279384,0.6394826,3.25073e-13,3.93943e-10
0.7279402,0.639482,1.56319e-13,2.32404e-9
0.7279421,0.6394814,1.02141e-13,5.66165e-9
0.7279436,0.6394814,1.35891e-13,2.84054e-9
0.727945,0.6394825,1.24345e-13,1.78680e-9
0.727946,0.6394832,6.48370e-14,5.35811e-9
0.7279474,0.6394838,1.38556e-13,8.23938e-10
0.7279494,0.6394842,1.11022e-13,2.64020e-9
0.7279508,0.6394845,1.06581e-13,2.69482e-9
0.7279523,0.6394846,1.43885e-13,2.44414e-9
0.7279535,0.6394851,7.37188e-14,2.84635e-10
0.7279545,0.6394849,4.26326e-14,2.75493e-9
0.7279563,0.6394851,1.42109e-13,3.37411e-9
0.7279575,0.6394852,5.50671e-14,4.14669e-9
0.7279583,0.6394854,1.03029e-13,3.37574e-9
0.7279593,0.6394855,8.61533e-14,2.85049e-9
0.72796,0.6394857,9.05942e-14,3.36408e-9
0.7279619,0.6394857,9.94760e-14,3.18029e-9
0.7279625,0.6394862,1.54543e-13,3.28736e-9
0.7279634,0.6394865,2.15827e-13,2.14239e-9
0.7279639,0.6394868,1.03029e-13,2.35543e-9
0.727965,0.6394875,1.19016e-13,2.22846e-10
0.7279662,0.6394872,5.50671e-14,2.67229e-9
0.7279676,0.6394877,8.88178e-14,4.81162e-9
0.7279689,0.639488,9.94760e-14,3.83976e-10
0.7279702,0.6394883,8.70415e-14,2.73289e-9
0.7279708,0.6394887,1.50990e-13,2.68551e-9
0.7279716,0.6394891,8.70415e-14,1.51240e-9
0.7279747,0.6394891,1.29674e-13,2.73985e-10
0.7279762,0.6394895,9.59233e-14,4.21696e-9
0.7279761,0.6394901,6.21725e-14,7.28238e-10
0.7279769,0.6394904,1.35891e-13,2.70882e-9
0.7279773,0.6394904,9.94760e-14,1.14885e-9
0.727978,0.6394904,1.07470e-13,7.33126e-10
0.727978,0.6394905,1.70530e-13,6.80904e-11
0.7279784,0.6394907,9.59233e-14,1.22835e-9
0.7279786,0.639491,1.54543e-13,1.30685e-11
0.7279793,0.639491,1.46549e-13,3.59655e-10
0.7279798,0.6394909,1.03029e-13,1.14551e-9
0.7279803,0.639491,1.86517e-13,1.09673e-9
0.7279805,0.639491,8.61533e-14,1.60988e-10
0.7279813,0.6394914,1.68754e-13,1.46309e-9
0.7279817,0.6394916,1.90070e-13,5.36782e-10
0.7279819,0.6394915,6.48370e-14,1.33423e-9
0.7279834,0.6394916,8.43769e-14,9.16261e-10
0.7279841,0.6394916,1.35003e-13,1.15832e-9
0.7279847,0.6394917,7.10543e-14,5.95975e-11
0.7279853,0.6394921,1.23457e-13,1.83555e-9
0.7279859,0.6394925,1.16351e-13,1.62161e-9
0.7279867,0.6394927,1.14575e-13,2.13568e-9
0.7279886,0.6394925,1.81188e-13,3.61434e-10
0.7279903,0.6394924,8.52651e-14,4.20521e-9
0.7279916,0.6394924,1.27010e-13,4.33512e-9
0.7279924,0.639493,1.80300e-13,6.93340e-10
0.727994,0.639493,1.01252e-13,2.85173e-9
0.7279959,0.6394924,8.88178e-14,2.18542e-10
0.7279962,0.6394929,5.77316e-14,1.39832e-9
0.7279974,0.6394929,1.34115e-13,5.49543e-10
0.727999,0.6394927,1.84741e-13,2.24701e-9
0.7279999,0.6394935,6.03961e-14,1.96664e-9
0.7280008,0.6394936,1.52767e-13,3.77876e-9
0.7280028,0.6394933,8.26006e-14,3.80875e-9
0.728004,0.6394933,1.34115e-13,6.60842e-10
0.7280046,0.6394936,1.11910e-13,1.97315e-10
0.7280057,0.6394938,8.43769e-14,3.97383e-9
0.7280063,0.6394942,1.36779e-13,4.34648e-10
0.7280077,0.6394943,1.84741e-13,1.39517e-9
0.7280091,0.6394943,7.46070e-14,2.27551e-9
0.7280101,0.6394942,1.53655e-13,2.49232e-9
0.7280117,0.6394943,1.22569e-13,3.04308e-9
0.7280124,0.639495,9.23706e-14,1.63723e-9
0.7280128,0.6394953,1.04805e-13,8.30764e-10
0.7280133,0.6394952,1.43885e-13,1.70623e-9
0.7280141,0.6394952,1.42109e-13,6.77551e-10
0.7280161,0.6394949,1.81188e-13,3.78421e-9
0.7280172,0.6394956,2.84217e-14,6.03451e-10
0.7280177,0.639496,1.20792e-13,2.50684e-9
0.7280194,0.6394961,1.55431e-13,6.51917e-10
0.7280207,0.639496,8.79297e-14,1.52260e-9
0.7280215,0.6394962,3.01981e-14,1.37643e-10
0.7280236,0.6394957,1.82077e-13,1.42044e-9
0.7280244,0.6394959,2.18492e-13,2.88077e-9
0.7280253,0.6394959,2.93099e-14,1.61674e-9
0.7280261,0.6394963,2.65565e-13,9.75152e-10
0.7280263,0.6394966,7.37188e-14,1.88869e-9
0.7280271,0.6394964,8.43769e-14,1.25313e-9
0.7280286,0.639497,1.23457e-13,2.05578e-9
0.7280296,0.6394972,1.53655e-13,2.29785e-9
0.7280311,0.6394967,1.90070e-13,2.52505e-10
0.728032,0.6394966,1.79412e-13,3.82538e-9
0.7280333,0.6394966,1.59872e-13,2.79258e-9
0.7280344,0.6394966,1.02141e-13,2.94103e-9
0.7280355,0.6394968,7.90479e-14,7.46564e-10
0.7280363,0.6394973,7.90479e-14,1.37176e-9
0.7280376,0.6394971,2.71783e-13,9.58833e-10
0.7280382,0.6394977,2.02505e-13,2.78577e-9
0.7280392,0.6394977,3.31291e-13,4.09310e-10
0.7280395,0.639498,1.30562e-13,9.98467e-10
0.7280395,0.6394983,2.30926e-13,1.67759e-10
0.7280412,0.6394981,2.13163e-13,1.11106e-9
0.7280423,0.6394983,2.60236e-13,1.14586e-9
0.7280428,0.6394988,9.94760e-14,2.92449e-10
0.7280433,0.639499,7.19425e-14,4.06948e-9
0.7280438,0.639499,8.70415e-14,2.49890e-9
0.7280448,0.6394994,2.43361e-13,7.48324e-10
0.7280463,0.6394994,7.72715e-14,1.95486e-10
0.7280466,0.6394999,9.85878e-14,1.65396e-9
0.7280473,0.6394998,1.03029e-13,2.41314e-9
0.7280484,0.6395002,7.28306e-14,2.91570e-9
0.7280503,0.6395001,2.72671e-13,2.50054e-9
0.7280521,0.6395,7.99361e-14,2.34494e-9
0.7280532,0.6395006,8.17124e-14,1.38499e-10
0.7280542,0.6395007,7.37188e-14,8.92440e-10
0.7280556,0.6395013,1.82077e-13,7.80668e-10
0.7280573,0.6395012,1.18128e-13,1.12338e-9
0.7280579,0.6395015,6.21725e-14,1.59119e-9
0.7280584,0.639502,1.21680e-13,2.14155e-9
0.728059,0.6395024,1.05693e-13,2.19997e-9
0.7280595,0.639503,1.69642e-13,2.31196e-10
0.7280605,0.639503,6.39488e-14,1.19409e-9
0.7280609,0.6395034,9.85878e-14,1.49006e-9
0.7280619,0.6395034,1.59872e-13,1.24039e-9
0.7280618,0.6395039,2.01617e-13,1.60960e-9
0.7280627,0.6395039,1.13687e-13,9.28859e-10
0.7280633,0.6395047,7.37188e-14,2.35928e-9
0.7280633,0.6395052,1.98064e-13,1.65215e-9
0.7280644,0.639505,7.10543e-14,7.70078e-10
0.7280649,0.639505,9.23706e-14,2.17782e-9
0.7280657,0.6395051,1.45661e-13,2.63568e-9
0.7280662,0.6395053,1.35003e-13,1.82816e-9
0.7280676,0.639505,1.23457e-13,1.92470e-9
0.7280684,0.6395051,1.64313e-13,1.84889e-9
0.7280688,0.6395051,9.94760e-14,1.17266e-9
0.728069,0.6395051,3.55271e-14,1.20106e-9
0.7280707,0.6395049,9.32587e-14,4.18037e-10
0.7280714,0.6395051,1.06581e-13,2.36583e-9
0.728072,0.6395051,7.28306e-14,2.21521e-9
0.7280728,0.639505,1.73195e-13,2.10297e-9
0.7280742,0.6395046,1.94511e-13,1.25662e-9
0.728075,0.6395043,1.33227e-13,1.63218e-9
0.7280754,0.6395051,1.27898e-13,1.48511e-9
0.7280756,0.6395054,9.41469e-14,1.63684e-9
0.7280761,0.6395054,1.35003e-13,2.18999e-9
0.728077,0.6395053,4.26326e-14,1.33668e-9
0.7280771,0.6395057,1.25233e-13,1.43221e-9
0.7280776,0.6395057,1.18128e-13,2.90839e-10
0.7280781,0.639506,6.57252e-14,1.24163e-11
0.7280782,0.6395059,2.06057e-13,5.77329e-10
0.7280788,0.6395057,9.94760e-14,5.22703e-10
0.7280794,0.6395059,5.32907e-14,1.26222e-9
0.7280802,0.639506,1.55431e-13,2.29264e-10
0.7280804,0.6395063,1.02141e-13,4.10487e-10
0.7280805,0.6395065,3.37508e-14,9.13727e-10
0.728081,0.6395066,1.75859e-13,7.56247e-10
0.7280813,0.6395067,1.27010e-13,4.08987e-10
0.7280815,0.6395068,1.40332e-13,1.73572e-10
0.7280815,0.6395068,1.63425e-13,9.94782e-15
0.7280815,0.6395069,7.10543e-14,8.05127e-11
0.7280818,0.6395068,8.26006e-14,1.66383e-10
0.728082,0.6395068,1.83853e-13,1.20218e-10
0.7280821,0.6395067,1.62537e-13,1.85949e-11
0.7280823,0.6395065,4.97380e-14,9.15575e-11
0.7280822,0.6395067,1.93623e-13,1.56936e-10
0.7280823,0.6395067,1.06581e-13,4.23804e-10
0.7280831,0.6395067,6.21725e-14,6.26341e-11
0.7280837,0.6395072,7.63833e-14,9.08606e-10
0.7280838,0.6395075,1.31450e-13,6.31455e-10
0.7280839,0.6395076,3.65041e-13,9.82497e-11
0.7280841,0.6395076,1.01252e-13,6.22917e-10
0.7280844,0.6395075,1.24345e-13,5.23027e-11
0.7280848,0.6395075,1.33227e-13,8.51486e-10
0.7280851,0.6395077,1.11910e-13,6.54593e-10
0.7280856,0.6395076,1.24345e-13,1.70773e-9
0.7280862,0.6395081,1.53655e-13,8.93554e-10
0.7280864,0.6395086,3.38396e-13,2.33275e-9
0.7280872,0.6395084,1.95399e-13,6.64628e-10
0.7280882,0.6395086,1.09246e-13,9.91962e-10
0.7280885,0.6395088,1.76748e-13,1.48873e-9
0.7280887,0.6395089,1.31450e-13,3.36427e-10
0.7280896,0.6395084,7.63833e-14,1.16698e-9
0.7280904,0.6395084,6.75016e-14,1.59746e-10
0.728091,0.6395086,8.34888e-14,1.47859e-9
0.7280917,0.639509,1.27898e-13,9.22194e-10
0.7280921,0.6395091,1.90070e-13,1.75160e-9
0.7280931,0.6395089,7.46070e-14,5.42123e-10
0.728094,0.6395089,8.88178e-14,1.55241e-9
0.728094,0.6395095,4.52971e-14,9.11970e-10
0.7280959,0.6395093,5.77316e-14,5.74009e-10
0.7280966,0.6395092,3.73923e-13,1.98833e-9
0.7280975,0.6395091,8.88178e-14,1.19959e-9
0.7280982,0.6395092,6.48370e-14,1.61266e-9
0.7280984,0.6395093,2.66454e-14,9.71178e-10
0.7280996,0.639509,8.52651e-14,1.04176e-9
0.7280997,0.6395093,5.59552e-14,6.24396e-10
0.7281001,0.6395094,7.90479e-14,1.06093e-9
0.728101,0.6395094,7.19425e-14,3.33342e-10
0.7281017,0.6395095,1.56319e-13,1.70156e-9
0.7281028,0.6395094,2.47802e-13,8.85813e-10
0.7281034,0.6395093,1.69642e-13,4.80568e-10
0.7281042,0.6395091,1.81188e-13,1.97348e-9
0.7281051,0.6395087,2.22045e-13,1.56115e-9
0.7281058,0.639509,2.50466e-13,1.24675e-9
0.7281076,0.6395082,1.19904e-13,8.50503e-10
0.7281081,0.6395087,9.14824e-14,1.91385e-9
0.7281087,0.6395088,6.92779e-14,1.53475e-9
0.7281093,0.6395092,1.38556e-13,2.22505e-9
0.7281104,0.639509,3.06422e-13,2.68203e-10
0.7281106,0.6395094,1.84741e-13,2.34790e-9
0.7281109,0.6395098,1.50102e-13,1.44417e-10
0.7281114,0.6395101,8.52651e-14,2.94325e-10
0.7281123,0.63951,1.50990e-13,1.27006e-9
0.7281131,0.63951,1.26121e-13,2.31557e-9
0.7281137,0.63951,1.48326e-13,2.42261e-9
0.7281138,0.6395101,2.10498e-13,6.08429e-10
0.7281143,0.6395104,1.03029e-13,9.49808e-11
0.7281149,0.6395104,2.26485e-13,1.27572e-9
0.7281155,0.6395107,9.94760e-14,1.58173e-9
0.7281161,0.6395113,6.57252e-14,7.54791e-10
0.7281164,0.6395113,1.12799e-13,1.09721e-9
0.7281163,0.639512,1.11910e-13,2.10125e-10
0.7281166,0.639512,1.69642e-13,5.86600e-10
0.7281174,0.639512,2.00728e-13,2.20215e-9
0.7281178,0.6395119,2.39808e-13,1.80445e-9
0.7281181,0.6395124,9.59233e-14,7.37691e-10
0.7281186,0.6395124,1.78524e-13,2.28721e-9
0.7281186,0.6395127,1.24345e-13,7.34197e-10
0.7281189,0.6395128,2.10498e-13,5.48696e-10
0.7281197,0.6395126,1.95399e-13,1.17387e-9
0.7281207,0.6395132,1.23457e-13,1.14455e-9
0.7281216,0.6395128,1.08358e-13,1.15461e-9
0.7281218,0.6395133,1.07470e-13,5.80081e-11
0.7281229,0.6395131,6.75016e-14,2.64612e-10
0.7281262,0.6395119,2.93099e-14,9.22815e-10
0.7281269,0.6395118,1.49214e-13,6.05041e-10
0.7281276,0.6395118,1.05693e-13,1.41430e-9
0.7281282,0.6395119,8.26006e-14,2.55810e-9
0.7281289,0.6395123,1.16351e-13,1.31559e-9
0.7281298,0.6395124,8.52651e-14,1.11976e-9
0.7281306,0.6395122,4.26326e-13,1.85237e-9
0.7281313,0.6395122,2.20268e-13,4.46164e-11
0.7281322,0.639512,1.31450e-13,1.75711e-9
0.7281325,0.6395122,2.51354e-13,1.19087e-9
0.7281337,0.6395123,1.92735e-13,2.97162e-10
0.7281335,0.6395126,6.48370e-14,1.28110e-9
0.7281336,0.639513,1.63425e-13,1.21968e-9
0.7281345,0.6395129,1.19016e-13,7.56889e-10
0.7281344,0.6395138,1.05693e-13,1.04410e-9
0.7281347,0.6395137,2.23821e-13,9.01885e-10
0.7281354,0.6395139,2.55795e-13,9.88050e-10
0.7281361,0.6395136,1.56319e-13,1.22556e-9
0.7281366,0.6395134,8.88178e-14,1.34547e-9
0.7281372,0.6395139,2.53131e-13,1.25361e-10
0.7281379,0.6395136,1.85629e-13,1.34639e-9
0.7281383,0.639514,2.37144e-13,1.04150e-10
0.7281391,0.6395139,2.23821e-13,1.46730e-9
0.728139,0.6395147,1.07470e-13,1.68209e-9
0.728139,0.6395148,1.14575e-13,2.58134e-10
0.7281394,0.639515,1.61648e-13,4.48759e-11
0.7281399,0.6395149,1.47438e-13,1.27486e-9
0.7281406,0.6395149,2.62901e-13,5.39537e-10
0.7281412,0.6395151,1.47438e-13,1.96921e-9
0.7281419,0.639515,2.86882e-13,4.88669e-10
0.7281423,0.6395151,1.87406e-13,1.41313e-9
0.7281431,0.6395153,1.16351e-13,1.30533e-9
0.7281436,0.6395154,2.26485e-13,1.45376e-9
0.7281442,0.6395155,3.01981e-13,1.41788e-9
0.7281445,0.6395156,2.99316e-13,3.59146e-10
0.7281448,0.6395156,1.47438e-13,1.49836e-9
0.728145,0.639516,4.73399e-13,1.76675e-9
0.728145,0.6395168,9.05942e-14,8.91539e-10
0.728145,0.6395169,1.30562e-13,6.39181e-11
0.7281453,0.639517,1.31450e-13,3.11614e-10
0.7281453,0.6395174,2.85105e-13,1.93120e-9
0.7281457,0.6395174,5.15143e-14,1.83724e-9
0.7281464,0.6395175,2.11386e-13,6.78470e-10
0.7281473,0.6395174,1.89182e-13,1.99811e-11
0.7281475,0.6395174,1.68754e-13,1.36735e-9
0.7281478,0.6395176,1.03029e-13,1.07728e-9
0.7281481,0.6395176,1.90070e-13,6.10904e-10
0.728149,0.6395174,1.15463e-13,4.61176e-10
0.7281492,0.6395176,1.90070e-13,6.34053e-10
0.72815,0.6395176,1.29674e-13,1.15676e-9
0.728151,0.6395171,1.33227e-13,1.46818e-9
0.7281513,0.6395173,2.27374e-13,1.52766e-9
0.7281518,0.6395172,1.00364e-13,3.12496e-10
0.7281522,0.6395172,1.63425e-13,1.84475e-10
0.7281528,0.6395172,1.20792e-13,1.22983e-9
0.728153,0.6395176,3.71259e-13,1.38138e-9
0.728154,0.6395176,1.88294e-13,9.55737e-10
0.728155,0.6395175,1.82077e-13,1.19549e-9
0.7281551,0.6395176,1.61648e-13,1.56996e-9
0.7281556,0.6395176,1.18128e-13,2.12224e-9
0.728156,0.6395178,2.27374e-13,1.77086e-9
0.728157,0.6395177,1.50990e-13,1.66359e-9
0.7281575,0.639518,2.40696e-13,4.78526e-10
0.7281581,0.6395179,2.39808e-13,9.43038e-10
0.7281587,0.6395179,3.02869e-13,1.22896e-10
0.7281598,0.6395178,2.06057e-13,1.12578e-9
0.7281603,0.6395179,1.79412e-13,3.84320e-10
0.7281609,0.6395181,8.52651e-14,7.65498e-10
0.7281611,0.6395181,2.30926e-13,1.06560e-10
0.7281614,0.639518,1.80300e-13,9.10890e-10
0.728162,0.6395179,1.07470e-13,3.27474e-10
0.7281625,0.6395178,1.74083e-13,1.38661e-9
0.7281627,0.639518,2.43361e-13,1.26184e-9
0.7281626,0.6395184,2.96652e-13,1.07283e-9
0.7281633,0.6395183,9.14824e-14,1.49793e-9
0.7281639,0.6395181,8.70415e-14,7.24217e-10
0.7281641,0.639518,2.35367e-13,1.35090e-9
0.7281642,0.6395182,1.36779e-13,1.54043e-9
0.728164,0.6395187,1.91847e-13,4.17359e-10
0.7281644,0.6395185,1.76748e-13,1.23006e-9
0.7281653,0.6395183,1.24345e-13,1.96927e-9
0.7281659,0.6395187,2.57572e-13,4.88627e-10
0.7281662,0.6395187,2.29150e-13,5.28277e-10
0.7281664,0.6395188,2.86882e-13,1.81023e-9
0.7281667,0.6395192,2.73559e-13,1.64347e-10
0.7281669,0.6395197,2.93099e-13,3.69190e-10
0.728168,0.6395193,1.72307e-13,1.39112e-9
0.7281681,0.6395198,1.81188e-13,2.81210e-10
0.7281684,0.6395198,2.78888e-13,5.00923e-10
0.7281692,0.6395195,2.88658e-13,1.05233e-9
0.72817,0.6395196,2.05169e-13,4.69042e-10
0.7281703,0.6395197,2.37144e-13,1.48081e-9
0.7281709,0.6395199,1.30562e-13,8.63698e-10
0.7281712,0.6395199,1.01252e-13,1.04150e-9
0.7281715,0.6395201,1.98064e-13,7.32416e-10
0.7281713,0.6395206,1.70530e-13,1.23028e-9
0.7281724,0.6395203,3.24185e-13,8.56793e-10
0.7281726,0.6395203,1.54543e-13,5.21109e-10
0.7281732,0.6395202,1.82077e-13,7.31951e-10
0.7281739,0.6395201,1.50102e-13,2.02505e-10
0.7281743,0.63952,1.00364e-13,8.25013e-10
0.7281749,0.6395198,1.59872e-13,7.84313e-10
0.728175,0.6395205,3.06422e-13,9.78066e-10
0.7281753,0.6395205,2.43361e-13,1.51340e-9
0.7281757,0.6395203,1.98952e-13,1.08493e-9
0.7281762,0.6395202,2.30926e-13,1.59665e-9
0.7281765,0.6395203,2.07834e-13,1.67943e-10
0.7281765,0.6395203,2.23821e-13,1.33843e-9
0.7281773,0.63952,2.69118e-13,6.52520e-10
0.7281773,0.63952,1.58096e-13,7.25307e-10
0.7281776,0.6395201,2.14939e-13,2.57607e-11
0.7281781,0.6395201,1.93623e-13,2.75050e-10
0.7281786,0.6395199,2.53131e-13,1.16590e-9
0.7281791,0.6395196,1.89182e-13,1.25113e-9
0.7281798,0.6395194,1.32339e-13,1.28953e-11
0.7281801,0.6395195,1.65201e-13,7.05119e-10
0.7281804,0.6395197,1.45661e-13,1.20455e-11
0.7281804,0.6395201,3.17080e-13,7.81589e-10
0.7281809,0.6395201,9.68114e-14,1.11265e-9
0.7281808,0.6395204,2.44249e-13,4.48690e-10
0.7281813,0.6395205,1.51879e-13,1.05154e-9
0.7281816,0.6395204,1.10134e-13,1.16924e-9
0.7281818,0.6395206,2.17604e-13,5.28300e-10
0.7281823,0.6395208,2.08722e-13,4.02407e-10
0.7281826,0.6395209,1.81188e-13,6.69309e-10
0.7281833,0.6395211,1.35003e-13,3.60657e-11
0.7281839,0.6395213,1.84741e-13,1.08430e-9
0.7281843,0.6395214,1.56319e-13,8.99508e-10
0.7281845,0.6395214,1.11910e-13,1.57829e-9
0.7281846,0.6395214,3.22409e-13,1.23040e-9
0.7281852,0.6395212,2.73559e-13,3.95203e-10
0.7281859,0.6395211,1.50990e-13,2.15214e-10
0.7281864,0.6395212,2.78888e-13,1.06160e-9
0.7281865,0.6395214,3.09086e-13,5.61060e-10
0.7281868,0.6395213,1.10134e-13,8.67976e-10
0.7281868,0.6395215,2.05169e-13,1.30857e-9
0.7281873,0.6395217,1.70530e-13,8.60256e-10
0.7281883,0.6395216,8.97060e-14,1.35202e-9
0.7281889,0.6395215,1.42109e-13,1.14779e-9
0.7281894,0.6395219,3.64153e-13,9.22605e-10
0.7281897,0.6395219,2.20268e-13,8.39929e-10
0.7281901,0.6395221,1.34115e-13,6.15858e-10
0.72819,0.6395223,1.74083e-13,3.90221e-10
0.7281902,0.6395223,2.90434e-13,5.44530e-10
0.7281904,0.6395224,9.59233e-14,8.75562e-10
0.7281904,0.6395225,9.76996e-14,4.37567e-10
0.7281909,0.6395226,2.46914e-13,8.32850e-10
0.7281912,0.6395227,3.42837e-13,1.00019e-10
0.7281916,0.6395228,3.49942e-13,1.69941e-10
0.7281924,0.6395228,1.56319e-13,6.69071e-10
0.7281929,0.6395229,2.24709e-13,2.66322e-10
0.7281933,0.639523,1.33227e-13,6.01042e-10
0.7281935,0.6395231,2.08722e-13,1.77865e-10
0.7281937,0.6395231,1.58984e-13,4.02586e-10
0.7281938,0.639523,1.76748e-13,1.63448e-10
0.7281938,0.6395231,2.93099e-13,8.00225e-11
0.7281944,0.639523,1.35003e-13,3.73509e-10
0.7281945,0.639523,2.06946e-13,4.42079e-10
0.7281948,0.6395232,2.18492e-13,2.64732e-10
0.728195,0.6395232,2.73559e-13,3.91902e-10
0.7281949,0.6395233,2.18492e-13,2.97621e-10
0.7281949,0.6395235,2.10498e-13,2.20010e-10
0.7281952,0.6395234,1.65201e-13,1.83400e-11
0.7281954,0.6395234,1.58984e-13,1.75825e-10
0.7281956,0.6395235,3.10862e-13,6.77339e-11
0.7281955,0.6395235,4.25437e-13,4.90734e-10
0.7281955,0.6395236,1.33227e-13,7.01702e-11
0.7281955,0.6395239,1.11910e-13,2.51314e-11
0.728196,0.6395238,1.46549e-13,1.96433e-10
0.7281959,0.639524,3.73923e-13,3.11729e-10
0.7281958,0.6395242,1.58984e-13,4.20535e-11
0.728196,0.6395242,1.62537e-13,6.22765e-11
0.7281962,0.6395242,2.73559e-13,3.67072e-10
0.7281972,0.6395239,2.30038e-13,8.38313e-10
0.7281973,0.6395239,1.11910e-13,5.14944e-10
0.7281973,0.6395241,1.48326e-13,6.88216e-10
0.7281974,0.6395243,2.99316e-13,1.28206e-10
0.7281975,0.6395243,3.81917e-14,3.51679e-10
0.7281977,0.6395243,8.88178e-14,5.39843e-10
0.728198,0.6395244,2.76223e-13,2.64327e-10
0.728198,0.6395245,2.94875e-13,1.35545e-10
0.7281986,0.6395245,2.00728e-13,2.31668e-10
0.7281987,0.6395245,2.85105e-13,4.62193e-10
0.7281989,0.6395246,9.94760e-14,2.96429e-10
0.7281995,0.6395248,2.15827e-13,1.53650e-10
0.7281995,0.6395249,3.89022e-13,1.68437e-10
0.7281999,0.6395248,1.36779e-13,3.40580e-10
0.7282,0.639525,1.82965e-13,6.44927e-10
0.7282002,0.639525,3.25073e-13,9.37526e-10
0.7282011,0.6395248,2.07834e-13,8.23481e-10
0.7282015,0.6395249,9.59233e-14,1.01204e-9
0.7282017,0.6395254,1.50102e-13,1.29366e-9
0.7282019,0.6395253,1.15463e-13,1.38451e-9
0.7282021,0.6395254,1.69642e-13,8.14381e-11
0.7282028,0.6395252,1.11022e-13,5.13638e-10
0.7282041,0.6395248,2.55795e-13,1.22057e-10
0.7282043,0.6395253,1.53655e-13,8.53584e-10
0.7282044,0.6395252,5.86198e-14,1.13666e-9
0.7282045,0.6395252,1.31450e-13,1.63181e-10
0.7282046,0.6395253,1.71418e-13,6.38755e-11
0.7282049,0.6395257,1.34115e-13,2.27126e-10
0.7282049,0.639526,1.96287e-13,5.13283e-10
0.7282052,0.639526,1.44773e-13,6.40251e-10
0.7282059,0.6395261,1.03917e-13,5.87138e-10
0.7282064,0.6395262,2.57572e-13,5.23056e-10
0.7282066,0.6395264,2.92211e-13,3.72911e-11
0.7282079,0.6395258,3.09086e-13,2.07346e-10
0.7282081,0.6395257,2.43361e-13,1.48954e-10
0.7282084,0.6395256,2.32703e-13,1.22966e-9
0.7282084,0.6395263,1.27010e-13,8.17198e-10
0.7282087,0.6395264,4.05009e-13,6.61236e-10
0.7282088,0.6395267,3.55271e-13,3.50165e-10
0.7282089,0.639527,4.68958e-13,1.01217e-9
0.728209,0.6395273,1.84741e-13,7.79702e-10
0.728209,0.6395273,5.10703e-13,7.79708e-10
0.7282093,0.6395271,1.45661e-13,3.27410e-10
0.7282092,0.6395274,2.39808e-13,7.28494e-10
0.7282095,0.6395274,1.21680e-13,5.01959e-10
0.7282094,0.6395275,1.48326e-13,2.21804e-10
0.7282096,0.6395274,9.94760e-14,7.45988e-10
0.7282098,0.6395273,1.75859e-13,4.73639e-10
0.7282103,0.6395273,1.10134e-13,2.69143e-10
0.7282103,0.6395273,1.24345e-13,5.90099e-10
0.7282103,0.6395275,2.48690e-13,9.07914e-10
0.7282103,0.6395279,1.97176e-13,6.41135e-11
0.7282105,0.6395279,2.90434e-13,5.74358e-11
0.7282108,0.6395281,4.80505e-13,1.82363e-10
0.7282108,0.6395284,2.06057e-13,6.16700e-10
0.7282107,0.6395285,2.29150e-13,3.38133e-10
0.7282109,0.6395284,1.86517e-13,8.00111e-11
0.7282113,0.6395283,3.39284e-13,1.58816e-10
0.7282117,0.6395284,3.49942e-13,2.22305e-10
0.7282122,0.6395282,1.65201e-13,1.80866e-11
0.7282124,0.6395282,2.33591e-13,3.15351e-10
0.7282128,0.6395284,3.40172e-13,3.64468e-10
0.7282131,0.6395283,3.00204e-13,5.81728e-10
0.7282131,0.6395286,1.22569e-13,7.75631e-10
0.7282133,0.6395287,1.50990e-13,7.42176e-10
0.7282138,0.6395286,2.00728e-13,5.42534e-10
0.7282139,0.6395285,1.02141e-13,1.35890e-10
0.7282145,0.6395284,1.50990e-13,2.69902e-10
0.7282146,0.6395282,1.74083e-13,4.39471e-10
0.7282148,0.6395284,2.94875e-13,5.97694e-10
0.7282151,0.6395283,3.48166e-13,4.54159e-10
0.7282153,0.6395284,1.82965e-13,1.66332e-10
0.7282153,0.6395285,2.41585e-13,4.55559e-10
0.7282153,0.6395285,2.13163e-13,5.23478e-10
0.7282156,0.6395285,2.30038e-13,6.96223e-11
0.7282156,0.6395286,2.14051e-13,5.68570e-10
0.7282162,0.6395284,8.70415e-14,4.65140e-10
0.7282162,0.6395286,2.93987e-13,2.03348e-10
0.7282163,0.6395285,1.08358e-13,1.13038e-10
0.7282166,0.6395285,2.31815e-13,3.19448e-10
0.7282166,0.6395285,4.13003e-13,2.66837e-10
0.7282167,0.6395289,3.19744e-13,5.13484e-11
0.7282173,0.6395288,1.30562e-13,1.04731e-9
0.7282174,0.6395291,3.43725e-13,5.08415e-10
0.7282179,0.6395292,1.17240e-13,2.39312e-10
0.7282179,0.6395293,3.63265e-13,3.62119e-11
0.7282183,0.6395295,3.07310e-13,9.02100e-10
0.7282187,0.6395294,1.36779e-13,3.17822e-10
0.728219,0.6395294,1.56319e-13,5.95549e-10
0.7282194,0.6395296,2.81553e-13,4.54771e-10
0.7282202,0.6395295,1.85629e-13,5.95137e-10
0.7282202,0.6395298,3.16192e-13,6.71125e-10
0.7282202,0.6395298,2.27374e-13,6.34465e-10
0.7282206,0.6395298,1.26121e-13,1.06773e-9
0.7282209,0.6395298,2.70006e-13,2.44904e-10
0.7282217,0.6395296,3.52607e-13,9.77284e-10
0.7282221,0.6395296,2.66454e-13,1.06050e-9
0.7282227,0.6395298,2.40696e-13,9.18364e-10
0.7282233,0.6395297,4.99156e-13,3.12581e-10
0.7282232,0.6395298,3.92575e-13,7.90820e-10
0.7282232,0.6395298,1.68754e-13,8.97161e-10
0.7282237,0.6395299,1.61648e-13,5.58496e-10
0.7282242,0.63953,3.41061e-13,7.36870e-10
0.7282243,0.6395302,1.65201e-13,6.91272e-10
0.7282247,0.6395302,2.41585e-13,5.00880e-10
0.7282252,0.6395302,3.77476e-13,2.17357e-10
0.7282252,0.6395302,3.09974e-13,2.07697e-10
0.7282254,0.6395302,1.86517e-13,4.16338e-10
0.7282253,0.6395307,1.54543e-13,3.54860e-10
0.7282254,0.6395307,2.28262e-13,8.46887e-11
0.7282256,0.6395307,1.48326e-13,4.16892e-11
0.7282256,0.6395307,2.22045e-13,6.69963e-10
0.728226,0.6395306,2.26485e-13,5.45425e-10
0.728226,0.6395306,3.90799e-13,3.65944e-10
0.7282261,0.6395306,2.59348e-13,4.64631e-10
0.7282262,0.6395308,4.29878e-13,7.41131e-10
0.7282266,0.6395307,2.96652e-13,1.82751e-10
0.7282269,0.6395308,2.19380e-13,4.70336e-10
0.7282269,0.6395308,3.61489e-13,3.93503e-16
0.7282269,0.6395309,2.82441e-13,6.96401e-11
0.7282273,0.6395306,2.42473e-13,6.60765e-10
0.7282274,0.6395308,1.45661e-13,3.88826e-10
0.7282276,0.6395309,3.97904e-13,6.70069e-10
0.7282279,0.6395308,1.45661e-13,4.07640e-10
0.728228,0.6395308,1.12799e-13,4.91019e-11
0.7282279,0.639531,4.88498e-13,3.34427e-10
0.728228,0.639531,3.14415e-13,3.32252e-10
0.7282281,0.639531,2.47802e-13,4.42362e-10
0.7282282,0.639531,1.99840e-13,1.39113e-10
0.7282283,0.639531,1.38556e-13,6.18020e-11
0.7282284,0.6395311,1.57208e-13,1.11173e-10
0.7282286,0.639531,1.23457e-13,5.05971e-10
0.7282289,0.6395311,3.82805e-13,5.83718e-10
0.7282288,0.6395314,9.59233e-14,1.11353e-10
0.7282287,0.6395316,3.17968e-13,4.09791e-10
0.7282287,0.6395318,1.99840e-13,4.55471e-10
0.7282287,0.6395321,1.90070e-13,1.37132e-10
0.7282286,0.6395323,2.60236e-13,9.86971e-11
0.7282287,0.6395323,2.32703e-13,2.50187e-10
0.7282292,0.6395322,1.59872e-13,3.69064e-10
0.7282293,0.6395322,4.28990e-13,2.75297e-10
0.7282293,0.6395324,8.97060e-14,5.34586e-10
0.7282297,0.6395323,3.50830e-13,9.49330e-10
0.72823,0.6395323,2.13163e-13,9.60969e-10
0.72823,0.6395324,3.67706e-13,1.74919e-10
0.7282303,0.6395322,2.17604e-13,7.46069e-10
0.7282306,0.6395321,2.39808e-13,2.44196e-10
0.7282309,0.6395323,2.41585e-13,9.03974e-10
0.728231,0.6395326,2.92211e-13,1.03665e-9
0.7282315,0.6395324,3.25961e-13,3.86857e-10
0.728232,0.6395326,2.38032e-13,1.03777e-10
0.7282323,0.6395325,6.11955e-13,5.21399e-10
0.7282326,0.6395324,4.35207e-13,7.01863e-10
0.7282334,0.6395324,3.01092e-13,5.34584e-10
0.7282338,0.6395322,2.79776e-13,5.26443e-10
0.7282338,0.6395325,2.39808e-13,6.96266e-10
0.728234,0.6395327,2.49578e-13,5.36606e-10
0.7282345,0.6395325,1.00364e-13,1.00507e-9
0.7282346,0.6395325,2.72671e-13,4.29003e-10
0.7282347,0.6395325,3.01981e-13,8.41776e-10
0.7282348,0.6395326,4.20997e-13,3.39762e-10
0.728235,0.6395325,1.27010e-13,8.88570e-10
0.7282352,0.6395326,1.29674e-13,2.30166e-11
0.7282356,0.6395327,3.46390e-13,8.29281e-10
0.7282359,0.6395325,2.76223e-13,7.18548e-10
0.7282361,0.6395328,3.02869e-13,6.65166e-10
0.7282367,0.6395327,3.08198e-13,4.20944e-10
0.7282369,0.6395326,1.19904e-13,8.00702e-10
0.7282371,0.6395327,1.35003e-13,5.58703e-10
0.728237,0.6395332,3.57936e-13,8.43786e-10
0.728237,0.6395334,2.63789e-13,9.93834e-10
0.7282371,0.6395334,4.87610e-13,9.75471e-10
0.7282371,0.6395335,1.97176e-13,6.66515e-10
0.7282374,0.6395334,2.80664e-13,3.45153e-10
0.7282376,0.6395334,2.59348e-13,3.27645e-10
0.7282379,0.6395334,2.69118e-13,2.51350e-10
0.728238,0.6395335,3.74811e-13,4.51994e-10
0.7282382,0.6395335,3.01981e-13,2.80220e-10
0.7282382,0.6395336,4.20108e-13,5.32035e-10
0.7282381,0.6395339,8.26006e-14,8.51114e-10
0.7282384,0.6395339,1.48326e-13,6.20082e-10
0.7282385,0.639534,3.55271e-13,3.07647e-10
0.7282389,0.6395339,2.73559e-13,5.74676e-10
0.7282392,0.6395338,2.00728e-13,8.67106e-10
0.7282392,0.6395338,3.28626e-13,3.42692e-10
0.7282394,0.6395339,4.44977e-13,1.22218e-10
0.72824,0.6395336,3.99680e-13,5.91575e-10
0.7282399,0.6395338,2.16716e-13,3.17344e-10
0.72824,0.6395338,3.50830e-13,6.83127e-10
0.7282402,0.6395339,1.29674e-13,7.70404e-10
0.7282401,0.6395342,2.25597e-13,4.47101e-10
0.7282406,0.639534,1.03917e-13,9.67321e-10
0.7282406,0.639534,4.34319e-13,5.78929e-10
0.7282411,0.639534,2.05169e-13,3.99705e-12
0.7282412,0.6395341,3.37508e-13,4.03333e-10
0.7282417,0.6395343,1.35003e-13,9.64832e-10
0.7282422,0.6395341,1.47438e-13,2.66953e-10
0.7282424,0.6395341,2.76223e-13,6.09185e-10
0.7282427,0.6395339,2.02505e-13,7.40512e-10
0.7282428,0.6395339,1.41220e-13,3.09758e-10
0.7282429,0.6395339,3.27738e-13,3.27383e-10
0.7282432,0.6395338,5.15143e-14,1.01213e-10
0.7282434,0.6395339,1.69642e-13,4.41061e-10
0.7282434,0.6395341,2.97540e-13,5.36445e-10
0.7282439,0.6395339,2.99316e-13,2.99390e-10
0.728244,0.6395338,1.88294e-13,2.81078e-10
0.728244,0.6395339,3.92575e-13,3.03123e-10
0.7282441,0.639534,3.03757e-13,3.81535e-11
0.7282445,0.6395339,2.34479e-13,1.42436e-10
0.7282445,0.6395339,1.38556e-13,4.28383e-10
0.7282447,0.6395339,1.79412e-13,3.33407e-10
0.7282449,0.6395339,5.04485e-13,9.72307e-11
0.7282452,0.6395338,2.59348e-13,1.71421e-10
0.7282458,0.6395336,8.61533e-14,2.87010e-10
0.7282463,0.6395335,2.72671e-13,2.96663e-10
0.7282464,0.6395337,1.21680e-13,1.55172e-10
0.7282465,0.6395337,1.54543e-13,7.21776e-11
0.7282465,0.6395338,2.21156e-13,1.23603e-10
0.7282465,0.6395338,2.29150e-13,6.15805e-16
0.7282466,0.6395337,3.25073e-13,1.80291e-11
0.7282468,0.6395337,1.00364e-13,2.40159e-10
0.7282469,0.6395337,3.05533e-13,2.18968e-11
0.7282473,0.6395337,1.11910e-13,2.76776e-10
0.7282477,0.6395336,1.08358e-13,2.90162e-11
0.7282479,0.6395335,3.97904e-13,9.70541e-11
0.728248,0.6395335,1.70530e-13,3.22410e-10
0.7282481,0.6395335,4.68070e-13,3.74971e-10
0.7282484,0.6395334,2.52243e-13,1.39984e-10
0.7282484,0.6395334,3.12639e-13,4.33085e-15
0.7282487,0.6395332,3.13527e-13,1.38089e-10
0.7282488,0.6395332,3.87246e-13,1.58861e-10
0.7282488,0.6395332,2.08722e-13,9.40981e-11
0.7282488,0.6395332,1.68754e-13,1.55141e-10
0.7282488,0.6395332,1.81188e-13,2.96205e-15
0.7282488,0.6395332,1.78524e-13,4.29519e-11
0.728249,0.6395332,1.67866e-13,2.36000e-10
0.7282492,0.6395333,2.18492e-13,4.95378e-12
0.7282493,0.6395333,1.53655e-13,2.41924e-10
0.7282495,0.6395333,1.19904e-13,1.06482e-10
0.7282499,0.6395332,1.36779e-13,2.23797e-10
0.7282499,0.6395333,4.11227e-13,8.02737e-10
0.7282499,0.6395334,2.40696e-13,7.50891e-10
0.7282503,0.6395335,4.43201e-13,6.26430e-10
0.7282503,0.6395337,3.37508e-13,3.77994e-10
0.7282504,0.639534,2.23821e-13,7.98950e-10
0.7282509,0.639534,2.82441e-13,4.52796e-10
0.728251,0.639534,2.62013e-13,5.40158e-10
0.7282512,0.6395339,1.45661e-13,5.22625e-10
0.7282515,0.6395339,2.91323e-13,1.47025e-10
0.728252,0.6395338,3.91687e-13,1.76912e-10
0.7282523,0.6395338,3.60600e-13,7.40427e-10
0.7282526,0.6395337,2.30038e-13,6.90962e-10
0.7282528,0.6395341,3.89022e-13,1.00614e-10
0.728253,0.6395339,1.75859e-13,7.54666e-10
0.7282529,0.639534,2.30038e-13,6.45105e-10
0.7282534,0.6395337,4.70735e-13,8.03921e-10
0.7282538,0.6395337,5.24913e-13,6.65553e-10
0.7282543,0.6395336,2.52243e-13,1.44113e-10
0.7282546,0.6395336,1.03917e-13,7.01485e-10
0.7282549,0.6395338,2.28262e-13,7.41778e-10
0.728255,0.6395341,1.49214e-13,5.24676e-10
0.7282548,0.6395345,1.85629e-13,1.95642e-10
0.7282549,0.6395345,2.22045e-13,4.56933e-10
0.7282549,0.6395348,4.41425e-13,3.41620e-10
0.7282553,0.6395351,5.13367e-13,7.92263e-10
0.7282556,0.639535,2.55795e-13,1.71109e-10
0.7282557,0.639535,2.28262e-13,1.69067e-10
0.7282554,0.6395354,4.49418e-13,2.19816e-10
0.7282556,0.6395354,4.28102e-13,1.51347e-10
0.7282557,0.6395354,4.84945e-13,1.67450e-12
0.7282557,0.6395354,3.73923e-13,3.47136e-15
0.7282557,0.6395354,1.85629e-13,1.15137e-10
0.728256,0.6395355,2.98428e-13,2.41476e-10
0.7282564,0.6395353,1.57208e-13,1.86536e-10
0.7282566,0.6395353,4.20997e-13,5.50255e-10
0.7282569,0.6395354,1.84741e-13,2.21233e-10
0.7282573,0.6395355,1.65201e-13,5.37185e-10
0.7282574,0.6395355,3.97016e-13,3.85685e-10
0.7282579,0.6395353,6.01297e-13,3.99861e-10
0.7282581,0.6395355,1.00364e-13,8.93502e-10
0.728258,0.6395358,5.32019e-13,1.01528e-10
0.7282581,0.6395359,2.96652e-13,4.91748e-10
0.7282581,0.6395359,3.01092e-13,1.21795e-15
0.728258,0.6395362,1.58984e-13,2.92456e-10
0.7282581,0.6395363,3.05533e-13,4.70064e-10
0.7282585,0.6395361,2.82441e-13,5.48991e-10
0.7282589,0.6395362,3.48166e-13,6.93845e-10
0.728259,0.6395362,1.79412e-13,5.51626e-10
0.7282597,0.6395359,4.81393e-13,2.12570e-10
0.7282599,0.6395359,3.03757e-13,2.53923e-10
0.7282601,0.639536,2.63789e-13,1.69576e-10
0.7282604,0.6395359,2.68230e-13,6.73891e-10
0.7282608,0.639536,1.26121e-13,6.18248e-10
0.7282609,0.6395361,6.61693e-13,5.73589e-10
0.7282611,0.6395362,4.60076e-13,5.63445e-10
0.7282612,0.6395362,1.22569e-13,2.90366e-10
0.7282617,0.639536,2.56684e-13,2.04688e-10
0.7282618,0.6395363,2.26485e-13,6.56696e-10
0.7282619,0.6395364,2.74447e-13,9.74319e-11
0.7282619,0.6395364,2.73559e-13,4.37095e-16
0.7282621,0.6395364,7.48734e-13,1.16648e-10
0.7282622,0.6395364,3.88134e-13,2.84748e-10
0.7282627,0.6395363,5.20473e-13,5.37020e-10
0.7282627,0.6395364,2.85993e-13,1.72624e-10
0.728263,0.6395366,1.56319e-13,1.54693e-10
0.7282631,0.6395365,3.47278e-13,7.18685e-10
0.7282632,0.6395366,1.82077e-13,3.68099e-10
0.7282631,0.6395367,2.25597e-13,7.89045e-10
0.7282636,0.6395368,3.66818e-13,3.04612e-10
0.7282639,0.6395369,2.05169e-13,3.09495e-10
0.7282643,0.6395368,3.19744e-13,3.29554e-10
0.7282645,0.6395369,2.99316e-13,3.04021e-10
0.7282645,0.6395372,3.63265e-13,3.64711e-10
0.7282646,0.6395372,2.91323e-13,2.29699e-10
0.7282649,0.6395372,3.29514e-13,1.19459e-10
0.7282649,0.6395372,4.33431e-13,8.66807e-10
0.728265,0.6395371,1.64313e-13,4.89888e-11
0.7282654,0.6395371,3.07310e-13,4.60130e-10
0.7282655,0.6395371,1.23457e-13,2.15912e-10
0.7282655,0.6395371,1.76748e-13,2.32321e-11
0.7282655,0.639537,2.12275e-13,5.81844e-10
0.7282659,0.6395369,3.11751e-13,2.96461e-10
0.7282666,0.6395366,2.37144e-13,8.83703e-11
0.7282665,0.6395368,2.96652e-13,5.38343e-10
0.7282665,0.6395369,3.57936e-13,1.66208e-10
0.7282671,0.6395368,2.09610e-13,1.65048e-10
0.728267,0.639537,5.54223e-13,4.27624e-10
0.7282672,0.639537,1.97176e-13,5.58580e-10
0.7282676,0.6395369,3.01981e-13,4.23654e-10
0.7282676,0.639537,3.34843e-13,1.92561e-10
0.7282677,0.639537,5.31131e-13,5.13269e-10
0.7282681,0.6395369,4.70735e-13,2.95459e-10
0.7282684,0.6395369,2.98428e-13,7.67201e-10
0.7282684,0.6395368,2.53131e-13,1.67324e-10
0.7282685,0.6395368,3.86358e-13,2.33717e-10
0.7282688,0.6395369,2.18492e-13,2.34554e-10
0.7282694,0.6395368,1.29674e-13,4.23857e-10
0.7282693,0.6395374,4.83169e-13,2.81294e-10
0.7282695,0.6395373,3.12639e-13,1.44839e-11
0.7282702,0.639537,2.12275e-13,6.68852e-10
0.7282708,0.639537,2.01617e-13,1.40053e-10
0.728271,0.639537,2.85105e-13,3.78097e-10
0.7282712,0.6395372,2.14051e-13,5.28502e-10
0.7282715,0.639537,1.92735e-13,2.84093e-10
0.7282714,0.6395372,1.65201e-13,6.16467e-10
0.7282716,0.6395371,2.18492e-13,3.84582e-10
0.7282717,0.639537,1.42109e-13,3.72980e-10
0.7282719,0.639537,1.43885e-13,1.92518e-10
0.7282721,0.6395372,2.23821e-13,5.63243e-10
0.7282723,0.6395372,3.02869e-13,6.44268e-10
0.7282725,0.6395372,5.00044e-13,7.54615e-10
0.7282728,0.6395371,2.57572e-13,4.00799e-10
0.7282732,0.639537,3.53495e-13,6.59225e-10
0.7282731,0.6395371,5.10703e-13,3.93824e-10
0.7282732,0.6395372,3.68594e-13,4.84975e-11
0.7282733,0.6395375,1.27898e-13,5.95354e-10
0.7282735,0.6395376,2.15827e-13,7.66197e-11
0.7282738,0.6395376,5.81757e-13,3.38702e-10
0.7282742,0.6395378,3.11751e-13,8.14419e-10
0.7282743,0.6395378,3.03757e-13,6.53438e-10
0.7282774,0.6395359,3.73923e-13,1.71220e-10
0.7282775,0.639536,2.09610e-13,4.77711e-10
0.7282776,0.6395362,5.69322e-13,4.58833e-10
0.7282783,0.6395358,9.41469e-14,2.93486e-11
0.7282785,0.6395356,3.48166e-13,3.41173e-10
0.7282788,0.6395356,4.52971e-13,5.24127e-10
0.7282792,0.6395357,5.56888e-13,3.11591e-10
0.7282798,0.6395357,1.02141e-13,1.42485e-10
0.7282796,0.6395359,2.53131e-13,4.36549e-10
0.72828,0.6395358,3.37508e-13,1.85019e-10
0.7282799,0.6395361,2.50466e-13,2.93152e-10
0.7282801,0.639536,4.77840e-13,6.66620e-10
0.72828,0.6395361,5.29354e-13,1.95156e-10
0.7282801,0.6395362,2.47802e-13,2.35441e-10
0.7282802,0.6395362,5.72875e-13,2.62048e-10
0.7282802,0.6395362,3.06422e-13,6.98982e-12
0.7282803,0.6395363,4.08562e-13,3.35569e-10
0.7282812,0.6395361,1.74083e-13,6.88686e-10
0.7282814,0.6395362,2.54907e-13,7.56943e-10
0.7282812,0.6395364,2.39808e-13,3.73253e-10
0.7282816,0.6395364,3.55271e-13,5.26683e-10
0.728282,0.6395364,2.70006e-13,4.25205e-11
0.7282824,0.6395363,1.79412e-13,4.21279e-10
0.7282829,0.6395362,2.70894e-13,1.37094e-10
0.728283,0.6395362,2.24709e-13,3.68254e-10
0.7282833,0.639536,1.37668e-13,2.75066e-10
0.7282836,0.6395361,2.87770e-13,3.50696e-11
0.7282838,0.6395361,3.42837e-13,4.76696e-10
0.7282841,0.639536,7.47846e-13,3.38746e-10
0.7282842,0.639536,3.13527e-13,5.59067e-10
0.7282841,0.6395362,6.21725e-14,5.48018e-10
0.7282843,0.6395361,2.17604e-13,2.44234e-10
0.7282844,0.639536,2.94875e-13,3.48304e-10
0.7282851,0.6395357,1.79412e-13,3.68619e-11
0.7282851,0.6395357,2.30926e-13,3.99208e-10
0.7282852,0.6395358,1.88294e-13,6.31529e-12
0.7282852,0.6395358,6.55476e-13,2.57060e-12
0.7282855,0.6395358,3.29514e-13,4.08424e-10
0.7282856,0.639536,3.08198e-13,5.59042e-11
0.7282856,0.639536,2.98428e-13,1.88494e-10
0.7282859,0.6395359,5.09814e-13,3.41066e-10
0.728286,0.6395359,6.23501e-13,3.13860e-10
0.7282861,0.6395358,2.31815e-13,3.61632e-10
0.7282862,0.6395358,7.19425e-13,3.51421e-10
0.7282866,0.6395359,3.98792e-13,5.35383e-10
0.7282866,0.639536,6.90115e-13,5.29649e-10
0.7282871,0.6395359,3.60600e-13,2.22495e-10
0.728287,0.639536,1.67866e-13,4.92074e-10
0.7282871,0.6395359,2.26485e-13,2.42854e-10
0.7282871,0.639536,5.03597e-13,3.52925e-10
0.7282871,0.639536,5.87974e-13,2.57658e-12
0.7282872,0.639536,1.97176e-13,3.40738e-10
0.7282878,0.6395358,4.01457e-13,5.71668e-11
0.7282879,0.6395359,2.83329e-13,4.62631e-10
0.7282879,0.639536,3.71259e-13,8.70195e-11
0.7282882,0.6395359,2.87770e-13,2.13735e-10
0.7282882,0.6395359,4.08562e-13,2.95147e-10
0.7282883,0.639536,3.21521e-13,5.48758e-11
0.7282884,0.639536,2.37144e-13,2.94337e-10
0.7282884,0.6395362,2.38032e-13,4.34116e-10
0.7282884,0.6395363,1.92735e-13,3.14831e-10
0.7282886,0.6395365,2.73559e-13,4.70428e-10
0.7282886,0.6395366,1.63425e-13,7.69082e-11
0.7282886,0.6395369,5.45342e-13,6.07256e-10
0.7282888,0.6395369,2.65565e-13,3.03946e-10
0.7282892,0.6395368,3.07310e-13,5.34750e-10
0.7282892,0.6395368,4.00568e-13,5.87326e-10
0.7282892,0.6395369,2.66454e-13,3.83462e-11
0.7282899,0.6395369,2.30926e-13,2.37726e-10
0.7282901,0.6395369,2.95763e-13,3.35002e-10
0.7282901,0.639537,2.84217e-13,3.63349e-10
0.7282904,0.6395369,3.97904e-13,2.82056e-10
0.7282905,0.639537,2.19380e-13,4.22688e-10
0.7282904,0.6395371,2.82441e-13,2.08237e-10
0.7282906,0.6395371,1.88294e-13,2.65377e-10
0.7282907,0.6395371,3.97904e-13,2.44955e-10
0.7282908,0.639537,4.84057e-13,4.23782e-10
0.7282913,0.639537,2.38032e-13,6.31689e-10
0.7282914,0.639537,3.87246e-13,5.61550e-10
0.7282912,0.6395373,6.25278e-13,5.19726e-10
0.7282916,0.6395372,5.20473e-13,5.27102e-10
0.7282917,0.6395375,2.87770e-13,1.04478e-10
0.7282919,0.6395375,3.39284e-13,2.80787e-10
0.7282919,0.6395375,3.96128e-13,1.64244e-12
0.7282919,0.6395376,3.26850e-13,3.56544e-10
0.728292,0.6395375,1.42109e-13,4.70176e-10
0.728292,0.6395376,9.85878e-14,2.81344e-10
0.7282921,0.6395377,8.16236e-13,5.58486e-10
0.7282924,0.6395375,2.47802e-13,4.10527e-11
0.7282924,0.6395378,5.34683e-13,5.45550e-10
0.7282925,0.639538,3.06422e-13,2.45963e-11
0.7282928,0.6395381,3.39284e-13,2.33118e-10
0.7282928,0.6395383,2.66454e-13,2.24804e-10
0.7282929,0.6395383,3.45501e-13,1.92256e-10
0.728293,0.6395383,6.35936e-13,3.09071e-10
0.728293,0.6395384,7.12319e-13,1.22477e-10
0.7282931,0.6395384,1.72307e-13,1.80830e-10
0.7282931,0.6395385,4.96492e-13,3.64499e-10
0.7282933,0.6395385,5.85310e-13,3.35262e-10
0.7282937,0.6395382,4.52083e-13,4.11188e-10
0.7282938,0.6395385,2.33591e-13,2.46037e-10
0.728294,0.6395386,1.42997e-13,2.65442e-10
0.728294,0.6395386,3.39284e-13,8.61463e-11
0.7282941,0.6395386,2.52243e-13,1.80875e-10
0.728294,0.6395389,3.41061e-13,5.08582e-10
0.7282942,0.6395391,6.37712e-13,3.96854e-10
0.7282943,0.6395391,3.17968e-13,1.47521e-11
0.7282941,0.6395393,1.77636e-13,2.79987e-11
0.7282942,0.6395392,4.33431e-13,3.74957e-10
0.7282945,0.6395394,1.66978e-13,4.77330e-10
0.7282945,0.6395394,2.21156e-13,6.31422e-13
0.7282947,0.6395393,1.64313e-13,2.85510e-12
0.7282948,0.6395393,2.02505e-13,6.15728e-10
0.7282949,0.6395395,2.93987e-13,4.13660e-10
0.7282951,0.6395397,1.97176e-13,2.05280e-10
0.7282951,0.6395397,5.59552e-13,1.48371e-15
0.7282951,0.6395398,3.08198e-13,4.78140e-10
0.728295,0.6395399,3.83693e-13,2.71576e-10
0.728295,0.6395399,2.43361e-13,1.76539e-15
0.728295,0.6395399,3.53495e-13,3.49721e-10
0.728295,0.6395401,1.89182e-13,1.79136e-10
0.7282954,0.6395401,1.20792e-13,3.15824e-10
0.7282958,0.6395398,1.45661e-13,2.30962e-10
0.7282959,0.6395398,2.46914e-13,2.35867e-10
0.7282965,0.6395397,1.96287e-13,3.64737e-10
0.7282968,0.6395396,3.03757e-13,2.29574e-10
0.7282969,0.6395396,4.29878e-13,2.52346e-10
0.7282969,0.6395397,2.68230e-13,1.28595e-10
0.7282971,0.6395397,2.48690e-13,9.33420e-11
0.7282973,0.6395397,2.40696e-13,3.28488e-10
0.7282972,0.6395398,4.93827e-13,4.96415e-12
0.7282972,0.6395399,2.62013e-13,2.14985e-10
0.7282977,0.6395397,6.07514e-13,9.80868e-11
0.7282979,0.6395396,3.75699e-13,1.17883e-10
0.7282981,0.6395396,2.82441e-13,2.37968e-10
0.7282982,0.6395397,3.05533e-13,1.85594e-10
0.7282982,0.6395398,2.80664e-13,1.20168e-11
0.7282983,0.6395397,6.44818e-13,5.75530e-11
0.7282985,0.6395397,4.09450e-13,4.99472e-12
0.7282984,0.6395397,1.64313e-13,4.35117e-11
0.7282987,0.6395396,1.82077e-13,3.64323e-10
0.7282987,0.6395397,3.84581e-13,1.38974e-10
0.728299,0.6395397,2.24709e-13,3.71325e-10
0.728299,0.6395397,1.93623e-13,2.01276e-10
0.7282991,0.6395397,2.19380e-13,3.49139e-11
0.7282991,0.6395397,1.14575e-13,1.17520e-10
0.7282991,0.6395399,2.95763e-13,4.00312e-10
0.7282993,0.6395397,3.06422e-13,4.89275e-10
0.7282994,0.6395397,3.83693e-13,5.38122e-10
0.7282995,0.6395398,3.88134e-13,2.60962e-10
0.7282996,0.6395399,1.89182e-13,2.46949e-10
0.7282997,0.6395399,4.20997e-13,3.28017e-10
0.7282996,0.63954,2.31815e-13,2.75001e-10
0.7282999,0.6395399,8.17124e-14,3.67564e-10
0.7283001,0.6395401,3.89022e-13,3.12569e-10
0.7283002,0.6395401,2.81553e-13,1.68113e-10
0.7283002,0.6395402,3.64153e-13,7.15958e-11
0.7283003,0.6395402,2.33591e-13,3.54012e-10
0.7283004,0.6395402,2.11386e-13,7.09927e-11
0.7283011,0.6395398,2.31815e-13,8.93415e-12
0.7283014,0.6395398,3.58824e-13,5.99665e-11
0.7283014,0.6395398,3.20632e-13,2.38457e-10
0.7283014,0.6395399,3.39284e-13,2.07300e-10
0.7283016,0.6395398,2.39808e-13,4.28340e-10
0.7283021,0.6395397,3.33955e-13,1.51161e-10
0.7283024,0.6395395,4.80505e-13,1.08611e-10
0.7283023,0.6395396,2.86882e-13,5.31077e-11
0.7283023,0.6395397,3.38396e-13,2.09367e-10
0.7283025,0.6395397,4.32543e-13,2.04820e-10
0.7283025,0.6395398,5.63993e-13,2.11906e-10
0.7283024,0.63954,5.66658e-13,1.81826e-10
0.7283024,0.6395402,3.76588e-13,2.53813e-10
0.7283026,0.6395402,4.12115e-13,2.56767e-10
0.7283026,0.6395402,2.08722e-13,1.70512e-10
0.7283027,0.6395402,6.18172e-13,4.94324e-10
0.728303,0.6395402,7.20313e-13,2.43256e-10
0.7283031,0.6395402,2.80664e-13,1.82451e-10
0.7283031,0.6395403,4.31655e-13,6.10967e-11
0.7283032,0.6395402,3.33955e-13,8.39932e-11
0.7283032,0.6395406,3.17080e-13,2.83377e-10
0.7283032,0.6395406,3.04645e-13,5.47829e-10
0.7283034,0.6395405,5.12479e-13,3.87494e-10
0.7283038,0.6395403,3.01981e-13,1.27887e-10
0.7283041,0.6395402,5.98632e-13,5.20909e-11
0.7283045,0.63954,3.96128e-13,3.97376e-10
0.7283046,0.63954,2.06946e-13,7.02510e-11
0.728305,0.6395398,1.65201e-13,1.58408e-10
0.7283055,0.6395395,3.16192e-13,4.20021e-10
0.7283056,0.6395396,6.09290e-13,1.09396e-10
0.7283057,0.6395397,1.20792e-13,2.62747e-11
0.7283059,0.6395396,6.92779e-13,4.54296e-10
0.728306,0.6395395,5.08926e-13,2.68954e-10
0.7283064,0.6395395,2.60236e-13,1.59107e-10
0.7283064,0.6395396,4.80505e-13,2.59782e-10
0.7283066,0.6395396,3.06422e-13,3.82070e-11
0.7283068,0.6395397,3.91687e-13,1.72797e-10
0.7283069,0.6395397,4.84945e-13,3.76514e-10
0.7283069,0.6395398,3.49942e-13,2.14954e-11
0.7283073,0.6395398,2.75335e-13,3.17950e-10
0.7283074,0.6395397,4.31655e-13,4.03846e-10
0.7283078,0.6395396,1.55431e-13,3.79839e-10
0.7283078,0.6395398,2.75335e-13,4.86475e-10
0.7283078,0.6395399,4.55636e-13,3.40771e-10
0.7283078,0.63954,1.59872e-13,2.49682e-10
0.7283082,0.6395401,1.63425e-13,1.86170e-10
0.7283084,0.63954,3.65041e-13,1.52469e-10
0.7283088,0.63954,2.70006e-13,3.59331e-10
0.7283088,0.63954,2.89546e-13,3.10253e-11
0.7283088,0.63954,2.50466e-13,2.68268e-10
0.7283091,0.6395399,2.11386e-13,1.27092e-10
0.7283091,0.63954,4.81393e-13,2.75356e-10
0.7283098,0.6395399,2.13163e-13,1.88582e-10
0.7283098,0.6395399,3.75699e-13,3.87485e-10
0.7283101,0.6395402,7.77156e-13,3.29577e-10
0.7283101,0.6395403,2.96652e-13,1.89999e-10
0.7283104,0.6395401,2.19380e-13,1.76517e-10
0.7283105,0.6395401,2.66454e-13,1.06599e-10
0.7283108,0.6395399,5.80869e-13,2.77306e-10
0.7283112,0.63954,7.56728e-13,2.75147e-10
0.7283111,0.6395401,1.99840e-13,9.65641e-12
0.7283111,0.6395402,2.39808e-13,9.94099e-11
0.7283113,0.6395404,6.50147e-13,2.36940e-10
0.7283115,0.6395403,1.66089e-13,3.02907e-10
0.7283117,0.6395403,2.22045e-13,1.42898e-10
0.7283118,0.6395403,2.66454e-13,1.85571e-10
0.7283118,0.6395403,7.59393e-13,2.64345e-10
0.7283118,0.6395403,2.56684e-13,3.30176e-10
0.7283119,0.6395404,2.07834e-13,1.35973e-11
0.728312,0.6395406,2.12275e-13,1.05275e-10
0.7283119,0.6395408,1.94511e-13,4.37546e-11
0.728312,0.6395407,5.77316e-13,1.70917e-10
0.728312,0.6395408,5.66658e-13,3.72770e-11
0.7283121,0.6395409,2.37144e-13,8.69944e-11
0.7283121,0.6395409,3.00204e-13,1.48432e-11
0.7283121,0.639541,5.88862e-13,5.09783e-11
0.7283123,0.6395409,4.06786e-13,1.35703e-10
0.7283122,0.639541,2.47802e-13,7.09919e-11
0.7283124,0.639541,6.85674e-13,1.98561e-10
0.7283124,0.639541,1.62537e-13,3.32910e-10
0.7283124,0.6395412,8.41993e-13,1.40011e-11
0.7283127,0.6395411,1.35003e-13,1.72621e-10
0.7283129,0.6395411,1.79412e-13,8.35170e-11
0.7283129,0.6395411,6.11955e-13,1.05961e-14
0.728313,0.639541,7.46070e-13,1.08226e-10
0.7283131,0.6395411,2.54019e-13,1.44308e-12
0.728313,0.6395412,2.85993e-13,3.34601e-10
0.7283128,0.6395416,6.03073e-13,4.44084e-10
0.728313,0.6395417,3.81029e-13,3.23167e-10
0.7283132,0.6395416,1.90070e-13,3.44998e-10
0.7283131,0.6395417,7.86038e-13,1.02410e-10
0.7283133,0.6395416,4.59188e-13,2.97189e-10
0.7283137,0.6395415,2.03393e-13,2.21734e-10
0.7283139,0.6395413,3.17080e-13,6.88849e-11
0.7283139,0.6395414,4.76064e-13,2.76207e-10
0.728314,0.6395413,2.66454e-13,1.68801e-10
0.728314,0.6395414,2.70006e-13,3.57737e-10
0.7283141,0.6395416,5.04485e-13,2.47494e-11
0.728314,0.6395418,3.51719e-13,4.08382e-11
0.7283141,0.6395416,3.24185e-13,3.40041e-10
0.7283143,0.6395416,9.84102e-13,1.45205e-10
0.7283143,0.6395417,4.64517e-13,1.41296e-10
0.7283145,0.6395415,3.37508e-13,2.94438e-10
0.7283146,0.6395417,3.05533e-13,1.47750e-10
0.7283149,0.6395416,2.62013e-13,3.39909e-10
0.728315,0.6395414,3.22409e-13,1.11816e-10
0.7283151,0.6395416,2.83329e-13,4.75297e-12
0.7283153,0.6395415,7.46070e-13,6.43757e-11
0.7283153,0.6395415,5.81757e-13,5.67390e-12
0.7283154,0.6395416,2.87770e-13,1.37567e-11
0.7283154,0.6395416,3.71259e-13,4.81475e-11
0.7283154,0.6395417,4.45866e-13,1.05320e-10
0.7283156,0.6395416,5.51559e-13,4.03730e-10
0.7283157,0.6395416,6.23501e-13,1.49874e-10
0.7283157,0.6395417,4.52971e-13,2.67057e-10
0.7283159,0.6395417,3.21521e-13,1.78492e-10
0.7283161,0.6395417,1.82077e-13,3.13936e-10
0.7283161,0.6395418,4.34319e-13,2.25155e-10
0.7283163,0.6395417,1.34115e-13,1.22930e-10
0.7283162,0.6395419,2.54019e-13,1.39424e-10
0.7283163,0.639542,2.82441e-13,3.45027e-10
0.7283165,0.6395421,7.10543e-13,2.30011e-11
0.7283167,0.6395419,2.40696e-13,1.10088e-10
0.7283169,0.6395419,3.45501e-13,4.01451e-11
0.728317,0.6395421,2.34479e-13,1.19391e-10
0.728317,0.6395421,2.71783e-13,6.25257e-11
0.7283172,0.6395421,3.06422e-13,1.21463e-10
0.7283173,0.6395422,7.75380e-13,8.27564e-11
0.7283174,0.6395421,2.91323e-13,9.75624e-11
0.7283174,0.6395424,3.03757e-13,2.80910e-11
0.7283174,0.6395424,3.41949e-13,2.85171e-16
0.7283176,0.6395424,5.17808e-13,9.77998e-11
0.7283177,0.6395426,3.62377e-13,1.51491e-10
0.7283177,0.6395427,5.16032e-13,3.31090e-10
0.7283178,0.6395427,4.88498e-13,1.80027e-10
0.7283178,0.6395428,4.54747e-13,1.20184e-10
0.7283182,0.6395427,5.82645e-13,5.02256e-11
0.728318,0.639543,3.40172e-13,1.26236e-10
0.728318,0.6395432,5.28466e-13,2.76685e-10
0.728318,0.6395434,2.14051e-13,2.24708e-10
0.7283181,0.6395435,3.93463e-13,1.88773e-10
0.7283181,0.6395436,3.62377e-13,1.13682e-10
0.7283181,0.6395436,5.87974e-13,5.23961e-11
0.7283182,0.6395437,4.36096e-13,3.74842e-11
0.7283182,0.6395437,1.76748e-13,3.85456e-11
0.7283181,0.6395438,3.98792e-13,7.50853e-11
0.7283181,0.6395439,2.38032e-13,1.28622e-10
0.7283179,0.6395441,2.61124e-13,1.22974e-10
0.728318,0.6395441,5.55112e-13,1.56416e-10
0.728318,0.6395442,2.39808e-13,3.37566e-11
0.7283181,0.6395441,6.42153e-13,2.05005e-11
0.728318,0.6395443,1.99840e-13,1.85417e-10
0.7283181,0.6395442,6.03961e-14,1.06759e-11
0.7283181,0.6395442,2.40696e-13,6.86431e-15
0.7283184,0.6395443,6.51035e-13,2.51105e-10
0.7283183,0.6395444,6.35936e-13,1.37620e-10
0.7283183,0.6395444,6.18172e-13,2.65175e-12
0.7283183,0.6395444,6.42153e-13,2.59369e-12
0.7283183,0.6395444,5.49782e-13,2.55622e-12
0.7283185,0.6395444,9.94760e-14,1.17239e-10
0.7283186,0.6395446,3.65041e-13,7.05785e-12
0.7283186,0.6395446,8.23341e-13,2.01338e-15
0.7283188,0.6395444,2.73559e-13,3.15089e-11
0.728319,0.6395444,2.19380e-13,1.23094e-10
0.7283189,0.6395445,4.47642e-13,1.17408e-10
0.7283188,0.6395446,4.65405e-13,3.11799e-10
0.7283188,0.6395446,3.94351e-13,1.53918e-15
0.7283191,0.6395445,3.59712e-13,8.19062e-11
0.7283191,0.6395445,2.12275e-13,3.25027e-10
0.7283193,0.6395445,2.54907e-13,7.25853e-12
0.7283198,0.6395444,2.36255e-13,5.19395e-11
0.7283201,0.6395443,7.29194e-13,2.18959e-10
0.7283202,0.6395444,2.84217e-13,2.54012e-10
0.7283203,0.6395443,4.03233e-13,7.17816e-11
0.7283203,0.6395444,3.07310e-13,2.78778e-10
0.7283204,0.6395444,3.40172e-13,1.43974e-10
0.7283206,0.6395443,2.30038e-13,4.17911e-10
0.7283207,0.6395445,5.09814e-13,8.15699e-11
0.728321,0.6395444,6.59028e-13,2.47051e-11
0.7283211,0.6395445,1.59872e-13,1.85548e-10
0.7283211,0.6395445,3.52607e-13,6.13349e-11
0.7283211,0.6395445,3.08198e-13,4.94174e-16
0.7283211,0.6395445,5.07150e-13,9.52336e-11
0.7283213,0.6395445,3.21521e-13,7.46809e-11
0.7283215,0.6395444,7.81597e-14,3.90505e-11
0.7283218,0.6395444,4.74287e-13,3.96576e-10
0.7283218,0.6395444,5.12479e-13,2.08661e-11
0.7283219,0.6395444,1.89182e-13,2.40696e-10
0.7283219,0.6395444,2.93099e-13,1.33658e-10
0.7283219,0.6395445,2.90434e-13,4.01824e-10
0.728322,0.6395446,7.06990e-13,7.18193e-11
0.7283221,0.6395445,2.98428e-13,7.22879e-11
0.728322,0.6395446,2.84217e-13,2.18432e-10
0.7283222,0.6395446,6.48370e-13,1.24019e-10
0.7283223,0.6395445,3.81917e-13,3.73153e-10
0.7283223,0.6395445,4.19220e-13,1.62646e-10
0.7283223,0.6395445,4.48530e-13,1.34557e-15
0.7283224,0.6395445,4.00568e-13,5.62202e-11
0.7283227,0.6395443,2.35367e-13,2.69464e-10
0.7283229,0.6395442,4.60965e-13,1.10450e-10
0.7283229,0.6395442,6.67910e-13,5.68591e-12
0.7283229,0.6395442,6.96332e-13,1.50331e-15
0.7283229,0.6395442,3.13527e-13,1.47833e-10
0.728323,0.6395442,3.77476e-13,2.37187e-10
0.7283231,0.6395443,7.85150e-13,1.01482e-11
0.7283232,0.6395443,4.28990e-13,3.21630e-11
0.7283233,0.6395442,3.67706e-13,1.23055e-10
0.7283239,0.6395442,1.97176e-13,1.04892e-10
0.7283238,0.6395443,4.35207e-13,3.12377e-11
0.7283238,0.6395443,3.89022e-13,3.25074e-11
0.7283241,0.6395443,4.77840e-13,1.02389e-10
0.7283243,0.6395443,7.37188e-13,3.36168e-11
0.7283243,0.6395443,3.10862e-13,1.18442e-15
0.7283243,0.6395443,8.17124e-14,7.09529e-11
0.7283244,0.6395443,4.71623e-13,6.69175e-11
0.7283244,0.6395443,3.60600e-13,6.12040e-16
0.7283244,0.6395443,1.38556e-13,6.57182e-11
0.7283244,0.6395444,7.80709e-13,4.89181e-11
0.7283244,0.6395445,3.85469e-13,7.16949e-11
0.7283244,0.6395445,1.39444e-13,9.12379e-16
0.7283249,0.6395445,3.41061e-13,8.59499e-11
0.728325,0.6395445,7.86926e-13,1.89964e-10
0.7283251,0.6395445,6.65246e-13,4.87201e-11
0.7283251,0.6395446,5.16032e-13,6.02470e-11
0.728325,0.6395447,3.05533e-13,1.51051e-11
0.7283252,0.6395448,2.76223e-13,4.33394e-11
0.7283252,0.6395447,3.56160e-13,1.52009e-10
0.7283253,0.6395448,8.90843e-13,1.82316e-10
0.7283253,0.6395448,4.35207e-13,4.98122e-11
0.7283253,0.6395449,2.08722e-13,7.38343e-11
0.7283255,0.6395451,6.31495e-13,1.38336e-10
0.728326,0.6395449,1.75859e-13,3.93730e-11
0.7283259,0.639545,6.06626e-13,3.16232e-11
0.7283263,0.6395447,5.22249e-13,2.89844e-10
0.7283265,0.6395446,4.22773e-13,2.75221e-10
0.7283265,0.6395446,8.25118e-13,6.96882e-15
0.7283267,0.6395446,3.84581e-13,2.95054e-10
0.7283267,0.6395446,4.99156e-13,1.00411e-11
0.7283267,0.6395446,3.89022e-13,3.86882e-15
0.7283268,0.6395447,3.96128e-13,2.59599e-10
0.728327,0.6395445,3.92575e-13,3.31351e-11
0.7283269,0.6395446,5.42677e-13,3.00200e-10
0.7283272,0.6395446,5.21361e-13,1.17061e-10
0.7283273,0.6395446,5.59552e-13,7.25149e-11
0.7283273,0.6395447,7.67386e-13,1.52144e-11
0.7283276,0.6395447,4.51195e-13,3.05399e-10
0.7283276,0.6395448,6.68798e-13,1.18866e-10
0.7283277,0.6395447,5.76428e-13,2.16322e-10
0.7283279,0.6395448,6.23501e-13,2.39051e-10
0.7283282,0.6395447,2.04281e-13,1.27291e-10
0.7283282,0.6395449,6.66134e-13,5.01933e-11
0.7283284,0.6395448,5.60441e-13,1.78324e-10
0.7283285,0.6395449,6.03073e-13,3.09888e-10
0.7283285,0.6395449,4.08562e-13,2.93774e-10
0.7283285,0.6395449,3.24185e-13,2.10808e-10
0.7283285,0.6395449,9.61009e-13,1.34977e-10
0.7283284,0.639545,2.53131e-13,9.91548e-12
0.7283284,0.639545,3.87246e-13,3.02241e-11
0.7283284,0.639545,3.60600e-13,3.05525e-11
0.7283284,0.639545,2.16716e-13,3.04829e-11
0.7283284,0.639545,5.45342e-13,3.02829e-11
0.7283289,0.6395449,3.19744e-13,7.48450e-11
0.7283289,0.639545,5.61329e-13,1.97870e-10
0.7283291,0.639545,2.58460e-13,1.92264e-10
0.7283295,0.6395449,1.93623e-13,1.57397e-10
0.7283298,0.6395447,3.21521e-13,1.36168e-10
0.7283299,0.6395449,3.93463e-13,1.86561e-10
0.72833,0.639545,3.01981e-13,1.39750e-11
0.7283301,0.6395449,3.23297e-13,6.13458e-11
0.7283301,0.6395449,3.19744e-13,1.19116e-10
0.72833,0.6395451,7.38964e-13,2.25937e-10
0.72833,0.6395452,4.11227e-13,2.77304e-11
0.7283301,0.6395452,2.92211e-13,1.97155e-10
0.7283303,0.6395451,7.33635e-13,1.53870e-10
0.7283305,0.639545,3.86358e-13,8.26089e-11
0.7283305,0.639545,3.36620e-13,1.10033e-10
0.7283308,0.6395448,7.09655e-13,1.10375e-10
0.7283307,0.6395449,3.23297e-13,7.16652e-12
0.7283309,0.6395449,3.08198e-13,1.04849e-10
0.7283309,0.6395449,2.25597e-13,3.96430e-11
0.7283311,0.6395449,4.11227e-13,1.28004e-10
0.7283311,0.639545,6.68798e-13,1.06723e-10
0.7283312,0.6395449,2.51354e-13,3.01524e-11
0.7283314,0.6395449,3.38396e-13,1.19913e-10
0.7283315,0.6395449,8.97060e-13,4.49281e-13
0.7283317,0.6395449,2.16716e-13,2.36838e-12
0.7283318,0.6395449,1.69642e-13,2.17325e-10
0.7283319,0.6395448,6.02185e-13,1.24288e-10
0.7283323,0.6395448,3.73035e-13,2.33819e-10
0.7283322,0.639545,5.45342e-13,7.03237e-11
0.7283324,0.6395448,4.97380e-13,1.43717e-10
0.7283323,0.639545,1.47438e-13,9.97866e-11
0.7283323,0.6395452,4.05009e-13,2.08815e-10
0.7283322,0.6395453,4.50306e-13,1.68891e-10
0.7283322,0.6395454,6.43929e-13,1.72567e-10
0.7283322,0.6395455,4.71623e-13,2.18032e-10
0.7283321,0.6395456,4.58300e-13,6.81513e-11
0.7283324,0.6395456,4.36984e-13,4.49130e-11
0.7283325,0.6395457,1.91847e-13,1.00339e-10
0.7283323,0.6395459,3.83693e-13,6.33565e-11
0.7283322,0.639546,7.75380e-13,1.58662e-12
0.7283321,0.6395461,4.39648e-13,6.63476e-11
0.7283321,0.6395461,4.15668e-13,4.33423e-11
0.7283321,0.6395461,4.83169e-13,1.31341e-11
0.7283322,0.639546,3.38396e-13,4.54911e-11
0.7283323,0.6395461,3.74811e-13,4.59017e-11
0.7283326,0.6395459,4.86722e-13,3.25294e-13
0.7283326,0.6395459,5.75540e-13,7.56338e-15
0.7283327,0.6395459,2.28262e-13,1.22417e-11
0.7283328,0.6395458,5.81757e-13,9.48659e-11
0.7283329,0.6395459,1.75859e-13,3.43215e-11
0.7283329,0.6395459,4.56524e-13,1.55338e-11
0.7283329,0.639546,3.54383e-13,2.99507e-11
0.728333,0.6395459,4.45866e-13,1.45005e-10
0.7283329,0.6395461,2.84217e-13,9.77742e-11
0.7283329,0.6395461,5.70211e-13,2.94432e-15
0.728333,0.6395461,2.45137e-13,1.74534e-10
0.7283328,0.6395463,4.63629e-13,1.73155e-10
0.7283328,0.6395463,5.32907e-13,2.05293e-10
0.7283329,0.6395462,4.23661e-13,3.84647e-11
0.728333,0.6395463,2.39808e-13,1.21325e-10
0.728333,0.6395463,3.89022e-13,1.65967e-15
0.7283331,0.6395462,2.85993e-13,1.76595e-11
0.728333,0.6395463,4.98268e-13,2.67985e-10
0.7283335,0.6395461,1.64313e-13,1.74525e-10
0.7283336,0.6395462,4.91163e-13,3.20255e-11
0.7283338,0.6395462,3.92575e-13,3.14904e-11
0.7283338,0.6395462,6.35936e-13,6.15204e-15
0.7283339,0.6395461,8.38440e-13,4.02626e-11
0.7283341,0.6395459,1.66978e-13,3.40552e-10
0.7283343,0.6395458,4.63629e-13,1.19014e-10
0.7283344,0.6395459,4.61853e-13,2.26621e-10
0.7283345,0.6395459,6.05738e-13,6.80923e-11
0.7283345,0.6395459,2.39808e-13,1.51905e-10
0.7283345,0.6395459,4.87610e-13,2.12594e-10
0.7283348,0.6395459,4.39648e-13,1.79737e-10
0.7283347,0.639546,3.88134e-13,1.30096e-10
0.728335,0.639546,5.22249e-13,2.87742e-10
0.728335,0.6395461,2.02505e-13,2.81990e-11
0.7283353,0.639546,5.16032e-13,3.91115e-11
0.7283353,0.639546,6.03073e-13,1.77209e-10
0.7283354,0.6395462,2.08722e-13,1.77225e-10
0.7283356,0.6395461,3.80140e-13,1.18380e-10
0.7283357,0.6395461,6.79456e-13,9.02972e-11
0.7283356,0.6395461,5.38236e-13,2.86330e-11
0.7283355,0.6395462,2.20268e-13,6.96016e-11
0.7283357,0.6395462,4.70735e-13,1.75862e-11
0.7283357,0.6395461,3.06422e-13,1.35082e-11
0.7283357,0.6395461,8.74856e-13,2.56705e-15
0.7283359,0.6395461,4.33431e-13,7.22444e-11
0.7283359,0.6395462,4.40536e-13,6.71245e-11
0.7283359,0.6395462,4.52971e-13,3.03611e-15
0.7283361,0.6395461,3.85469e-13,2.51043e-11
0.7283361,0.6395462,3.56160e-13,1.39359e-10
0.7283363,0.6395462,3.86358e-13,7.44540e-11
0.7283364,0.6395462,7.48734e-13,9.09687e-12
0.7283366,0.6395462,2.85993e-13,1.15256e-10
0.7283365,0.6395463,5.38236e-13,1.21625e-10
0.7283367,0.6395463,3.47278e-13,1.67179e-10
0.7283371,0.6395462,4.28990e-13,9.40203e-11
0.7283371,0.6395462,3.58824e-13,6.88825e-15
0.7283379,0.6395464,4.02345e-13,2.91119e-10
0.7283381,0.6395462,4.78728e-13,1.19788e-10
0.7283383,0.639546,6.12843e-13,2.00521e-10
0.7283387,0.6395459,4.36096e-13,1.55711e-10
0.7283389,0.6395458,3.81917e-13,2.28249e-10
0.7283389,0.6395458,2.26485e-13,1.12947e-10
0.728339,0.6395458,4.95604e-13,1.26032e-10
0.7283391,0.6395459,5.10703e-13,2.72994e-10
0.7283391,0.6395459,4.35207e-13,2.60517e-10
0.7283393,0.6395459,6.60805e-13,1.76369e-10
0.7283393,0.6395458,7.30971e-13,1.92381e-10
0.7283392,0.639546,3.41949e-13,1.54043e-10
0.7283394,0.6395458,3.07310e-13,6.63123e-12
0.7283398,0.6395458,5.17808e-13,2.46867e-10
0.7283399,0.6395459,8.30447e-13,2.40226e-10
0.7283399,0.6395459,6.84786e-13,7.03738e-11
0.7283399,0.6395459,5.20473e-13,6.11912e-15
0.72834,0.6395461,3.90799e-13,4.60124e-11
0.7283403,0.639546,3.16192e-13,3.32841e-11
0.7283403,0.639546,5.32907e-13,2.37210e-15
0.7283407,0.6395461,3.66818e-13,2.47640e-11
0.728341,0.6395461,9.23706e-13,2.63699e-10
0.7283409,0.6395462,5.13367e-13,1.74823e-11
0.728341,0.6395462,2.72671e-13,1.41782e-10
0.728341,0.6395462,4.05009e-13,3.11621e-11
0.7283411,0.6395462,2.59348e-13,2.79429e-10
0.7283412,0.6395461,3.80140e-13,4.13725e-11
0.7283412,0.6395461,5.69322e-13,2.54384e-10
0.7283413,0.639546,5.67546e-13,2.42205e-10
0.7283412,0.6395462,5.16032e-13,2.23781e-12
0.7283411,0.6395464,4.56524e-13,1.10864e-10
0.7283413,0.6395463,2.71783e-13,2.30636e-10
0.7283413,0.6395463,3.25073e-13,1.16323e-10
0.7283416,0.6395465,8.83738e-13,4.00343e-12
0.7283416,0.6395464,9.19265e-13,2.12309e-10
0.7283419,0.6395462,2.43361e-13,2.44878e-10
0.7283419,0.6395461,3.27738e-13,9.12826e-11
0.7283421,0.6395464,3.06422e-13,8.60116e-12
0.7283422,0.6395464,4.48530e-13,1.51798e-10
0.7283422,0.6395465,6.60805e-13,6.87569e-11
0.7283423,0.6395466,4.17444e-13,8.86159e-11
0.7283428,0.6395464,4.94715e-13,1.40541e-10
0.7283429,0.6395465,5.97744e-13,1.01706e-10
0.7283431,0.6395466,4.59188e-13,5.62845e-11
0.7283431,0.6395466,4.33431e-13,3.76051e-11
0.7283432,0.6395466,5.18696e-13,2.32240e-10
0.7283432,0.6395466,6.02185e-13,7.61097e-11
0.7283434,0.6395466,3.92575e-13,2.04702e-10
0.7283434,0.6395465,5.95080e-13,1.96986e-11
0.7283434,0.6395465,4.24549e-13,2.77203e-15
0.7283433,0.6395467,3.01092e-13,1.37366e-10
0.7283434,0.6395466,8.10907e-13,6.63783e-11
0.7283433,0.6395469,2.85993e-13,2.04390e-10
0.7283434,0.639547,1.73195e-13,1.14133e-10
0.7283435,0.6395469,3.92575e-13,1.94507e-10
0.7283435,0.639547,6.77680e-13,2.20479e-10
0.7283435,0.639547,6.67022e-13,9.69397e-15
0.7283435,0.639547,8.96172e-13,1.16489e-10
0.7283435,0.639547,2.40696e-13,1.47583e-10
0.728344,0.639547,6.14619e-13,1.66340e-10
0.728344,0.639547,4.54747e-13,3.51939e-15
0.728344,0.6395471,6.65246e-13,3.07796e-11
0.7283445,0.6395469,5.40012e-13,2.84916e-10
0.7283446,0.6395468,4.52971e-13,2.10420e-10
0.7283446,0.6395468,3.87246e-13,1.80113e-15
0.7283448,0.6395467,2.78888e-13,1.81463e-10
0.7283448,0.6395467,3.85469e-13,1.81991e-10
0.7283449,0.6395467,6.83009e-13,5.94928e-11
0.728345,0.6395467,4.26326e-13,1.96524e-10
0.7283449,0.6395468,2.48690e-13,2.47325e-10
0.728345,0.6395467,4.97380e-13,2.08395e-11
0.7283452,0.6395467,3.44613e-13,1.01510e-10
0.7283452,0.6395467,9.67226e-13,1.32813e-14
0.7283453,0.6395467,5.15143e-13,2.11961e-10
0.7283452,0.6395468,4.41425e-13,8.92678e-11
0.7283452,0.639547,3.41061e-13,6.14432e-11
0.7283452,0.639547,5.64881e-13,5.38224e-15
0.7283451,0.6395472,2.18492e-13,6.10868e-11
0.7283451,0.6395472,2.89546e-13,2.80332e-15
0.7283451,0.6395473,2.78000e-13,2.72348e-10
0.7283451,0.6395473,4.26326e-13,1.84283e-10
0.7283451,0.6395473,4.28102e-13,1.84058e-10
0.7283451,0.6395473,5.57776e-13,6.14921e-11
0.7283451,0.6395474,2.29150e-13,1.54373e-10
0.7283451,0.6395475,4.83169e-13,4.01860e-11
0.7283449,0.6395478,7.15872e-13,1.45701e-10
0.728345,0.6395479,3.21521e-13,8.80022e-11
0.728345,0.639548,1.99840e-13,1.66233e-10
0.728345,0.639548,4.26326e-13,5.86210e-11
0.728345,0.6395481,3.48166e-13,8.03017e-11
0.7283451,0.6395481,4.63629e-13,1.10879e-10
0.7283451,0.6395482,4.20108e-13,1.40614e-10
0.728345,0.6395484,8.89955e-13,9.25063e-11
0.7283451,0.6395483,4.76064e-13,8.59818e-12
0.7283452,0.6395483,6.59917e-13,6.18282e-12
0.7283452,0.6395483,2.05169e-13,2.53376e-15
0.7283454,0.6395482,5.07150e-13,2.60660e-10
0.7283453,0.6395485,2.34479e-13,1.43299e-10
0.7283454,0.6395484,4.54747e-13,1.83512e-10
0.7283454,0.6395486,8.05578e-13,1.99530e-10
0.7283454,0.6395486,7.28306e-13,1.63596e-10
0.7283456,0.6395487,5.89750e-13,9.82966e-11
0.7283456,0.6395488,5.87086e-13,7.57992e-11
0.7283454,0.639549,2.09610e-13,2.28919e-11
0.7283457,0.6395488,5.83533e-13,2.95549e-10
0.7283457,0.639549,2.06057e-13,1.85606e-10
0.7283458,0.639549,3.51719e-13,8.15087e-11
0.7283458,0.639549,5.07150e-13,7.85780e-11
0.7283458,0.639549,3.41949e-13,3.26881e-15
0.7283459,0.6395489,3.25073e-13,1.43675e-10
0.7283459,0.639549,4.03233e-13,5.55208e-11
0.728346,0.639549,7.12319e-13,1.58252e-10
0.728346,0.6395491,1.82965e-13,1.47822e-10
0.728346,0.6395491,4.77840e-13,2.95675e-15
0.728346,0.6395491,2.99316e-13,9.71447e-11
0.728346,0.6395491,5.94191e-13,2.49078e-15
0.7283462,0.6395491,5.77316e-13,5.79136e-11
0.7283462,0.6395491,9.03277e-13,1.60194e-14
0.7283462,0.6395491,9.75220e-13,1.48453e-10
0.7283463,0.6395492,7.53175e-13,1.70362e-10
0.7283464,0.6395491,9.75220e-13,1.81567e-10
0.7283467,0.6395491,1.40332e-13,2.47327e-10
0.7283468,0.6395491,8.68638e-13,1.05883e-10
0.7283469,0.639549,2.38032e-13,1.81349e-10
0.7283467,0.6395492,6.62581e-13,3.51106e-11
0.7283467,0.6395492,8.44658e-13,1.58098e-14
0.7283467,0.6395492,3.60600e-13,1.69208e-10
0.7283469,0.6395491,7.62057e-13,1.59444e-10
0.7283469,0.6395492,4.71623e-13,9.78619e-11
0.7283471,0.6395491,5.06262e-13,1.31861e-10
0.7283473,0.639549,3.06422e-13,3.20198e-12
0.7283473,0.639549,4.73399e-13,2.56251e-10
0.7283473,0.6395491,3.45501e-13,5.15890e-11
0.7283472,0.6395492,4.05898e-13,1.75057e-10
0.7283472,0.6395492,6.82121e-13,4.88691e-11
0.7283472,0.6395492,6.42153e-13,1.37161e-14
0.7283473,0.6395492,4.26326e-13,1.49550e-10
0.7283474,0.6395493,2.83329e-13,1.29796e-10
0.7283474,0.6395493,3.00204e-13,2.02553e-11
0.7283475,0.6395492,4.20997e-13,4.05984e-11
0.7283475,0.6395493,4.05009e-13,3.11578e-11
0.7283475,0.6395493,7.31859e-13,3.58510e-15
0.7283476,0.6395492,5.14255e-13,6.60134e-11
0.7283477,0.6395493,2.73559e-13,2.07643e-10
0.7283478,0.6395492,3.99680e-13,1.62959e-10
0.728348,0.6395491,4.26326e-13,2.21727e-10
0.728348,0.6395491,2.46914e-13,1.28053e-11
0.728348,0.6395491,7.56728e-13,4.37312e-11
0.7283481,0.6395492,5.29354e-13,1.75455e-10
0.7283483,0.6395491,4.92939e-13,2.01975e-10
0.7283483,0.6395491,5.91527e-13,1.12000e-10
0.7283483,0.6395491,8.63309e-13,5.47469e-16
0.7283486,0.639549,2.61124e-13,1.04095e-10
0.7283486,0.639549,9.57456e-13,1.03829e-10
0.7283487,0.6395489,2.32703e-13,2.25063e-10
0.7283489,0.6395489,6.87450e-13,1.20681e-10
0.7283489,0.6395489,5.48006e-13,1.02824e-10
0.728349,0.639549,6.68798e-13,2.24043e-10
0.728349,0.639549,5.47118e-13,8.76036e-11
0.7283492,0.6395489,2.47802e-13,1.50835e-11
0.7283492,0.639549,6.11955e-13,1.18498e-10
0.7283492,0.639549,6.12843e-13,1.96784e-10
0.7283492,0.639549,9.62785e-13,3.47117e-11
0.7283492,0.639549,3.05533e-13,3.16766e-16
0.7283491,0.6395491,3.10862e-13,5.43319e-11
0.7283492,0.639549,3.54383e-13,7.70982e-11
0.7283493,0.6395489,2.80664e-13,3.38890e-11
0.7283493,0.6395489,7.01661e-13,5.61185e-15
0.7283494,0.639549,2.66454e-13,2.63306e-11
0.7283493,0.6395491,1.87406e-13,1.17005e-10
0.7283494,0.6395491,5.29354e-13,7.10412e-11
0.7283495,0.639549,5.36460e-13,2.07639e-11
0.7283496,0.6395489,3.52607e-13,1.06066e-10
0.7283496,0.6395489,5.69322e-13,1.56250e-10
0.7283496,0.6395489,4.87610e-13,4.76155e-11
0.7283496,0.6395489,7.28306e-13,1.04775e-16
0.7283496,0.639549,1.24345e-13,4.18340e-11
0.7283496,0.639549,8.46434e-13,1.66292e-15
0.7283498,0.6395489,5.89750e-13,1.81731e-10
0.7283497,0.6395491,8.17124e-14,1.61341e-11
0.7283497,0.6395491,5.55112e-13,1.84696e-10
0.7283497,0.6395492,5.39124e-13,5.99546e-11
0.7283497,0.6395492,4.96492e-13,2.33599e-10
0.7283497,0.6395492,4.08562e-13,2.81828e-15
0.7283498,0.6395493,6.02185e-13,1.23120e-10
0.7283499,0.6395493,5.25802e-13,6.64375e-11
0.7283499,0.6395494,2.99316e-13,2.28894e-11
0.7283501,0.6395494,3.62377e-13,1.02013e-10
0.7283501,0.6395494,6.21725e-13,1.42228e-10
0.7283501,0.6395494,6.76792e-13,2.00516e-10
0.7283501,0.6395494,2.74447e-13,8.75802e-11
0.7283503,0.6395493,4.87610e-13,2.57212e-10
0.7283503,0.6395493,2.76223e-13,1.42343e-10
0.7283503,0.6395493,8.82849e-13,2.69957e-11
0.7283502,0.6395494,7.48734e-13,1.21984e-10
0.7283502,0.6395495,3.29514e-13,6.02526e-11
0.7283503,0.6395497,5.77316e-13,1.34819e-10
0.7283502,0.6395498,3.03757e-13,1.24075e-10
0.7283503,0.6395499,9.13936e-13,1.20702e-10
0.7283503,0.63955,7.78044e-13,1.59193e-10
0.7283503,0.6395502,5.58664e-13,9.83295e-11
0.7283506,0.6395503,1.89182e-13,5.00118e-11
0.7283506,0.6395504,5.79092e-13,1.71335e-12
0.7283506,0.6395504,7.67386e-13,8.61765e-16
0.7283506,0.6395506,1.76748e-13,1.57226e-10
0.7283505,0.6395509,7.59393e-13,2.53927e-10
0.7283504,0.6395511,7.46070e-13,9.43598e-11
0.7283503,0.6395512,8.10019e-13,1.89501e-10
0.7283503,0.6395512,5.00933e-13,9.92366e-11
0.7283503,0.6395513,6.67022e-13,1.05061e-10
0.7283503,0.6395513,1.90070e-13,2.85143e-11
0.7283503,0.6395514,5.96856e-13,1.06935e-11
0.7283503,0.6395514,4.86722e-13,1.34842e-10
0.7283505,0.6395513,1.93623e-13,3.74336e-11
0.7283505,0.6395513,7.71827e-13,2.59793e-15
0.7283505,0.6395513,9.40581e-13,9.73331e-11
0.7283508,0.6395511,7.03437e-13,1.76896e-10
0.7283509,0.6395511,7.45182e-13,1.68853e-15
0.7283508,0.6395512,6.27942e-13,3.94064e-12
0.7283508,0.6395512,7.23865e-13,1.02050e-10
0.7283509,0.6395512,5.63105e-13,5.94229e-11
0.7283509,0.6395512,5.51559e-13,3.82836e-16
0.7283509,0.6395511,4.28102e-13,1.39195e-10
0.728351,0.6395511,1.36779e-13,1.33543e-10
0.7283508,0.6395514,5.85310e-13,1.58829e-10
0.7283508,0.6395515,7.01661e-13,3.53915e-11
0.7283509,0.6395514,4.90274e-13,8.41286e-11
0.7283509,0.6395515,4.97380e-13,7.25304e-11
0.7283508,0.6395517,6.62581e-13,8.53643e-11
0.7283509,0.6395516,2.11386e-13,4.96185e-11
0.7283509,0.6395516,3.66818e-13,9.93232e-16
0.728351,0.6395516,6.30607e-13,1.41485e-11
0.7283511,0.6395516,2.29150e-13,9.21098e-11
0.7283511,0.6395516,6.67022e-13,1.57458e-11
0.7283511,0.6395516,6.38600e-13,5.41890e-14
0.728351,0.6395519,4.15668e-13,1.01788e-10
0.7283513,0.6395519,4.72511e-13,3.34574e-12
0.7283513,0.639552,6.03961e-13,2.06604e-11
0.7283514,0.6395521,3.67706e-13,6.64144e-11
0.7283514,0.6395521,3.69482e-13,1.43469e-10
0.7283515,0.6395522,4.09450e-13,8.30917e-11
0.7283515,0.6395522,6.36824e-13,7.28528e-11
0.7283515,0.6395522,4.63629e-13,1.90986e-11
0.7283514,0.6395523,3.08198e-13,1.92032e-10
0.7283514,0.6395523,5.62217e-13,1.31523e-14
0.7283516,0.6395523,3.62377e-13,5.12659e-11
0.7283516,0.6395523,7.27418e-13,1.63142e-11
0.7283516,0.6395524,4.04121e-13,1.77078e-10
0.7283516,0.6395524,5.57776e-13,1.16150e-14
0.7283516,0.6395526,2.54019e-13,7.48465e-11
0.7283516,0.6395526,3.69482e-13,1.66100e-10
0.7283518,0.6395525,6.73239e-13,1.04643e-10
0.7283518,0.6395525,6.45706e-13,1.46485e-10
0.7283518,0.6395525,3.18856e-13,1.32009e-10
0.728352,0.6395525,6.51923e-13,4.07502e-11
0.7283521,0.6395525,9.96536e-13,1.45382e-10
0.7283521,0.6395525,4.83169e-13,3.75945e-15
0.7283522,0.6395525,5.94191e-13,4.68970e-13
0.7283522,0.6395525,9.73444e-13,3.34198e-15
0.7283523,0.6395525,2.72671e-13,1.18194e-10
0.7283524,0.6395524,8.09131e-13,6.75063e-11
0.7283524,0.6395524,4.28990e-13,3.81024e-11
0.7283524,0.6395524,8.05578e-13,4.14711e-16
0.728353,0.6395521,7.70051e-13,8.03049e-11
0.728353,0.6395522,2.78888e-13,4.17074e-11
0.7283532,0.6395522,8.52651e-13,7.47541e-11
0.7283533,0.6395523,2.50466e-13,6.06041e-11
0.7283532,0.6395524,3.84581e-13,2.59085e-11
0.7283537,0.6395522,9.69891e-13,3.40446e-11
0.7283537,0.6395523,8.32223e-13,1.00780e-10
0.7283537,0.6395524,6.01297e-13,1.01796e-11
0.7283537,0.6395524,3.60600e-13,2.17328e-15
0.7283539,0.6395523,5.00933e-13,1.18293e-11
0.7283539,0.6395523,3.03757e-13,2.36709e-15
0.7283539,0.6395524,4.82281e-13,1.99372e-11
0.7283539,0.6395524,4.72511e-13,5.53722e-16
0.7283541,0.6395524,8.21565e-13,8.65831e-11
0.7283544,0.6395523,5.61329e-13,3.90916e-11
0.7283546,0.6395522,4.92939e-13,1.15324e-10
0.7283548,0.6395522,2.56684e-13,1.48095e-11
0.7283548,0.6395524,7.62945e-13,2.45529e-11
0.7283548,0.6395524,6.34159e-13,1.26268e-14
0.7283549,0.6395524,8.04690e-13,1.39789e-11
0.7283549,0.6395525,5.70211e-13,1.22035e-10
0.7283549,0.6395525,6.32383e-13,3.74134e-15
0.7283549,0.6395526,6.11067e-13,3.34574e-11
0.728355,0.6395527,3.30402e-13,5.61890e-11
0.7283552,0.6395527,5.16920e-13,1.33545e-10
0.7283553,0.6395526,3.09086e-13,3.18604e-11
0.7283554,0.6395527,3.57048e-13,5.77724e-11
0.7283554,0.6395527,6.28830e-13,1.42395e-10
0.7283554,0.6395528,5.10703e-13,1.21838e-10
0.7283555,0.6395528,5.79092e-13,1.49585e-10
0.7283555,0.6395528,2.56684e-13,2.44134e-11
0.7283556,0.6395527,4.81393e-13,6.53230e-11
0.7283556,0.6395527,4.79616e-13,5.05575e-15
0.7283557,0.6395527,4.17444e-13,2.13313e-11
0.7283558,0.6395528,5.24025e-13,1.32855e-10
0.7283558,0.6395528,5.13367e-13,1.63234e-10
0.7283558,0.6395529,2.88658e-13,4.71301e-11
0.7283558,0.6395529,7.62945e-13,3.21685e-14
0.7283558,0.6395529,4.13891e-13,7.21947e-11
0.7283559,0.6395528,6.55476e-13,1.52356e-10
0.7283559,0.6395528,2.57572e-13,3.98141e-15
0.7283559,0.6395529,4.96492e-13,1.98358e-10
0.7283559,0.6395529,3.97016e-13,3.40609e-11
0.7283559,0.6395529,4.23661e-13,4.40456e-14
0.7283561,0.6395529,6.21725e-13,1.61005e-10
0.7283564,0.6395528,3.36620e-13,1.30879e-10
0.7283565,0.6395527,7.23865e-13,1.58332e-10
0.7283565,0.6395527,5.68434e-13,3.71122e-11
0.7283565,0.6395527,7.83373e-13,9.15750e-16
0.7283565,0.6395528,8.13571e-13,3.36212e-12
0.7283566,0.6395527,4.09450e-13,1.14381e-10
0.7283568,0.6395527,4.29878e-13,2.00924e-11
0.7283568,0.6395527,5.98632e-13,1.83536e-10
0.7283568,0.6395528,5.91527e-13,8.73982e-11
0.7283568,0.6395528,3.30402e-13,6.86782e-11
0.728357,0.6395529,2.72671e-13,1.19027e-10
0.7283569,0.6395529,7.46958e-13,1.18684e-10
0.7283569,0.6395529,8.84626e-13,5.20567e-15
0.7283571,0.6395529,5.29354e-13,1.63901e-10
0.7283572,0.6395529,6.92779e-13,4.24214e-11
0.7283574,0.6395529,6.09290e-13,1.14366e-10
0.7283574,0.6395529,7.62057e-13,1.12349e-10
0.7283574,0.6395529,8.68638e-13,1.10109e-10
0.7283575,0.6395528,5.58664e-13,2.02032e-11
0.7283575,0.6395528,5.16032e-13,1.98137e-15
0.7283576,0.6395528,3.33067e-13,9.46271e-12
0.7283579,0.6395528,4.75175e-13,5.68753e-11
0.7283581,0.6395529,4.97380e-13,1.98770e-11
0.7283581,0.639553,2.05169e-13,4.99203e-11
0.7283581,0.639553,2.78888e-13,1.68834e-14
0.7283582,0.639553,2.10498e-13,4.00635e-11
0.7283582,0.639553,7.84262e-13,6.78691e-15
0.7283582,0.639553,4.81393e-13,9.47120e-11
0.7283585,0.6395529,3.51719e-13,2.79050e-12
0.7283585,0.6395529,8.66862e-13,3.21294e-16
0.7283585,0.639553,4.40536e-13,9.79888e-11
0.7283585,0.639553,4.13003e-13,9.40738e-11
0.7283587,0.639553,3.49942e-13,1.46075e-11
0.7283586,0.6395531,5.68434e-13,1.40580e-10
0.7283586,0.6395531,6.88338e-13,1.22088e-10
0.7283588,0.6395531,5.02709e-13,8.42909e-11
0.7283588,0.6395531,3.15303e-13,2.38868e-11
0.7283588,0.6395531,5.07150e-13,4.52680e-16
0.728359,0.639553,4.67182e-13,7.47508e-11
0.7283591,0.6395532,5.09814e-13,9.14710e-11
0.7283592,0.6395533,8.45546e-13,1.67171e-11
0.7283593,0.6395532,4.10338e-13,3.86967e-11
0.7283593,0.6395532,3.83693e-13,2.63892e-11
0.7283596,0.6395532,7.30971e-13,6.69147e-11
0.7283597,0.6395532,6.02185e-13,3.19232e-11
0.7283596,0.6395534,3.79252e-13,1.11824e-10
0.7283598,0.6395533,5.04485e-13,5.19971e-11
0.7283598,0.6395533,4.83169e-13,5.20675e-11
0.7283598,0.6395533,9.16600e-13,5.21491e-11
0.7283599,0.6395532,5.56888e-13,6.56912e-11
0.72836,0.6395532,3.57048e-13,1.88622e-11
0.7283598,0.6395534,2.07834e-13,4.48324e-12
0.7283598,0.6395534,7.94032e-13,4.67138e-12
0.7283601,0.6395533,4.88498e-13,9.09634e-11
0.7283602,0.6395532,3.22409e-13,8.31953e-11
0.7283604,0.6395533,6.93667e-13,8.41320e-11
0.7283604,0.6395533,3.81029e-13,6.79265e-15
0.7283604,0.6395532,6.35048e-13,4.94855e-11
0.7283605,0.6395533,4.41425e-13,6.92936e-11
0.7283606,0.6395533,2.28262e-13,2.71020e-11
0.7283607,0.6395534,7.44294e-13,8.59902e-11
0.7283607,0.6395534,5.24025e-13,2.29286e-11
0.7283609,0.6395534,7.94032e-13,1.58536e-10
0.7283609,0.6395534,1.24345e-13,1.86058e-10
0.7283611,0.6395535,2.38032e-13,3.79601e-11
0.7283611,0.6395535,8.08242e-13,4.98616e-11
0.7283611,0.6395535,4.08562e-13,4.73577e-15
0.7283612,0.6395535,7.34524e-13,1.14648e-10
0.7283614,0.6395534,8.29559e-13,1.87956e-10
0.7283616,0.6395533,6.34159e-13,1.26667e-10
0.7283617,0.6395533,5.32907e-13,1.53051e-10
0.7283617,0.6395533,4.90274e-13,1.91340e-10
0.7283617,0.6395534,5.70211e-13,1.54604e-10
0.7283618,0.6395534,4.19220e-13,1.66478e-11
0.7283619,0.6395535,6.17284e-13,7.82733e-11
0.7283621,0.6395534,6.12843e-13,7.60828e-11
0.7283622,0.6395535,4.15668e-13,4.04216e-11
0.7283622,0.6395535,7.22977e-13,5.60275e-15
0.7283621,0.6395535,1.69642e-13,9.89876e-11
0.7283623,0.6395537,2.93987e-13,4.50026e-11
0.7283623,0.6395537,4.20108e-13,4.54417e-11
0.7283626,0.6395536,4.69846e-13,6.67772e-11
0.7283625,0.6395537,4.10338e-13,1.81151e-10
0.7283625,0.6395537,4.68958e-13,1.80765e-10
0.7283625,0.6395537,8.20677e-13,1.80257e-10
0.7283626,0.6395536,2.96652e-13,3.96744e-11
0.7283626,0.6395536,4.31655e-13,3.02033e-15
0.7283628,0.6395536,6.67910e-13,1.17856e-11
0.7283628,0.6395536,3.21521e-13,9.91168e-11
0.728363,0.6395535,8.76632e-13,1.36853e-10
0.728363,0.6395535,1.74083e-13,1.17596e-10
0.728363,0.6395535,5.95080e-13,5.50165e-11
0.728363,0.6395535,7.17648e-13,6.83402e-16
0.7283629,0.6395536,9.46798e-13,7.62775e-11
0.7283629,0.6395537,5.64881e-13,1.47894e-10
0.7283631,0.6395536,5.62217e-13,9.87874e-11
0.7283632,0.6395535,8.30447e-13,7.45719e-11
0.7283632,0.6395535,9.29035e-13,8.84300e-11
0.7283632,0.6395535,4.06786e-13,8.86622e-11
0.7283632,0.6395535,2.68230e-13,9.99908e-11
0.7283632,0.6395535,8.73968e-13,1.01254e-10
0.7283635,0.6395534,2.12275e-13,6.76193e-11
0.7283634,0.6395536,3.35731e-13,9.04860e-12
0.7283634,0.6395536,4.00568e-13,9.90819e-12
0.7283634,0.6395537,4.04121e-13,7.44701e-11
0.7283635,0.6395537,4.67182e-13,1.25271e-10
0.7283635,0.6395537,7.37188e-13,2.42255e-15
0.7283637,0.6395535,2.96652e-13,1.76023e-11
0.728364,0.6395536,6.33271e-13,5.87917e-11
0.728364,0.6395536,3.04645e-13,5.08937e-15
0.728364,0.6395536,5.58664e-13,4.73506e-11
0.728364,0.6395536,5.19584e-13,1.29987e-11
0.728364,0.6395536,4.76064e-13,1.73179e-15
0.7283641,0.6395536,3.81917e-13,5.74535e-11
0.728364,0.6395538,2.89546e-13,1.00978e-10
0.7283641,0.6395537,7.11431e-13,6.87201e-11
0.7283641,0.6395537,7.55840e-13,6.32444e-15
0.7283642,0.6395537,8.14460e-13,5.05455e-11
0.7283642,0.6395537,5.93303e-13,1.12651e-14
0.7283642,0.6395537,3.19744e-13,1.09568e-10
0.7283642,0.6395537,8.56204e-13,1.06356e-10
0.7283643,0.6395537,2.98428e-13,1.22462e-10
0.7283643,0.6395537,7.03437e-13,6.41733e-11
0.7283643,0.6395537,9.08607e-13,6.56754e-11
0.7283644,0.6395537,3.46390e-13,1.16045e-10
0.7283643,0.6395539,6.12843e-13,1.55621e-10
0.7283645,0.6395539,5.10703e-13,1.86094e-10
0.7283645,0.6395539,5.56888e-13,4.05317e-11
0.7283645,0.6395539,7.01661e-13,4.03120e-11
0.7283645,0.6395539,7.63833e-13,4.02117e-11
0.7283645,0.6395539,8.88178e-13,3.99770e-11
0.7283645,0.6395539,8.73968e-13,3.98841e-11
0.7283646,0.639554,2.56684e-13,6.90658e-11
0.7283647,0.6395539,5.81757e-13,8.94653e-11
0.7283647,0.6395539,2.96652e-13,7.59942e-11
0.7283648,0.6395538,5.51559e-13,1.66420e-10
0.7283648,0.6395539,3.57936e-13,2.25243e-11
0.7283647,0.6395542,7.52287e-13,1.00984e-10
0.7283649,0.6395541,8.09131e-13,5.24398e-12
0.7283647,0.6395543,6.67022e-13,1.46871e-10
0.7283648,0.6395543,6.96332e-13,1.76800e-10
0.7283648,0.6395543,9.27258e-13,1.76476e-10
0.7283649,0.6395544,4.95604e-13,4.69646e-11
0.728365,0.6395543,5.31131e-13,1.24364e-10
0.728365,0.6395543,6.87450e-13,1.18531e-10
0.7283651,0.6395542,5.94191e-13,2.58774e-11
0.7283651,0.6395542,3.95239e-13,2.12523e-11
0.7283653,0.6395542,2.29150e-13,1.24947e-10
0.7283653,0.6395542,6.91891e-13,2.85470e-11
0.7283653,0.6395542,3.41061e-13,2.50706e-11
0.7283653,0.6395543,6.93667e-13,5.81345e-11
0.7283653,0.6395543,5.58664e-13,6.86871e-15
0.7283654,0.6395543,8.14460e-13,1.19819e-10
0.7283656,0.6395542,9.78773e-13,1.97446e-11
0.7283656,0.6395542,8.81073e-13,7.57612e-16
0.7283656,0.6395542,4.01457e-13,7.10319e-11
0.7283655,0.6395544,6.60805e-13,6.58754e-11
0.7283655,0.6395544,7.81597e-13,3.84333e-15
0.7283656,0.6395543,7.44294e-13,5.20539e-11
0.7283656,0.6395543,1.34115e-13,1.50033e-11
0.7283658,0.6395542,7.10543e-13,3.92446e-11
0.7283658,0.6395542,5.18696e-13,2.34797e-16
0.728366,0.6395542,8.24230e-13,6.35855e-11
0.728366,0.6395543,7.35412e-13,5.60215e-12
0.728366,0.6395543,6.73239e-13,6.60525e-11
0.7283662,0.6395542,8.30447e-13,1.03033e-10
0.7283662,0.6395542,5.25802e-13,3.05903e-14
0.7283665,0.6395541,3.54383e-13,1.14210e-10
0.7283665,0.6395542,9.75220e-13,3.71460e-11
0.7283666,0.6395541,9.31699e-13,1.34675e-10
0.7283666,0.6395541,3.50830e-13,3.48178e-11
0.7283666,0.6395541,7.54063e-13,6.42925e-16
0.7283667,0.6395541,5.91527e-13,1.03961e-10
0.7283668,0.6395542,5.27578e-13,1.83623e-11
0.7283668,0.6395542,7.22977e-13,7.75941e-15
0.7283668,0.6395543,6.56364e-13,8.96331e-11
0.728367,0.6395542,2.91323e-13,1.75103e-12
0.728367,0.6395542,2.04281e-13,1.11562e-13
0.7283671,0.6395543,3.10862e-13,1.23241e-10
0.7283672,0.6395542,6.16396e-13,1.66178e-10
0.7283672,0.6395542,3.84581e-13,1.12748e-10
0.7283675,0.6395542,8.77520e-13,1.22170e-11
0.7283675,0.6395542,5.39124e-13,3.81154e-14
0.7283674,0.6395542,4.38760e-13,1.28859e-10
0.7283675,0.6395542,8.31335e-13,5.67815e-12
0.7283677,0.639554,3.01981e-13,1.40903e-10
0.7283676,0.6395541,9.92095e-13,1.35915e-10
0.7283677,0.6395541,5.60441e-13,1.33114e-10
0.7283677,0.6395541,9.45022e-13,2.88150e-12
0.7283677,0.6395541,6.90115e-13,1.12489e-15
0.7283678,0.6395541,8.09131e-13,7.65013e-13
0.7283678,0.6395541,9.43245e-13,1.48337e-16
0.7283679,0.6395541,4.25437e-13,1.21497e-10
0.7283679,0.6395541,3.00204e-13,2.97467e-11
0.7283679,0.6395541,6.46594e-13,9.83637e-15
0.728368,0.6395541,4.33431e-13,8.59860e-11
0.728368,0.6395541,4.92051e-13,2.09028e-11
0.728368,0.6395541,9.85878e-13,3.01140e-14
0.7283681,0.6395541,7.95808e-13,1.03606e-10
0.7283681,0.6395541,3.45501e-13,8.28175e-15
0.7283679,0.6395544,1.66978e-13,5.85821e-12
0.7283679,0.6395544,4.07674e-13,1.44903e-15
0.7283679,0.6395544,5.46230e-13,9.66627e-11
0.728368,0.6395545,6.07514e-13,6.30914e-11
0.7283678,0.6395547,2.38032e-13,1.78651e-11
0.728368,0.6395547,3.14415e-13,1.59770e-10
0.728368,0.6395547,6.03073e-13,1.94612e-11
0.728368,0.6395548,9.61009e-13,6.40290e-11
0.728368,0.6395548,1.66978e-13,2.57822e-15
0.728368,0.6395548,2.82441e-13,1.13865e-10
0.728368,0.6395548,6.57252e-13,1.14192e-10
0.7283682,0.6395547,2.59348e-13,2.05491e-11
0.7283682,0.6395548,5.80869e-13,1.79602e-10
0.7283682,0.6395549,7.10543e-13,1.33149e-10
0.7283684,0.6395548,1.91847e-13,2.46488e-11
0.7283686,0.6395548,6.01297e-13,1.55438e-10
0.7283687,0.6395547,4.04121e-13,8.83305e-11
0.7283688,0.6395547,4.20108e-13,6.18510e-11
0.7283688,0.6395547,3.89022e-13,3.39211e-11
0.7283692,0.6395545,7.52287e-13,6.48244e-12
0.7283692,0.6395545,7.75380e-13,7.58822e-15
0.7283692,0.6395545,5.79981e-13,8.05366e-11
0.7283692,0.6395545,8.26894e-13,4.80272e-15
0.7283691,0.6395547,9.76996e-13,1.27068e-10
0.7283691,0.6395547,5.87974e-13,6.02276e-12
0.7283691,0.6395547,5.87086e-13,1.34466e-15
0.7283692,0.6395547,6.99885e-13,1.29855e-10
0.7283692,0.6395546,5.00933e-13,5.61208e-11
0.7283694,0.6395547,1.50102e-13,7.41364e-11
0.7283694,0.6395547,9.03277e-13,2.00148e-16
0.7283696,0.6395546,5.24913e-13,4.24054e-12
0.7283696,0.6395546,7.22977e-13,1.30605e-10
0.7283697,0.6395547,7.16760e-13,1.06292e-10
0.7283697,0.6395547,6.07514e-13,1.23268e-11
0.7283698,0.6395547,7.54952e-13,6.24140e-11
0.7283698,0.6395547,7.71827e-13,9.98078e-15
0.7283701,0.6395546,9.69003e-13,6.10753e-11
0.7283701,0.6395546,2.49578e-13,1.36276e-14
0.7283701,0.6395546,4.33431e-13,1.11996e-10
0.7283701,0.6395546,5.84421e-13,2.67111e-15
0.7283702,0.6395546,5.11591e-13,1.97094e-11
0.7283704,0.6395546,4.61853e-13,1.48175e-10
0.7283704,0.6395546,3.41061e-13,7.47963e-11
0.7283704,0.6395547,8.87290e-13,4.72393e-11
0.7283707,0.6395546,5.23137e-13,7.15486e-11
0.7283707,0.6395546,7.37188e-13,1.59749e-11
0.7283707,0.6395546,6.75904e-13,8.21669e-14
0.7283708,0.6395546,5.24913e-13,1.18569e-10
0.7283709,0.6395545,7.53175e-13,2.17364e-11
0.7283711,0.6395545,6.06626e-13,9.86618e-11
0.7283711,0.6395545,2.53131e-13,1.28865e-10
0.7283712,0.6395545,4.63629e-13,2.62561e-11
0.7283711,0.6395546,4.84945e-13,1.43308e-10
0.728371,0.6395549,2.09610e-13,1.47098e-10
0.728371,0.6395549,5.57776e-13,1.33496e-10
0.728371,0.6395549,4.84057e-13,8.86456e-11
0.728371,0.639555,6.22613e-13,3.05622e-11
0.7283712,0.6395548,6.01297e-13,6.18088e-11
0.7283712,0.6395548,7.41629e-13,8.89609e-15
0.7283712,0.6395548,5.74651e-13,2.41633e-11
0.7283712,0.6395548,4.13891e-13,2.37148e-15
0.7283713,0.6395549,3.38396e-13,1.42619e-10
0.7283715,0.6395547,3.05533e-13,1.12269e-12
0.7283715,0.6395547,6.56364e-13,2.97852e-11
0.7283715,0.6395547,4.79616e-13,4.20411e-11
0.7283715,0.6395547,2.45137e-13,4.77887e-11
0.7283715,0.6395547,8.50875e-13,5.10733e-11
0.7283715,0.6395547,4.08562e-13,9.51899e-11
0.7283716,0.6395548,5.40901e-13,8.18448e-11
0.7283716,0.6395548,4.95604e-13,7.40158e-11
0.7283716,0.6395548,2.86882e-13,6.92131e-11
0.7283719,0.6395547,6.62581e-13,7.49508e-11
0.7283719,0.6395547,9.25482e-13,7.30754e-11
0.7283719,0.6395547,7.59393e-13,7.01223e-11
0.7283721,0.6395547,6.51923e-13,2.51340e-11
0.7283723,0.6395545,5.79092e-13,3.05593e-11
0.7283723,0.6395546,5.70211e-13,1.23685e-10
0.7283723,0.6395546,4.95604e-13,4.41495e-14
0.7283724,0.6395546,6.72351e-13,1.00027e-10
0.7283725,0.6395546,8.61533e-13,4.10535e-11
0.7283726,0.6395546,4.97380e-13,1.09486e-10
0.7283726,0.6395546,4.63629e-13,1.19788e-10
0.7283726,0.6395546,3.13527e-13,2.84221e-11
0.7283726,0.6395547,3.14415e-13,5.62730e-11
0.7283728,0.6395548,8.56204e-13,1.32144e-10
0.728373,0.6395547,8.43769e-13,2.74065e-11
0.728373,0.6395547,5.83533e-13,1.35911e-10
0.728373,0.6395547,7.20313e-13,8.86705e-11
0.7283729,0.6395548,5.06262e-13,3.14715e-11
0.728373,0.6395549,7.58504e-13,4.82162e-11
0.7283732,0.6395548,7.30083e-13,4.83544e-11
0.7283734,0.6395546,6.60805e-13,7.71397e-11
0.7283737,0.639555,7.96696e-13,5.92243e-11
0.7283737,0.639555,6.96332e-13,6.00102e-11
0.7283737,0.639555,7.66498e-13,3.70406e-11
0.7283737,0.639555,8.78408e-13,3.66837e-11
0.7283738,0.639555,3.62377e-13,1.13078e-10
0.7283739,0.6395551,6.22613e-13,9.74653e-11
0.7283739,0.6395552,5.32907e-13,9.39624e-11
0.728374,0.6395552,4.88498e-13,2.61451e-11
0.728374,0.6395552,6.15508e-13,2.00963e-11
0.728374,0.6395553,5.75540e-13,5.53440e-11
0.728374,0.6395553,9.30811e-13,2.79732e-11
0.7283741,0.6395552,4.68958e-13,1.28738e-10
0.7283741,0.6395553,7.20313e-13,8.89625e-11
0.728374,0.6395554,3.73035e-13,1.12055e-10
0.728374,0.6395554,5.34683e-13,1.11409e-10
0.728374,0.6395554,8.75744e-13,1.11030e-10
0.728374,0.6395554,3.85469e-13,1.16965e-10
0.7283742,0.6395554,3.53495e-13,3.67145e-11
0.7283743,0.6395554,3.17080e-13,1.02196e-10
0.7283741,0.6395556,2.25597e-13,1.26259e-10
0.7283744,0.6395555,2.13163e-13,1.23552e-10
0.7283744,0.6395555,6.69687e-13,1.22178e-10
0.7283748,0.6395555,8.04690e-13,1.19229e-10
0.7283748,0.6395555,6.90115e-13,1.19110e-10
0.7283749,0.6395554,6.57252e-13,1.55590e-14
0.7283749,0.6395555,5.55112e-13,7.82197e-11
0.7283749,0.6395555,3.25073e-13,1.12563e-10
0.7283749,0.6395557,6.63469e-13,1.12881e-11
0.7283748,0.6395558,4.51195e-13,8.37454e-11
0.728375,0.6395559,4.12115e-13,1.34003e-11
0.7283752,0.6395559,6.28830e-13,4.48986e-11
0.7283753,0.639556,6.22613e-13,9.65839e-11
0.7283753,0.639556,7.64722e-13,3.67237e-16
0.7283757,0.6395559,7.86038e-13,1.09811e-11
0.7283758,0.6395559,8.04690e-13,1.66228e-11
0.7283758,0.6395559,5.65770e-13,2.09529e-11
0.7283758,0.6395559,6.03961e-13,1.13092e-14
0.728376,0.6395558,5.58664e-13,2.09574e-11
0.728376,0.6395558,9.99201e-13,5.61838e-15
0.7283763,0.6395557,5.75540e-13,9.98113e-12
0.7283763,0.6395557,5.23137e-13,1.27885e-11
0.7283762,0.6395558,7.70939e-13,2.00655e-11
0.7283762,0.6395558,7.09655e-13,4.86135e-15
0.7283762,0.6395558,5.50671e-13,7.76216e-11
0.7283762,0.639556,4.49418e-13,2.20630e-11
0.7283763,0.639556,6.19949e-13,7.96492e-11
0.7283763,0.6395561,3.50830e-13,9.88848e-12
0.7283763,0.6395561,7.66498e-13,1.00912e-11
0.7283763,0.6395562,3.33955e-13,8.15659e-11
0.7283763,0.6395562,4.82281e-13,4.33609e-12
0.7283764,0.6395561,2.95763e-13,8.35430e-11
0.7283764,0.6395561,8.65086e-13,1.17029e-10
0.7283765,0.6395561,6.83009e-13,4.72050e-11
0.7283767,0.639556,9.21041e-13,2.17593e-11
0.7283768,0.6395561,3.57936e-13,2.93970e-11
0.7283768,0.6395561,5.28466e-13,3.01697e-11
0.7283768,0.6395561,9.91207e-13,3.18382e-11
0.7283768,0.6395561,8.14460e-13,3.60257e-11
0.7283768,0.6395561,9.86766e-13,3.67389e-11
0.728377,0.639556,2.31815e-13,4.84380e-11
0.728377,0.639556,6.89226e-13,4.79794e-11
0.728377,0.639556,8.43769e-13,4.75423e-11
0.7283771,0.639556,5.63993e-13,4.90508e-11
0.7283771,0.639556,7.18536e-13,4.76702e-11
0.7283771,0.639556,9.60121e-13,4.68841e-11
0.7283771,0.639556,8.82849e-13,4.38159e-11
0.7283771,0.6395561,2.63789e-13,9.89682e-11
0.7283771,0.6395561,6.91003e-13,9.82146e-11
0.7283771,0.6395561,5.70211e-13,9.77946e-11
0.7283774,0.6395559,6.89226e-13,1.12471e-10
0.7283773,0.6395561,5.56888e-13,1.09293e-10
0.7283773,0.6395561,8.37552e-13,1.98536e-11
0.7283773,0.6395561,8.00249e-13,1.96237e-11
0.7283773,0.6395561,9.85878e-13,1.94974e-11
0.7283774,0.6395561,6.23501e-13,1.25542e-10
0.7283774,0.6395562,6.63469e-13,1.09923e-10
0.7283774,0.6395562,3.73035e-13,1.15386e-10
0.7283776,0.6395561,2.96652e-13,3.26321e-11
0.7283776,0.6395561,6.38600e-13,5.87416e-11
0.7283778,0.6395559,7.24754e-13,2.23810e-11
0.7283778,0.6395559,5.48006e-13,8.51269e-15
0.7283778,0.6395559,4.17444e-13,6.38698e-11
0.728378,0.639556,8.68638e-13,4.47285e-11
0.7283782,0.6395559,6.65246e-13,8.93649e-12
0.7283782,0.6395559,6.41265e-13,7.46394e-11
0.7283782,0.6395559,9.09495e-13,7.05007e-11
0.7283784,0.6395558,5.72875e-13,3.00758e-11
0.7283784,0.6395558,5.41789e-13,4.15347e-11
0.7283784,0.6395558,5.44453e-13,6.45626e-11
0.7283784,0.6395558,9.56568e-13,7.50815e-11
0.7283784,0.6395558,4.77840e-13,3.45583e-11
0.7283784,0.6395558,5.83533e-13,1.07965e-10
0.7283784,0.6395558,3.81917e-13,1.06662e-10
0.7283785,0.639556,3.15303e-13,1.21233e-10
0.728379,0.6395556,6.92779e-13,7.73099e-11
0.728379,0.6395556,3.62377e-13,2.04233e-11
0.7283792,0.6395555,6.75904e-13,9.35793e-11
0.7283791,0.6395556,7.26530e-13,9.46316e-11
0.728379,0.6395557,6.28830e-13,7.57666e-11
0.728379,0.6395557,6.91891e-13,1.38973e-11
0.728379,0.6395557,5.60441e-13,1.16592e-15
0.7283791,0.6395557,9.68114e-13,1.10824e-10
0.728379,0.6395559,8.05578e-13,8.91943e-11
0.728379,0.6395559,2.30926e-13,1.06508e-13
0.728379,0.6395561,4.58300e-13,7.37553e-11
0.7283792,0.6395561,9.84990e-13,3.91921e-11
0.7283792,0.6395561,7.82485e-13,3.65483e-11
0.7283792,0.6395562,6.03073e-13,3.40144e-11
0.7283791,0.6395562,4.74287e-13,8.28513e-11
0.7283791,0.6395562,9.98313e-13,1.71140e-12
0.7283791,0.6395562,4.94715e-13,1.35721e-15
0.7283792,0.6395562,2.07834e-13,9.97853e-11
0.7283792,0.6395562,5.16920e-13,8.55362e-12
0.7283791,0.6395564,8.53539e-13,6.31407e-12
0.7283791,0.6395564,4.44977e-13,5.50709e-15
0.7283792,0.6395563,5.95080e-13,6.25818e-11
0.7283793,0.6395563,8.41105e-13,2.67977e-11
0.7283793,0.6395563,9.66338e-13,2.60346e-11
0.7283795,0.6395561,8.33111e-13,1.36334e-10
0.7283795,0.6395561,9.63674e-13,2.66578e-11
0.7283795,0.6395562,8.91731e-13,1.49962e-12
0.7283795,0.6395562,4.84945e-13,5.31527e-15
0.7283797,0.6395562,4.20997e-13,9.84633e-11
0.7283797,0.6395563,2.90434e-13,1.01850e-10
0.7283797,0.6395564,6.54587e-13,7.19199e-11
0.7283798,0.6395563,8.97060e-13,3.64351e-11
0.7283798,0.6395563,9.69003e-13,5.37154e-11
0.7283798,0.6395563,5.11591e-13,8.15027e-11
0.7283799,0.6395562,6.60805e-13,5.66513e-11
0.7283799,0.6395562,9.43245e-13,5.96697e-15
0.72838,0.6395561,6.23501e-13,6.05234e-11
0.7283802,0.639556,7.17648e-13,1.22533e-13
0.7283803,0.639556,8.13571e-13,3.98431e-12
0.7283803,0.639556,3.99680e-13,2.01960e-15
0.7283803,0.639556,8.54428e-13,1.07302e-12
0.7283804,0.639556,5.02709e-13,1.87324e-11
0.7283805,0.6395559,4.99156e-13,2.98932e-11
0.7283803,0.6395561,5.13367e-13,1.52424e-12
0.7283803,0.6395561,7.58504e-13,1.15681e-12
0.7283805,0.6395561,9.15712e-13,1.18198e-11
0.7283806,0.6395562,2.85993e-13,3.14115e-11
0.7283805,0.6395563,6.04850e-13,2.49648e-11
0.7283807,0.6395564,4.72511e-13,1.36198e-11
0.7283807,0.6395564,7.19425e-13,1.29057e-11
0.7283807,0.6395564,6.91003e-13,3.09356e-12
0.7283807,0.6395564,7.24754e-13,1.06744e-15
0.7283808,0.6395564,7.22089e-13,3.14080e-12
0.7283808,0.6395564,6.60805e-13,1.55841e-11
0.7283809,0.6395563,3.48166e-13,7.30927e-11
0.7283811,0.6395561,9.53904e-13,3.84922e-11
0.7283813,0.6395561,9.83214e-13,4.51330e-11
0.7283816,0.6395561,5.36460e-13,8.99224e-11
0.7283816,0.6395561,7.28306e-13,9.49318e-15
0.7283817,0.639556,7.44294e-13,2.03600e-11
0.7283817,0.639556,6.57252e-13,1.17083e-14
0.7283818,0.6395559,7.29194e-13,6.37026e-11
0.7283818,0.6395559,4.25437e-13,8.01368e-11
0.7283818,0.6395559,6.84786e-13,5.54202e-11
0.7283818,0.6395559,6.71463e-13,5.16928e-11
0.7283818,0.6395559,3.59712e-13,2.33771e-11
0.728382,0.6395559,6.75904e-13,7.82619e-11
0.728382,0.6395559,7.06102e-13,5.39185e-11
0.728382,0.639556,7.30083e-13,2.92708e-11
0.7283821,0.639556,5.76428e-13,4.25558e-11
0.7283822,0.6395559,9.69891e-13,7.45776e-11
0.7283822,0.6395559,7.08766e-13,3.58241e-15
0.7283822,0.6395559,1.05693e-13,2.28054e-11
0.7283822,0.6395561,6.35936e-13,5.64490e-12
0.7283822,0.6395561,5.04485e-13,7.69072e-12
0.7283822,0.6395561,4.20108e-13,7.29058e-11
0.7283822,0.6395561,6.75016e-13,7.21223e-11
0.7283824,0.6395561,4.36984e-13,7.51085e-11
0.7283824,0.6395561,6.39488e-13,7.27471e-11
0.7283824,0.6395561,7.00773e-13,6.89029e-11
0.7283824,0.6395561,8.11795e-13,3.94282e-11
0.7283824,0.6395561,5.77316e-13,1.39610e-11
0.7283824,0.6395561,8.52651e-13,9.56725e-12
0.7283824,0.6395561,5.53335e-13,3.06728e-15
0.7283824,0.6395561,8.45546e-13,3.45347e-11
0.7283825,0.6395561,6.43041e-13,2.73649e-11
0.7283826,0.6395561,9.02389e-13,3.04137e-12
0.7283825,0.6395562,8.93507e-13,2.96184e-11
0.7283825,0.6395562,7.67386e-13,1.90145e-11
0.7283825,0.6395562,7.90479e-13,1.87916e-11
0.7283825,0.6395562,9.27258e-13,1.86122e-11
0.7283827,0.6395561,5.36460e-13,9.12934e-11
0.7283827,0.6395561,4.28990e-13,1.01689e-10
0.7283827,0.6395561,3.49054e-13,1.05322e-10
0.7283827,0.6395561,5.24025e-13,9.37882e-11
0.7283827,0.6395561,6.00409e-13,3.69810e-11
0.7283827,0.6395561,7.57616e-13,7.31102e-12
0.7283827,0.6395561,6.84786e-13,3.00004e-14
0.7283826,0.6395563,4.95604e-13,1.00264e-10
0.7283827,0.6395563,8.46434e-13,1.16142e-10
0.7283826,0.6395564,6.76792e-13,8.18395e-11
0.7283828,0.6395562,4.61853e-13,5.92742e-11
0.7283829,0.6395563,3.98792e-13,9.11228e-11
0.728383,0.6395564,6.15508e-13,6.17696e-11
0.728383,0.6395564,6.09290e-13,8.34153e-13
0.7283832,0.6395564,3.25073e-13,1.13854e-10
0.7283832,0.6395564,8.17124e-13,1.13432e-10
0.7283832,0.6395564,7.61169e-13,7.38702e-11
0.7283832,0.6395565,5.41789e-13,4.50021e-11
0.7283833,0.6395565,9.47686e-13,5.71341e-11
0.7283833,0.6395565,4.23661e-13,5.16439e-11
0.7283833,0.6395565,9.45022e-13,5.04416e-11
0.7283835,0.6395563,6.10179e-13,7.73487e-11
0.7283835,0.6395563,9.92983e-13,7.77021e-11
0.7283834,0.6395565,3.71259e-13,2.47520e-11
0.7283837,0.6395563,6.75016e-13,2.52683e-11
0.7283837,0.6395563,6.08402e-13,6.35611e-11
0.7283838,0.6395563,7.38964e-13,2.54560e-11
0.7283838,0.6395563,7.63833e-13,3.42627e-11
0.7283839,0.6395562,6.34159e-13,2.72597e-11
0.7283841,0.6395563,8.46434e-13,1.76212e-11
0.7283842,0.6395561,3.78364e-13,5.30925e-11
0.7283843,0.6395562,7.31859e-13,1.22134e-11
0.7283845,0.6395561,8.61533e-13,9.26220e-11
0.7283847,0.639556,9.17488e-13,1.01902e-10
0.728385,0.6395558,8.72191e-13,1.22087e-10
0.7283849,0.6395559,3.62377e-13,6.12720e-13
0.7283849,0.6395559,6.73239e-13,3.81913e-13
0.728385,0.6395558,5.43565e-13,4.87752e-11
0.728385,0.6395558,9.85878e-13,5.06017e-11
0.728385,0.6395558,4.15668e-13,5.34701e-11
0.728385,0.6395558,5.94191e-13,5.47212e-11
0.728385,0.6395558,5.24913e-13,5.62606e-11
0.7283851,0.6395558,9.92095e-13,1.04788e-10
0.7283851,0.6395558,8.65974e-13,1.03538e-10
0.7283852,0.6395558,7.27418e-13,7.47985e-11
0.7283855,0.6395558,7.22977e-13,1.95250e-11
0.7283855,0.6395558,6.66134e-13,1.10639e-10
0.7283855,0.6395558,3.71259e-13,1.14726e-11
0.7283856,0.6395557,5.76428e-13,1.58425e-11
0.7283856,0.6395558,8.94396e-13,9.67705e-11
0.7283857,0.6395557,7.88702e-13,3.60747e-11
0.7283857,0.6395557,4.45866e-13,3.33766e-11
0.7283857,0.6395557,6.36824e-13,2.58125e-11
0.7283857,0.6395557,6.75016e-13,2.09271e-11
0.7283857,0.6395557,5.73763e-13,1.14779e-11
0.7283857,0.6395557,8.01137e-13,2.24463e-13
0.7283857,0.6395558,8.89955e-13,2.94120e-11
0.7283858,0.6395558,6.62581e-13,2.57522e-11
0.7283858,0.6395559,6.58140e-13,3.67232e-11
0.728386,0.6395558,8.95284e-13,4.14493e-11
0.7283859,0.6395559,8.44658e-13,4.35249e-11
0.7283859,0.6395559,5.04485e-13,3.35651e-11
0.7283859,0.6395559,3.86358e-13,2.75272e-11
0.7283859,0.6395559,7.88702e-13,1.06563e-10
0.7283859,0.6395559,2.27374e-13,1.04474e-10
0.7283859,0.6395559,9.90319e-13,3.60175e-11
0.728386,0.6395559,5.47118e-13,3.02339e-11
0.728386,0.639556,6.35936e-13,4.74871e-11
0.728386,0.639556,4.45866e-13,2.03734e-14
0.7283861,0.6395559,7.88702e-13,2.21817e-11
0.7283861,0.6395559,6.43041e-13,9.21749e-12
0.7283861,0.6395559,7.62057e-13,4.36812e-12
0.7283861,0.6395559,7.38076e-13,3.31799e-12
0.7283861,0.6395559,3.21521e-13,1.31341e-15
0.7283862,0.6395559,6.77680e-13,3.08857e-11
0.7283862,0.6395559,8.21565e-13,4.02855e-11
0.7283862,0.6395559,5.65770e-13,4.62334e-11
0.7283862,0.6395559,2.43361e-13,4.99897e-11
0.7283862,0.6395559,4.73399e-13,5.22901e-11
0.7283864,0.6395558,5.60441e-13,5.77506e-11
0.7283865,0.6395558,5.89750e-13,6.22415e-11
0.7283865,0.6395558,9.71667e-13,7.03743e-11
0.7283866,0.6395557,6.61693e-13,8.92438e-11
0.7283868,0.6395557,6.14619e-13,8.11387e-11
0.7283868,0.6395557,5.09814e-13,8.08019e-11
0.7283868,0.6395557,3.04645e-13,8.00280e-11
0.7283868,0.6395557,6.71463e-13,7.90888e-11
0.7283868,0.6395557,6.02185e-13,8.94894e-12
0.7283871,0.6395557,6.60805e-13,9.20027e-11
0.7283871,0.6395557,7.44294e-13,9.13522e-11
0.7283871,0.6395557,3.58824e-13,9.00837e-11
0.7283871,0.6395557,8.75744e-13,8.88061e-11
0.7283873,0.6395555,7.59393e-13,1.34814e-11
0.7283873,0.6395555,9.08607e-13,1.23281e-11
0.7283872,0.6395556,3.68594e-13,5.94581e-12
0.7283873,0.6395556,9.02389e-13,5.15066e-11
0.7283873,0.6395556,8.64198e-13,5.05405e-11
0.7283873,0.6395556,7.96696e-13,4.57001e-11
0.7283873,0.6395556,5.54223e-13,7.12847e-11
0.7283873,0.6395557,4.77840e-13,9.80605e-12
0.7283873,0.6395557,8.79297e-13,8.60025e-12
0.7283873,0.6395557,5.26690e-13,1.73998e-12
0.7283873,0.6395557,5.38236e-13,1.44018e-11
0.7283873,0.6395557,8.10907e-13,1.40517e-11
0.7283873,0.6395557,8.30447e-13,2.76432e-11
0.7283874,0.6395557,3.22409e-13,2.02248e-11
0.7283873,0.6395558,7.81597e-13,4.17757e-11
0.7283873,0.6395559,3.81917e-13,4.79897e-11
0.7283873,0.6395559,8.40217e-13,2.38347e-11
0.7283872,0.6395561,9.08607e-13,3.77830e-11
0.7283872,0.639556,9.15712e-13,2.05686e-11
0.728387,0.6395563,7.02549e-13,2.89767e-11
0.728387,0.6395564,5.43565e-13,2.31759e-11
0.728387,0.6395563,4.68070e-13,2.50855e-11
0.728387,0.6395563,4.85834e-13,2.12225e-11
0.7283872,0.6395562,8.73968e-13,5.41637e-11
0.7283874,0.6395561,9.41469e-13,4.64033e-11
0.7283876,0.639556,6.42153e-13,4.13441e-12
0.7283877,0.639556,9.26370e-13,7.38357e-11
0.7283877,0.639556,6.35936e-13,7.42340e-11
0.7283877,0.639556,7.52287e-13,7.30343e-11
0.7283877,0.639556,4.08562e-13,7.39728e-11
0.7283877,0.639556,7.88702e-13,7.43754e-11
0.7283878,0.6395559,8.94396e-13,4.81954e-11
0.7283878,0.6395559,4.68958e-13,4.89262e-11
0.7283878,0.6395559,3.57936e-13,4.99286e-11
0.7283878,0.639556,6.27054e-13,5.20803e-11
0.7283878,0.639556,6.68798e-13,5.20316e-11
0.7283879,0.639556,6.53699e-13,6.78324e-11
0.7283879,0.639556,9.36140e-13,2.89015e-11
0.728388,0.6395559,7.62057e-13,1.47149e-11
0.7283881,0.6395559,7.34524e-13,2.03210e-11
0.7283881,0.639556,8.79297e-13,3.11549e-11
0.7283882,0.639556,6.51923e-13,1.60240e-11
0.7283882,0.639556,6.68798e-13,1.65211e-11
0.7283882,0.6395561,4.34319e-13,5.68368e-11
0.7283882,0.6395561,8.89955e-13,5.65127e-11
0.7283884,0.6395561,8.57092e-13,8.65737e-11
0.7283885,0.6395561,8.34888e-13,2.93482e-11
0.7283886,0.6395562,7.97584e-13,4.10730e-11
0.7283887,0.6395563,4.86722e-13,1.26490e-11
0.7283886,0.6395564,6.77680e-13,3.80140e-11
0.7283886,0.6395564,8.20677e-13,3.73478e-11
0.7283886,0.6395564,9.12159e-13,3.43082e-11
0.7283886,0.6395563,7.53175e-13,1.02529e-11
0.7283886,0.6395564,4.90274e-13,6.48890e-11
0.7283886,0.6395564,8.08242e-13,6.58267e-11
0.7283886,0.6395564,7.55840e-13,6.69755e-11
0.7283886,0.6395564,6.35936e-13,6.88549e-11
0.7283887,0.6395563,5.40012e-13,6.26200e-11
0.7283888,0.6395563,9.69003e-13,7.44713e-11
0.7283888,0.6395563,3.65041e-13,7.19776e-11
0.7283888,0.6395562,5.77316e-13,5.25306e-12
0.7283889,0.6395563,5.96856e-13,5.79203e-11
0.7283889,0.6395563,6.58140e-13,5.83958e-11
0.7283889,0.6395565,9.72555e-13,6.81661e-11
0.7283889,0.6395565,9.43245e-13,6.56960e-11
0.7283889,0.6395565,8.14460e-13,5.90547e-11
0.7283889,0.6395565,7.61169e-13,5.55934e-11
0.7283889,0.6395565,5.46230e-13,5.31041e-11
0.728389,0.6395564,8.86402e-13,2.63080e-11
0.728389,0.6395564,9.69891e-13,2.54418e-11
0.728389,0.6395565,8.68638e-13,3.50886e-11
0.728389,0.6395565,7.96696e-13,3.22183e-11
0.728389,0.6395566,8.11795e-13,4.90176e-11
0.7283893,0.6395565,4.44089e-13,3.42300e-11
0.7283893,0.6395565,8.06466e-13,3.38533e-11
0.7283894,0.6395566,9.82325e-13,7.86352e-11
0.7283894,0.6395566,4.85834e-13,7.80083e-11
0.7283894,0.6395566,4.06786e-13,7.72479e-11
0.7283894,0.6395565,6.79456e-13,1.39490e-11
0.7283894,0.6395565,6.85674e-13,1.24779e-11
0.7283894,0.6395565,3.09086e-13,1.12232e-11
0.7283894,0.6395565,5.73763e-13,9.96872e-12
0.7283893,0.6395566,6.36824e-13,9.06930e-11
0.7283893,0.6395567,6.23501e-13,6.49716e-12
0.7283893,0.6395567,2.75335e-13,5.31812e-11
0.7283893,0.6395567,6.65246e-13,5.18730e-11
0.7283894,0.6395568,4.99156e-13,8.87228e-12
0.7283896,0.6395567,5.72875e-13,1.86554e-11
0.7283887,0.6395579,7.60281e-13,5.18600e-11
0.7283888,0.6395579,6.65246e-13,9.00997e-11
0.7283888,0.6395579,7.84262e-13,8.85598e-11
0.7283891,0.6395578,5.55112e-13,6.70493e-11
0.7283893,0.6395578,7.47846e-13,3.30421e-13
0.7283893,0.6395579,9.87654e-13,6.15807e-13
0.7283893,0.6395579,7.27418e-13,1.78272e-12
0.7283894,0.6395579,9.59233e-13,6.78509e-11
0.7283894,0.6395579,7.73603e-13,7.35968e-11
0.7283892,0.6395581,5.44453e-13,6.24366e-11
0.7283891,0.6395584,5.53335e-13,5.38932e-12
0.7283891,0.6395584,5.32907e-13,9.23963e-12
0.7283891,0.6395584,7.63833e-13,1.38967e-11
0.7283891,0.6395584,8.06466e-13,2.03954e-11
0.7283891,0.6395584,5.70211e-13,3.06274e-11
0.7283891,0.6395584,4.15668e-13,2.87865e-11
0.7283892,0.6395584,4.60076e-13,5.58304e-11
0.7283892,0.6395584,7.15872e-13,5.42902e-11
0.7283892,0.6395584,8.10907e-13,5.32897e-11
0.7283892,0.6395584,6.05738e-13,5.00718e-11
0.7283891,0.6395585,4.06786e-13,9.14447e-11
0.7283891,0.6395585,8.13571e-13,9.04873e-11
0.728389,0.6395587,7.61169e-13,3.54555e-11
0.728389,0.6395587,8.86402e-13,3.74242e-11
0.728389,0.6395587,9.99201e-13,3.80776e-11
0.728389,0.6395586,9.57456e-13,6.69058e-11
0.7283891,0.6395587,7.81597e-13,2.62771e-11
0.7283891,0.6395587,7.67386e-13,2.54334e-11
0.7283891,0.6395587,9.12159e-13,2.26038e-11
0.7283891,0.6395587,6.35936e-13,2.07847e-11
0.7283891,0.6395587,4.28102e-13,2.12480e-11
0.7283891,0.6395587,8.32223e-13,2.04250e-11
0.7283891,0.6395587,9.99201e-13,1.98833e-11
0.7283891,0.6395587,9.86766e-13,1.62992e-11
0.7283891,0.6395588,7.82485e-13,3.14905e-11
0.7283892,0.6395589,6.23501e-13,6.69646e-12
0.7283893,0.6395588,8.34888e-13,9.26371e-11
0.7283893,0.6395589,7.37188e-13,8.91722e-11
0.7283894,0.6395589,4.82281e-13,6.20975e-11
0.7283894,0.6395589,8.49099e-13,6.33101e-11
0.7283894,0.6395589,7.42517e-13,6.51351e-11
0.7283895,0.6395589,8.71303e-13,7.34241e-11
0.7283895,0.6395591,9.09495e-13,3.36183e-11
0.7283894,0.6395592,4.88498e-13,1.75204e-11
0.7283895,0.6395592,6.81233e-13,4.35967e-11
0.7283895,0.6395592,7.74492e-13,2.66524e-11
0.7283897,0.6395592,5.71987e-13,7.30548e-11
0.7283895,0.6395594,7.35412e-13,3.00485e-11
0.7283895,0.6395594,6.07514e-13,4.41147e-11
0.7283895,0.6395594,4.68070e-13,5.21489e-11
0.7283895,0.6395595,3.42837e-13,5.95868e-11
0.7283896,0.6395594,9.53904e-13,5.58514e-11
0.7283896,0.6395594,7.38964e-13,5.28207e-11
0.7283896,0.6395595,7.79821e-13,2.49328e-12
0.7283896,0.6395595,5.50671e-13,3.36619e-12
0.7283897,0.6395594,6.14619e-13,3.11771e-11
0.7283898,0.6395594,7.73603e-13,4.36629e-11
0.7283897,0.6395596,7.10543e-13,3.75521e-11
0.7283897,0.6395596,5.34683e-13,3.36276e-11
0.7283896,0.6395596,9.68114e-13,1.00226e-11
0.7283897,0.6395596,6.51923e-13,5.18071e-11
0.7283897,0.6395596,9.76996e-13,5.30812e-11
0.7283899,0.6395594,9.08607e-13,1.59358e-12
0.72839,0.6395594,7.53175e-13,4.03654e-11
0.72839,0.6395595,6.58140e-13,1.46657e-11
0.72839,0.6395595,3.11751e-13,1.32775e-11
0.7283903,0.6395594,9.90319e-13,2.95769e-11
0.7283904,0.6395594,7.21201e-13,2.95439e-11
0.7283904,0.6395595,4.05898e-13,1.88059e-11
0.7283904,0.6395595,8.02913e-13,1.80138e-11
0.7283904,0.6395595,7.67386e-13,2.61782e-11
0.7283904,0.6395595,6.65246e-13,2.59745e-11
0.7283904,0.6395595,6.45706e-13,2.27394e-11
0.7283904,0.6395595,9.78773e-13,2.24752e-11
0.7283905,0.6395595,7.59393e-13,4.95588e-11
0.7283904,0.6395597,9.62785e-13,3.70439e-11
0.7283907,0.6395597,9.04166e-13,1.23939e-12
0.7283905,0.6395599,5.69322e-13,7.30203e-11
0.7283905,0.6395599,6.88338e-13,4.62327e-11
0.7283906,0.63956,5.16920e-13,9.49524e-12
0.7283907,0.6395599,8.50875e-13,9.03778e-12
0.7283907,0.6395599,9.01501e-13,8.36113e-12
0.7283908,0.6395599,7.17648e-13,5.42553e-11
0.7283908,0.6395599,9.27258e-13,5.34186e-11
0.7283908,0.6395599,7.74492e-13,5.30224e-11
0.7283908,0.6395599,7.21201e-13,6.85884e-11
0.7283908,0.6395599,7.30971e-13,1.80447e-11
0.7283908,0.6395599,7.24754e-13,1.77667e-11
0.7283908,0.6395599,9.97424e-13,1.74682e-11
0.7283908,0.63956,4.11227e-13,1.84719e-11
0.7283908,0.63956,8.13571e-13,1.78515e-11
0.728391,0.6395599,3.74811e-13,2.41212e-11
0.728391,0.6395599,9.07718e-13,2.45625e-11
0.7283911,0.6395599,6.02185e-13,4.09040e-11
0.7283911,0.6395599,7.75380e-13,6.14251e-11
0.728391,0.6395601,6.83897e-13,4.83511e-11
0.728391,0.6395601,7.39853e-13,2.91233e-11
0.728391,0.6395601,4.53859e-13,2.76195e-11
0.7283909,0.6395602,9.27258e-13,1.46880e-11
0.7283909,0.6395602,6.12843e-13,1.47443e-11
0.7283909,0.6395602,7.80709e-13,6.91530e-11
0.7283909,0.6395602,8.44658e-13,6.85951e-11
0.7283908,0.6395604,7.91367e-13,6.42027e-12
0.7283908,0.6395604,9.13936e-13,5.99297e-11
0.7283908,0.6395605,5.51559e-13,4.47661e-11
0.7283908,0.6395605,4.24549e-13,1.69906e-12
0.728391,0.6395604,3.68594e-13,1.79363e-11
0.7283912,0.6395604,6.74127e-13,7.91611e-11
0.7283912,0.6395604,7.44294e-13,4.10285e-11
0.7283914,0.6395603,7.10543e-13,6.82040e-12
0.7283915,0.6395603,9.88543e-13,6.81341e-11
0.7283916,0.6395604,4.88498e-13,8.16875e-11
0.7283917,0.6395603,8.98837e-13,6.04252e-12
0.7283918,0.6395603,7.06990e-13,2.16443e-11
0.7283918,0.6395604,9.24594e-13,6.82391e-11
0.7283918,0.6395605,6.63469e-13,1.09945e-11
0.7283918,0.6395605,9.92983e-13,8.85718e-12
0.7283917,0.6395606,7.72715e-13,1.39327e-11
0.7283917,0.6395606,5.31131e-13,2.97140e-11
0.7283918,0.6395606,6.55476e-13,2.17392e-11
0.7283921,0.6395604,4.14779e-13,1.39974e-11
0.7283922,0.6395604,6.55476e-13,4.96389e-11
0.7283922,0.6395605,7.83373e-13,2.78345e-11
0.7283922,0.6395605,7.92255e-13,4.75512e-11
0.7283923,0.6395605,4.19220e-13,1.86081e-11
0.7283924,0.6395605,9.34364e-13,3.67669e-11
0.7283923,0.6395606,7.82485e-13,3.19795e-11
0.7283923,0.6395607,4.76064e-13,6.23989e-12
0.7283923,0.6395607,8.38440e-13,3.53569e-12
0.7283921,0.6395608,9.45022e-13,3.65430e-12
0.7283921,0.6395608,8.12683e-13,2.03289e-12
0.7283921,0.6395608,3.69482e-13,1.50044e-12
0.7283922,0.6395608,7.92255e-13,9.62097e-12
0.7283921,0.6395609,8.96172e-13,8.72354e-13
0.7283921,0.6395609,6.98108e-13,6.05689e-11
0.7283921,0.6395609,9.14824e-13,5.99795e-11
0.7283923,0.6395608,5.18696e-13,5.51070e-11
0.7283922,0.6395609,8.05578e-13,3.57752e-11
0.7283924,0.6395609,9.59233e-13,4.98231e-11
0.7283925,0.6395609,7.28306e-13,5.72829e-11
0.7283926,0.6395609,8.92619e-13,1.01564e-11
0.7283926,0.6395609,6.37712e-13,1.96062e-11
0.7283926,0.6395609,7.81597e-13,1.29291e-11
0.7283926,0.639561,5.92415e-13,1.83376e-11
0.7283927,0.639561,8.86402e-13,6.54348e-11
0.7283926,0.639561,6.03961e-13,3.79331e-11
0.7283926,0.639561,2.82441e-13,1.54673e-12
0.7283927,0.639561,8.46434e-13,5.51329e-11
0.7283927,0.6395611,7.20313e-13,5.81565e-12
0.7283925,0.6395613,6.97220e-13,2.15352e-11
0.7283927,0.6395613,8.16236e-13,5.98601e-11
0.7283929,0.6395611,5.37348e-13,6.64167e-11
0.7283929,0.6395613,7.36300e-13,5.89922e-11
0.7283929,0.6395613,8.81073e-13,2.19308e-11
0.7283929,0.6395614,7.15872e-13,3.85745e-11
0.7283929,0.6395614,6.53699e-13,3.82489e-11
0.728393,0.6395614,9.85878e-13,2.24175e-11
0.7283931,0.6395613,7.54063e-13,4.89522e-11
0.728393,0.6395614,9.33476e-13,8.22207e-11
0.728393,0.6395614,9.55680e-13,8.22581e-11
0.728393,0.6395615,8.45546e-13,4.93360e-11
0.728393,0.6395616,5.79981e-13,5.44069e-11
0.7283931,0.6395615,9.20153e-13,5.30491e-11
0.7283931,0.6395615,7.16760e-13,3.11655e-11
0.7283932,0.6395615,8.66862e-13,4.97926e-11
0.7283933,0.6395616,8.61533e-13,3.35091e-11
0.7283934,0.6395617,7.10543e-13,2.92302e-11
0.7283932,0.6395619,6.75016e-13,5.52330e-11
0.7283932,0.6395619,6.83897e-13,3.39722e-11
0.7283932,0.6395619,7.22977e-13,3.34318e-11
0.7283933,0.6395618,5.31131e-13,9.73703e-12
0.7283933,0.6395618,4.93827e-13,1.02854e-11
0.7283934,0.6395617,7.59393e-13,8.31573e-12
0.7283934,0.6395617,5.83533e-13,7.37158e-12
0.7283935,0.6395618,5.75540e-13,2.84432e-11
0.7283934,0.6395619,6.39488e-13,5.21845e-11
0.7283934,0.639562,5.77316e-13,2.35005e-11
0.7283936,0.639562,2.15827e-13,5.65071e-11
0.7283936,0.639562,4.95604e-13,1.34649e-11
0.7283937,0.639562,6.73239e-13,2.99072e-11
0.728394,0.6395618,4.53859e-13,1.54000e-11
0.7283941,0.6395618,7.67386e-13,4.80330e-11
0.7283942,0.6395617,7.86926e-13,7.54372e-11
0.7283942,0.6395618,5.98632e-13,2.51645e-11
0.7283944,0.6395618,7.12319e-13,4.57278e-12
0.7283945,0.6395617,8.81073e-13,1.05355e-11
0.7283946,0.6395616,4.36096e-13,2.77813e-11
0.7283948,0.6395617,7.86926e-13,5.73683e-11
0.7283948,0.6395617,5.46230e-13,3.09842e-11
0.7283948,0.6395618,9.83214e-13,2.56493e-11
0.7283948,0.6395618,9.45910e-13,2.71422e-11
0.7283949,0.6395618,6.16396e-13,3.69082e-11
0.7283949,0.6395618,9.07718e-13,3.58123e-11
0.7283951,0.6395617,5.83533e-13,5.48543e-11
0.7283951,0.6395617,6.17284e-13,5.43545e-11
0.7283951,0.6395618,5.44453e-13,3.08869e-12
0.7283952,0.6395617,4.52971e-13,3.25649e-11
0.7283952,0.6395617,5.63993e-13,4.77153e-12
0.7283952,0.6395618,1.69642e-13,4.74471e-11
0.7283953,0.6395617,3.65930e-13,2.47569e-11
0.7283954,0.6395617,4.57412e-13,4.77762e-12
0.7283954,0.6395617,6.30607e-13,1.83686e-11
0.7283954,0.6395617,8.20677e-13,1.78815e-11
0.7283955,0.6395617,7.52287e-13,4.20460e-11
0.7283955,0.6395617,5.79092e-13,4.23240e-11
0.7283955,0.6395617,5.88862e-13,2.83791e-11
0.7283956,0.6395617,6.85674e-13,1.75348e-11
0.7283958,0.6395616,2.13163e-13,6.15156e-11
0.7283958,0.6395617,3.84581e-13,6.75343e-12
0.7283958,0.6395618,2.36255e-13,4.13979e-11
0.7283958,0.6395618,8.15348e-13,5.39424e-11
0.728396,0.6395617,6.83009e-13,1.32884e-11
0.728396,0.6395616,6.88338e-13,5.08082e-11
0.728396,0.6395617,6.66134e-13,2.36954e-11
0.7283962,0.6395617,3.29514e-13,2.10649e-11
0.7283962,0.6395618,6.00409e-13,3.66488e-11
0.7283963,0.6395617,7.29194e-13,2.03068e-11
0.7283964,0.6395617,9.71667e-13,3.66115e-12
0.7283964,0.6395618,7.62945e-13,4.93318e-11
0.7283963,0.6395619,7.36300e-13,5.61735e-12
0.7283964,0.6395618,9.52127e-13,3.87135e-12
0.7283964,0.6395618,8.21565e-13,3.56442e-12
0.7283965,0.6395618,8.54428e-13,2.13679e-11
0.7283965,0.6395618,7.14095e-13,2.12658e-11
0.7283966,0.6395618,8.70415e-13,3.23663e-11
0.7283966,0.6395618,6.04850e-13,1.85765e-11
0.7283968,0.6395616,7.24754e-13,6.09984e-11
0.7283969,0.6395617,8.57980e-13,5.85922e-11
0.7283969,0.6395618,5.97744e-13,2.86411e-11
0.728397,0.6395617,5.34683e-13,2.36066e-11
0.728397,0.6395617,8.27782e-13,2.29119e-11
0.728397,0.6395617,4.65405e-13,4.99658e-11
0.7283971,0.6395617,4.90274e-13,2.35306e-12
0.7283973,0.6395616,5.34683e-13,7.45269e-12
0.7283974,0.6395615,3.38396e-13,3.63770e-11
0.7283974,0.6395615,8.81961e-13,3.55056e-11
0.7283974,0.6395615,9.86766e-13,3.49464e-11
0.7283976,0.6395615,9.26370e-13,5.02471e-11
0.7283978,0.6395615,6.11955e-13,1.06363e-11
0.7283978,0.6395615,8.36664e-13,6.22616e-11
0.728398,0.6395615,9.89431e-13,1.10633e-11
0.728398,0.6395615,5.46230e-13,3.28786e-11
0.728398,0.6395615,4.27214e-13,5.92773e-11
0.7283981,0.6395615,5.48894e-13,4.82901e-11
0.7283983,0.6395615,5.79092e-13,6.74189e-11
0.7283983,0.6395616,6.37712e-13,1.44180e-11
0.7283982,0.6395617,9.45022e-13,4.73325e-11
0.7283983,0.6395617,6.39488e-13,4.87241e-11
0.7283985,0.6395617,7.22977e-13,5.70714e-11
0.7283985,0.6395617,4.69846e-13,5.14157e-11
0.7283987,0.6395617,7.29194e-13,6.58940e-11
0.7283988,0.6395617,4.67182e-13,6.41634e-11
0.7283989,0.6395616,9.92983e-13,6.35069e-11
0.7283989,0.6395616,8.29559e-13,5.20550e-11
0.7283989,0.6395616,4.57412e-13,6.21201e-11
0.7283989,0.6395617,5.52447e-13,3.80936e-11
0.728399,0.6395616,6.81233e-13,6.36680e-12
0.7283991,0.6395616,4.86722e-13,1.73721e-13
0.7283991,0.6395616,5.62217e-13,1.19201e-11
0.7283991,0.6395617,9.07718e-13,6.82786e-12
0.7283993,0.6395616,4.47642e-13,5.41522e-12
0.7283995,0.6395616,6.83009e-13,3.30106e-11
0.7283996,0.6395616,9.35252e-13,1.92679e-11
0.7283996,0.6395616,1.81188e-13,3.62103e-11
0.7283996,0.6395616,8.66862e-13,3.70897e-11
0.7283998,0.6395614,3.55271e-13,2.57225e-11
0.7283999,0.6395614,6.62581e-13,1.70439e-12
0.7283999,0.6395616,9.27258e-13,3.77067e-11
0.7283999,0.6395615,5.87974e-13,2.13291e-11
0.7283998,0.6395617,9.54792e-13,2.95288e-11
0.7284,0.6395616,7.60281e-13,9.29175e-12
0.7284002,0.6395615,7.12319e-13,2.20071e-11
0.7284003,0.6395616,5.64881e-13,3.05881e-11
0.7284004,0.6395616,8.65974e-13,4.50427e-12
0.7284004,0.6395616,4.55636e-13,1.37560e-11
0.7284003,0.6395617,6.43929e-13,1.60826e-11
0.7284004,0.6395616,7.62057e-13,5.51181e-13
0.7284006,0.6395615,6.26166e-13,2.68048e-11
0.7284007,0.6395614,6.26166e-13,2.54427e-11
0.7284009,0.6395615,8.39329e-13,1.57252e-11
0.7284009,0.6395615,9.45022e-13,1.48855e-11
0.7284009,0.6395616,7.82485e-13,3.02560e-11
0.7284009,0.6395616,5.22249e-13,1.28978e-11
0.7284009,0.6395617,9.64562e-13,1.88236e-11
0.728401,0.6395616,5.93303e-13,3.56276e-11
0.7284011,0.6395615,6.36824e-13,1.06761e-12
0.7284012,0.6395615,9.16600e-13,1.95354e-11
0.7284012,0.6395616,7.79821e-13,2.73926e-11
0.7284012,0.6395615,5.15143e-13,1.02714e-11
0.7284012,0.6395616,5.89750e-13,3.03747e-12
0.7284013,0.6395615,5.62217e-13,2.97169e-11
0.7284016,0.6395615,9.03277e-13,3.77276e-11
0.7284015,0.6395616,7.41629e-13,1.03549e-11
0.7284017,0.6395614,9.13047e-13,3.07991e-11
0.7284017,0.6395614,9.23706e-13,3.14390e-11
0.7284019,0.6395613,9.77884e-13,2.76676e-12
0.7284019,0.6395613,8.68638e-13,3.22124e-11
0.7284019,0.6395612,9.95648e-13,4.76930e-11
0.728402,0.6395612,7.54063e-13,3.47337e-11
0.7284019,0.6395613,9.11271e-13,1.19344e-11
0.7284019,0.6395615,6.09290e-13,2.85408e-12
0.7284018,0.6395615,9.89431e-13,5.46421e-11
0.728402,0.6395615,9.17488e-13,6.06149e-12
0.7284021,0.6395615,6.64357e-13,2.10502e-11
0.7284021,0.6395615,8.89955e-13,1.62012e-11
0.7284022,0.6395615,5.84421e-13,1.68424e-11
0.7284023,0.6395614,7.94920e-13,5.01231e-12
0.7284023,0.6395615,6.75016e-13,2.09930e-11
0.7284023,0.6395615,4.93827e-13,3.47755e-11
0.7284024,0.6395615,6.70575e-13,2.29173e-11
0.7284023,0.6395615,9.36140e-13,1.64063e-11
0.7284022,0.6395616,5.78204e-13,4.25298e-12
0.7284022,0.6395616,4.25437e-13,3.98625e-12
0.7284023,0.6395616,6.36824e-13,5.43266e-13
0.7284023,0.6395616,4.57412e-13,3.48679e-11
0.7284023,0.6395617,8.03801e-13,1.65724e-11
0.7284024,0.6395617,9.50351e-13,9.94372e-12
0.7284025,0.6395617,5.95968e-13,1.61760e-11
0.7284025,0.6395617,9.84102e-13,3.19631e-11
0.7284027,0.6395616,6.80345e-13,1.11344e-11
0.7284029,0.6395616,3.53495e-13,1.59890e-11
0.728403,0.6395615,9.21929e-13,3.28199e-11
0.728403,0.6395615,8.02913e-13,1.93160e-11
0.7284033,0.6395614,8.06466e-13,2.50517e-11
0.7284033,0.6395615,8.03801e-13,6.66953e-12
0.7284035,0.6395615,8.59757e-13,2.42838e-12
0.7284038,0.6395614,3.44613e-13,2.36967e-11
0.7284038,0.6395615,7.92255e-13,3.58812e-11
0.7284039,0.6395615,5.87974e-13,1.35937e-11
0.7284037,0.6395616,8.99725e-13,3.30117e-11
0.728404,0.6395616,6.93667e-13,1.95369e-11
0.7284041,0.6395616,8.93507e-13,3.04386e-11
0.7284043,0.6395615,9.07718e-13,3.56795e-11
0.7284043,0.6395615,6.59028e-13,1.11945e-11
0.7284042,0.6395615,9.94760e-13,5.48680e-11
0.7284042,0.6395616,9.18376e-13,3.85347e-11
0.7284044,0.6395617,4.21885e-13,9.30150e-12
0.7284044,0.6395617,6.96332e-13,3.48628e-11
0.7284045,0.6395617,3.51719e-13,8.24456e-12
0.7284045,0.6395617,9.39693e-13,4.54729e-11
0.7284046,0.6395619,8.88178e-13,1.47459e-11
0.7284047,0.6395619,4.35207e-13,1.71761e-11
0.7284046,0.639562,4.86722e-13,1.11561e-11
0.7284045,0.6395622,7.33635e-13,7.01532e-12
0.7284044,0.6395622,9.40581e-13,5.86559e-12
0.7284045,0.6395622,3.02869e-13,2.32981e-11
0.7284045,0.6395622,6.15508e-13,2.85625e-11
0.7284046,0.6395623,5.32907e-13,3.04952e-12
0.7284046,0.6395623,7.24754e-13,2.92062e-12
0.7284047,0.6395622,5.32019e-13,8.87637e-12
0.7284048,0.6395622,9.14824e-13,2.19557e-11
0.7284047,0.6395624,3.77476e-13,2.50186e-11
0.7284047,0.6395623,5.29354e-13,3.85697e-11
0.7284046,0.6395624,9.76108e-13,3.22237e-11
0.7284046,0.6395625,7.13207e-13,1.58690e-12
0.7284047,0.6395624,4.28990e-13,1.35469e-11
0.7284047,0.6395624,9.13047e-13,1.80472e-11
0.7284047,0.6395624,9.92095e-13,1.79545e-11
0.7284047,0.6395625,9.24594e-13,1.20565e-11
0.7284047,0.6395625,8.23341e-13,1.44054e-11
0.7284048,0.6395625,9.32587e-13,3.26675e-11
0.7284049,0.6395624,5.00933e-13,6.11944e-13
0.7284048,0.6395625,9.29035e-13,2.62805e-11
0.7284049,0.6395624,6.18172e-13,9.98488e-13
0.728405,0.6395623,7.22089e-13,3.81042e-11
0.728405,0.6395624,8.58869e-13,2.49583e-11
0.7284051,0.6395624,9.34364e-13,9.92841e-12
0.7284052,0.6395624,7.00773e-13,2.67607e-11
0.7284053,0.6395624,5.62217e-13,6.59447e-13
0.7284053,0.6395624,6.96332e-13,1.28103e-11
0.7284054,0.6395624,4.26326e-13,4.56989e-11
0.7284056,0.6395625,9.94760e-13,2.05438e-11
0.7284056,0.6395625,4.97380e-13,4.86069e-11
0.7284056,0.6395626,5.50671e-13,5.79237e-12
0.7284056,0.6395627,6.51923e-13,3.88564e-11
0.7284056,0.6395627,8.27782e-13,1.76279e-11
0.7284058,0.6395627,8.57980e-13,1.20205e-11
0.7284058,0.6395627,8.84626e-13,1.24293e-11
0.7284058,0.6395627,5.53335e-13,4.03101e-11
0.7284058,0.6395628,9.05942e-13,1.43110e-11
0.7284062,0.6395626,8.19789e-13,1.64329e-11
0.7284063,0.6395625,5.10703e-13,9.23349e-12
0.7284064,0.6395625,8.40217e-13,2.41203e-11
0.7284065,0.6395625,7.12319e-13,2.78331e-11
0.7284066,0.6395626,7.78044e-13,9.49381e-12
0.7284066,0.6395626,5.82645e-13,9.59079e-12
0.7284068,0.6395625,5.76428e-13,9.07098e-12
0.7284069,0.6395625,9.46798e-13,8.01403e-12
0.7284069,0.6395625,6.54587e-13,7.88574e-12
0.728407,0.6395625,4.86722e-13,3.31012e-11
0.728407,0.6395625,9.26370e-13,1.44407e-11
0.7284072,0.6395626,4.39648e-13,8.46900e-12
0.7284072,0.6395626,4.80505e-13,2.58120e-11
0.7284073,0.6395625,8.34000e-13,2.75899e-11
0.7284075,0.6395625,1.69642e-13,1.78625e-11
0.7284075,0.6395626,4.80505e-13,2.55175e-11
0.7284074,0.6395627,3.21521e-13,1.35405e-11
0.7284076,0.6395626,6.30607e-13,8.77638e-12
0.7284076,0.6395628,3.05533e-13,3.16728e-11
0.7284078,0.6395628,5.59552e-13,2.29821e-11
0.7284079,0.6395627,9.05054e-13,1.38467e-11
0.7284082,0.6395626,9.57456e-13,4.45751e-12
0.728408,0.6395627,7.27418e-13,1.93043e-11
0.7284082,0.6395626,7.85150e-13,3.25450e-11
0.7284082,0.6395627,9.15712e-13,2.02397e-11
0.7284081,0.6395627,5.16920e-13,3.63501e-11
0.7284081,0.6395628,6.57252e-13,3.80669e-11
0.7284082,0.6395628,5.97744e-13,2.20001e-11
0.7284082,0.6395629,6.50147e-13,2.50453e-13
0.728408,0.6395631,3.63265e-13,5.61276e-13
0.7284081,0.6395631,6.96332e-13,8.27717e-13
0.7284082,0.639563,3.65041e-13,1.83083e-11
0.7284082,0.639563,4.83169e-13,1.61365e-11
0.7284084,0.6395629,9.02389e-13,1.49374e-11
0.7284085,0.6395629,5.00044e-13,1.26291e-11
0.7284084,0.6395629,9.52127e-13,1.29106e-11
0.7284084,0.6395629,7.53175e-13,6.87058e-13
0.7284086,0.639563,6.87450e-13,4.72851e-12
0.7284084,0.6395631,7.55840e-13,5.88310e-12
0.7284085,0.6395632,8.22453e-13,1.81604e-11
0.7284086,0.6395631,6.99885e-13,2.27801e-11
0.7284088,0.639563,9.30811e-13,1.01037e-11
0.7284089,0.6395632,8.02913e-13,1.60115e-11
0.7284089,0.6395632,8.02913e-13,1.60115e-11
0.7284089,0.6395632,8.04690e-13,8.40122e-13
0.7284089,0.6395632,8.52651e-13,3.26444e-11
0.7284089,0.6395633,6.33271e-13,2.78767e-11
0.7284089,0.6395633,6.26166e-13,7.75638e-13
0.7284089,0.6395633,6.29718e-13,1.77128e-11
0.7284091,0.6395634,9.69003e-13,4.23620e-13
0.7284092,0.6395634,9.05054e-13,8.08523e-12
0.7284093,0.6395634,8.02025e-13,2.61381e-11
0.7284094,0.6395635,8.16236e-13,4.32687e-11
0.7284096,0.6395634,2.85993e-13,8.38819e-13
0.7284096,0.6395635,7.54952e-13,1.72173e-11
0.7284095,0.6395636,6.35936e-13,1.66850e-11
0.7284095,0.6395636,7.62057e-13,8.35965e-13
0.7284097,0.6395636,7.87814e-13,5.71279e-12
0.7284098,0.6395636,7.06102e-13,3.30387e-12
0.7284097,0.6395636,2.78888e-13,2.82275e-12
0.72841,0.6395635,8.80185e-13,2.41620e-11
0.7284099,0.6395637,5.16032e-13,7.26893e-13
0.7284102,0.6395635,1.27010e-13,1.94678e-11
0.7284101,0.6395636,7.40741e-13,2.28351e-11
0.7284103,0.6395635,5.39124e-13,3.28639e-11
0.7284103,0.6395635,7.78932e-13,3.29302e-11
0.7284103,0.6395635,5.44453e-13,2.36780e-11
0.7284104,0.6395634,7.03437e-13,3.79439e-11
0.7284103,0.6395636,8.41105e-13,2.35242e-11
0.7284102,0.6395638,5.37348e-13,9.50597e-15
0.7284102,0.6395638,9.00613e-13,1.91645e-13
0.7284104,0.6395638,9.78773e-13,6.69918e-12
0.7284105,0.6395637,4.24549e-13,6.12710e-12
0.7284107,0.6395637,7.22089e-13,2.45620e-11
0.7284109,0.6395635,6.56364e-13,2.65178e-11
0.7284108,0.6395637,5.27578e-13,2.39143e-11
0.7284108,0.6395637,9.74332e-13,1.59799e-11
0.728411,0.6395635,9.84102e-13,2.59759e-11
0.7284112,0.6395635,6.12843e-13,1.22137e-11
0.7284113,0.6395634,9.50351e-13,8.79433e-12
0.7284114,0.6395633,9.89431e-13,2.44074e-11
0.7284118,0.6395631,8.66862e-13,3.16804e-11
0.7284119,0.6395631,2.89546e-13,2.65990e-11
0.728412,0.6395631,8.11795e-13,1.84285e-11
0.7284121,0.639563,2.70894e-13,5.89412e-12
0.7284122,0.639563,9.13047e-13,1.23672e-11
0.728412,0.6395632,6.28830e-13,9.71482e-12
0.728412,0.6395632,9.64562e-13,1.17451e-11
0.7284122,0.6395632,5.56888e-13,1.66232e-11
0.7284122,0.6395633,3.28626e-13,1.20652e-12
0.7284126,0.639563,7.16760e-13,2.30405e-12
0.7284126,0.639563,7.47846e-13,7.54151e-12
0.7284128,0.639563,9.84102e-13,2.03313e-11
0.7284128,0.639563,6.39488e-13,2.03467e-11
0.7284128,0.6395629,8.13571e-13,2.85727e-12
0.7284129,0.6395629,7.60281e-13,6.87242e-12
0.7284129,0.6395629,5.30243e-13,1.25091e-11
0.728413,0.6395629,3.09974e-13,6.35364e-12
0.7284131,0.6395629,7.00773e-13,3.61834e-12
0.7284131,0.6395629,5.22249e-13,9.46645e-12
0.728413,0.6395631,7.08766e-13,1.03187e-11
0.7284131,0.639563,7.68274e-13,4.53906e-12
0.7284134,0.639563,2.27374e-13,1.30908e-11
0.7284133,0.6395631,3.35731e-13,2.69726e-11
0.7284134,0.6395631,7.54063e-13,4.76314e-12
0.7284134,0.6395632,6.01297e-13,1.70848e-11
0.7284134,0.6395633,7.73603e-13,3.59952e-11
0.7284134,0.6395632,3.36620e-13,2.63809e-11
0.7284135,0.6395633,7.20313e-13,2.33470e-11
0.7284136,0.6395632,8.86402e-13,1.93763e-11
0.7284138,0.6395631,4.75175e-13,1.10474e-11
0.7284139,0.6395632,5.22249e-13,2.64689e-11
0.7284141,0.6395631,7.86038e-13,1.45097e-11
0.728414,0.6395632,1.63425e-13,1.63873e-11
0.7284138,0.6395634,6.14619e-13,1.79047e-11
0.7284138,0.6395635,7.91367e-13,3.20398e-12
0.7284139,0.6395634,8.59757e-13,2.10288e-12
0.7284139,0.6395634,6.89226e-13,1.06270e-11
0.7284139,0.6395635,8.07354e-13,1.48221e-11
0.728414,0.6395634,5.48894e-13,6.95662e-12
0.728414,0.6395634,6.49258e-13,6.40858e-12
0.7284141,0.6395634,8.67750e-13,1.50650e-11
0.7284141,0.6395634,8.97060e-13,2.21825e-11
0.7284141,0.6395634,6.60805e-13,9.93168e-12
0.7284143,0.6395633,8.08242e-13,1.72792e-11
0.7284143,0.6395633,7.14984e-13,1.72364e-11
0.7284143,0.6395632,9.52127e-13,2.26581e-11
0.7284144,0.6395632,6.07514e-13,2.23602e-11
0.7284144,0.6395632,8.57980e-13,9.31419e-12
0.7284144,0.6395632,5.38236e-13,9.30368e-12
0.7284143,0.6395634,7.51399e-13,1.69603e-11
0.7284144,0.6395633,8.34000e-13,2.58496e-11
0.7284145,0.6395633,9.07718e-13,2.20572e-11
0.7284145,0.6395633,8.37552e-13,3.04566e-11
0.7284145,0.6395634,5.92415e-13,1.98385e-11
0.7284146,0.6395633,6.71463e-13,4.48743e-12
0.7284146,0.6395633,6.19949e-13,1.56358e-11
0.7284148,0.6395632,8.45546e-13,6.94859e-12
0.7284149,0.6395633,6.84786e-13,1.31408e-11
0.7284147,0.6395635,6.54587e-13,8.35717e-12
0.7284147,0.6395635,9.20153e-13,5.79845e-12
0.7284148,0.6395636,6.67910e-13,2.03839e-11
0.7284148,0.6395636,9.34364e-13,1.70608e-11
0.7284149,0.6395636,7.77156e-13,1.13535e-11
0.728415,0.6395634,7.05214e-13,1.69079e-11
0.7284151,0.6395634,8.15348e-13,1.81175e-11
0.7284152,0.6395634,6.36824e-13,6.91880e-12
0.7284152,0.6395635,8.10907e-13,4.91790e-12
0.7284153,0.6395635,5.85310e-13,2.91314e-11
0.7284153,0.6395635,8.89067e-13,1.42697e-11
0.7284154,0.6395635,5.83533e-13,1.77429e-11
0.7284155,0.6395634,8.91731e-13,1.21569e-11
0.7284155,0.6395635,7.42517e-13,2.19722e-11
0.7284157,0.6395636,6.03073e-13,2.05063e-11
0.7284158,0.6395636,6.14619e-13,3.19898e-11
0.7284159,0.6395635,9.68114e-13,1.58599e-11
0.7284158,0.6395636,9.97424e-13,2.18551e-12
0.7284159,0.6395636,5.17808e-13,2.40037e-11
0.7284158,0.6395637,8.02025e-13,6.69037e-12
0.7284159,0.6395637,9.87654e-13,1.85208e-11
0.7284158,0.6395638,7.70939e-13,5.04525e-12
0.7284157,0.639564,7.48734e-13,6.74309e-12
0.7284158,0.639564,8.66862e-13,1.64835e-12
0.7284161,0.6395639,7.56728e-13,1.94561e-11
0.7284161,0.6395639,9.71667e-13,1.94199e-11
0.7284162,0.6395639,8.38440e-13,1.16563e-11
0.7284164,0.6395637,8.35776e-13,1.39182e-11
0.7284164,0.6395637,9.98313e-13,1.39448e-11
0.7284165,0.6395637,9.29923e-13,9.48231e-12
0.7284165,0.6395637,9.44134e-13,9.42091e-12
0.7284166,0.6395636,7.67386e-13,4.12825e-12
0.7284168,0.6395634,7.70051e-13,2.08780e-11
0.728417,0.6395633,7.31859e-13,6.69392e-12
0.7284172,0.6395633,7.05214e-13,1.26153e-11
0.7284172,0.6395633,9.65450e-13,2.46752e-11
0.7284173,0.6395633,8.84626e-13,1.31159e-11
0.7284173,0.6395633,9.53904e-13,7.05285e-12
0.7284174,0.6395634,6.83897e-13,8.15122e-12
0.7284174,0.6395635,6.75016e-13,4.84128e-12
0.7284174,0.6395635,8.55316e-13,2.32725e-11
0.7284175,0.6395636,9.53904e-13,1.28205e-11
0.7284177,0.6395634,6.96332e-13,1.03161e-11
0.7284179,0.6395636,7.18536e-13,1.46864e-11
0.728418,0.6395637,7.40741e-13,5.25379e-12
0.7284182,0.6395636,8.03801e-13,9.44690e-12
0.7284183,0.6395635,8.99725e-13,1.72415e-12
0.7284183,0.6395635,7.31859e-13,7.94811e-12
0.7284183,0.6395635,8.57980e-13,7.93445e-12
0.7284185,0.6395635,8.38440e-13,7.41579e-12
0.7284185,0.6395635,7.92255e-13,1.11257e-11
0.7284185,0.6395636,8.65974e-13,1.05317e-11
0.7284186,0.6395636,9.01501e-13,1.80490e-11
0.7284185,0.6395638,6.75016e-13,2.98227e-12
0.7284186,0.6395638,6.96332e-13,1.23127e-11
0.7284185,0.6395639,7.65610e-13,2.13507e-12
0.7284186,0.6395638,7.90479e-13,1.00339e-11
0.7284186,0.6395639,6.28830e-13,2.31779e-12
0.7284186,0.6395639,8.49987e-13,2.26420e-12
0.7284187,0.6395639,6.54587e-13,1.90625e-11
0.7284187,0.6395639,9.73444e-13,1.91550e-11
0.7284187,0.6395639,7.46070e-13,1.09430e-11
0.7284188,0.6395639,9.92983e-13,1.31542e-12
0.7284191,0.6395639,7.40741e-13,1.75455e-12
0.7284192,0.6395639,9.20153e-13,1.16481e-11
0.7284192,0.6395639,9.41469e-13,1.35311e-11
0.7284193,0.6395639,7.05214e-13,1.09498e-11
0.7284193,0.639564,7.10543e-13,4.38895e-12
0.7284195,0.6395639,8.86402e-13,2.41531e-11
0.7284195,0.639564,9.84102e-13,1.09703e-11
0.7284197,0.6395639,8.63309e-13,1.73943e-11
0.7284197,0.639564,9.87654e-13,5.39135e-12
0.7284198,0.639564,5.62217e-13,1.26348e-12
0.72842,0.6395638,8.57092e-13,1.08839e-11
0.72842,0.6395639,7.86926e-13,8.92472e-12
0.7284201,0.6395639,8.32223e-13,1.06173e-11
0.7284201,0.6395639,9.84102e-13,6.87851e-12
0.7284202,0.6395639,9.45910e-13,2.29222e-11
0.7284204,0.6395638,6.01297e-13,1.68012e-11
0.7284203,0.639564,9.84990e-13,2.70981e-12
0.7284205,0.6395639,8.62421e-13,1.85508e-11
0.7284205,0.6395638,9.85878e-13,2.14285e-11
0.7284206,0.6395638,7.27418e-13,1.93803e-11
0.7284207,0.6395637,8.27782e-13,2.12160e-11
0.7284208,0.6395636,8.84626e-13,7.65525e-12
0.7284209,0.6395637,8.49987e-13,3.57257e-12
0.7284211,0.6395636,9.09495e-13,1.79637e-11
0.7284211,0.6395636,5.71987e-13,6.57371e-12
0.7284212,0.6395636,7.02549e-13,3.53252e-12
0.7284213,0.6395635,7.35412e-13,2.42675e-11
0.7284214,0.6395634,3.15303e-13,4.51902e-12
0.7284216,0.6395635,4.83169e-13,9.05391e-12
0.7284216,0.6395635,9.96536e-13,8.96437e-12
0.7284218,0.6395634,4.51195e-13,9.18169e-12
0.7284219,0.6395634,4.45866e-13,7.77576e-12
0.728422,0.6395634,5.71099e-13,1.60086e-11
0.7284222,0.6395633,8.41993e-13,5.99265e-12
0.7284223,0.6395633,7.79821e-13,3.22278e-12
0.7284224,0.6395633,8.26006e-13,1.29892e-11
0.7284226,0.6395632,6.11955e-13,5.06399e-12
0.7284227,0.6395631,7.89591e-13,7.69919e-13
0.7284229,0.6395631,9.49463e-13,2.55200e-12
0.7284227,0.6395633,7.99361e-13,7.05221e-12
0.7284227,0.6395633,6.36824e-13,4.96280e-12
0.7284227,0.6395633,6.99885e-13,2.04187e-12
0.7284228,0.6395633,8.60645e-13,1.18634e-12
0.7284229,0.6395633,9.46798e-13,1.59770e-11
0.7284228,0.6395635,9.63674e-13,1.73203e-11
0.7284228,0.6395635,7.94920e-13,1.73015e-11
0.7284229,0.6395635,7.55840e-13,4.67604e-12
0.7284229,0.6395635,7.34524e-13,1.21491e-12
0.728423,0.6395635,9.11271e-13,3.11377e-12
0.7284231,0.6395634,6.74127e-13,1.27598e-11
0.728423,0.6395635,6.78568e-13,6.27965e-12
0.728423,0.6395635,9.82325e-13,6.26982e-12
0.7284231,0.6395635,5.75540e-13,1.28231e-11
0.7284231,0.6395635,9.13936e-13,1.27887e-11
0.7284231,0.6395636,8.69527e-13,1.80036e-12
0.7284231,0.6395636,8.75744e-13,2.26986e-12
0.7284233,0.6395635,7.16760e-13,1.40885e-11
0.7284232,0.6395637,8.12683e-13,3.00969e-12
0.7284232,0.6395638,8.60645e-13,9.17034e-12
0.7284233,0.6395637,8.49099e-13,9.32823e-12
0.7284234,0.6395637,9.65450e-13,8.88552e-12
0.7284234,0.6395638,8.10019e-13,8.16016e-12
0.7284236,0.6395636,9.94760e-13,1.78976e-11
0.7284236,0.6395636,9.60121e-13,1.46742e-11
0.7284237,0.6395637,9.82325e-13,8.53446e-13
0.7284236,0.6395638,9.77884e-13,1.05111e-11
0.7284236,0.6395638,9.84102e-13,3.21575e-12
0.7284237,0.6395638,8.02025e-13,3.08322e-12
0.7284236,0.6395638,8.02913e-13,3.04913e-12
0.7284238,0.6395638,8.77520e-13,1.31999e-11
0.7284238,0.6395638,5.34683e-13,4.33800e-14
0.7284241,0.6395636,4.43201e-13,7.26990e-13
0.7284243,0.6395635,7.97584e-13,6.65969e-12
0.7284244,0.6395635,8.89955e-13,1.37868e-11
0.7284244,0.6395636,8.42881e-13,1.55633e-11
0.7284245,0.6395635,9.97424e-13,1.02142e-11
0.7284246,0.6395634,8.31335e-13,1.09026e-11
0.7284247,0.6395633,8.80185e-13,4.94891e-12
0.7284247,0.6395634,8.60645e-13,5.15975e-12
0.7284247,0.6395635,1.36779e-13,8.20994e-12
0.7284248,0.6395634,8.74856e-13,4.95767e-12
0.7284249,0.6395634,9.56568e-13,1.20913e-11
0.7284249,0.6395635,9.14824e-13,2.13359e-12
0.7284251,0.6395634,9.16600e-13,8.76612e-12
0.7284251,0.6395633,9.66338e-13,5.31139e-12
0.7284252,0.6395633,7.28306e-13,1.09234e-11
0.7284254,0.6395632,9.52127e-13,1.05842e-11
0.7284253,0.6395633,7.31859e-13,2.64476e-12
0.7284253,0.6395633,9.96536e-13,1.78083e-11
0.7284253,0.6395633,5.35572e-13,1.85472e-12
0.7284255,0.6395632,5.75540e-13,1.16055e-11
0.7284256,0.6395633,5.40901e-13,1.02082e-11
0.7284259,0.6395632,8.98837e-13,1.23533e-12
0.7284261,0.6395632,9.86766e-13,3.69117e-12
0.7284261,0.6395632,5.54223e-13,3.60329e-12
0.7284261,0.6395633,8.93507e-13,1.71000e-12
0.7284259,0.6395635,8.67750e-13,1.53404e-12
0.7284261,0.6395636,8.91731e-13,2.56089e-12
0.7284261,0.6395636,7.22977e-13,1.13277e-11
0.7284263,0.6395635,9.41469e-13,1.23286e-11
0.7284262,0.6395636,7.97584e-13,1.24758e-12
0.7284264,0.6395635,8.52651e-13,1.76294e-12
0.7284265,0.6395635,8.93507e-13,3.42584e-12
0.7284266,0.6395634,9.75220e-13,2.56999e-12
0.7284266,0.6395635,9.39693e-13,5.06671e-12
0.7284267,0.6395635,5.61329e-13,6.56258e-12
0.7284266,0.6395635,8.91731e-13,1.39357e-11
0.7284267,0.6395635,6.61693e-13,1.36721e-11
0.7284268,0.6395635,8.24230e-13,6.70546e-12
0.7284269,0.6395635,8.24230e-13,8.82536e-12
0.7284271,0.6395634,9.30811e-13,1.50000e-12
0.7284272,0.6395633,8.32223e-13,5.64910e-12
0.7284274,0.6395632,9.22817e-13,1.28031e-11
0.7284275,0.6395632,9.72555e-13,4.80187e-12
0.7284274,0.6395633,9.98313e-13,7.38393e-12
0.7284275,0.6395633,9.76996e-13,3.07683e-14
0.7284277,0.6395632,3.22409e-13,9.53139e-12
0.7284276,0.6395634,7.73603e-13,6.77865e-12
0.7284277,0.6395634,9.90319e-13,4.50808e-13
0.7284277,0.6395634,9.03277e-13,1.18327e-12
0.7284279,0.6395633,9.83214e-13,3.61473e-12
0.7284279,0.6395633,9.45910e-13,5.36196e-12
0.728428,0.6395634,5.34683e-13,2.20949e-12
0.7284281,0.6395635,8.63309e-13,1.36069e-11
0.728428,0.6395635,9.13936e-13,1.14831e-11
0.7284281,0.6395635,8.26894e-13,1.05838e-11
0.7284282,0.6395635,9.28146e-13,3.51505e-12
0.7284282,0.6395635,7.25642e-13,6.66332e-12
0.7284281,0.6395636,6.60805e-13,3.83111e-12
0.7284281,0.6395636,9.37028e-13,8.68325e-12
0.7284282,0.6395635,7.44294e-13,5.21960e-12
0.7284284,0.6395636,4.93827e-13,1.23911e-11
0.7284285,0.6395635,5.59552e-13,6.91072e-12
0.7284285,0.6395636,9.84990e-13,1.06990e-11
0.7284285,0.6395636,7.38964e-13,1.07083e-11
0.7284286,0.6395636,9.70779e-13,1.04392e-11
0.7284287,0.6395636,9.37028e-13,1.72267e-12
0.7284287,0.6395637,9.88543e-13,1.27814e-11
0.7284287,0.6395637,8.54428e-13,9.34238e-12
0.7284287,0.6395637,9.67226e-13,1.08827e-11
0.7284288,0.6395637,9.37028e-13,1.80393e-12
0.7284287,0.6395638,9.59233e-13,6.86433e-12
0.7284288,0.6395637,9.61009e-13,5.06804e-12
0.728429,0.6395637,1.98952e-13,2.33251e-12
0.7284291,0.6395636,9.30811e-13,8.99520e-14
0.7284292,0.6395636,8.99725e-13,1.09847e-11
0.7284292,0.6395636,6.59917e-13,5.06744e-12
0.7284292,0.6395638,9.61009e-13,2.51006e-12
0.7284292,0.6395638,9.54792e-13,8.77166e-12
0.7284293,0.6395638,9.33476e-13,8.49646e-12
0.7284293,0.6395639,6.68798e-13,1.20640e-12
0.7284293,0.6395639,7.72715e-13,9.02544e-12
0.7284294,0.6395639,9.86766e-13,1.17567e-11
0.7284295,0.6395638,5.74651e-13,5.47770e-12
0.7284295,0.6395638,9.91207e-13,5.33502e-12
0.7284296,0.6395639,7.62945e-13,1.00568e-11
0.7284297,0.6395639,8.65086e-13,5.33811e-12
0.7284297,0.6395639,8.90843e-13,5.33687e-12
0.7284298,0.6395639,6.88338e-13,9.92991e-12
0.7284299,0.6395639,2.40696e-13,9.70711e-12
0.72843,0.6395638,5.83533e-13,1.82378e-12
0.7284301,0.6395637,6.53699e-13,5.20792e-12
0.7284303,0.6395638,8.77520e-13,2.21130e-13
0.7284303,0.6395638,9.95648e-13,4.50420e-13
0.7284304,0.6395638,9.69891e-13,8.75016e-12
0.7284305,0.6395638,9.90319e-13,9.86197e-13
0.7284304,0.6395639,9.50351e-13,5.00722e-12
0.7284304,0.639564,2.61124e-13,4.30145e-12
0.7284307,0.6395639,9.62785e-13,4.00215e-12
0.7284306,0.639564,9.41469e-13,1.09567e-11
0.7284305,0.639564,4.01457e-13,7.97713e-12
0.7284305,0.6395641,6.96332e-13,6.90332e-12
0.7284305,0.6395641,8.82849e-13,6.83630e-12
0.7284306,0.6395641,6.03073e-13,1.16429e-12
0.7284308,0.639564,8.48210e-13,9.30360e-12
0.7284309,0.639564,9.94760e-13,9.47199e-12
0.7284309,0.639564,6.56364e-13,9.51700e-12
0.7284309,0.6395639,2.29150e-13,1.81693e-12
0.7284311,0.6395639,9.85878e-13,8.09799e-13
0.7284312,0.6395638,7.05214e-13,7.20673e-12
0.7284313,0.6395638,9.32587e-13,1.07076e-11
0.7284313,0.6395638,7.14095e-13,1.06765e-11
0.7284314,0.6395638,4.41425e-13,5.35690e-12
0.7284315,0.6395638,9.27258e-13,1.25134e-11
0.7284315,0.6395638,8.70415e-13,8.66897e-12
0.7284315,0.6395638,6.03961e-13,6.31116e-12
0.7284316,0.6395638,2.18492e-13,7.39381e-12
0.7284316,0.6395638,4.95604e-13,2.24813e-12
0.7284316,0.6395639,8.64198e-13,2.34653e-13
0.7284318,0.6395638,8.84626e-13,4.73676e-12
