0.16921538026528252,0.24344835363132,-0.05026723129018854,0.14589852371558612,0.2592043477986177,-0.009788153831584979,0.24558806665182142,-0.0631098375892301,-0.29441355262312585,-0.0014653304122070863,-0.019770423476188664,-0.22038840722095898,-0.10477218215146887,-0.001262891427106467,-0.18874880150170945,0.1859504228530386,-0.14341021907757193,0.3305975635364683,0.0727420571913162,-0.11956752741622548,0.3389322531643816,-0.15605512153424178,-0.06929367173609112,0.35235451178066823
0.19172882616880935,0.0024873846277300555,-0.07582204975199086,0.0893982884366686,-0.022640880206974915,-0.35495889821064347,-0.1896167845994824,0.24335716997561527,0.04835285892047858,-0.18569177876984688,0.24839806040274315,-0.08901115820754298,0.06186900264332155,-0.04411612877835123,0.29133997300134024,-0.04310833424347754,-0.07923243008561394,0.13049748605093212,-0.18686063545471035,-0.11273635424678236,-0.0926190975920049,0.2568932632391203,0.018836984589434246,0.10639656864751659
0.2159377223235335,-0.02548555076481186,-0.06218199736873324,0.11067671505971402,-0.010638580692206976,-0.37301516311304883,-0.161804942525008,0.22619589013934133,0.0575019115129708,-0.15198555245138398,0.2448883157676988,-0.09753074133724773,0.05521592583848515,-0.089178872317272,0.2674863283785781,-0.07589604175995984,-0.10143302030292768,0.06105758863285469,-0.19015318766529096,-0.0988418727084221,-0.12517082962584086,0.2672776958762728,-0.03262113226745516,0.09319036172773815
0.201954047218493,0.0029301738497119595,-0.02801151190195654,0.08618458777419905,-0.004911320984071412,-0.36650412550609435,-0.170388704072726,0.23734223153649794,0.04142412415918627,-0.15654267681112788,0.2323795765111196,-0.13447450656353016,0.1058314351662346,-0.06071952668379367,0.2751121452556516,-0.040920199997076266,-0.10836623406327858,0.09354052354599394,-0.18006031248654408,-0.1379658317933174,-0.0905174965144575,0.2530603934380825,0.006721573419556692,0.12417218592898568
0.12999316379382495,-0.009483612909138647,-0.07750370661743368,0.04293100047884922,0.034014431561006184,-0.3435482665214649,-0.1803329622341543,0.24492837486057847,0.07489855722766993,-0.16391945788880563,0.23163749256712773,-0.11641841042962173,0.1400500455922512,-0.10509174396976985,0.27537566659965185,-0.07462993496237479,-0.1461036991407706,0.07995525431344713,-0.2060806357030574,-0.15303169033819483,-0.04840957316917839,0.21593223533582911,-0.05271067915673207,0.18627050985813087
0.1239686785825637,-0.02746233104403396,-0.07977521601084378,0.02409206202227326,-0.0025300593944975014,-0.34631245666211696,-0.18015138853244803,0.2468719493873054,0.09062466547442197,-0.18705005434178149,0.23346116731724315,-0.1027996102369983,0.14172698316382537,-0.08143898435582263,0.2744708752048849,-0.04394010681348885,-0.10692592906822052,0.11922265341401812,-0.22814615458838677,-0.10912824022033134,-0.04844680112002493,0.22127565986630465,-0.05186269843851471,0.18108292592158362
0.14770324537677862,-0.01780026471157176,-0.07368078944537425,0.052273374868011126,0.014464152088800902,-0.35354360022294284,-0.16443791709939973,0.24483197778138438,0.0706385695242473,-0.1500227462999473,0.2314048128168473,-0.13014205013190724,0.14323431291457916,-0.09183627043631729,0.2716063774288978,-0.056714642153323634,-0.12723168061535828,0.09220054869715928,-0.20690778493777914,-0.1327199193760902,-0.056884605866403065,0.23079477004304338,-0.04617639942878087,0.1720811608276289
0.2008809285106349,0.005186455434123747,-0.037515513827828646,0.07862540998406989,-0.012411172632352509,-0.36827732584026784,-0.1624751103124904,0.23643228252589177,0.04896768134158988,-0.1569429770133761,0.22647877094674257,-0.1407620353697435,0.10123482118671125,-0.05842898842280666,0.27485065334807507,-0.040708095572890526,-0.1085444960325873,0.09399586735053102,-0.18232064732347295,-0.14163484047321073,-0.09393566883476329,0.2558421294393884,0.01316468354071559,0.11383408347080087
0.2043599626790592,0.008108577515948455,-0.01618572475239995,0.09248284133367657,0.026864457802650604,-0.3648956478584652,-0.20045286913812324,0.20130250518432816,0.06620705316510839,-0.1844281174029384,0.2161534167734411,-0.12401859411353905,0.08414042342028955,-0.06960800162538397,0.2730357738516627,-0.042804479408164696,-0.1009266598383986,0.11826023867799633,-0.20719966387855782,-0.11408388958368369,-0.09399103147782947,0.24895492890523913,0.0005670493923056039,0.1252806478210639
0.1347313102617764,-0.013573757093504222,-0.07156076271009436,0.050270267096674114,0.03071066182118574,-0.33813324832494285,-0.17906906216324256,0.23926942146821673,0.07959939694554673,-0.15717980077834867,0.22080069115701836,-0.12570115295796377,0.1435431881048976,-0.09633373044577306,0.2840061106740673,-0.07514410912362905,-0.14634248420797705,0.0859926196265943,-0.2042535348213922,-0.15427099749428577,-0.039327930892503284,0.2197455939347379,-0.058141574634419706,0.19749587813930794
0.2070716359997678,-0.03534448265581954,0.01611184650772982,0.11252641669683468,0.006378624522083284,-0.377538216885715,-0.1577697188260832,0.2311261873455448,0.029495246277291998,-0.13294631579535487,0.22503370557975064,-0.1671544896929077,0.1254505048160216,-0.08457087037038744,0.2561039820514581,-0.011756038037317782,-0.11740961698999175,0.09103923254288755,-0.17664814877426308,-0.12853951216971976,-0.11766582209238699,0.2402491028717801,-0.05016952716537743,0.1553137977399906
0.17190430790280917,0.02969371545422298,-0.06732658665445514,0.02900081339568549,0.03036357205651388,-0.3785862745725574,-0.1598188139537875,0.2766635916044359,0.0626873952232161,-0.16156298407364153,0.28021368101114924,-0.12856023530010982,0.0728445402578303,-0.05095658895404195,0.26267571119194916,-0.06929773709270802,-0.08395458885054766,0.08940228778403406,-0.2191580361075375,-0.10239071197201136,-0.10042322391948794,0.23770279504979128,0.029876939174364504,0.07952900876643954
0.21947446027177625,-0.007160803489741013,-0.02947153790121408,0.1174785205220208,0.009562642111198023,-0.37810829469439844,-0.17168801291180902,0.20938762464727123,0.06166113378723476,-0.16207283325550972,0.2224235185730825,-0.137761002722443,0.11777046014393934,-0.0669158301531211,0.25652918605984654,-0.020080566551030923,-0.09632600541455134,0.06792490832384566,-0.16814549456418415,-0.10214493652876894,-0.13734957102814868,0.266061649224574,-0.014525482961924147,0.13243474150274034
0.200823435355463,0.005210950188122011,0.0020099183463622907,0.0793267146209202,0.02892445984067711,-0.36522669613962433,-0.17166071451719944,0.23520944507747776,0.054498687255111825,-0.15132914259070757,0.2310138996276892,-0.1432116383335097,0.11151356716633612,-0.07431752652769338,0.27126796386619084,-0.04914109812657647,-0.11510250351472566,0.0965242151288191,-0.1993568962157821,-0.1299948408723435,-0.07776694813886322,0.24436038531274082,-0.003169762752412465,0.13527886605264003
0.13219874430759518,-0.0275711348882781,-0.07478308322505473,0.04495624668904621,0.007575227705764587,-0.34693124824970767,-0.1670019455414906,0.24178128183301548,0.08547112894963337,-0.16096176986838226,0.22653687288137703,-0.12322506473495018,0.14354674132399,-0.10213013308571005,0.27397451770539366,-0.053396924802028685,-0.13292377383382886,0.08977900742960579,-0.20779831903684576,-0.13709772364317108,-0.06833112108526947,0.21760760141836344,-0.061840163888182566,0.1926996613788183
0.2108899309106158,0.002802667113885584,0.006916719252120404,0.09953327203286617,0.02019703678058257,-0.35866406320606287,-0.16671745626025,0.23004883319671307,0.05365273023677495,-0.13993133062590044,0.22254451099322595,-0.1452643535399055,0.10681425540664063,-0.07091186086544846,0.2807862746703271,-0.06774653748804471,-0.1188380196218376,0.07784348625739497,-0.19163007536551033,-0.13272005071577853,-0.07682115942447128,0.2516171038878222,-0.0037185949641577736,0.142445313668968
0.21396872159229763,-0.003045686987052583,0.010042811634626156,0.09587736737443309,0.013298896694926636,-0.36262627677846815,-0.16250340660188864,0.22854354254339893,0.05668018055483708,-0.14335517558418254,0.2210135672915248,-0.14423935652045744,0.10521878617629542,-0.07454963400185032,0.27681215150263794,-0.06261425349600042,-0.11643674063693317,0.08164176457646727,-0.19475422770242687,-0.12953006827620137,-0.08318233266490681,0.2533379479929575,-0.008370740622901366,0.13569445958213894
0.2692561222645212,0.00503514340102135,0.07424443888454615,0.1893500449792794,0.16805179373121018,0.13228893352879678,0.012819906288074655,-0.2977796068501596,-0.14784848312048676,-0.06048938556730346,-0.21214092858276964,0.004209889147857728,-0.1571461691370309,-0.07733999234988645,0.22318789440994968,-0.003961127170816476,-0.016838660400031066,-0.257030080586846,-0.0704464498468277,0.09845801327775651,-0.12844437684467006,-0.1758344436749583,0.2823458551294266,0.08460572878645453
0.21059948204592563,-0.004009762132855755,0.004775722550228682,0.09846465896977988,0.016254077322262406,-0.3583024279928283,-0.16583196113997306,0.2272467209802395,0.05775662054736399,-0.14074056819014744,0.21903399486160496,-0.1450811156936596,0.10706096987446702,-0.07057510006719175,0.28129317717781965,-0.06997399202694035,-0.11998941804773304,0.07438653949762133,-0.19164788872522714,-0.1335468733210257,-0.07781757363852601,0.252924252124123,-0.011733547175534985,0.14337901773756825
0.1230071358951074,-0.031844364956003776,-0.07396635769749282,0.02840175110068532,0.005819374917315673,-0.35418291686269815,-0.17951423294266064,0.23890062558509734,0.0935006488915368,-0.17970396510069309,0.22849848199589268,-0.12402801951252457,0.15200118168081342,-0.09116281948895803,0.2619892877157054,-0.037894460865888185,-0.11683600855830736,0.09969707053361775,-0.22501739228793075,-0.11043535517005472,-0.06981613293815075,0.2129476410351266,-0.06777223906283276,0.1941809361884499
0.11555754751918103,-0.027611075666239077,-0.0749393936253227,0.018711429867574868,0.0056531072474528534,-0.35096992641777824,-0.1743596947154978,0.2511684062751709,0.09177659984657162,-0.18287781992165844,0.22853086676338255,-0.1253286296790068,0.15657114595953947,-0.08653364512859751,0.26339941906229836,-0.04258846830080074,-0.11389258712108653,0.10496217186384257,-0.2273293007419821,-0.11519467410735103,-0.05832434156190666,0.21123782814811992,-0.060647120848656914,0.1986089144232569
0.17121900148268834,0.036381184550999264,-0.025560109700007553,0.063537465227878,0.03947032526417259,-0.3413853882508971,-0.19014489296414078,0.20851627931246267,0.1226068189871082,-0.17982034777383518,0.2533453035405095,-0.07139141800311205,0.02707695389345568,-0.12056252973000485,0.28283481683613904,-0.07413794744665642,-0.13526658551005458,0.04540225538256651,-0.15861531632992001,-0.1402327291643102,-0.1636662913525836,0.2205402942064831,0.033845450974050326,0.1284703196778278
0.20887063498188524,0.00046346592778961785,0.010356638788050406,0.09169800241583922,0.027280516261022823,-0.3683970393082122,-0.13462400572150773,0.25240240257441965,0.031928723589166326,-0.10143321137481441,0.24648555420190546,-0.16220312991718305,0.08558027943432217,-0.09840325957136739,0.2724578256722984,-0.03924708343044744,-0.13026504952961543,0.11899731609027059,-0.19501721273088346,-0.14769722310723518,-0.08537657990838615,0.2417393606587038,-0.007088993914846381,0.11917545436708248
0.20971273997566345,0.0015700324346897753,0.013097042732053879,0.08846589121770813,0.026547621001520607,-0.36226156390114733,-0.17099198097695498,0.23043791930951393,0.05810193678731698,-0.14455214362033725,0.22685529570543383,-0.1472010372237102,0.10098611460018532,-0.0681262896788174,0.277196993291007,-0.0664975374910517,-0.1134525038007505,0.08696811986091763,-0.20020758452151732,-0.127600271764587,-0.07836342311377638,0.24859693065580288,-0.006343017761128165,0.13508782177494827
0.19849955161336957,-0.05281825538837088,-0.06636957215810739,0.09973583656551807,-0.012791861360261517,-0.3366811519359833,-0.05305280336392263,0.2475353987707626,0.10592236756189506,-0.07615800179235005,0.22425569605541032,-0.10425788074269228,0.20417235306818282,-0.1331086296585039,0.28261040729397663,-0.00969223290483789,-0.1472799267610041,0.07882295355077894,-0.1463888515739199,-0.1440303869276369,-0.060959119769946495,0.29065209413614906,-0.09014665801869631,0.18595517179051263
0.13502855839484595,-0.039270177477333294,-0.07699996910691159,0.036264843346994445,0.0007562165507760715,-0.3473115488847875,-0.11652379658244626,0.2610834766818002,0.09529197061309083,-0.13962899501087367,0.2378037739664479,-0.1148882776914965,0.14070135984965917,-0.11956055174746631,0.2719800103451724,-0.07316322612336151,-0.13373184884996653,0.06819255660197471,-0.20985984479244352,-0.13048230901659932,-0.0715895167187507,0.2271811009176254,-0.07659858010765871,0.1753247748417084
0.12300614791390438,-0.02982621176874825,-0.07289723424330961,0.028840996594633773,0.008387000421129727,-0.3546605918888804,-0.17734214316976527,0.24089874529686953,0.09020332886494514,-0.17827249176085733,0.22443217751791925,-0.13108110795546898,0.15337624660261648,-0.09059164362123397,0.26182474420290897,-0.038094735486338634,-0.11627105983101789,0.10610256718734322,-0.2284968241221108,-0.11114625624006894,-0.06280766021982763,0.21227673186104076,-0.0660854708752632,0.1954518703757621
0.20963752747808018,0.005391192026467284,0.0067086538741610875,0.09607800213958513,0.027165373626389128,-0.3628299662531455,-0.17043645151015155,0.22715593612464952,0.058116612199925644,-0.1413518549717374,0.2252138954017724,-0.1511100397419344,0.10266692224664484,-0.06855732918049166,0.2757194527946093,-0.06358130593318671,-0.11259835887341117,0.08256943461298787,-0.19597146395140613,-0.12564787742427325,-0.08630653221429357,0.24952800609327638,-0.0023082859016539613,0.1386117349391002
-0.16272741623665574,-0.03631417588752933,-0.02636948948473527,-0.18212420055833695,-0.1682330013932726,0.21689152391433023,0.2540073144201143,0.004112699872952404,-0.18796124396180564,0.17834479584888205,-0.21980070784846864,0.07708811117567511,-0.020047370525978218,0.23408411510547977,-0.27189693528519493,-0.029992758912939673,0.12925068212081933,-0.0364134100083844,-0.03522918675526615,-0.010620311991418375,0.24831190609405027,-0.13738569592081393,0.11168677758361961,-0.2959811052983459
0.1242774062495159,-0.03505087548709817,-0.07063423992884019,0.02708735529740492,-0.0014293523869750677,-0.35386658188078357,-0.17796145181506617,0.23469681342997162,0.09296978494117507,-0.1805651114065673,0.21620361914291883,-0.1320310638406103,0.15475387342912017,-0.08871000111710961,0.26369832457411224,-0.03912588780752276,-0.11550595862271618,0.11064442291779661,-0.22900952793822107,-0.11474039205656948,-0.06123286467176683,0.21517137103471923,-0.06659566851007014,0.19518081762785877
0.36883601062962884,0.01286029366540305,-0.15632511900229573,0.10342041207153978,-0.08411870260163436,-0.17807991118358055,-0.04281185782013556,-0.13221227601993574,-0.18208856863525658,0.312750918448988,-0.03651954110553405,0.19443851744432472,0.0768714651449179,-0.11814391464682211,0.23276274146794074,-0.11681672691685542,-0.18382728035589826,0.2588469876333089,0.04406210407513368,0.2505172731020947,0.05821923494287653,-0.08252370905630511,0.15056115854348567,0.17087548258068852
0.20896032163617068,0.0025530787148716153,-0.013276337343047558,0.0828651719939183,0.007897570216820304,-0.37348081614694434,-0.16204642769275435,0.22938353741014098,0.062347229696464446,-0.1503882464926609,0.23431294727601965,-0.14513762697748112,0.08796288643563194,-0.07042544193742745,0.26706347691840643,-0.03904957723041053,-0.10345890952103913,0.10085325357155228,-0.1944306087039387,-0.1211571047385728,-0.11277510207508974,0.2523801723728735,0.00073198504302715,0.1135942071430681
0.19250269336720344,-0.0028804911333828514,-0.04195758898464998,0.08560111751363289,-0.00018703647367550793,-0.3680405369020483,-0.16164155601552072,0.23235230720131528,0.07002662764427633,-0.15015040053570658,0.24053645540443963,-0.13878385122428377,0.07515372376646919,-0.07354354233336385,0.27110524609321834,-0.04965691696535586,-0.10416639255947216,0.0824764495565541,-0.18600227338757006,-0.11883312086358194,-0.1320360206638437,0.2454906958325638,-0.003438004253083179,0.12393110427173946
0.11571703498217566,-0.02130217376430952,-0.08027088464006125,0.013084754763456467,0.014949588528431914,-0.3510008985838573,-0.17811650406817497,0.2426476758235494,0.10065678631108521,-0.18188385400588275,0.22646549084292325,-0.1262756456266683,0.15786688053567569,-0.08414420699368136,0.2619099082566299,-0.047202342849642996,-0.1191636875881641,0.09885299141915965,-0.22645431869122148,-0.12049337805843803,-0.055604432632861196,0.21747156273676374,-0.05731850699300753,0.18944472108208915
0.1309475811916023,-0.02685466087051334,-0.06907530677839296,0.044567437885536354,0.00718586027969606,-0.3460231015237968,-0.1760105092216922,0.22979062446513498,0.08990370624737537,-0.16428659646565097,0.21365406902614634,-0.13435136844460246,0.1380424444418745,-0.1006657105068996,0.27681757759134734,-0.05959030611135265,-0.14032004479962,0.08428115779470267,-0.2095208126468778,-0.14623738163106567,-0.07176557037761279,0.2132633208906555,-0.05943533052779641,0.19640721480704348
0.21173356080244848,0.02307900339337902,-0.06878686996392341,0.12811751608861904,-0.004558332119312601,-0.3641166387121177,-0.16416553700796854,0.22889212960322802,0.029240424346232415,-0.12974750075930502,0.21633397300593152,-0.17685724548299672,0.08365058450009531,-0.027434986979140204,0.2823423388508891,-0.040291714552874405,-0.08582179554384624,0.11110550664396726,-0.17633083786291984,-0.12764119462815635,-0.09425826707516308,0.26443898823042683,0.04128493224157645,0.12360279543638479
0.1927672376372853,-0.00549056851305404,-0.037909742581572765,0.08756512041579652,-0.0004371445014685805,-0.3657252950616488,-0.1603159941106086,0.23289077026698957,0.07121454318982895,-0.14783293109251505,0.2411736470643865,-0.1388149664144936,0.07645436968192082,-0.07312415315997352,0.2732610666014464,-0.04153981799985525,-0.1053183566420692,0.08799741913939785,-0.18007191395939665,-0.12211061999176102,-0.1338411220239141,0.24503443467384706,-0.007260160715624623,0.12915094028624924
0.1924558689767069,-0.005563343732871174,-0.04080450620034877,0.08491419375744903,-0.005679875695140119,-0.36920488827386777,-0.16106122257578273,0.23298866046987607,0.06811956813689302,-0.1514676303182822,0.23851567679836952,-0.14323413347824268,0.07500530681012658,-0.06949583560865163,0.2707616087332181,-0.045282734613006054,-0.10093453933606321,0.08860567264742306,-0.18668729204325696,-0.11810409047593967,-0.13331223749215218,0.24515425094896545,-0.004780218829021359,0.12408323164471532
0.15953401564907527,0.005616289326053187,-0.024460173626840314,0.03674214351488403,-0.0067799824430840915,-0.37341422094987126,-0.17222613884436644,0.26180934679964185,0.04984330673294816,-0.15900419757890574,0.2519988972487321,-0.16423681226708386,0.05026280298467877,-0.06192071964403894,0.2681684536109404,-0.0999995302043351,-0.10757225139346534,0.05422281350207789,-0.21866483387037602,-0.13057240414583765,-0.12618304260245328,0.20777893754761087,0.01135945682957233,0.11651456096119808
0.2496207356669098,-0.022148505351637374,0.06797099813141799,0.17049676546746653,0.15340685767120874,0.10555500344368969,-0.0037674143315218145,-0.3473347432499442,-0.10688233403412693,-0.0765613164940139,-0.2521246689271817,0.031976399928106254,-0.17075004819711745,-0.10519076243316713,0.2287146989264389,-0.0011708409700586452,-0.029451492010817027,-0.2599298600635136,-0.08938078191504267,0.1330698615858178,-0.10188692396278025,-0.16472984134487478,0.2785321633602044,0.04531183816135923
0.2529814706791618,-0.01377098471467565,0.04081602895195904,0.18599354546486593,0.15784749685408406,0.11134136317597249,-0.05336406828620294,-0.300994781188434,-0.152753125479322,-0.10284162369415377,-0.22448817281659195,0.016184635175477708,-0.16176695255867934,-0.1113523612773409,0.23506405569249617,-0.03266182978519338,0.02507426593325184,-0.24862809630300933,-0.08681656239204517,0.17218722941340672,-0.05951901242967879,-0.1325745849119283,0.3018956129933225,0.1143706283227007
0.18582835247853408,0.03744124871220547,0.011420760606495236,0.10451883241124119,0.05659607409042184,-0.3454565271735299,-0.18620377707511196,0.25475998415346857,0.06291973638267556,-0.14711315535585137,0.26751208699615825,-0.14265118160804585,0.038517915646072216,-0.055208854031014484,0.2888531509036937,-0.050383016922878825,-0.0794255464390542,0.14622608144179175,-0.20096227294072294,-0.09625466424869412,-0.11596773407680366,0.21744280285058842,0.029831847216157486,0.15517430924873293
0.20128662171018827,0.023442409509145314,-0.01219708315916198,0.08974276550912388,0.048306871163404555,-0.35727812288839517,-0.17575046622122797,0.22029460614211197,0.075861097951088,-0.14695895839518022,0.23156968802031708,-0.1391623801302431,0.08986770585906609,-0.07788621890128745,0.27821157085855175,-0.058420816085423155,-0.11654756023200707,0.09295932323753169,-0.1977432926820612,-0.127086263017214,-0.09072326816976997,0.24727910005042708,0.012666238405593553,0.13338947575882182
0.20105271223144638,0.023813320827861768,-0.015482834096296017,0.0900701221658553,0.0460265885562714,-0.35720806951045075,-0.17150592574048412,0.2267301088220348,0.07350415378819554,-0.1474462863925888,0.23029062508342588,-0.14170799166773868,0.08871974812122438,-0.07304157210775504,0.28034987122604377,-0.06069864093570448,-0.11519131639705008,0.0912237413806339,-0.19432749313270511,-0.13135024930927547,-0.0893984663312622,0.2483244537772708,0.014441054920064826,0.13235304916084129
0.18647448295932142,-0.009293874015498053,-0.05485610246688071,0.07243893075051888,-0.009858624773202748,-0.3702012848733356,-0.15430210427753407,0.22988262751449304,0.0769853002772551,-0.15130088919975218,0.2356884606461671,-0.14165350476280594,0.09167127061251738,-0.07280573441434757,0.26892319568382245,-0.024140155710956426,-0.1046960737060087,0.10204060836891805,-0.17993463805817891,-0.1281213954692564,-0.1335175275224324,0.24923835992041146,-0.008346319950323837,0.1230445295516733
0.19471232123809062,-0.0013319567032707834,-0.05130941902557761,0.08835244765544768,0.004371865586647958,-0.36712722245078006,-0.1564741142929575,0.22570735571338543,0.07965432993913621,-0.1425744769569355,0.239582256037455,-0.13822866200786402,0.07281049792510554,-0.07808877298252374,0.2719143971894792,-0.05274882329148574,-0.10626075985767931,0.08092579004852535,-0.18688120019936047,-0.1165638562637196,-0.13274185779822179,0.2509096108851814,-0.003485475249174412,0.12092949036151669
-0.15811461436395313,-0.040249420903022935,-0.037250521660805044,-0.1710489473256242,-0.17946987254131408,0.22116291641718377,0.24598773363647117,0.027765250220786273,-0.2029187975442744,0.17917777970651516,-0.22712582968427086,0.07856624769718996,-0.012316265897470704,0.23978280694224716,-0.26363793286832643,-0.02715333676559133,0.11300272880317005,-0.00996705979933843,-0.0382087785402289,-0.031076637692722908,0.25650113229654403,-0.14090431360087993,0.10382845257605684,-0.29530144251844714
0.20317549832617277,0.015008042756101025,-0.005569695423911625,0.07873996038271382,0.038053309290931245,-0.3638345517151818,-0.16184004007393046,0.2333281368592747,0.07042007819303718,-0.13887134528343473,0.23606450234567256,-0.14871910979066688,0.09806114907746129,-0.07494730355905044,0.2737780617908788,-0.04918267929340041,-0.11309764592768659,0.10123347089098984,-0.19734380893947717,-0.12976551924284419,-0.09004234679777387,0.2482368981981772,0.006582836386023598,0.126685728730254
0.2034717370503809,0.014265048556697642,-0.006527282450261902,0.0796230575668999,0.03864019204448277,-0.36410059922967974,-0.16345336730113041,0.23073856605137466,0.0707963050025847,-0.13837952392135885,0.23632387950017272,-0.14858369935692808,0.09592644986391524,-0.07569269021588237,0.2734768124656831,-0.04878359435189322,-0.11363104251404299,0.10161020861647387,-0.1987806894827354,-0.12813215336571232,-0.09086311924433473,0.24832679437374838,0.005658292829964639,0.1257677603345594
0.20246467374520016,0.01763894361974626,-0.027869395626381507,0.10846879679904689,-0.01332823592239851,-0.3600443623271931,-0.1747747045965127,0.21879033503685597,0.051095354741600804,-0.16014256962923598,0.2074756753974339,-0.16189270702414799,0.04451784439941751,-0.05577291060738599,0.28407930825086525,-0.056150326529215415,-0.10507048905584004,0.10534686280256562,-0.18121711377938754,-0.14817390852982765,-0.1208537257190831,0.2437327521274075,0.031574202841868515,0.12124427082607528
0.20232466538023913,0.014738411785440688,-0.008983614977204821,0.07761798761005756,0.03261056791069845,-0.3611150903141218,-0.16012490938102833,0.2306675369128182,0.07814523626695406,-0.13721549552092802,0.2323410737425832,-0.14779062690248365,0.1030462643729349,-0.07271809043140456,0.2764672486741862,-0.059187196124306604,-0.11287911187567655,0.09113024441885254,-0.19965086560111783,-0.12578461705473135,-0.0863347284665466,0.25079879122257515,0.0079061721043762,0.13087568854651124
0.20211627608180263,0.012861778680047873,0.017265025754183257,0.09419502914890505,0.02062984233720314,-0.35675946452380053,-0.1741890893900014,0.22306930105480727,0.06935069262811208,-0.14726468676577012,0.22674961689435122,-0.15204761643676734,0.07504481823332602,-0.07115259087128614,0.28247834088881735,-0.046288644222166574,-0.11172803184127417,0.1054288990918581,-0.18880982624996012,-0.13400417248459764,-0.11096447295009582,0.23750985987863785,0.009891837278500145,0.14310224245067873
0.2018419676468182,0.014942097947119485,-0.007111311365450907,0.07976640730017483,0.0367280243795083,-0.3616823961348606,-0.16216392401737068,0.22969519608655148,0.07624828246184567,-0.13837469789537563,0.23197622387521713,-0.14987318923770013,0.0995308069426199,-0.07418230744494293,0.2756504324862342,-0.054935113694976966,-0.11255171435947145,0.09738681724140297,-0.20035419865756326,-0.12614441872687732,-0.08861797472427503,0.2486240356965072,0.006170992150029558,0.13152113281686426
0.20269406206373508,0.019591885082787874,-0.005376791557780295,0.07942674727584179,0.03160095718261577,-0.36061656226889605,-0.16940380450425996,0.22510321160555571,0.07705818239043774,-0.14421460859659507,0.22657584213105855,-0.15098861297061414,0.09500487986758484,-0.06569336961772376,0.27901640168299896,-0.065355942666685,-0.11180146516833146,0.08884103449940259,-0.2007551902705987,-0.12818184798614526,-0.08730552510189366,0.24881413366718746,0.014858330609282553,0.13056463264360438
0.19201216480519262,0.004005265700769987,-0.031186056028790755,0.09266018446807804,0.002098020623791181,-0.3636938324133629,-0.1686253745792088,0.23237737744252182,0.06245398409773235,-0.14487309819831923,0.2305971377114729,-0.1616494768409767,0.0660672616006147,-0.05533997184886172,0.27871514173612616,-0.05885316628437926,-0.09453747563892707,0.10015953376351305,-0.19971236893516167,-0.11588250895262135,-0.11642209159755962,0.2399363181194743,0.00493294340583564,0.13362547062567187
0.23626215974865095,-0.03382106024950941,0.0687940038149972,0.1452302561835428,0.1613226840628507,0.11188436646244967,-0.03145673143173472,-0.32975824211949983,-0.14510953587829117,-0.1143591586149708,-0.22583541671322094,0.10670082572070339,-0.15050530217498334,-0.16282807597262539,0.2280289060243882,-0.01957702875851178,0.01437261062627478,-0.26679686177901707,-0.06512695413829434,0.13752928020648014,-0.1294070495401332,-0.12507761086443486,0.30648429073797456,0.0649126288644111
0.2135647610657047,0.017153817148639477,-0.0439089817853896,0.12639172940947127,-0.01237737975659495,-0.3634117303200526,-0.16394951331615615,0.22365901425411863,0.03690556058397306,-0.1248646009900094,0.21182257756958475,-0.18499616195000804,0.06772859126858408,-0.03272523533190653,0.2818300246436068,-0.05593129453033257,-0.08904234615029055,0.10175809460944234,-0.1849965478554304,-0.1257340377151583,-0.10685876545307103,0.2581510469264539,0.033295363171207626,0.12605328301090837
-0.049586120360190535,0.06561304535943174,-0.35406036999682905,0.11312655769014825,0.06700790289401479,0.03395678543627487,0.162781296246294,0.07572173338390126,-0.2489814214801863,-0.06674651343763471,0.055220605067087127,-0.33656155522790365,-0.007025865882381282,0.2538762510901782,-0.10736472144738862,0.19626495907245883,-0.08551373939422113,0.22545777950399976,-0.2105078485297882,-0.12613515375373935,0.26826845900428287,-0.16176708517145827,-0.12165754096709183,0.29674457154859457
0.21101269076657408,0.030659057863362028,-0.038711356472331336,0.11884662147296329,-0.011106178749052904,-0.35852264107076365,-0.16657011887723214,0.22973117749855876,0.04960419243356513,-0.14854561754269927,0.21340184148661145,-0.16923218514697735,0.058711771378195464,-0.02957509562466357,0.286554064365934,-0.0537650324263152,-0.09062089663907939,0.09296410118444975,-0.16966498069492067,-0.1373775850304422,-0.11564184778441113,0.256150611150796,0.051294805768605393,0.12224987769329637
0.20806509177735946,0.02002714593764491,-0.05452457987600236,0.12130468500901875,-0.003980480701688443,-0.3625161706340328,-0.16622163291936135,0.22473763980386247,0.043434386092446986,-0.1297960837939332,0.21446573231303928,-0.1797628775609481,0.07393039500006869,-0.032237729404856974,0.28296921859215246,-0.051692310191162064,-0.08971760467747032,0.10220081714935114,-0.1846349845526924,-0.12428035255118651,-0.1031746840867485,0.2578753580358214,0.03438720986987661,0.12885920955522798
0.199213169937102,0.018153790011576524,-0.010815330999994993,0.07843607441431236,0.039932691424858335,-0.36045180465175003,-0.16593937362007707,0.2250790150119911,0.08002813018082583,-0.14188607616740276,0.2307231655234277,-0.14747038552327324,0.09445039416350744,-0.07716638822480643,0.2763690687438175,-0.05644774957067412,-0.11582649125762531,0.09644711720870544,-0.20009045375857487,-0.12981320360116824,-0.09154841020786557,0.24696425099219263,0.009317332763219955,0.1303828315796074
0.2245159689739616,0.0014834188663295843,-0.017603856991480215,0.0927990206197305,0.026662287965099393,-0.37935272717642693,-0.15308979989111304,0.22063620108513338,0.07516142015186461,-0.13561108154294307,0.23690200674229314,-0.15090703204478137,0.08441256903239003,-0.06963951605178789,0.26109109682389264,-0.05425536286255731,-0.09048485016566153,0.09958374073807084,-0.21420531211416283,-0.08617111253940693,-0.1067750650173751,0.266296803816772,-0.006564763467367439,0.10013305092111807
0.20102084149705782,0.014799365819809467,-0.0013328957666441865,0.07972882660170089,0.03606361514794852,-0.35933241711666797,-0.1612575840861609,0.2312471446264226,0.0803555395084749,-0.1391904563642682,0.23176418307948132,-0.14968074760390895,0.09939899277083515,-0.07274160656363628,0.2777771182989578,-0.05586433454466646,-0.11119720848538056,0.09579725194515851,-0.2006322055486817,-0.12375655381160817,-0.0898181180100253,0.24698646821270473,0.006537215984081247,0.1368807559889859
-0.1619097596308395,-0.029587541684753017,-0.027183481525657156,-0.17860826336716443,-0.16970442914428327,0.22240523148361713,0.24007494443667732,0.02984953118351786,-0.19650730005064895,0.15601329649936657,-0.22401446919618287,0.0867408249486718,-0.013100073657032517,0.25418714205784093,-0.2572216225091875,-0.023671192847805694,0.14640244793223314,-0.027970008260078533,-0.03270070264827131,-0.006009336127184037,0.2636283188027759,-0.139160863755638,0.12007091786760979,-0.29040106708289715
0.19720206346230745,0.011997602053421931,-0.04326536961995515,0.11117485262021434,0.014158723821359303,-0.36293926962068657,-0.17131915607649703,0.21453259610208436,0.05570643084180498,-0.13600112745565338,0.21582186316176039,-0.16990422953118176,0.07650120651191249,-0.06637884467698262,0.2780238719284079,-0.041903798850949504,-0.10758457736183992,0.11133042295236491,-0.1902321565972339,-0.13035899653207114,-0.11181003355289351,0.2447501806785996,0.010439845007568687,0.13884558627983032
0.21139110677097683,0.029194003012416047,-0.03545739910338893,0.11509863268129036,-0.010020515793613674,-0.3578378952264337,-0.1629036619637803,0.22927742930613845,0.05446728771207016,-0.1388102998629263,0.21955471041442376,-0.1690363900587762,0.06301319372596292,-0.03248414210805585,0.28762961810635645,-0.04574835475530185,-0.09218034639550245,0.10039145192176605,-0.16503696716791247,-0.14010682817038383,-0.11677215835830658,0.2570993575481447,0.04933687149266441,0.12343351523519047
0.014495403901681334,-0.0021677722178980547,-0.32146589714511264,0.06955624170193997,0.13611069987807486,0.033348123716330155,0.15067621862638014,0.06251000297229335,-0.2504220182632095,-0.010696760614374641,-0.02599720735618905,-0.29385267329274667,-0.009001989774713889,0.23564576546650762,-0.1627312181613401,0.19287929150144173,-0.01563254165027005,0.36323290218714904,-0.13928461999572475,-0.15880110897949398,0.3722337952162599,-0.11846525286987618,-0.12573088078527983,0.39608525652486
0.19882684497856518,0.02066801576404863,-0.01781238641943491,0.07935261889815544,0.04367536263728509,-0.35904950527395146,-0.16803683087456087,0.22580918530256136,0.0801094479569903,-0.14211020990435932,0.23173375492767614,-0.14842175219959125,0.09093377815934793,-0.06931360316945373,0.2795972696408613,-0.055684007036504085,-0.11618848388749592,0.09389963623252877,-0.19393022805967827,-0.13480558187306807,-0.09090951720290974,0.24918946100028383,0.010389975696479219,0.1290421533956689
0.21209910110211608,0.01767268817574234,-0.044260020767406004,0.12540029366473482,-0.0075548771001614536,-0.36373195183475054,-0.16260822694749336,0.22453556687472526,0.04089717134658026,-0.12653726898609027,0.21174959896941328,-0.18487249485438076,0.06932349050687926,-0.03466017252455091,0.28139841953102906,-0.051971432589285806,-0.08718982965793172,0.10694654130188888,-0.18794553062055544,-0.12156895639425928,-0.10733762367255675,0.2573743537559903,0.031708707355357364,0.12829947437681521
0.29167973894705734,-0.10204450443395723,0.020439181286161935,0.19470455353709878,0.1655892652355693,0.20138176794514104,0.010537410946134,-0.2802045282081073,-0.15538129350999513,-0.051249230304839105,-0.1610721162633327,0.026733585685598676,-0.13612350010690033,0.025286816218653214,0.2901226918311828,-0.02435225174113495,-0.10252860174109028,-0.23748273784681653,-0.10258407710910397,0.06858343036717765,-0.02252789290506611,-0.1755652731129727,0.23573768099708653,0.19337311146168307
0.24098238285868773,0.03684126371924398,-0.027045726769077648,0.12008686938571995,0.013480647256098066,-0.36139340330885544,-0.17108267090472434,0.15743304215144005,0.08913519667387326,-0.15063381876221338,0.17738018968209368,-0.13852717478743296,0.09161633469498584,-0.07487455361738131,0.28324390809256433,-0.05272748985490032,-0.1438885997959217,0.05703923805036792,-0.15276147559094883,-0.1716478317401712,-0.10347272178681839,0.2862648139519623,0.04538055294248352,0.10302730888289295
0.24000895172244008,0.03732456704780038,-0.029131216291575918,0.122356712630104,0.01756213226612054,-0.36056255202006515,-0.1696580940282648,0.16249340552190736,0.08803589620612395,-0.155621964721823,0.17635999199590188,-0.13614968355514662,0.08930763382816051,-0.07561434377353156,0.28376062489780773,-0.04834070053448571,-0.14132253696646865,0.06261395384539817,-0.1483520711708021,-0.17323871861124893,-0.10573681811945823,0.2860361571332258,0.04499096013708162,0.10408708962397444
-0.13127164379505132,-0.0573717249731756,0.007879900659301864,-0.1224749417649283,-0.18017178956413596,0.2348718907136036,0.24813821840197423,0.050876924139821034,-0.18888019715104068,0.2055899568855054,-0.1898841516569928,0.0761090247521444,-0.04710441077062953,0.2657361873072008,-0.23841934037822252,-0.0388098942780415,0.1640140271188744,-0.016447743400986883,-0.019239004894842125,0.019293037533433456,0.2745894368303945,-0.13586115626349174,0.09590146891060704,-0.2721510331646445
0.2041453583347968,0.015319242113699741,-0.051782439342131385,0.11953356534395457,-0.009515989650086142,-0.3628513830845316,-0.1662583939569442,0.22450295794397213,0.04359481995456783,-0.1317960815425866,0.21093424985504472,-0.18439586218774723,0.07343003894105853,-0.03350372932005171,0.28193466141998363,-0.04771509747250135,-0.08933636982759378,0.10505629287457798,-0.1839313600684146,-0.1266150036047473,-0.10967448210707806,0.2529869298895426,0.030603432349615708,0.1337741098359496
0.24839807116224005,-0.020108980221022737,0.07725078352570774,0.1595764725786632,0.17505726273142197,0.11514094992720612,-0.03223177374117428,-0.3298307389283444,-0.11060732102078974,-0.0906145298835023,-0.23665060453048384,0.07319984276128591,-0.13941455758918106,-0.12345147698016458,0.2603934172742568,-0.029101300733114177,-0.029223391614049587,-0.24440346563469698,-0.0837903826297308,0.15104319516751089,-0.07747471156013384,-0.12877541859293587,0.306249438963166,0.070934632424305
0.19141316620623372,0.01789222981981337,-0.07037530101958568,0.1112623463665028,0.014661765407320157,-0.3675713595510798,-0.1720995926974305,0.2111966865701209,0.045000625412850576,-0.13769228682194973,0.2119322605067332,-0.176563041267171,0.06433494787567766,-0.07203172852612567,0.274812350299141,-0.02884115862900617,-0.11005098877074394,0.13528258464470344,-0.1868412775514988,-0.1463289373437427,-0.11606295720084846,0.2426689352254199,0.01942812392669583,0.1256388839039627
0.21412046667890258,-0.007955986847273522,-0.015934551562685757,0.08022054758303465,0.010430718243745977,-0.3764247151357462,-0.15313715894713936,0.22761142911610796,0.07912186060458304,-0.14114348579564373,0.23638999908156968,-0.15300997522427146,0.08369698429615095,-0.05981170827458007,0.26580484745778254,-0.05827314055415021,-0.0843318814320261,0.10029954033085071,-0.21889284453723062,-0.08348481091259917,-0.10547648746216037,0.2590556084324139,-0.01431906527841771,0.10797288913307247
0.1876877485232986,0.005119683480139312,-0.02959013402328382,0.0873825833885219,0.002684100956888331,-0.3672826153125026,-0.16128150388413692,0.23979720925208123,0.0622682277479665,-0.1395292384176381,0.23638812267238393,-0.16848328177813748,0.06308142166796672,-0.05932426203637129,0.27450806009526874,-0.05851621946039023,-0.09610722370371654,0.09361152722083482,-0.19773530275014242,-0.11734124348958151,-0.12871128063051007,0.23446663608213636,0.006105592469985266,0.13246231969598585
0.19137489808730784,0.003005205621094142,-0.027550213026445818,0.07770587098520577,0.012938063808483133,-0.3594262610501506,-0.14340667969805548,0.2449933723007808,0.08399502356578188,-0.1328661191632589,0.23835860222243468,-0.15071915529580673,0.09633410653454767,-0.06620460272917289,0.27997586781200273,-0.0569908743370556,-0.10168865034874362,0.08656226831899347,-0.19622833436213474,-0.11492101037518505,-0.10422331703240652,0.24777592614853874,-0.0017840869001227964,0.14001317800094776
0.2060227353716986,0.017336522278228957,-0.048078990978605886,0.11877746637248601,-0.009686747622688997,-0.36194672308588877,-0.16449730065053186,0.22493055773564988,0.04708456401142651,-0.12946087537923984,0.21458637295588043,-0.1821146598707394,0.07041200314558788,-0.03439806010909438,0.2828791228903582,-0.04740622693205586,-0.08870153109257689,0.10669600945592718,-0.1829924470676839,-0.1256634769782942,-0.11179667860919257,0.2540707124613491,0.03364320454170032,0.13158039563874413
0.19620169031871193,0.0009956377471943764,-0.015898392565489566,0.09062487827385272,-0.003402387913423458,-0.3562852296801811,-0.15268468179526676,0.23333222859995698,0.061842428942124876,-0.12238567842622569,0.22305332184077745,-0.167259699536754,0.06917674199923395,-0.06571924086195532,0.2888513818697907,-0.05647256509226523,-0.10803320325125346,0.11954382797055113,-0.20290153332259026,-0.13286672775139713,-0.09394116956011146,0.2419655512819224,0.002699692115941779,0.1362291825935795
0.10959441506036983,-0.009167767683701665,-0.062182401733194954,0.014910091328357496,0.01581622596061494,-0.3363450385101623,-0.15184774709105145,0.2604325658639685,0.1376680757581462,-0.16394868187731784,0.2560968217394416,-0.12318443612766063,0.11016178695026163,-0.08666079992822999,0.28795899266689884,-0.052799524447856704,-0.11417837016197967,0.07329289636616264,-0.1999597057702169,-0.12037768340065172,-0.12469694386364719,0.1993419427131649,-0.03266120049388079,0.20060149890339585
0.2049929000640796,0.030407813372007306,-0.008943662112129833,0.06752000565211061,0.03871649354499591,-0.36219469411747646,-0.16524157465933925,0.2241236480944537,0.08286224061980035,-0.14448014709676882,0.22679884531139746,-0.1502949690339703,0.09219890690791216,-0.06864463124880787,0.2785173508852027,-0.0673473674414864,-0.118467564749084,0.08963970037630302,-0.20172182617728562,-0.13826222316899778,-0.08183886644875339,0.2518650777554724,0.027666056626111685,0.1144010974332987
0.19883655257519298,0.01488516449128653,-0.025673771001488235,0.08768787603673917,-0.015190533178630587,-0.3700615411943308,-0.1696041270578203,0.21742265632972868,0.055215485371306765,-0.14864847300473746,0.21375660095414817,-0.1741813547539725,0.06407616190135539,-0.05772613750965333,0.2751867304538352,-0.03857031495789065,-0.1043482446266541,0.11570861444366648,-0.1835872034897266,-0.14966635960963118,-0.1255551349780144,0.242649039573194,0.026905392687776274,0.11549766618335391
-0.15383608335297294,-0.062376353035281676,-0.04998049487739508,-0.16732216177530118,-0.16951006119422363,0.2770103406141588,0.24687300647295038,0.045304121889246894,-0.10647719918507223,0.19235699355719116,-0.14194575139370572,0.1689305743466427,-0.05933135464521905,0.19167673820349035,-0.25171882396877004,-0.06615756681861568,0.10773269153243295,0.1287339888791384,-0.0650291742975445,0.06542313429384662,0.2872617982242208,-0.14267999622998012,0.009361037520326212,-0.25945982051965893
0.10464688005729764,-0.01339381141482313,-0.0876041924970484,0.006642579859970168,0.005016342616930888,-0.33778174227001945,-0.1466512082988506,0.25798148997881654,0.13528058080477517,-0.16478119436133606,0.25821511017972915,-0.10884103034912167,0.1046618235787408,-0.0930318693230258,0.2861126872691419,-0.058903199522812345,-0.11691977242593278,0.07380200721711608,-0.20271445537560845,-0.12393199491915953,-0.12158015759729496,0.20799135755432163,-0.032299243902592124,0.17990212715989765
0.1987126185256094,0.016325591207250092,-0.021924985769146223,0.0875114104860237,-0.01470833849553797,-0.36918547703564036,-0.17058896498063347,0.2170807753292759,0.05541889188800504,-0.14703143583421802,0.21440967199616967,-0.1752354878118763,0.061730420533732455,-0.057680015476496024,0.2761030213623114,-0.04066198940928539,-0.10579910373702572,0.11395451730251963,-0.18258617307447905,-0.15158370237835883,-0.1262935194805961,0.24115263510195406,0.028140588428834646,0.1164001657437188
0.21510856245376253,0.0319779429434699,-0.018374565513203052,0.07021852709083107,0.045420085950663165,-0.3698198718220645,-0.14537229665375434,0.23307636747296137,0.07805727476103179,-0.1292151303049116,0.23623662858685648,-0.15593096584353122,0.12080467543521965,-0.067596638826311,0.2679518193598588,-0.024696264475130347,-0.10935566424371641,0.11256433499820033,-0.1916412623923898,-0.12942414045245212,-0.07982043436286468,0.26596926902591206,0.02678100056601041,0.10799688157897006
0.19149431581237059,0.0006401244489257125,-0.038247238239778714,0.0778445490162596,-0.009890831238533267,-0.37004263566179624,-0.15196594080824133,0.2356387781007563,0.06603346960645398,-0.1356207744069404,0.2340767232082968,-0.16688313561436074,0.06808427033629248,-0.061114181491776,0.27380921536879466,-0.04530100816342886,-0.09799052597741632,0.10824230370469788,-0.197853088476911,-0.12281422510210274,-0.12491334693802916,0.24351258849653418,0.00555816352194006,0.11908707766077825
0.1914687583839996,0.013708682649392293,-0.015470678044379486,0.07015348485885033,0.03364637157285201,-0.36357538458106314,-0.1662003008948642,0.22415649901505538,0.08129514332726798,-0.14398076670106894,0.22470381062868977,-0.15757791790974632,0.1024590977982964,-0.0749553311997535,0.2727473379477345,-0.05582998243197547,-0.1172776335531754,0.0907378435198585,-0.2016931989176823,-0.1326193078275654,-0.09461295051419888,0.24290228157227856,0.005502565073816615,0.13495873721345963
0.20516049418480617,0.00210840172010069,-0.02434120408473027,0.08927339717759727,-0.009375518190047685,-0.3656164614589646,-0.15691814230577136,0.22043849054910966,0.06353464065293558,-0.13126656706500348,0.2161316977008613,-0.169310942244049,0.07390524537488422,-0.06102231272733989,0.2803880575573111,-0.05194292854694133,-0.10620450934403175,0.11134396674936765,-0.19805043344599982,-0.13503659666519566,-0.1031643661026401,0.25248187671545747,0.007605484160033201,0.11959475579868589
0.20773335005124677,-0.004499994839861676,-0.019758218833828747,0.07371646060484609,0.015575882719106218,-0.37714081404913496,-0.15879391059337783,0.22392457813207647,0.07983579567607015,-0.144480303025509,0.23409504909096251,-0.15563118646576998,0.07582500113371755,-0.06498536865235985,0.26496841746947625,-0.06662385714813585,-0.08980646615318108,0.09957385332294127,-0.2275058151529594,-0.08722377808636804,-0.10361172735413773,0.25330512256203447,-0.010892121291483774,0.1046635326296839
0.21303429370210755,0.018315438783865705,-0.032403964715612375,0.07414205581740207,0.02940968762875608,-0.37659353501556847,-0.1574195970122765,0.22539304199715054,0.06089398918661121,-0.1272975889009549,0.2257474744215831,-0.1705975747053166,0.07024485861162931,-0.06434074115474844,0.27208797146738306,-0.08333133712172303,-0.11002143451467972,0.09857932467802744,-0.2206973809771803,-0.1286477826873888,-0.07668679577484516,0.258939764101566,0.01484531383464382,0.08446627140259873
-0.13371937990623375,-0.07489865388183335,0.007148241202177164,-0.0987502123232207,-0.23081937716232248,0.26902569790899306,0.2452984051254007,0.04984798311040859,-0.15226352771298657,0.24379421659233247,-0.20855549494073122,0.07647986164668306,-0.04507004338984307,0.24619846256962316,-0.1715872389332085,-0.031538753037168736,0.1571932372253459,-0.021842478314591893,0.003655290874626988,-0.051797788170244705,0.3085685672561217,-0.1571063300651226,0.05861511259874317,-0.21191078303429775
0.19880096319506113,0.017798132307157277,-0.025850134991820598,0.08975680933025014,-0.009073990093764788,-0.3705312003228143,-0.17132385350261034,0.2136035275223373,0.05584389984556005,-0.1446464515353796,0.214963585302009,-0.17588451794952267,0.05979102187975597,-0.06212165926678427,0.2744095704330218,-0.04061649522600033,-0.10715834487575854,0.11647849413125788,-0.185100236884505,-0.14973707091982313,-0.12753418921664159,0.24122764188798285,0.029438104268011765,0.11451531369865302
0.1810915970518732,0.02876582229289958,-0.004708281650662358,0.08343532878184387,0.02907501156871334,-0.3489974847701459,-0.16310047477059814,0.24437475321668514,0.06500168228267464,-0.12428308826112663,0.2424368546657,-0.16304271210542806,0.0615489997477852,-0.07166254261740028,0.292423965141211,-0.035981706122430596,-0.11052564792159401,0.14492569689243195,-0.1899276866773839,-0.14605596539740592,-0.1016830503307169,0.2225665239808461,0.028710538111291612,0.1475949873925957
-0.044723993236793914,0.06062630390640653,-0.3684458630950135,0.10195815730858479,0.08427630103415856,0.017585764314125594,0.1505653900072766,0.06087673927872652,-0.2771449160759577,-0.07082530868738837,0.044118643825564886,-0.3444242805661394,0.044142398314516454,0.25885511970951663,-0.1472927248598609,0.1842912532729982,-0.09448188950533493,0.23377533945215287,-0.20967140382411034,-0.13060884667822975,0.257402569491612,-0.1496935931298213,-0.11068241407840579,0.29970069764417057
0.11507805547287399,-0.02166502002738766,-0.11773566423477247,0.033073305185425304,-0.005168134711062923,-0.3440980440236164,-0.14424097025555768,0.23800628080399147,0.1123554970454452,-0.1445949577727569,0.23254107289163148,-0.13145382085267385,0.10129295891197414,-0.10512250166262593,0.28624173160505056,-0.04786428083625393,-0.13120659616773495,0.10616763012534407,-0.2088139550754829,-0.1394439107118977,-0.10204198503354873,0.21759021018364982,-0.04216276805366928,0.1701974277096233
0.19221589257140126,0.0014681154043529713,-0.010860653832175044,0.06530483835760162,0.007634009872861992,-0.3643902190483275,-0.15951341019170506,0.22808568256787146,0.07533386994573808,-0.13966377126561577,0.2271646561478392,-0.16025856919188095,0.07604359779152785,-0.07358037468623121,0.27827923979807834,-0.049901583158219284,-0.10646964952586961,0.12752353738309313,-0.21787542491609882,-0.12445178831674361,-0.09448171387949869,0.23916923420067673,-0.0002398771420821371,0.12346673938325964
0.2076087382916494,-0.003575027607168859,-0.022424302763736453,0.07201388198263706,0.017147426755515484,-0.3779768438169157,-0.15994627598377573,0.22171538926228732,0.08151099584439506,-0.14781764687749435,0.23113121538947343,-0.15573727928983902,0.0751132521759768,-0.06486436622558908,0.26442230422492685,-0.06988672957788854,-0.08872470872567802,0.10086093138621423,-0.23096908667098312,-0.08670387637922203,-0.10117001611042943,0.25397928509882206,-0.010394777308239175,0.10180584904229664
0.18778564498807565,0.0008800868474920464,-0.028923970104031894,0.07370310625041318,0.019729602371557395,-0.36326615772432164,-0.15417824294472618,0.23242124370780298,0.07442829982074842,-0.12670108752012998,0.2254243986194802,-0.16691321024905528,0.09568572767370256,-0.07344466773942225,0.27667129569760274,-0.06497444429406406,-0.11192926598125977,0.09873848205965671,-0.2127861552841144,-0.12261038115050046,-0.0864349777033117,0.24284565337364633,-0.008004626326320843,0.13582663472565457
0.20698796544214845,0.02014280773624388,-0.0029459456295113295,0.06853695643078614,0.03426476242455921,-0.36823498081158823,-0.14611875184509393,0.2404952066172972,0.07272352475801283,-0.1387666871333387,0.22780720060471008,-0.16070411640702342,0.09363673639658626,-0.07363137584731642,0.2726039954913684,-0.062196266383414585,-0.11649636704329583,0.09010156880374665,-0.2049562687354824,-0.1351057029611462,-0.08655437661382158,0.25042676500498834,0.015768589009719187,0.11282802874891291
0.21549930847502322,0.03329363365810011,-0.040557134936358305,0.11487653796590554,0.006691208555896217,-0.3711828518432963,-0.16407530472390516,0.2203233094222141,0.04367330568111399,-0.12766351265990508,0.2115260331371386,-0.1898363651435182,0.07443887391631518,-0.03484658445469297,0.2764854649295177,-0.04579252590564469,-0.09439143084514606,0.10421613889714344,-0.18259327517838356,-0.13496093375074003,-0.1059116095724476,0.26054994193684194,0.04638689990142791,0.11297507215993284
0.19648395281747094,0.0042912756443818185,-0.038789174575761295,0.08153760120445164,-0.012010134387758144,-0.37041151173276815,-0.15352869568054195,0.23095778979597972,0.05812290776595518,-0.13401887235488008,0.2200730555640128,-0.17748980260937483,0.07311032319165668,-0.05385708344671758,0.2761284454720278,-0.0467233254357581,-0.09546964287076067,0.12015397995754916,-0.2047364588117874,-0.12733908820358922,-0.10599639227519125,0.2483979566275741,0.012463030975086605,0.11538634293010488
0.19008892843800024,0.0018533153686627643,-0.036682915549181766,0.07580125473468423,0.016118700283296893,-0.36511898350458455,-0.14733862013085317,0.2339133321103291,0.07393078648585233,-0.12475212865940918,0.2277609771919996,-0.16598711525575724,0.09234390096286606,-0.0742163530163868,0.27588459391138137,-0.05506332163430242,-0.1086708146599653,0.107910671023278,-0.21276457299798587,-0.11841291162149709,-0.08978360352590575,0.24658509837436302,-0.005031265938755865,0.12937849141668822
-0.14255593691263696,-0.07169066705274443,-0.042253275154460174,-0.14539169021898068,-0.13196420795031427,0.28820970531742623,0.24464629094456242,0.03160598779065798,-0.1313432674350257,0.2223826079062178,-0.12831876935662032,0.12873118521776886,-0.06185847907301399,0.20513771559680213,-0.2554743357399979,-0.08013902998291383,0.12143668362023011,0.10047974525673628,-0.08603126323980571,0.07618616485603207,0.28037533086964106,-0.13404855394730178,-0.032409628991014766,-0.24635076227694253
0.113486117110966,0.008426615638340722,-0.051716744899857614,0.026552220895848286,0.07581056952373964,-0.3465397023126421,-0.18627029279240445,0.23812855084980086,0.1389659326420129,-0.17502306962886316,0.2556049383971288,-0.1418414674816866,0.12297017380872534,-0.08711098109077543,0.26587717200533423,-0.03344175756554151,-0.11622971758937518,0.06332634338778315,-0.18902792310600847,-0.11820951339160576,-0.14812837170739251,0.18937897301900133,-0.050497306235450214,0.20709856654376504
0.20303362319027138,0.03345795686413879,-0.006593925499776735,0.08151572188641777,0.052062875572613444,-0.3642257586891565,-0.1505505242247029,0.23607919413318434,0.06957832074734284,-0.11801297211138442,0.2413824110177846,-0.1658493407814702,0.09794612847230867,-0.08022449377593618,0.27254269273233533,-0.02738391794210484,-0.12037597402956965,0.11296561366450251,-0.18260610082153048,-0.1447129790428292,-0.10080213177883589,0.24652598115355132,0.026550763800231525,0.1253737157786025
0.19826785956068788,0.0026880421080769583,-0.02245703260287555,0.08237152668960082,-0.013110889474392212,-0.3652708854388484,-0.15495872378679962,0.22811007353558477,0.06583409563268183,-0.13316177205110089,0.22137148861420042,-0.17184340508946702,0.0691913614657037,-0.058255163118526215,0.2802238053138729,-0.05196998412842419,-0.10333863604069017,0.1081528753018549,-0.19784240681985132,-0.13329251669493733,-0.11246287182740285,0.2457689501397504,0.009534622810146167,0.12296910048592474
0.18393537045245326,0.02597130026830646,-0.0017687079360775438,0.08469490616700835,0.030553775581696425,-0.34974976479405484,-0.16222692973316324,0.23980599012323203,0.06775916172574195,-0.12443597783878141,0.23854422886072713,-0.16340004093231178,0.06048446373823092,-0.07586283778870415,0.29125664453072203,-0.03743105287499258,-0.11202176746359546,0.14706826820599087,-0.19423090574893026,-0.1447210586011927,-0.10112466793855344,0.2245192764431106,0.024578392596575956,0.14578133923031633
-0.1720846525192307,-0.10003547832147332,0.05455252726501318,-0.16429190049401096,-0.19028861328866997,0.2541503852093486,0.2617980225139395,-0.023696180859955868,-0.12769543883282264,0.22967585870597743,-0.19515081716638988,0.06269327235821827,-0.02784968066043824,0.21377454951232552,-0.22369359983549575,-0.016887223705688428,0.10722571661440627,0.03892336098968426,-0.005453015354514116,0.007398972875977181,0.26305149621181395,-0.17738958289460835,0.029935952106866576,-0.23160352898817801
0.1924925970011097,0.0036209045616934455,-0.033825405514378605,0.07115397610731095,-0.006636253582459727,-0.37151867867821187,-0.14797667112982885,0.23525403306333603,0.06890863653761091,-0.13516546311522717,0.23022419855397036,-0.17033291007201298,0.08163090644523932,-0.06273580326956978,0.2719106166559591,-0.038762087156172846,-0.10284981036805121,0.10588173522781025,-0.19368022174797536,-0.13182485291182358,-0.12150047139922902,0.24563954841756352,0.009005560783686183,0.11854845746945865
-0.15846052710414135,-0.04091372859335224,-0.004358436916531927,-0.1601898388623615,-0.16596044479270372,0.22898685648529632,0.2259488490724545,0.05781273298218317,-0.20859849660211377,0.1605413903603546,-0.20821703077725973,0.08228397995344454,-0.028458242996008666,0.271948259574497,-0.2518553453195401,-0.03167555196152423,0.1662886856997741,-0.030522129232452615,-0.03226822304734141,0.008490717007203143,0.2701615282622387,-0.14828049839457597,0.11235123590286716,-0.2892210332133788
-0.03963404631383943,0.06778026664807424,-0.3521305077115264,0.12397049323960026,0.0602093551178922,0.03561046201949317,0.17768558022676278,0.05492248261619803,-0.2537218338121608,-0.049456042777785286,0.06293101907351932,-0.34279959296683704,0.00811686091564602,0.25371221230024404,-0.11703160813689906,0.20274586268701955,-0.09234070401044996,0.23071976350589066,-0.20447923851903782,-0.11726070384980353,0.2656556405974315,-0.13612578734517297,-0.11617413384995509,0.30190341558164574
0.2089261142555194,0.017908747002008535,-0.013572912743647251,0.08806008319513255,0.02763644783025425,-0.34420004752288924,-0.12881564474306062,0.24461518768627316,0.11889262446579357,-0.12649963556893565,0.25323138214358953,-0.12249872286451631,0.10363062095060045,-0.06195822326403246,0.2937764577326578,-0.03223194847038691,-0.09717222774875427,0.08810425538556343,-0.1616645648673222,-0.11359480752794211,-0.11623854247929974,0.2666168365210767,0.01355976183327797,0.14800262156332514
0.18088093504188224,-0.010133041128475523,0.01155552318885166,0.06331452093614093,-0.0277028045517087,-0.3266632835082567,-0.1534468552668925,0.25550967205910186,0.12984351288067134,-0.15366244848181068,0.2621439095540833,-0.11521122137026714,0.045150695686355824,-0.033453015097061146,0.3150619360676289,-0.07032986269918037,-0.06287041945984546,0.10749698181215177,-0.19519417172754397,-0.07714027774205014,-0.12503564676143322,0.2334727360244888,-0.0019116983972858959,0.16892990871291302
0.1995885287416918,0.002051156818765242,-0.02776203056195799,0.09131088928732405,-0.00034026713948497517,-0.3628687223788344,-0.1545992656527179,0.22148120925992787,0.06536375430761181,-0.12320129803089887,0.21299652880136194,-0.17454281235069258,0.07861335927529685,-0.06665427925857302,0.2821641432207222,-0.059659598135361314,-0.110060188225086,0.10931363738195853,-0.2061303455518828,-0.13060415505577347,-0.09429001466643895,0.24892908548120377,0.0031920911942785323,0.1295394183765016
-0.15599041059358126,-0.06512749551982687,-0.05167772716817385,-0.16607931269616855,-0.16846440656264783,0.28729378607619666,0.2435526634793426,0.04257410856448751,-0.09410955427259202,0.19766989786405087,-0.13876925602661436,0.16725733183825012,-0.062344271478711445,0.196517495914517,-0.23686704778099932,-0.07116265640950467,0.11302834864015665,0.13163030564992745,-0.0728260813618359,0.06918993494071965,0.29433394654713463,-0.14611285659063816,-0.005636730441289885,-0.24260474025184683
0.18685764968389826,0.0055040282561569405,-0.03347497348578337,0.07506843732852075,0.023122123210571176,-0.3605069505850002,-0.1488414948230184,0.23926426614220847,0.07991408126134751,-0.12546445126827957,0.2302634417931665,-0.16503989441116754,0.09998480355738491,-0.06682014320143621,0.27933864248167284,-0.058754002159244735,-0.10577805034821314,0.10044478011184137,-0.209950195006806,-0.11516076964701198,-0.0859600849221425,0.24527874920739418,-0.003484483590803463,0.14073550788893294
0.20085977474089464,0.029937761481082827,-0.006568602514664996,0.08144388680575783,0.047131527528521684,-0.3603493968285773,-0.14582203663830454,0.23897212138863647,0.07552436482500773,-0.11768585052237954,0.24077433910643298,-0.16243870396366036,0.09708666907301491,-0.080510196581038,0.27668068533141615,-0.029018662542605777,-0.11942966357596452,0.1137778107817975,-0.18258779038412257,-0.14328213260481681,-0.10082105871649646,0.2460743039581618,0.023706343002569498,0.13106382011331952
0.19669877455148035,0.02088334941367591,-0.029358301289745658,0.0900657410264085,-0.0055883627334851905,-0.37063542081019346,-0.17137385908975608,0.21436008786397098,0.058122975965112914,-0.14652995842562422,0.21404098151215056,-0.17884277848719296,0.05800618668586222,-0.05956197493624374,0.2743708377129178,-0.03826903295792993,-0.10634767001045704,0.11531187580467642,-0.1813255906955804,-0.151554668993676,-0.1317065152453164,0.24025213883280555,0.03150337461496192,0.11609050595965967
-0.07000618421229475,0.07582079803858298,-0.2990679235142627,0.05176454283320508,0.04798963135334453,0.10669407721851801,0.13395679200049904,0.08932232909318166,-0.21372256772941706,-0.10294421496900168,0.05008152467681631,-0.27720296947579004,-0.013144636485952252,0.2441140706284526,-0.11138504280992806,0.1619202815442594,-0.12342758374003607,0.3242123880702423,-0.2104404376544586,-0.17979952150502163,0.34363225587162194,-0.1476040652890642,-0.1706423615818753,0.3746353133987141
0.244658561570299,-0.031060952027492632,0.08650014853366611,0.15276870642623763,0.1775435459674055,0.12378149191790984,-0.03722444137108007,-0.32747152166716087,-0.11068503219441078,-0.09745158191510957,-0.23402294601348544,0.0838205320267857,-0.14477916725563678,-0.12712430559970403,0.2626648015712093,-0.023434654852815033,-0.025743443507207923,-0.2423796625877654,-0.07096126679366013,0.14390574965413808,-0.08589975165049814,-0.1157386659112386,0.31167880998344794,0.0736790794539748
0.2260798395531626,0.0116929369015176,0.00606974039760832,0.1313853985584288,0.1951674312933573,0.0878714283049669,0.022148454858157002,-0.31288126801505406,-0.09027641080955247,-0.017028644539536644,-0.24109322882296003,0.024376221642401014,-0.10210955215675101,-0.06641487948271815,0.27560334515202034,-0.11181995869573602,-0.02174534043578173,-0.2553352875762392,-0.17089104427087096,0.09787326277264606,-0.11138880935565165,-0.2476418381845688,0.2619507212327226,0.09075120085687725
0.20289630241665085,0.003808178767001523,-0.02778822119500453,0.095919430893853,0.00065625574401702,-0.36548029128176557,-0.15963658540753936,0.21650215166951584,0.06549721892149366,-0.13151225586761386,0.21149901670644347,-0.17493462654969127,0.07487323929139021,-0.06201188127025814,0.27947642911804815,-0.04976151857361384,-0.108188530644361,0.10866390489369039,-0.1964386788025199,-0.13489491564220926,-0.10690126407480285,0.25067798753788506,0.0057052332488923205,0.12712508092527341
-0.14396062550120922,-0.0747615899493342,-0.040080607154799656,-0.14878699051960556,-0.13464296313682234,0.29174180793477766,0.2400449633993392,0.03009772900523449,-0.13171006844667243,0.2205554964783002,-0.13025474606191098,0.13434893176818002,-0.057478913443894185,0.20906056849888016,-0.24775285750800066,-0.07761801605303319,0.119823701345072,0.10290824617809342,-0.08661001931000104,0.07009467400717319,0.2870154030306721,-0.13599906134331757,-0.034621686757786235,-0.2419617354005673
0.19677427955933635,-0.004030010536580889,-0.036099657359607004,0.09729839166227353,0.007550248313800434,-0.3641213309246988,-0.1564141077557209,0.21529991853748076,0.06253090963011773,-0.11778698909848932,0.20865764991232474,-0.18020455766167867,0.08431082323704632,-0.07370102214193937,0.2792181936642023,-0.05516118001905993,-0.12082885152197632,0.10189618493189617,-0.19876037058140214,-0.14033268506784913,-0.09806644124507405,0.24765988029110977,-0.009674879520511716,0.13592289700072402
-0.03837660391785776,0.055284237883895984,-0.3707849969113478,0.10182603012768053,0.08375780470085165,0.018025826375963575,0.15664837409486568,0.057213338648301276,-0.2809848483556925,-0.06561039506652432,0.04405477015358269,-0.3462057968053605,0.010875512021784122,0.25558787847081177,-0.15371538091749382,0.1891851008290004,-0.08679361685537415,0.23439739711675125,-0.2021383906007312,-0.13203010906082402,0.25948350860618435,-0.14602487887595006,-0.10953807914065766,0.30036819253840885
0.1805618075052345,0.004289871660052075,-0.05412358933600152,0.061387541794883496,-0.0014401518464785047,-0.3652546407880626,-0.17989583327811026,0.1941211064999123,0.08993478331858683,-0.1658242300991798,0.18754310351742223,-0.16105313876464347,0.09722645580738647,-0.06591190853783292,0.2765887345877469,-0.0801184184379498,-0.12616821521958,0.07527406371519808,-0.2125534185036326,-0.14572714058113384,-0.08690125798491892,0.24781102001004837,0.008054239802040066,0.12519174305871825
0.20084826737416187,0.01179942566409215,-0.012727090303361312,0.08245097409127787,0.028053344752271718,-0.3629598520656053,-0.1566504291861598,0.23185832566528633,0.08671068204964907,-0.14218153915835718,0.23036310284119574,-0.15691802717885617,0.07886436282415461,-0.06289643002657576,0.2779887125191583,-0.06646724322256757,-0.09457948458633134,0.09914732125306411,-0.21609720980955413,-0.10111185105190966,-0.09944589621547793,0.2481385217686615,0.005524839789745702,0.1294204639579445
-0.13697369343128452,-0.08690289397561879,0.036141360755668844,-0.15413815959804128,-0.18161153240876812,0.21674101278998495,0.27608355374256044,0.02156208114694437,-0.1669152545647105,0.19086760296992678,-0.22769007657221343,0.07589139913461726,0.02976569335562017,0.2619672306682713,-0.22771576923404108,0.004166040455021604,0.16419788523696402,-0.038310080501473165,-0.03478240415803785,-0.006963197762838571,0.26879438176973186,-0.0947682123300797,0.08094558749418053,-0.2816538894892096
0.18731909062690613,0.006103705460238146,-0.01716761585893389,0.09998241347557395,-0.02226689518830481,-0.3347290432148304,-0.15421748546875283,0.2450146402893462,0.08456117000071171,-0.1312019001747232,0.2296628073905794,-0.15714264765593797,0.0367006825969394,-0.040999059196881675,0.30804947407465927,-0.08205712979178882,-0.09119232600155418,0.09141634794376109,-0.1908439334664173,-0.11967326136587608,-0.11540087282260655,0.23430912571780205,0.02266241274365145,0.15977156291995948
0.24136492729019998,-0.04393688030856338,0.06519123930742686,0.16654755865422732,0.1661450073617255,0.120440218705154,-0.009687636286084614,-0.30744215947745945,-0.12510207653152633,-0.06502452880658352,-0.22267226802265397,0.018827162143286835,-0.14137719500100976,-0.07044561932613465,0.2406099319317218,-0.020148971295665955,-0.0022957945432290064,-0.27329045414167535,-0.09478405706408559,0.17172368141509506,-0.09491177550763293,-0.15347584672682982,0.311407973805456,0.055557935511855075
0.17884194558792726,-0.00624710408125093,0.019707568007118634,0.06354626789209931,-0.03358286429994067,-0.3243269497587441,-0.15925253267702136,0.25399897794517706,0.12554311485817868,-0.15559402272538653,0.2549600363877668,-0.12485132924187711,0.04498183583239286,-0.02837315138832976,0.3173080191595963,-0.06911139474764055,-0.06696841396838088,0.10569431868614151,-0.1910534532570661,-0.08931739514074288,-0.12614543025931305,0.22885468613745763,0.006322181448738291,0.17535097623723236
0.2609040979426923,-0.13922434072815346,-0.07131249135274081,0.1968982334674904,0.21680214250686794,0.13211437501542,-0.003957795454875628,-0.274453138087438,-0.18863863420317034,-0.05612640528802982,-0.1392201173019869,-0.04886189790852939,-0.1564341554706908,0.13378012530111258,0.21781135965287976,0.011100712070768286,-0.06580743544412095,-0.3078575842098478,-0.04944568784380406,0.07162408923766468,-0.15235662946211392,-0.14298515921076735,0.2974664406689284,0.12479518647327502
-0.1671723679088548,-0.07608492307851376,0.060412018698260427,-0.15030478267875844,-0.14469042573835608,0.2753957954120357,0.24634454420364185,0.017840219656050933,-0.15944554689861312,0.23752215818599626,-0.17270926252106591,0.056157892135959134,-0.020376875059271368,0.23635725123042084,-0.22667467061046168,-0.02989736395888825,0.13744889203825816,-0.005633356685230977,-0.038968397794650264,0.005271474495969812,0.2781633472423026,-0.18207893127478136,0.023845686634212347,-0.22986064381685622
-0.13723484006583708,-0.08388159026235695,0.035283037162033695,-0.15563565589371023,-0.17754739812967177,0.22102886636132726,0.27494477614532353,0.025124953304084166,-0.1666641965530496,0.19252045855227795,-0.2248621347919576,0.08115517239419658,0.033575647628542996,0.26315958272632345,-0.22511316324381786,0.007100766690105763,0.16656503443034967,-0.04044439567709663,-0.038796245195499866,-0.008481713491512213,0.27178707646798056,-0.09449282308950338,0.07830679566214872,-0.28059819599026775
0.2098586466648071,-0.01555590760044914,-0.03735605920824717,0.10801325758212138,0.011362866946698384,-0.362981018863491,-0.1246931737339727,0.2219973842149194,0.0744199618755013,-0.0954665110336092,0.22246634453447212,-0.16793967506071597,0.1059648143628926,-0.08888181560469759,0.2770186134268803,-0.011829804809929486,-0.11713430315757492,0.13245232164144402,-0.1860765037522637,-0.12613266564506886,-0.1012820415153873,0.2636030719505765,-0.030268338266594638,0.13862200696963792
0.20719523876779283,0.03476616381580701,-0.003817503028023612,0.09779610834445238,-0.019844651522256982,-0.3558986788676917,-0.16812728334474197,0.2195720640176831,0.06810831298359203,-0.15108819194430964,0.20982709907865676,-0.1696255731281585,0.036464445962528555,-0.045870016570651415,0.2900668734115905,-0.060474674636840135,-0.10309364434330864,0.1027958339152916,-0.17364089669164132,-0.1557205359556073,-0.12689702501656777,0.24314866908421776,0.05390507755296309,0.11704469124376202
-0.06750852680334533,0.08272369781288533,-0.3203016818244467,0.06335285636158694,0.07766170705695273,0.08849322345943471,0.10444968044186469,0.055769733528096575,-0.25869876377909723,-0.08319733306298016,0.0734882493365614,-0.3075862292043428,-0.023421417836979434,0.2882646971828818,-0.09922199301320703,0.18000435751431365,-0.10378620904881208,0.2577087946677614,-0.20769322853012764,-0.087888894268692,0.33309187466087115,-0.1746912786341942,-0.07822647680490452,0.35470703487164645
0.24423916679825836,-0.04926917663127108,0.041219979387651914,0.17157334102975066,0.1635522732996534,0.1025459679218305,-0.012057411307732297,-0.3115924167868999,-0.13294960457478947,-0.0735887265452254,-0.2130340715829292,0.032609999555563346,-0.1376004959558803,-0.07589748519378108,0.23614315882734696,-0.028021441383662422,0.004822712464680315,-0.28022294778601975,-0.08929823355055774,0.15439463289501712,-0.11601995849101028,-0.1521965059080359,0.30465773753168357,0.060530818369890965
-0.1539500975031349,-0.04821065850796882,-0.02125974090126999,-0.163457960089944,-0.1624638932125471,0.2309419726227006,0.23165511229761512,0.04210577549617741,-0.219931764233683,0.15716662458870612,-0.22204581113572902,0.09599823261092973,-0.0034391300069978007,0.24833467401767362,-0.27166077132003147,-0.020363096038855995,0.1528402710634607,-0.05290489404211563,-0.03831778438772859,0.0007124578238776798,0.2669056446474859,-0.13410995629553316,0.08309983158520179,-0.30782686292110806
0.18623723427060437,0.009341943104484652,-0.015762863551635177,0.09243135890592122,-0.024288133427403217,-0.33241444277980176,-0.15464260555223897,0.24574313307654136,0.0895105224569763,-0.12631114484989078,0.23382578414399083,-0.15626822276093602,0.038475085307039004,-0.03579658707176216,0.311414398201965,-0.08029156846391083,-0.0881025436772754,0.10050797851742725,-0.18949298087305502,-0.12199074401095812,-0.11193752957327427,0.23535777079215456,0.028548716829511486,0.15854359633573245
0.18297516561210847,0.022513828470058544,-0.010833805711777432,0.07907095003294887,0.02676940561441557,-0.35221192681965796,-0.16214983892639462,0.23529369561216218,0.07269407857900195,-0.12464862318473477,0.23319788530110871,-0.16803804829120378,0.06366864920341093,-0.07213124706701421,0.2902788045438244,-0.04277229180900967,-0.10813469283586863,0.14718244813315026,-0.20068346664254436,-0.1418220280645518,-0.098130536380189,0.22798731081105045,0.02032357665281647,0.14254255394100288
0.20781874816598553,0.01400646574536707,-0.059695522573658226,0.12639404336409596,-0.002180752904275774,-0.3639912702207042,-0.16252295402566705,0.21408430280975924,0.052447774051876395,-0.12081015199800658,0.20767204651493557,-0.1902735339214036,0.06766437612356026,-0.0396345943553556,0.2807990522974102,-0.04497621933774573,-0.08899149393371497,0.11553657551664598,-0.18574825766482975,-0.12373750164172395,-0.11619999908189342,0.25734673369217675,0.024743489612143208,0.1326518546496945
-0.04221029875587971,0.07185293541889318,-0.35842571805021484,0.1099723754665325,0.0684180871263508,0.03498718040344079,0.15811079174081624,0.06518058762039716,-0.2702483450467916,-0.05339732067816391,0.06559307793693417,-0.34821502464430887,-0.008871914900810638,0.2645705257885433,-0.1231369301939737,0.197890996211247,-0.08886477134121486,0.22887607162684515,-0.20200176856698887,-0.12195863412673809,0.26657718188846796,-0.14169380550069835,-0.11451713961049649,0.30134792593614546
-0.13868484236944595,-0.10570721244235577,0.0015147094751748686,-0.14597466888470612,-0.17765543711575674,0.21221794549074885,0.27210116934022904,0.05541251369708664,-0.13187998285332728,0.25231260190134314,-0.1430920830847933,0.017608515686000793,0.014399975741731819,0.29983301236126975,-0.18955344784858144,-0.022928415845103228,0.17202494211932343,0.01924027175461718,-0.06267380646042679,0.023576821358430713,0.25521210233220365,-0.11582299927041965,-0.00867659435589841,-0.2554400329300528
-0.14823158294830063,-0.05175316239821338,-0.019794555617837988,-0.15727509977778756,-0.1580569508096845,0.23216543775536447,0.23004590902400138,0.04254272209569012,-0.22317132930790243,0.15047708521139833,-0.21967491255289093,0.09801114248822108,-0.009959937921790781,0.24970570597870845,-0.27776051278606656,-0.02317534589427407,0.16159074389726083,-0.0578608218759616,-0.03640814230869862,0.01681817337851939,0.26737098385419467,-0.12982939383857658,0.0792507685253637,-0.3119805546474588
0.19137150994440089,-0.0020623668304273397,-0.03799499451095586,0.07483674623372331,0.023592241059716117,-0.37068062019380843,-0.14283157607762278,0.2276728211259559,0.07343705164954434,-0.11457204758524245,0.22594027132384492,-0.17483931031634473,0.08373172101167844,-0.08808258643474377,0.2693325537873924,-0.06184929857486224,-0.1157427162041285,0.10790381259902157,-0.22270942794375304,-0.11771926455963203,-0.09310122760965349,0.24511564355528548,-0.013979359109608132,0.11930205999116127
0.19206922062065898,0.022909690645515055,0.009307103114933008,0.07151096617335274,0.02795676489464151,-0.3572562355751431,-0.1681851637570212,0.22701860426964945,0.0780668401491552,-0.13880308185447102,0.22732335608440768,-0.1663499507974575,0.07570524962172563,-0.06892224180067674,0.28462568847223524,-0.03629344564664014,-0.10998090288187742,0.1358593078946578,-0.2002039060490418,-0.14155565519936517,-0.0986534955842821,0.23282434524580015,0.0216955983674845,0.13697844652262603
0.2790591457358073,-0.021131467870191975,-0.05789714171440873,0.20942550227202728,0.20958310060251736,0.013485078844256704,0.04218399469048675,-0.32635085054821855,-0.07436625438564286,-0.032934561214706684,-0.19721822244480006,0.04242885743226291,-0.15587041454138786,0.022784069887627833,0.2369244043019906,0.028693479790304437,0.023917742185369215,-0.26748130782765256,-0.06095527398696123,0.12365131450480434,-0.12257200045373046,-0.16460766333554983,0.26053888303800715,0.10576007338587493
0.21377248912282704,0.03223377443388413,-0.08301724326265936,0.10610840398944246,0.007946934881922517,-0.40079827127854917,-0.13562384657798526,0.2630471626515206,0.036834560802742104,-0.11793491167898,0.24963953359327648,-0.21604435503602748,0.09814238688632052,0.0008803949784392726,0.24437678221957826,-0.03339936378867707,-0.04441461625446971,0.07275146127524842,-0.18616963575716677,-0.07076948339501275,-0.14851082382852882,0.2720031840353739,0.04549396679880101,0.09506849340630172
0.21428655183200543,0.029512535748034117,-0.07861586238232667,0.10474023118541421,0.008319061470325385,-0.40260591213357605,-0.1336043319123352,0.2647342066899892,0.03704237591186205,-0.12108656370416325,0.24956525350356562,-0.21523318966676205,0.09826277586949023,-0.001785702163925373,0.24235602166901987,-0.03544848561638681,-0.04642246194833874,0.06552720747790791,-0.18644913633324825,-0.0706079412827395,-0.15158461878267798,0.2711814197664417,0.040798048562605826,0.09444453700411413
0.2703703667766327,-0.059973003240337136,-0.0685115083996174,0.229500324072071,0.16864784136190078,0.012654930576777383,0.05361040564396321,-0.3366128825429124,-0.07502411299981206,0.027130705569459637,-0.2601130357146968,0.017352417103313807,-0.05085309062900877,-0.0254334750876682,0.28565603313590404,-0.07267596185763019,0.017539296301718164,-0.2439672980112833,-0.10585577730717734,0.10147375158350036,-0.10418200706797223,-0.14303546138148365,0.24321656259834276,0.15789172573498897
0.22319012227847163,-0.09475391551871737,0.07485345524377628,0.1182478286601773,0.11282386429657028,0.1662836066418044,0.04540262582012415,-0.2867394133297543,-0.1771551824239777,-0.07737309945482629,-0.19252366257640552,0.12166432215398902,-0.11128367632454769,-0.14958338014870096,0.2233938090126106,-0.0367174353171896,0.04151909840300273,-0.29239472920238696,-0.1286432963773843,0.16540603065742251,-0.09363158238348347,-0.2055950976410691,0.2687979552729309,0.08040389894728298
-0.13495397000995604,-0.09398825850463803,0.03166010659259895,-0.152770394143897,-0.18914439308525227,0.21616625325051228,0.2754521946279739,0.027869232351673462,-0.161702066247129,0.1974098701364163,-0.22676325002102224,0.07404301847018986,0.03362010636558822,0.2662913361234108,-0.21443904719133702,0.0009211074959375044,0.15884294586665113,-0.023387805100921703,-0.049441855426415736,-0.016950309396048836,0.27160865467940803,-0.09236431584084016,0.06925500354148628,-0.2779485494202595
0.17535978892912982,0.000038856579676652716,-0.04697976293693276,0.06058044828191659,0.03932661457638237,-0.36889815604299064,-0.14190741701586274,0.2403450373364722,0.08162992055656579,-0.11566120526909926,0.2296661464578695,-0.17867249264719495,0.11218654388877092,-0.08455973957102186,0.2641635256429531,-0.07699747545326101,-0.11827315685378524,0.07684866968204264,-0.21953277045404526,-0.11817715965316765,-0.08585893200213811,0.23974788046375778,-0.02242129621911331,0.13641635565629912
0.2226665510464282,0.029507705127254494,0.011792316107007874,0.14959768906538443,0.007161625371322041,-0.3653131436413115,-0.17045510324632585,0.2168906322601757,0.03367811717791777,-0.10665125049451708,0.23980199148894926,-0.1950284538613723,-0.028419270268494275,-0.05446881829285959,0.2623927798860536,-0.07359390089058955,-0.07649230271988294,0.15302875823096215,-0.19051131408998503,-0.11143374264059898,-0.17100930439289977,0.23963027222150818,0.03626926265786777,0.10983431720208613
0.2310762756570716,-0.05404412205835302,0.06598236307866409,0.15274106569532317,0.16391422977600553,0.13232798448822683,-0.0006771860878593678,-0.29322686412168497,-0.13309742227266372,-0.07051867046772191,-0.1893793655355966,0.05024536304383909,-0.13112284191678367,-0.06183591246279983,0.24389887577083272,-0.04023968256591065,0.004746828114871556,-0.28151344043206084,-0.11431599248041392,0.16665074153181883,-0.10455170740560667,-0.17807636180056932,0.3102094797993294,0.05951549026332408
0.2908606766100874,-0.05002922412438826,0.02423711714129258,0.156608246710819,0.20458253909819832,0.2040589507716455,0.033589817897757716,-0.251528517607634,-0.17345117207600252,-0.05244903938378324,-0.15490663439934071,-0.010933637540028254,-0.19234583150871137,0.01704110814917982,0.2553868932551499,0.03246583220408629,-0.033349909942000794,-0.24618406764440987,-0.06590083919496721,0.0851516931418511,-0.07022416445923825,-0.1925686268247111,0.2461928286872661,0.17941686018277772
-0.09067499865063884,-0.15000147609262657,0.03763100186902492,-0.07270808102839721,-0.25298655587000307,0.20780873228293284,0.24883105617723572,0.10510528597849497,-0.19442298350209952,0.20708256245721976,-0.19299151330365324,0.12310440952208612,-0.062067337655649334,0.2136907845359581,-0.2752235962611889,-0.013423840985974997,0.10607183806894051,0.05071998266715176,0.030507331672158328,0.011333264526357889,0.26780229317612664,-0.12502220502184916,0.06537113923256738,-0.30805550438734675
0.2852467987476511,-0.024151569381632838,0.04780872697301607,0.19674248341480507,0.19153386683771143,0.13953814702042672,0.048806736614626485,-0.3037091781364795,-0.0870692785267592,0.005663406200860131,-0.24491384613698086,-0.021730463135716794,-0.1717932702789066,0.013303455506547789,0.2537672319270539,0.003812475989539081,-0.031546935273081604,-0.23368191916678566,-0.09993488415642714,0.1029286687986215,-0.06505155480969735,-0.20783140175557327,0.2466792019017417,0.1292599719099195
-0.12345467733563671,-0.07385913920030515,0.03509756675786108,-0.11184238429403066,-0.17124617950028886,0.2618561820958502,0.2390792370464335,0.02278701563801904,-0.19533838221117927,0.2041651596807849,-0.2082919437990192,0.08402577408500099,-0.016102337993951887,0.26075244296417693,-0.22202839556297682,-0.014395818139455117,0.14903298212562813,0.02460695754827754,-0.008261172685232113,0.020793109029039383,0.2933644401495197,-0.13103383026804805,0.056097229823536925,-0.2550015266912923
-0.027390794744510664,-0.00708203509327381,-0.32261937000505997,0.10047699011992332,0.0651303107835939,0.07762002603278859,0.16577240348522934,0.04702939681393205,-0.2445099600666586,-0.043200235702450115,-0.01729650659019068,-0.3082201049440498,-0.0093180769071349,0.2168248875333728,-0.15962941681542925,0.21408287716367647,-0.07497587991270067,0.3187769175557357,-0.15281539778241052,-0.12106369914603597,0.3637244878940512,-0.10667502590522426,-0.09057301641036669,0.3926356847861601
-0.11986000639093318,-0.12666792694380136,0.11058045896103552,-0.1194568135138623,-0.17674026020954553,0.25307403977526144,0.22485887149910386,0.05653717836673406,-0.178472204507266,0.1985775191997077,-0.19212015129715798,0.05237538391898847,-0.03988807210130762,0.2996733004725394,-0.18372065116422695,-0.0607396726243517,0.18297081808003318,0.006053076760384403,-0.0924255617881653,-0.0007165865871851314,0.2983267429006719,-0.0908562477500999,0.013697692848637562,-0.25730267805761425
-0.1207388007807009,-0.0731809210175819,0.03538361285990026,-0.10951759094572411,-0.18463701834827284,0.2652373179783788,0.23491058576491394,0.025623239530958415,-0.19864968193626012,0.17692382419412,-0.23350357891711476,0.10022158413130319,-0.019978375663027487,0.2560501830675143,-0.2223022355353998,-0.01380798697820254,0.14634907168779968,0.026980362753712257,-0.002241949170706284,0.012576292664678036,0.30411862380556803,-0.12530438567479277,0.07219699990197227,-0.25784557422123744
-0.03945983900785636,0.06972297027700358,-0.35912850211607056,0.11182312999737792,0.0610481111301224,0.03900373965721104,0.16316853409439122,0.05963395242013374,-0.2701288823066733,-0.05245218430911009,0.06387470263913513,-0.3476006245890567,-0.013970369190909094,0.2597692085778878,-0.12719633200999902,0.19770623119182607,-0.0879354093733062,0.22895577411932425,-0.2007523040317641,-0.12390224427837093,0.2623788070393173,-0.13907964325630884,-0.10804016015715924,0.30339514758382014
-0.1566651020952499,-0.07729061481269452,-0.013200304333479934,-0.1272525868186021,-0.21718843065848176,0.20921599061650745,0.19784060354962005,0.034225526416510235,-0.21125124000233406,0.16384493117067295,-0.2160160042734458,0.017532011119095442,-0.10056977587367072,0.2759523998826038,-0.21498306001769904,-0.07547888648696807,0.17919050816753787,-0.027822121298446096,-0.03288096870627258,0.011974623297170289,0.26477226128436215,-0.18239770522273832,0.08270932724134994,-0.26135073615078097
-0.043318642346159904,0.06710687641420608,-0.3487646257579813,0.11087086267916536,0.06918067216639223,0.05245879483093829,0.1607944557096343,0.07162464782634152,-0.24398941556605297,-0.07408211421439607,0.049020939821513634,-0.31863313692360495,-0.0010751308381008252,0.2569669971531076,-0.09391321334697973,0.19443882905051896,-0.08265080508744349,0.2201004190521393,-0.21957065865142206,-0.12123839752238968,0.2555774732370794,-0.1596596696030753,-0.11085192836754894,0.2962908743760515
-0.019951947204899616,0.04812171129299063,-0.32121227415871356,0.04362138069524135,0.07430745947266365,0.12831413112544818,0.11317380697996351,0.08407192642772439,-0.2417525704923053,-0.055768836448644346,0.018680710699233962,-0.2924027747151241,-0.02814994637803279,0.2890553102677673,-0.06570579110580003,0.20682701401277237,-0.023764624129409998,0.25706846435485314,-0.1953177308922229,-0.14060227488791743,0.2942928948047063,-0.16438491711084763,-0.12663221229865596,0.31990806756160045
0.24865639946645238,-0.03308117867324958,0.052910703907246386,0.15652469881187028,0.1824127870283261,0.11121091804127958,-0.006141456795096148,-0.30755412344543825,-0.1404795529128377,-0.0703792377379531,-0.22042093198336696,0.02318095688412602,-0.14412569293415578,-0.08734925667197632,0.2337466666408696,-0.011803699946724897,-0.0069031723784992,-0.27450030942891135,-0.08422601199857645,0.1614461713849661,-0.09951028270656144,-0.1470795905532614,0.30650106918382874,0.05978664499724931
-0.027419176361279152,0.08389161353201355,-0.35493273685926235,0.09328818454059162,0.07526461744135325,0.053663590435806964,0.17061615740380232,0.062596217088383,-0.2670566757068297,-0.05963758467043032,0.07376742544571369,-0.32865702502854277,-0.021391191078606302,0.2641492926224346,-0.13054612365726145,0.20299861698186,-0.08763805194274135,0.22404161437316383,-0.2011709349979396,-0.1198305432810459,0.26121703450475375,-0.14657240949688446,-0.11284356694153481,0.2946126035552483
0.2124704482502223,-0.00011123663958629799,0.0036852958774304203,0.0735743943467211,0.009480789238740335,-0.3787322236127623,-0.15827349936586815,0.22609525729325622,0.08466627004211259,-0.13985673212295005,0.22957054050523584,-0.17618749027481254,0.06518291956691992,-0.04911601591900401,0.26566245183185494,-0.09803283554062539,-0.07959039662528603,0.06872098874867981,-0.23328677990227953,-0.07880455575295299,-0.11629651943050737,0.24960332790073236,-0.0026970791120773654,0.10887554624141525
-0.12954982636703335,-0.09699653931878971,0.014550178113442067,-0.13573738742066643,-0.17510076241822645,0.2476376280827447,0.28594682207285116,0.03982192683551364,-0.1181187543870689,0.2687854913443831,-0.15504529140491285,0.06026746862161484,0.012343057896107831,0.26457145244092123,-0.19641245070841035,-0.014726381434649634,0.16707354734538782,-0.018200808616010918,-0.06096427748340164,0.0001531178537986235,0.2762129145601496,-0.11158978870507355,-0.0055073722108439594,-0.2402324782271205
0.16542516096233487,0.00012211964984782105,-0.07322649056098932,0.06266977382244694,0.013857822658995536,-0.36279748840280507,-0.19668994493929415,0.16380716353111138,0.10238543255868779,-0.1708881218062375,0.1770780505703415,-0.16044046330296716,0.07959386260177188,-0.09113634388525273,0.27540997768907527,-0.08768639346152644,-0.14034450500021253,0.07859703451463622,-0.2256348706307395,-0.14911178942021083,-0.09787985183783661,0.23667771346852193,-0.009732024443178298,0.13269137505665912
0.16969806351079972,-0.0008526905318652716,-0.04729779132796968,-0.008232255352604884,-0.02320314990672871,-0.33726167242431465,-0.11155495971836542,0.22772111137251078,0.17741238803786857,-0.16892470082517952,0.2523387817338467,-0.07970940068377601,0.1155445638463126,-0.0708742652416431,0.29103654672474283,-0.04492994924121873,-0.1034339317676566,0.06051479701690992,-0.17871431684377367,-0.12071692482139088,-0.13510301623387488,0.2648110786243221,0.01229739410888411,0.11464325885091459
0.2832819750462689,-0.08777575447471524,-0.007087144789272336,0.16552987024881471,0.18383469535938746,0.17119574224563228,0.06642869149369499,-0.28226194199681154,-0.15937996622625014,0.012514781760166222,-0.1929439657046291,-0.05078124998033805,-0.13330775402508457,0.05805188078490257,0.23486914282330662,-0.03732259244519972,-0.1110645749107559,-0.2853067206023455,-0.13478209623679419,0.05631386580830377,-0.0945363373431036,-0.23467923090287984,0.23071525771297557,0.10889550604910017
0.23021645818682504,-0.14539083355700128,-0.12655490832767102,0.2026114004043595,0.18493773598042454,0.1357190120026127,-0.013275754800871672,-0.29146248210409975,-0.17774702017243335,-0.022584645844045827,-0.25546523997765375,-0.13640387713225208,-0.11196719330167278,0.10241141257066558,0.2678036624479814,-0.09477011384670196,-0.08026369443166127,-0.2899908690049305,-0.12306571271539032,0.04085282243029075,-0.11775068071029539,-0.1670547148979165,0.24530614800708067,0.191864689781943
0.24517969774784712,-0.0443067697878996,0.0516830903328798,0.15675738944009487,0.17605191763735284,0.11211102133985508,-0.004835242157986357,-0.30703675515365375,-0.13982073575376755,-0.06324158216304385,-0.21983351342477975,0.027299736048879742,-0.13409755047004937,-0.0841723997782686,0.23776593266686818,-0.018752818444757194,-0.005418607994437605,-0.27895809026116974,-0.08865554933996461,0.15964877321895016,-0.10475781788889428,-0.15068695587523787,0.3058537687731916,0.058315426834126736
0.11972503404003769,-0.005100211257887385,-0.11110805160317283,0.031166136295279864,0.018902198001265188,-0.3471355752219608,-0.13775096878696966,0.23959198706053583,0.1260310215645666,-0.15482257522821496,0.23267571776573798,-0.13430671289945767,0.10385289878772846,-0.10092907968558096,0.2812470747532268,-0.038186841105153094,-0.12180722103804457,0.11487730480488756,-0.2171445307762689,-0.12425436233008923,-0.10210402047215626,0.22241019223424113,-0.03276173977688868,0.16444175110267428
0.25253146062585874,-0.060086114614972756,-0.05250042938134931,0.20678855752800462,0.1831799133784834,0.020083254721923377,0.06346302236203484,-0.3402968834979262,-0.04074265441816657,0.04338553573043407,-0.2966775474683475,0.01068923070811192,-0.07112406116629097,-0.032988680576504024,0.3074441038191364,-0.06878243923759449,0.03807876026403739,-0.22884904292931205,-0.0997754436419858,0.09690825999766882,-0.1254852934223176,-0.14989679065229985,0.24480614053355723,0.17274540693736262
0.20772079901490884,0.018398979893576216,-0.02374982920265028,0.10856977965429207,0.07020924977804897,-0.3696994145203797,-0.14726054944349481,0.2367956226600514,0.08094552791502342,-0.11778127255693768,0.24038218066370534,-0.1778559747006061,0.10165640925536558,-0.06187586832031729,0.26402952856288026,-0.0441477535511814,-0.08356833384774426,0.10404842720837551,-0.21283624389051117,-0.07138505407577286,-0.10481330884444724,0.2539655659616476,-0.00608681123063295,0.13905695809210808
0.28306504610085365,-0.04544601143707368,-0.006727973872040184,0.20707679280343683,0.21029457621648553,0.1400885463871025,-0.0027489378401462984,-0.2365957027332625,-0.17479239911078226,-0.04630104316781659,-0.14033575552750946,-0.031559793983875796,-0.12714741455398615,0.06642438003418948,0.24898523511347775,-0.03248588175782997,-0.027890781620065138,-0.2727377388344766,-0.0952054740319233,0.12939804997187182,-0.08393787050202844,-0.16092191979432222,0.30727836868769315,0.13608096833290237
-0.12573998613503384,-0.08483014051679626,0.022403563002036306,-0.13844561252826443,-0.16960220111780322,0.26369666556323723,0.277444843249013,0.037656908556764075,-0.12365901689988593,0.23899199692085157,-0.19082255067385415,0.09052673185827147,0.032282723899998755,0.2665723038859355,-0.18308821211938953,-0.00043795966762116714,0.17425732608515485,-0.015190599439941081,-0.05857000458949648,-0.0038676875611077265,0.2992285357326207,-0.09608996258920809,0.0099081533367507,-0.23809541136193763
0.19478751738145939,0.022138551708912796,0.004633631771305946,0.07475575935058469,0.027048310656585018,-0.35728858545774855,-0.1612209668842249,0.2250558361765326,0.08965437210371371,-0.13453097313679677,0.23179537097882544,-0.1639738397919586,0.06846099795477992,-0.07019284593973371,0.2842124036334436,-0.03790142217997826,-0.10379671389654989,0.13803019596446547,-0.20203555807936882,-0.12933617447818432,-0.11076224171726354,0.2366469759717802,0.02023368945629271,0.13545207364591363
-0.11860405412872514,-0.07394940052892332,0.034551061261750685,-0.1075582204458046,-0.1880602546984139,0.2639054288024751,0.23387188789031826,0.032336246975488515,-0.19974164213697176,0.16804651553131952,-0.23851985072269682,0.1026016280675029,-0.01723719202600835,0.2600845865742828,-0.22020495768170792,-0.011139699249626475,0.14245090971901686,0.04394287013634769,-0.0004261550173503175,0.012501472521150926,0.30727934302014404,-0.11979462084385692,0.0725808235571967,-0.26045075853095534
0.28385427174466943,-0.08997073050951161,-0.004870040302173542,0.16341548329754518,0.18234254661926905,0.17286578219530868,0.06649306436825687,-0.28562307192903547,-0.1576061092496978,0.01158824447257157,-0.19467316530440895,-0.04681659100819784,-0.13237393516634066,0.053942834772957214,0.23641965088868017,-0.03385190498335141,-0.11474202146516317,-0.28428835200058533,-0.13146291293359932,0.05319289161900387,-0.09615861714571104,-0.23198568055854482,0.2315154427954168,0.10627522372281019
0.2750097612318022,0.0033691236394935787,0.028170168096223063,0.17044457162130172,0.21918330619840504,0.12917243867950468,0.05060429623276251,-0.25543026774679356,-0.16246005006874736,-0.027732606679264936,-0.17105216397315773,-0.06698315820704911,-0.2184904171827418,0.04741933089532733,0.1728124118516448,0.03459525430486624,0.015334648203779428,-0.2829771356712797,-0.11603917028291719,0.16338672241279242,-0.0866399691145309,-0.2291063394497885,0.2735319179102753,0.07394937913176725
-0.1419811624651917,-0.10522383466028805,0.04344339311074705,-0.16029166818718643,-0.19337520822108337,0.2164325873120365,0.28142702445082113,0.043895183801060764,-0.13462551924465352,0.2084361067637541,-0.2109716805265821,0.09159827965241388,0.03643933819898013,0.26128757316879775,-0.20854820886411837,0.006358407304152182,0.16289805350083233,-0.02931570296733606,-0.043012369564778774,-0.015967116392347287,0.273409789002607,-0.09731183659235834,0.06300671463865216,-0.27225158164147395
-0.08499752854802806,0.03134894419623134,-0.3130115467259996,0.05837630971917626,0.0004223819008704965,0.1367079186016793,0.12389864135041946,0.04357939426432306,-0.2549599939382649,-0.09078907767726789,0.026774083565213776,-0.3089193751472797,-0.0442002225189669,0.23717837510046486,-0.1195934699752348,0.232704119113878,-0.12458169076342514,0.25479271723476266,-0.14141265779384304,-0.182641717411784,0.33302309806158287,-0.0765723123301169,-0.15391481693047618,0.36871658889113074
0.1474467486131412,0.005000133186377495,-0.060060875100426146,0.007890409961150547,-0.005434243573664987,-0.3541981217097042,-0.14972194840930722,0.21845145566998428,0.15139105318611656,-0.18747925687197223,0.22456950446187843,-0.13437825011728669,0.11495445170171395,-0.05984910411254177,0.27874710985486195,-0.010598080430611775,-0.09814554271183354,0.11101405346586377,-0.19332300891875573,-0.1289048768684015,-0.1350215356925754,0.24112809200338953,0.012734735811974316,0.1427018406148249
-0.06290596861058713,0.009138776592904827,-0.29932162060711276,0.04592632502604994,0.04140282337182272,0.12233535195716208,0.12630532289959664,0.07808650195419425,-0.20340515518772415,-0.09585530550872726,-0.02873851579647206,-0.27058642999622645,-0.04184337706691754,0.211488273940758,-0.10890933080689623,0.1765920437384624,-0.05805140381650683,0.32691247519131267,-0.17872709372001128,-0.2211318133582325,0.3309767548072036,-0.11063687439040841,-0.18372464498264499,0.37559360216595966
0.12230518565764271,-0.008331065188511068,-0.10986091643144791,0.026894948535948794,0.012681278660347205,-0.34802689361867245,-0.13494745465539565,0.23701533940352834,0.12774758335323536,-0.1408166735066206,0.24063695724209433,-0.13527157459511935,0.09722405001987489,-0.09913894359104437,0.2825478112821953,-0.039672274120163616,-0.11911811144017269,0.12115248053017415,-0.2195916264280444,-0.11909834188885655,-0.10336573741602376,0.22602912234136086,-0.03185196861469711,0.15504452101399502
-0.1148115968106662,-0.07916471573227447,0.037431876406815084,-0.1031621328694226,-0.18561010688047438,0.26740036089730185,0.23179415360400485,0.02600504467127544,-0.2028320796899996,0.18275313628783796,-0.22887042443520467,0.10554640191986324,-0.019491390148638325,0.2574151589801474,-0.22056082849548625,-0.01235572594871448,0.15279447615137381,0.0174780565615042,-0.0012282015189184058,0.015289100174036006,0.30702793544163737,-0.12239647929673164,0.06414011449296912,-0.25806036773690244
0.2783008365069628,-0.09001655322923457,-0.003018034121425527,0.1630838127454186,0.20006421528611046,0.15867811943460405,0.05410793441584307,-0.28814115392158607,-0.14672581208416485,-0.0012711716728114656,-0.2004477523418274,-0.04030045716975551,-0.144050393558824,0.053822199859375884,0.2493357868302871,-0.03302828221108316,-0.10282301476615215,-0.272337404824834,-0.12360108059167098,0.05790215125366364,-0.08804608172665608,-0.22414289910196664,0.23493507485301793,0.12825870179173368
0.2581075337623119,0.025805151538174656,-0.03681322065505462,0.15480133774793614,0.2781183136118407,0.11114867951210289,0.0023853738483055388,-0.26175038517820903,-0.0873713997666164,-0.02842221563301195,-0.1996943185842934,-0.013693924755105155,-0.1616349713375076,0.0796610881331974,0.30499327345893834,-0.05044442089269657,-0.029659838590178036,-0.21419050704298312,-0.1161965894200785,0.09216719684164267,-0.0568184523422714,-0.2063623859152696,0.2817196361049958,0.19491040574391938
0.12343259185552029,-0.001441643589265903,-0.11160031373174174,0.027427389909398445,0.01981587927024958,-0.34826612632503406,-0.12893046456091792,0.25082209700439007,0.12519452424624491,-0.1447476600263068,0.2453562838814789,-0.13606903494431438,0.10428920076538939,-0.08563552872974142,0.28273771631626515,-0.03888554586972907,-0.10952443476467148,0.11580484783443769,-0.21477195831188822,-0.11586326890171303,-0.09991494557896549,0.2303290884856471,-0.024554142939168296,0.15473635964847685
0.1854699033229418,0.032933015062479726,-0.08362223667306962,0.08544971847878999,-0.0002735156483890907,-0.3466307701452109,-0.1555010254450182,0.22762592991635108,0.052802325413271206,-0.10982152113348512,0.19366204062414272,-0.1864187278305973,0.030015567583866115,-0.03879227300160658,0.3163377332850963,-0.09497956319974966,-0.0971240829596801,0.17265243576255138,-0.23911613696127804,-0.14489861841823426,-0.020942688975767645,0.25133382965848455,0.05506262314655848,0.09602173066438133
-0.11773903994796851,-0.13972424743302256,0.03697861491266643,-0.08061467595874153,-0.23729981382194895,0.2146847770789753,0.23682754003985085,0.019434874452399917,-0.20619740725420493,0.2283962931381961,-0.20309184272552533,0.01370874881216943,-0.07916061217820307,0.2324431211334126,-0.23003326313410366,-0.020637228628135416,0.08896960310318196,0.09031084349238512,0.013896476295218518,0.009822124696258268,0.25047852693638434,-0.17261812281492675,0.02611368793763643,-0.255790062170043
0.17032599741095608,-0.005717609177585419,-0.03624858942277066,0.06722931673029345,-0.036129329619893624,-0.3753871228824734,-0.13484519494605096,0.24530084360380108,0.0554564114001994,-0.11349821100173144,0.22155868965159328,-0.20844354566886453,0.06297659354088567,-0.06888885843723842,0.26817692350026723,-0.07723061446296822,-0.12962116864403447,0.02305885932392067,-0.17521664277801374,-0.16238055920034228,-0.16413429076978653,0.21948700117436687,0.010719008786139938,0.1324048676994982
-0.12158593976969549,-0.08842691893723972,0.01779286168268405,-0.10689183361379938,-0.20546658678493177,0.23392277214015697,0.25267518199263045,0.02938250978213569,-0.16901199140715936,0.20214572893121938,-0.20206859482285172,0.07903063158579753,-0.04994924850177106,0.25183360774542074,-0.2266415702744159,-0.02995693819215783,0.17536604946184772,-0.024955422131184332,0.006252564070505434,0.04246046408119228,0.2757755697874624,-0.1352064007430204,0.06568447299418151,-0.2580537930557656
0.25850175028493255,-0.05725892731300215,-0.05756197954866426,0.21509728694604538,0.18070300544156986,0.03391790704447726,0.048847057087746906,-0.3377924449253201,-0.05298304433014528,0.021208259152579213,-0.2783350091316767,0.013843097285209926,-0.0982137426160949,-0.016969326079809378,0.2980001760652803,-0.05337191436360266,0.026843165431089337,-0.23275057665023924,-0.09001364410253776,0.09275704228815976,-0.11779857834027786,-0.14946290772020024,0.24111847317803975,0.1755162889469969
0.2206424296703515,0.0029539785199485754,0.00650285143279444,0.0805388854207855,0.017416760467459477,-0.37223380521428995,-0.1554091209666942,0.2234245081388518,0.09392041729261504,-0.13569089893813766,0.22604519362008973,-0.17054886139865036,0.06682074629893785,-0.04501063210251394,0.27306824565073073,-0.10809892051344487,-0.08100084747247895,0.06161570634995042,-0.22752900224348385,-0.08496213517782084,-0.10714508158117882,0.25820998309820287,-0.001072223092670788,0.11050179813834995
0.17691997364420625,-0.004769694055809886,0.031935286044578334,0.05736551196862935,-0.03664529489427971,-0.32497895204234106,-0.15884939942425627,0.2507466814509613,0.13820290020307202,-0.1584097041621145,0.2509010014387463,-0.1369263372059056,0.041990111868278696,-0.02108515855847768,0.3177920756178708,-0.07181879495492817,-0.059535312627130285,0.10377080329449719,-0.1951230305345729,-0.08146214602282462,-0.13631947700358918,0.22494943709489376,0.009364454372853891,0.18162410807539864
-0.03420423860692921,0.08136473151712201,-0.3667173610404434,0.10320616026691214,0.07005685437435392,0.03620303344763013,0.16823922912059003,0.0634445093896037,-0.27528026739042616,-0.05456021844775787,0.07035561985679638,-0.3498469465909072,-0.0018907494664612398,0.2647511197399172,-0.1344410302331996,0.19424818905894872,-0.10309005558038681,0.21196213081005832,-0.20684124344643007,-0.12789084477265536,0.24208680834402818,-0.1438832737676074,-0.11164575156799776,0.287256479466294
-0.11934519534785036,-0.07397234498710659,0.03541188060589284,-0.10709605922158967,-0.17830909702639114,0.27507628602837986,0.231512234842805,0.05110822662898068,-0.19963217815768824,0.18959635173113512,-0.21728805924444475,0.12072123013316878,-0.013476678728736225,0.2559157251773707,-0.22482302780881822,-0.009990257254118935,0.15588687544091068,0.0033081957803961348,-0.004363321530282449,0.00972420172366077,0.3112804484871511,-0.12357367686281637,0.05836896706981809,-0.2625828824332559
