0.45417177431735317,-0.0022821001241196365,-0.12658554472749667,-0.02203241417594694,-0.06209979975534515,-0.9026309965195376,-0.29856035443778955,0.6094618822505938,0.47481802322340366,-0.45210198344377256,0.6753474368424182,-0.21333042457505408,0.30923793995719234,-0.18968449098529178,0.7789162827350686,-0.12024836550697751,-0.27682562395620386,0.1619589061007484,-0.4783024431606716,-0.3230809992877523,-0.3615832457313818,0.7087276952341088,0.0329121569590346,0.3068257304098809,1.7763568394002505e-15,-0.25344761944762356,0.9677049582133163,0.000404691402518687
0.6781837698893601,-0.11859527486665965,-0.018698868619103238,0.4651519297815821,0.4431297379130473,0.28928012153024757,0.13005940731370588,-0.6831999085185652,-0.3720163123361458,-0.07226453344211597,-0.4192902035257939,-0.051356863786798164,-0.4308881846049801,0.06535888265943532,0.507434053931108,-0.004340448474076075,-0.00997337150731161,-0.6833005042582195,-0.32256754600505005,0.3362219620935923,-0.12476747242855886,-0.5237249277281278,0.5652951282194606,0.27939334629626283,1.7763568394002505e-15,0.23466543410723514,0.9744667938312289,0.000186359991566759
-0.43403912350467433,-0.25231367640511093,0.13759467083460641,-0.4143839177138054,-0.4799539163755721,0.6410287542772797,0.6603179456373016,-0.05976750058936321,-0.3220787881728691,0.579298077681771,-0.49221757079501977,0.15812759932766218,-0.07024363187990201,0.539191129130864,-0.5642093736125237,-0.04259366345772909,0.27044919680606944,0.09817413255915215,-0.013753823890055172,0.018661999515413565,0.6634795095373756,-0.4474194412533761,0.07550571316805983,-0.5841601284657527,1.7763568394002505e-15,-0.26787676796229026,0.9796473819004247,0.00012473453051113788
-0.3541783859382514,-0.27539682553956635,0.018140406498433785,-0.31796966307305746,-0.49294575065052215,0.6125491419612766,0.6892289204724885,0.13562858426717866,-0.35059936412237863,0.6780634547522655,-0.36741420833095934,0.11851495614870465,-0.040275248662661314,0.6563097147778508,-0.5409462171405811,-0.05236445981867405,0.3295813158080965,0.13049725815182767,-0.0583959631688611,0.048957745483368904,0.6770689459339556,-0.370595764634795,-0.027107738495969393,-0.6219072061593584,8.881784197001252e-16,0.24693490468238338,0.9826822521337653,0.0004204262178244424
0.6225295284379639,-0.11241643867951133,-0.007494555271761468,0.4237207719232425,0.475690279061989,0.3454503918355684,-0.0012154641104901896,-0.699034303991633,-0.2746724339543715,-0.0778966447030051,-0.5602657137939484,-0.08101773794360845,-0.3887537779566326,0.0289383567687852,0.6886859182087262,-0.09804614840983329,-0.041677289771352724,-0.5702260479899374,-0.26156823991611117,0.2389963665516217,-0.16330594377890773,-0.4698804846569426,0.6190913094060585,0.4251062504653561,8.881784197001252e-16,-0.2235022452604313,0.9832388113302257,0.0001243896151585647
3.372840552391653,14.36668664695329,-15.296932339392784,15.31189915351074,-5.856579503649427,-14.421819100391206,14.742839379546547,10.033777339292511,14.714517776401783,10.42952205286498,18.342625649173286,-17.298519616437478,-23.874044136633767,-11.967001816947024,17.963775900480428,-27.76816675215497,-4.466595445142678,-5.492455016046472,-0.5380354671863938,-26.041712307852592,3.455044036793745,8.022127158689736,6.425417146629136,15.893185020411853,1.7763568394002505e-15,0.18043494522346162,0.9842137902886591,0.0003626029072186228
0.7255896245943617,-0.13245063757267944,-0.09869815515314939,0.31025076326242024,0.5744259443202945,0.2971840701111711,0.14630496918149044,-0.8254379641274818,-0.37227861887084324,0.007481782456743363,-0.6144251266311932,0.03193899597024476,-0.22656082039856673,-0.18068990663009699,0.7343838872014075,-0.04716156734639856,-0.14868074611782567,-0.717687431386032,-0.2817206502846572,0.31042311880566376,-0.13496629017277326,-0.44749296512322445,0.6480450752621273,0.3159565885671389,8.881784197001252e-16,-0.16994425223632242,0.9855226482250362,0.0008994627849150603
0.7091465153300908,0.37316483819770524,0.39862807820755897,-0.2212316216501181,-0.5188347187565407,0.3787248607676364,-0.36524460914907325,-0.5172754428006285,-0.5952209383324171,-0.23898656364880924,0.9697906192957353,-0.29802630727205426,-0.6673568922258468,0.4337302621142594,-0.6007409632702545,0.8918097392006251,0.14302899324920543,0.5366787791289397,-0.2871262923023484,-0.5000357021206197,-0.1826633642223979,0.4310181755971829,-0.6096603757608122,0.05173511654202002,3.019806626980426e-14,-0.18488695420453827,0.9879807028975448,0.000879508591873504
0.7118845435053034,0.32487073044298503,0.4209922788536897,-0.2621009624241269,-0.4019519290234623,0.5004639038004324,-0.4535350741297196,-0.5244149779803258,-0.5417123885256342,-0.28968178616651297,0.9356099048887384,-0.27861095718385837,-0.7623473303549475,0.34392143057769337,-0.5518187776551634,0.8595243914319732,0.12512015969995016,0.5196871083372125,-0.35541796247161367,-0.466125251164304,-0.21283350192275666,0.43264632697407224,-0.6124465920772658,0.07973453537972354,8.881784197001252e-16,-0.15339434308525474,0.9889714974645054,0.0006777333826715186
4.176666361886845,15.14459736076722,-15.54895591030682,15.517519105849626,-6.403386844701276,-14.956659820780414,15.378955007280016,10.640902663305688,14.796694428917341,10.684954736402956,18.954141417110055,-17.197882820902052,-23.926802056178193,-12.825810187135819,19.24580381445191,-28.203838442901606,-5.210492096346691,-5.925085466149734,-1.0861976552730657,-27.042614786985066,3.5508645091012965,8.426370826730178,6.659705342838607,16.151724272365886,1.7763568394002505e-15,0.17800100889817022,0.9903907263758003,0.0006536580001298553
-0.401123905264852,-0.3723326646650943,0.04623892839458327,-0.28930438335076164,-0.6107808624497819,0.8275451230699364,0.7654947324727794,0.1939946586587749,-0.4556635898847031,0.8016351560299356,-0.46842830771442395,0.25559888333380587,-0.0037439202237176737,0.7133753521372856,-0.634301917673765,0.05747065224933167,0.3744058406624543,0.25511783773457575,0.10057495135465531,0.12249115842663039,0.8596843542185181,-0.4777070971667488,-0.13768124347096175,-0.6671654146962717,1.7763568394002505e-15,-0.2061157547412742,0.9912407496218316,0.0006582540956583384
-0.3552328976344712,-0.5088599067219474,0.06602194789685897,-0.14650431211675075,-0.7141648147870191,0.8688681127677353,0.7414560254937881,0.2849776667663255,-0.5658686253939263,0.9235965624568876,-0.41507703530876355,0.11860877656558838,-0.18773137557917255,0.7429334742091785,-0.6875518587949235,0.003091828408121985,0.33517695947351805,0.3744133798244222,0.09918090114037637,0.12064901578404154,0.8863994890345686,-0.5213600603526886,-0.2845786290631963,-0.70025215626547,1.7763568394002505e-15,0.21463947972044278,0.9926280910046476,0.00015399887600531982
0.6732379541950708,0.4573288827792234,0.3831105560579502,-0.21144382859843736,-0.45123125455187946,0.4167111444746908,-0.38578857645502784,-0.5254520232610519,-0.567331773499593,-0.3352536102467194,1.0153811067776268,-0.24300246376905807,-0.749321759683338,0.5063852363106299,-0.5252757451869631,0.9188013686151292,0.17302797843602796,0.5247462444178415,-0.33248699316504937,-0.4510249819341137,-0.21139356733015813,0.4248343311168059,-0.6179286178819106,0.010727001393647791,2.6645352591003757e-15,-0.19370948339727748,0.9936957279688096,0.0010884008833503933
0.6005293217144577,0.3236763099188902,0.4881516046357889,-0.1385988156728655,-0.3077608981647402,0.4752557373684812,-0.3713618114243097,-0.36004196580986364,-0.578380002623804,-0.2574881672900615,0.8896623123685707,-0.14015103902466558,-0.6534423790884125,0.24819998078345404,-0.533556540711723,0.7236594618729538,0.13652328890312918,0.5545512767014477,-0.29854004187228433,-0.34276540205093636,-0.2585901429220608,0.434261133459431,-0.5423971958262612,0.017420135572899783,1.7763568394002505e-15,-0.10658108413516389,0.994501638680994,0.00036487960585196395
0.6952924073277783,-0.1178007264018866,-0.023210294048360735,0.4960844166886075,0.46985196239955257,0.27374029937041305,0.15004308200122604,-0.6718925738766979,-0.25270224495425886,0.02683316507011686,-0.43563113570685025,0.021203608549055078,-0.23521061798531967,0.10330022400448201,0.6126088379053002,-0.06690797936367222,-0.13055610679572263,-0.5859820021093238,-0.2740511236298208,0.27819399046914794,-0.08320014394265611,-0.42212709996254194,0.5857051574458491,0.3173691846663914,1.7763568394002505e-15,-0.22833584131677487,0.9958337189605141,0.0007985276394321638
0.45304457315533814,-0.015825239390251593,0.04992344892225089,0.1609761721063178,-0.08507251680853624,-0.82158894007325,-0.403420436147604,0.6434332738148923,0.3180273324389209,-0.39415265462144033,0.6458678386507258,-0.3162748927737068,0.113948528950725,-0.07187520923875129,0.803808500440678,-0.17507381856467855,-0.1696451938132079,0.2677461226262777,-0.48397891163706847,-0.22625990241752383,-0.31955312507618366,0.579737450601423,0.016015426282902093,0.44420120749978853,1.7763568394002505e-15,0.2634669483829844,0.9972819678521461,0.00021979805184924327
0.6826507230145686,-0.17031002166486278,-0.05573779871646635,0.4415115599297081,0.5138437211429582,0.16284897960987166,0.2190560736374943,-0.7573338845407549,-0.1758516640407391,0.10829356744699924,-0.5628806843373866,0.034390248513987136,-0.2116370782958524,0.044761952008912045,0.6374773442472242,-0.03371893168027025,-0.12268573000624909,-0.6317244429984616,-0.19791081056474397,0.1565527126343125,-0.30078774257463986,-0.42049961879030384,0.5807163938914318,0.25398399035735597,1.7763568394002505e-15,0.19865815085323757,0.9980822650072039,0.0008913936162604629
0.6187358896718911,-0.21514470927886972,0.026063280990152368,0.3225542263958395,0.5495106533869107,0.36140793232119967,0.11381983950045838,-0.7166871047336721,-0.24016551281776854,-0.01736398635439959,-0.5459546446008876,0.06047085210463591,-0.291459173709213,-0.1032781158196002,0.7249251633198036,0.054693193753997484,0.04547305464366661,-0.5918999283719937,-0.14047117322787891,0.36119031464685025,-0.14697058439560648,-0.3325976173506167,0.6800242443832696,0.3706472846427353,1.7763568394002505e-15,0.15447595258238925,0.9987104258849102,0.0008685431387629431
0.6782899173340248,-0.121849255287196,-0.011025519590937225,0.44565083778328896,0.4613947560160612,0.3250913812822873,0.11754578858030362,-0.6701169234048168,-0.3802287912601608,-0.06089284920521634,-0.4358330425853807,-0.07345974627336753,-0.4224382085714034,0.06217336131335269,0.5397785019850564,-0.010208193311737994,-0.035350789109024415,-0.6724189089680118,-0.3011748397427722,0.3174233020466064,-0.13156542580136027,-0.512926392161331,0.5794699673774211,0.3075462208083273,1.7763568394002505e-15,-0.23614216451094183,0.9991713172151478,0.0003286820903054255
0.5326556912474066,-0.3053620870801737,-0.04192866512640602,0.22962992558333967,0.42532372021905024,0.28437329975062126,0.011683367599001166,-0.732916936687983,-0.4629983632322606,-0.19999920008999492,-0.45573569388661456,0.11503559587656585,-0.34028400165379186,-0.18387427500729955,0.5654650116290396,-0.08713598560469417,-0.05647699274897745,-0.7767694156947201,-0.3053358340840233,0.3672300570654816,-0.22213401911323905,-0.4515668692091479,0.6524298063671736,0.1813362918957478,1.7763568394002505e-15,0.17462938410536394,1.0000558437973646,0.0008211700908787389
0.5192901540775177,-0.06993010150421236,0.6821583162561445,0.7586535147117914,0.22109633777896784,-0.3035246412926023,-0.5535710843797512,0.46454394805616384,-0.518322493208828,0.17179862296609483,0.6985376270182955,-0.28160969825939786,0.5330944619420555,-0.024408777261639203,0.2746816017771339,-0.3706250195125228,0.6938962867145507,-0.6512314001037359,0.043710886428057774,-0.5689250196445592,0.6726214116121713,-0.7612622861721902,-0.45503874631155294,0.23813218892550325,1.7763568394002505e-15,0.11077878349122769,1.000413799714577,0.001362124428651191
0.667646821165861,-0.24851440935690353,0.783523076155335,0.8022831042919463,0.2972155916300257,-0.3657153505299953,-0.5648769485058818,0.4592304463493241,-0.49062268738151843,0.10938611765594297,0.7723964739571327,-0.031213389785304208,0.6957064490218756,-0.06711012886631533,0.3586030014906889,-0.48910845707142925,0.6597373113264481,-0.5175350863836872,0.42428029282704915,-0.7743832873489404,0.6573914445209305,-0.5198456090315356,-0.8639875825440797,0.03730161374465496,2.6645352591003757e-15,0.06610391962123507,1.0010230612441025,0.0012782402866271792
0.5436656547879822,-0.30198892408146355,0.6266039503231924,0.5570502822171128,0.18700946985896255,-0.44345340986123716,-0.5906570476408164,0.3334599744624356,-0.4754642190168084,0.18910181341086682,0.6317222490542492,-0.14263529531129712,0.5357627376854152,-0.1648807421614634,0.3414383796913019,-0.4637403088383232,0.5109698521770561,-0.5424822021481164,0.3756150464564964,-0.5711064724966803,0.6214525877208501,-0.6632195422815812,-0.6244277728070271,0.18894940148245204,2.6645352591003757e-15,-0.015500455395478027,1.0014866059455618,0.0008645059823232047
0.5807867241325908,-0.14091804629331178,-0.1311450245187511,0.41673655163457224,0.6516310669579849,0.3452548114918352,0.01018608428989779,-0.6404539705080803,-0.35082335634284867,-0.032086812553915635,-0.5236781590855593,-0.14360014052110878,-0.22340843616950018,0.10128024647830847,0.8201152930059944,-0.33458965752900977,0.12817158566052556,-0.6792146309885414,-0.42258524970247724,0.39615789594399553,-0.23438501644509807,-0.5352549566816226,0.8074178013565695,0.5189011773741055,6.910028105266974e-13,-0.18129017546491236,1.002092077208776,0.000828775413838245
0.7158409297795528,0.3674645485055949,0.4286563613662023,-0.11016489851607819,-0.5457888964929337,0.5102948866228894,-0.31448493511845904,-0.4833463451471883,-0.461215282884083,-0.12058240729695995,0.7966131560179727,-0.29284413347685895,-0.5424693788078808,0.026761299131187223,-0.553613219811895,0.815857006254516,0.216151387364374,0.5205721253061654,-0.20992769425173188,-0.43858931461799666,-0.17904990019454517,0.5866447130296301,-0.3112346369888716,0.3152449077843093,3.552713678800501e-15,-0.08997606572600869,1.0029493390648108,0.000713337970592771
0.5771979004606272,-0.2898113105752031,0.6395597398565935,0.651791557955604,0.13453778977947675,-0.4953728612473947,-0.5850604607276821,0.362682369632242,-0.5413434270475548,0.11287988649107723,0.69058175465991,-0.11649468676526219,0.5745716007438122,-0.20414314873674097,0.3194020017086157,-0.4650815182371338,0.6035574515902036,-0.5784714976260026,0.3268946731875188,-0.7884859727201282,0.5342962745277225,-0.6020445434525282,-0.8127884101361674,-0.009650368681853592,2.6645352591003757e-15,-0.04942616173400994,1.003577059802909,0.0011134162843292948
-0.26349297522917037,0.5695155509142723,-0.7600538986843676,0.36525182658249483,-0.6204423551178517,0.016666354479759893,-0.1458638859358782,0.12742177131614685,-0.9033948717866598,0.4788779839546971,-0.3645731631479765,0.6667075221557438,0.44030224788381506,-0.17888090107352492,0.6852143062291686,-0.016513275161506465,0.9448001350999126,0.21918226207555855,-0.23227591490039376,0.01032400005472834,-0.659879025187854,-0.5373999963601467,-0.40169158260489735,0.14097366720276955,2.6645352591003757e-15,0.016230148775406742,1.004147662585711,0.0009023393521858257
-0.41690811495584895,-0.3333279542292025,-0.018720157928882257,-0.3825798817261656,-0.68004801947103,0.711146171883051,0.789595317185991,0.11329776581761801,-0.34084971037948525,0.683388750607484,-0.6036992344835168,0.27155737674444835,0.08797814047539518,0.6899169258495813,-0.5437441222055907,0.08902863037571435,0.4666717233730826,-0.04523599648610266,0.118235936100948,0.012356561547226943,0.83827651249363,-0.42752385561995676,-0.004915157031757476,-0.669571406093628,1.7763568394002505e-15,-0.2084445789792973,1.0048816099202171,0.0005275120259180561
0.6112905544793118,-0.3120064047090616,0.016984523157181304,0.40991324467020535,0.4742826363254082,0.3846085531452586,0.11602160346544099,-0.7557627257326448,-0.22303892705545864,-0.00959934575186019,-0.5422641991083469,0.08987025102345332,-0.26197601428115436,-0.03224122465418015,0.7586031619315331,-0.04522481690113841,-0.007291349772190403,-0.6122407193878017,-0.188417058171336,0.24438062780242426,-0.24734682077118814,-0.4007811126602294,0.6413444043695276,0.4102243434391846,1.794120407794253e-13,-0.17374092788796194,1.0056682252336948,0.0008753171340226213
0.6819296356657645,0.2802203727337564,0.4353894377360214,-0.3008295245614419,-0.5119721400414794,0.4226509690213067,-0.3695418062854685,-0.4171364326684415,-0.5443588818544346,-0.2823755970053143,0.8802566599616104,-0.16886376001572315,-0.7042126927039956,0.3061887744386484,-0.49872071834015436,0.7860290340815614,0.13549445439803506,0.48940842026828885,-0.34110815109150383,-0.36343492315231885,-0.24193700177826716,0.5328475660102998,-0.3424140817105248,0.1699158492983402,1.7763568394002505e-15,-0.136053569854559,1.0059060301142027,0.0009734105587712062
0.7015145581411794,0.42939542255879387,0.36170757634617035,-0.06679664190456225,-0.4231470315125496,0.4904090472143632,-0.4639649230400843,-0.49060316731871156,-0.5016330195481902,-0.2348680011886943,0.9631915623671683,-0.17399845441054484,-0.7253225644257666,0.3013755969820757,-0.49559341821229136,0.931176836045966,0.12155032598208343,0.48980677767610964,-0.32506473743515496,-0.4654509685591073,-0.16692031346342395,0.40964782692790774,-0.6949253045630545,0.04417519678021452,1.7763568394002505e-15,-0.13078269549157084,1.006625224049447,0.0006385804984600345
0.5504361810966462,-0.2460674844423879,0.5457857465719278,0.5412579554177857,0.10896159678079745,-0.46016341795964405,-0.5869111879416963,0.34262351769383287,-0.3722536137476845,-0.030234341412463075,0.57482421867006,-0.20276241203175766,0.5185006560598167,-0.13121746207581222,0.2552805879119782,-0.49493153898444986,0.49938678874086173,-0.4376096737377311,0.34561728326996144,-0.5911777405574611,0.5501895286877132,-0.5884664853214688,-0.6185874303455988,0.23967033837925952,1.7763568394002505e-15,0.039667594013108445,1.0069278049242931,0.0010614871846645524
0.5011277040234696,-0.15409403235307545,-0.026676156517109067,0.2705309545065401,0.3838880789107476,0.2174495900382613,-0.06658619720047183,-0.6694201924296922,-0.35889854429279155,-0.2244138929378244,-0.4220736690545924,0.031781625241832076,-0.3997643646564733,-0.09628755776868819,0.4913977656710964,-0.0955245522810912,-0.12261194628434476,-0.6087956236745067,-0.28944921313861566,0.26484164601078647,-0.153304584946941,-0.42504404102923016,0.548418717144959,0.19984335986349805,2.6645352591003757e-15,0.2161968312361217,1.0074733561902534,0.0007778030253549569
-0.40028077285353814,0.7114194207716883,-0.6529130165455593,0.3095563074426413,-0.6943602933394479,0.27337458170581425,-0.09036354605567223,0.005083939643082866,-0.9373472885404143,0.330842391717842,-0.5534023359007031,0.7661181889329375,0.2622658010708262,-0.3173555802525525,0.7683578154456425,-0.23628882339028492,0.925669526656274,0.22717196374811138,-0.3060304211041595,-0.17568995791427042,-0.6639827460461654,-0.7765884532998507,-0.5766034618104537,-0.11275153287967747,8.881784197001252e-16,-0.08266812882969873,1.0076888617019562,0.0009239088829825048
0.6050105596036346,-0.20972974173139594,0.6646191452816763,0.7578539934545891,0.21146691470153303,-0.3231383791308651,-0.5534169124593251,0.39660228592530694,-0.5352123259703266,0.2754696456011911,0.6967729113913148,-0.10187890789538485,0.6311779392065605,0.0009824784233387022,0.23423781164083124,-0.41400650111071213,0.6754715546748291,-0.6365621860155807,0.11514235406675631,-0.7909736440692975,0.5711050737977506,-0.6803422829812472,-0.7142645540999972,0.10572950476601502,2.6645352591003757e-15,0.13051546949346599,1.0090440425559122,0.0013411651392169447
0.6467629828708794,-0.23290942541024065,-0.20447487439052925,0.17673327801337324,0.6218037590854714,0.06629712559720825,0.1988811269564202,-0.9019451418300579,-0.366920112042487,0.07420786249722622,-0.75254774360483,-0.15911524499451998,-0.39137155569712767,-0.12361476095820993,0.5909111007358618,0.0019502853431480607,-0.14775177405952888,-0.8843004886299661,-0.2575565550826409,0.19644765619318436,-0.4786532934919015,-0.5595261599623296,0.6205460950276828,0.0931534698311285,4.360956040727615e-13,-0.15299363491983392,1.0093906080033275,0.0008654107226311146
0.5800175041001296,-0.19397996667630707,0.030542750643875478,0.35240078864448104,0.4979045849228705,0.30274842383299033,0.09887424199520874,-0.736071182624084,-0.17393659637365128,-0.0071415541557874,-0.574525853724032,0.03519180087367864,-0.34640057797075624,-0.00914891357558663,0.6971069741315222,-0.0657781099025053,-0.0045235169149100175,-0.5840652568799446,-0.276454304194575,0.294796336783388,-0.16201908459971423,-0.481391588519428,0.6138993187722348,0.34962945871145285,1.7763568394002505e-15,0.19054868816963186,1.0107891843475854,0.0007058691055174069
0.586330365226034,-0.13924043178212123,0.7670870150152376,0.7918737438299487,0.06364200676661538,-0.32558703317495147,-0.5722326958184868,0.39055022305151316,-0.5095136906773089,0.13565186083766298,0.7258192823055215,-0.22716215156073075,0.6004135193331793,-0.05121033301222568,0.42062183649505697,-0.3937623564129235,0.6865293019758211,-0.6262571979221329,0.13400773179197492,-0.7145531407205662,0.7396850614844983,-0.7340069472413742,-0.6607848311409151,0.1988381256209611,2.6645352591003757e-15,-0.08878891367895186,1.011266349507374,0.0013971010947667032
0.4209726701117799,-0.17085051533516488,0.7219177792380748,0.716798737491861,0.09432052942699065,-0.3334669814792866,-0.4387009900665311,0.46318301148200197,-0.5984341254285731,0.08564639734656913,0.6963167622061902,-0.16227995360866646,0.47211976585733095,-0.08647760458334387,0.39478533240206154,-0.34738167420943505,0.6186484266788953,-0.6293597276193398,0.14090417196268717,-0.7106531507919503,0.5920384533320882,-0.6256872891613413,-0.680611620959787,0.030337020426472953,1.7763568394002505e-15,0.08282305206783136,1.0118309731371475,0.0010429938533520061
0.4554229777547701,0.0450884715281735,-0.04426424160517406,0.18226133021726101,-0.028309783436099495,-0.8431034365539025,-0.33586839372646404,0.5201919405551477,0.18638820509695103,-0.2821647023898089,0.498909394971738,-0.46624265405383436,0.12005561471147268,-0.05561717962085346,0.6135312732616474,-0.16589113458552884,-0.16687330740428258,0.18255966194811496,-0.4673540110512542,-0.22908983723715598,-0.3234885359297498,0.5563187532804567,0.07322129309810872,0.26651970913847717,2.6645352591003757e-15,0.22662317531268897,1.012727962375225,0.00018340814021368428
0.29605437381882543,-0.05573629056925166,-0.30289144362006776,0.08508569784704118,-0.01329574851962745,-0.8852402878818838,-0.3710800460831116,0.6123044062469634,0.2890502119297015,-0.37199072842227227,0.5982443954166203,-0.33818331791158895,0.260590287172599,-0.2704423208761394,0.7363968418038228,-0.12313754897088779,-0.33754729787291704,0.2731310598482989,-0.5372030702159075,-0.3587389402698956,-0.2625172615074146,0.5597812125024278,-0.10846961085069588,0.4378566589355052,1.7763568394002505e-15,0.2705407840650093,1.0133811720056338,0.00016336977304069145
-0.3369265419000552,0.7151720142918623,-0.7518030805706488,0.29496595092233574,-0.5196087966374271,0.09953753250977765,-0.16664945859538116,0.11009806760640765,-0.9515196790535899,0.3604499740251618,-0.35763406315070956,0.5460526427682109,0.30329242065133777,-0.013186029676970046,0.5475683738652046,-0.04120102103645526,0.988640851997329,0.03950223638537192,-0.2841132577049909,0.0111365978536246,-0.7163917768750078,-0.6630814068164724,-0.29505594710197686,-0.02852259663632143,2.6645352591003757e-15,-0.044147934134411156,1.0152438020576915,0.0008919447557454023
0.6480065321322976,-0.12853756235661207,0.522387416547796,0.5583008814671054,0.21540588561081842,-0.6071769297068836,-0.7944738337589181,0.46912780998377457,-0.49871983083153576,0.10685683766560385,0.7592049066557887,-0.30680220306265543,0.4720231171005037,-0.18051808440211783,0.22942101830439027,-0.6255874183969381,0.7123106127721508,-0.6294182398242402,0.165904781819,-0.6952275396810103,0.5961611992384762,-0.7726936868118965,-0.6179994831083694,0.3276706019146713,1.7763568394002505e-15,0.10206837464741039,1.0156776078794822,0.0015203840376892175
0.6544707194240627,0.15698767780617268,0.20610575477452925,-0.09482493210901667,-0.3358922165623354,0.5060271533099897,-0.539399923491688,-0.37783782601922544,-0.41805368578583224,-0.3406662027613951,0.7202582405622399,-0.0554623102790218,-0.7955863203658713,0.12984494956906556,-0.26524484883698074,0.7363197367572126,0.04080248370841923,0.21533688963976594,-0.41574432751021206,-0.3627271978356769,-0.1670851232746228,0.4339530789680623,-0.4504321979828698,-0.10604505752447217,1.7763568394002505e-15,0.08320043476278269,1.016263144369076,0.0008070748500827355
0.7429567052990991,0.44707182702079334,0.41739460072473333,-0.13410485433778505,-0.3107936223011112,0.5293554677677806,-0.4226453020186151,-0.43380466338715373,-0.6103134739324633,-0.2314942927365963,0.9792960961363701,-0.4437402771628539,-0.7265856502992507,0.26933212681833857,-0.6638912989724515,0.8279862410930862,0.29173345263295625,0.502944726764747,-0.37921091812158547,-0.27641897268673715,-0.2749811060215539,0.48359780206700875,-0.503832591523907,0.0939760109554306,1.7763568394002505e-15,0.12787602141029425,1.0176559654183022,0.0009538842229245636
0.6833151281797448,-0.15690626092929857,-0.07519131228963918,0.3704274401361099,0.5284242800855955,0.20832171590212706,0.17170179010950562,-0.7443597662062689,-0.2908712966699063,0.024236470969260245,-0.49832062850141323,0.04153434075843325,-0.22468359437501254,-0.011053311958224149,0.6277072655055494,-0.04003345757485989,-0.18955194250161017,-0.6535259005335365,-0.21093563922544653,0.13700559610088456,-0.2842874553025074,-0.4245604227424963,0.5817450690282978,0.24842456210826086,5.329070518200751e-15,-0.19970414052671057,1.018680211555764,0.0007189757190871625
0.6415789396219417,-0.1089269947190988,0.6789492953292321,0.6455863703872828,-0.040365486175845976,-0.5343241853880577,-0.5795881605291948,0.5858290358369204,-0.4050201395966462,-0.050583046789365746,0.7835094521220487,-0.1745810913957158,0.5676414840094337,-0.18744954529683142,0.28827490703526026,-0.48939437928688556,0.7483111075074221,-0.4658820165034825,0.13738800800123918,-0.8707994945426718,0.5895872108029258,-0.6248868801565896,-0.7396336299876888,0.3124434639791714,1.7763568394002505e-15,0.12154260384163809,1.0197404761813647,0.0009176252607553902
-0.4866427935691757,0.47415581376961513,-0.7673021789010948,0.20584625838844278,-0.40908809913847877,0.13482067003828765,-0.3969112585937236,0.21128691124189117,-0.8585121928023676,0.3015749710123096,-0.2744858273042729,0.4564076965421742,0.266110904541237,-0.05914871240272269,0.49098715008964317,-0.13818786323298282,0.8540823489405059,0.14407122547977302,-0.44618737097027367,0.06654106567863324,-0.6814564552090526,-0.6410469199941907,-0.48062647220160615,-0.07015605456620766,1.7763568394002505e-15,-0.017880504384050207,1.0201833220540937,0.0012024608187372282
0.5398399125581218,0.040220021983772884,0.5715323193127004,0.5339292261330473,0.12479580634472348,-0.40308009985947335,-0.5799205616588965,0.34483612399267993,-0.4159453153049295,0.005879654753196848,0.725561459389439,-0.06252460253325842,0.5007494341064678,0.04308020221326874,0.3116879917990763,-0.5252484667923969,0.6059359258174007,-0.4649788162438864,0.231670656751381,-0.6466440439662626,0.4789007169102127,-0.41983365584141774,-0.7237180463432726,0.04166407140338953,8.881784197001252e-16,-0.10842168954209795,1.0209015828344112,0.001117213987534402
0.5258030936414412,-0.30258562384343485,-0.08204673883830078,0.2837426671353163,0.5106108668160366,0.2751974282357852,0.07656352116896555,-0.8125522476846704,-0.2078067680070134,-0.023257628615374212,-0.6534556977082152,0.04567046207947045,-0.3092153943306839,-0.14230504977356007,0.7685917156340882,-0.07537544694556257,0.07575393467115812,-0.6191004795940845,-0.30519733565617146,0.4084997908591091,-0.0343590156328444,-0.4276020735605463,0.612055641809289,0.4222386526230543,8.881784197001252e-16,0.1503900961053566,1.0215974073446865,0.0007053943432937721
0.3689751479682113,-0.0756692286956824,-0.19463568022852204,0.1255790816351056,0.02024782615953949,-0.9750002552422105,-0.4959503878808488,0.6474883223667233,0.253324521259987,-0.46291554749233366,0.6020198388970958,-0.3785661071436267,0.38896656891513975,-0.2836489616044195,0.7799976580133989,-0.16790949336235167,-0.3953842355979779,0.23748168836147152,-0.5903734314548713,-0.4120577030503148,-0.20221612120011356,0.6009188154967469,-0.16747281375090886,0.5534228313802608,8.881784197001252e-16,0.2953499140664613,1.0219003787621204,0.00005242158622918157
0.5142461999234091,-0.27395849239645553,0.5705711420329088,0.42199584109803784,0.045076671179617535,-0.5848338721028127,-0.5464681754060331,0.3781952038032004,-0.5364297785627229,0.1579484979214958,0.6369062058943304,-0.13898461476779583,0.48433344539293677,-0.18769711746632098,0.26023962785051474,-0.48403343387470404,0.4994317852287002,-0.5589072508714947,0.30048022407727093,-0.6023001240741876,0.559330626753528,-0.5707152396921656,-0.7519275817377976,0.02635055028490312,3.552713678800501e-15,0.02550375765108397,1.0223447974527735,0.0007258436646326587
0.6718828372097754,0.4805640977148884,0.38095639547503735,-0.277400037781437,-0.4195413905677346,0.4464633130308484,-0.36497852214588083,-0.5376188933707224,-0.550600656588957,-0.3395667099470861,1.0243507731431034,-0.2262452443064994,-0.7834116160670428,0.4915015378448367,-0.5083038313021899,0.9349096473966662,0.18316777869785805,0.524437949929686,-0.35615019784383034,-0.4454250844944376,-0.2419778414985405,0.4847236996131625,-0.5618612891231983,0.04497781664651655,1.7763568394002505e-15,-0.1859104115536324,1.0225060330611653,0.0006717078445237782
0.4561760106716126,0.01909373278286413,-0.08497220401528807,0.20014406201702586,-0.05527040500289602,-0.8142256006006853,-0.31956594255863546,0.4906700133985282,0.20619388292415491,-0.27039376076788346,0.4648102420307146,-0.44797018250961307,0.10157245488835566,-0.045755898598601796,0.6214620112225291,-0.1875849858489706,-0.16547481307611608,0.17169014830230267,-0.46240881356886826,-0.22521811153657634,-0.3010984510528467,0.5721606782616431,0.055232930149157825,0.261990252567367,5.684341886080802e-14,0.2198058463458866,1.023350615690917,0.0002903756366072771
0.6505205892650735,-0.22449513421556264,0.7078281802654603,0.6956258351839542,0.09821308580656533,-0.48488471554761403,-0.5378963367224912,0.590456478739495,-0.4942651069575158,0.2889096040358751,0.7573517949423746,-0.03562167688026409,0.5912329682958507,-0.23570761705318566,0.39637807037815764,-0.44364055102715244,0.7325724881142067,-0.5282101796097992,0.2956889755886244,-0.7888310760832875,0.6168612630883115,-0.6862422922625109,-0.6791251819687527,0.15495652346482913,2.6645352591003757e-15,-0.08431380605318552,1.024884537980496,0.0009838771459032745
0.6043260512181026,0.6071957144267589,0.26682230878043595,-0.15131490664394392,-0.18689319095142315,0.5162523110243418,-0.6420662846994248,-0.2441071614253035,-0.43838157446299714,-0.3047042025507122,1.0718576633430423,-0.4088500595573291,-0.8426437730646633,0.38680826548969455,-0.5163008510108178,0.7397630058292509,0.4046637545859362,0.4008652667395034,-0.43523185617561005,-0.2143443949623735,-0.07067947905606399,0.2688226733305002,-0.389272584313448,0.14259731324586927,2.6645352591003757e-15,0.11887680450580276,1.0262630276462843,0.0012157013416689989
0.7095264083923957,-0.1352291083123114,0.6776347768468677,0.739760622620038,0.1214990035160589,-0.452384737070271,-0.6548879664826727,0.5225689725576536,-0.48168830404433116,0.42102883211464526,0.7550108697582014,-0.17039316446868033,0.6766265961145954,-0.07163742133293935,0.23786496047920727,-0.45808355888201097,0.7992368579202888,-0.6558360006619733,0.12871321594003868,-0.6945217103606854,0.7347924433120059,-0.8376497036616274,-0.5252890384094345,0.3097703074773761,1.7763568394002505e-15,-0.11701251951613367,1.0273641261771425,0.0006362070428656388
0.4693686612932236,0.05457970260216111,-0.17031379922038545,0.23746429840609887,-0.015714885424889677,-0.8167502168912273,-0.2434751906240918,0.493348389938276,0.06840630926335661,-0.22027768222757163,0.45557407782990744,-0.46815880868619486,0.21005577212750015,0.032667358956909844,0.46065939782408677,-0.04455741149611454,-0.06309879066925672,0.1404993505018229,-0.36360569596437275,-0.1210144283257082,-0.3116353306161097,0.5810269466834452,0.08936843875329543,0.15157270010750237,1.7763568394002505e-15,0.24131838289632698,1.0284609429667912,0.00009414230064376822
0.5432454750785676,-0.15459776273782508,0.7205564986134162,0.563746391539638,0.05282519963481782,-0.4672170851485191,-0.6204657421630897,0.40793152741214217,-0.5144226760223953,0.23627224854731707,0.7689575151524295,-0.11680489020070083,0.5326445444724345,-0.11100887918803033,0.4389014015320737,-0.43293450762582175,0.6977778351777497,-0.6079008894464375,0.2102304853704759,-0.6575166428812592,0.689654097894388,-0.7512804778432703,-0.6266781522166543,0.14161866960338668,1.6608936448392342e-13,-0.04414608017339682,1.0294273550964974,0.0013329811053377385
0.652743894067634,-0.21971121289513362,0.6762452968410263,0.7628416713192564,0.22227307789583886,-0.5084645073316937,-0.7304840484528562,0.5479173694736437,-0.5833829997871239,-0.0038920187927266483,0.7983971343153424,-0.19295518211321439,0.6478740865735737,-0.058000911813502413,0.261255347506607,-0.6477635288532747,0.7093958570129931,-0.6408067024879925,0.3377980750611625,-0.8036704062409641,0.607198198342054,-0.791166003503066,-0.7546559193969699,0.16100413627553276,1.7763568394002505e-15,-0.09014337923580477,1.0298590834292527,0.0009042726661475772
0.7017647464905856,-0.05042151920639538,-0.14479059405060007,0.43149477633635175,0.5827082731858818,0.10573750153387378,0.1865432711429864,-0.7355693361445504,-0.256785286797944,0.004343870342625431,-0.4729814186489219,0.06124758957933097,-0.29286584124049775,-0.014869411959753305,0.5863132513609042,0.08173630582450944,0.02310785025056295,-0.6628842516787117,-0.10088382555089115,0.26052302284883117,-0.32745183506387,-0.3446545518610041,0.6315121916830496,0.25621758629974656,8.881784197001252e-16,0.20724449189635477,1.0304485952099087,0.00040430842336314134
-0.40395370327251245,0.6630101982900365,-0.6912828288046033,0.3142580792986383,-0.6589307398331086,0.296263141552712,-0.18247938523674043,0.07928150549501628,-0.8963593055976464,0.36565195349772767,-0.553587991155171,0.6573649991452424,0.2892367568875369,-0.23880645755961974,0.6981432437351388,-0.15071756837109096,0.9021932195356053,0.3077479646531019,-0.29162541963413124,0.030366413248422052,-0.7376905446542601,-0.8590027000305617,-0.3359513258137631,0.03854937397400475,1.7763568394002505e-15,-0.001643007826453483,1.0314181725572606,0.0006799841350820901
0.6471628595536455,0.42341360172279363,0.37629146634557326,-0.16392546852766418,-0.3150476703919731,0.45354059094650634,-0.38756690368035734,-0.3809460633179183,-0.6662335154370008,-0.25610248153835224,0.9783716298512583,-0.2720211513630816,-0.6403180223463013,0.3431122592020215,-0.6649646447099571,0.8351076576408325,0.12444404898945745,0.49397278410012296,-0.3148003763325797,-0.33530520884754367,-0.3344590133364799,0.4950794157204953,-0.5383185414058049,0.07421860786092094,1.7763568394002505e-15,0.09889235930636649,1.0315950644176186,0.0008711578241723999
0.6182071228295015,-0.09580075951567792,-0.0036346395987803606,0.47531076184379084,0.519695401298401,0.3104169661000058,0.04575656033736861,-0.6420933669573211,-0.28495178674959865,-0.029303591407774273,-0.5152137824034402,-0.11787767228321033,-0.35595983387325797,0.10386883111216173,0.6579166420829409,-0.11860173291248473,0.12048707877230276,-0.6414486291265947,-0.23412755669268445,0.31842639987194926,-0.34506472666915916,-0.49013568919160894,0.728127874686251,0.3662317345596644,1.7763568394002505e-15,0.2278063253165668,1.0321874494788694,0.00007567612256167362
-0.30894888939960596,-0.46387329926228776,0.11324499113579348,-0.26776832689616725,-0.6261091003851254,0.6554324573849665,0.6402949482934795,0.22941975476383003,-0.2646786818377123,0.5674438796446637,-0.41640424623566674,0.36077609708901776,0.042048945186294914,0.6039071957773835,-0.5331541559373782,0.05666355156026857,0.5316213177074173,-0.16873377846723409,0.13068781715453298,0.2640018409797688,0.7259152001165433,-0.33774249945609314,-0.2263449200861284,-0.5981880176667183,5.1514348342607263e-14,0.1694994160604702,1.0324519921986692,0.0006691852559650853
0.6808573229019447,0.38885073294493144,0.41347981175973514,-0.1771467238074163,-0.16979060528658607,0.541468379395695,-0.4364508919456531,-0.38955602527533884,-0.3656026543874025,-0.26973945668023236,0.9539073422845264,-0.13485377411642158,-0.7147064074472388,0.3909030906215891,-0.38516222553821916,0.7907836291131184,0.2502919768180957,0.47500261907409796,-0.35796400689722413,-0.3001019727969219,-0.08184814215317057,0.30397765999333193,-0.5156449070620127,0.060117337254224905,8.881784197001252e-16,-0.16996859016569557,1.0330104895809666,0.0006811953632809695
-0.21456480034817108,0.7908606265953863,-0.568967469291409,0.3862526180698144,-0.557514158586914,0.26888375693766214,-0.03004899280210418,-0.013397690387229997,-0.8547360413958508,0.44532618898118964,-0.41514301340329934,0.6751911008173654,0.40040683097952,-0.12000262986732504,0.6571936156383431,0.06641736615225799,0.9750343469443489,0.04566211791408828,-0.2157418343601395,-0.052899960510788435,-0.5585532519205959,-0.6120251220638792,-0.3512874357469624,0.014409197736563331,2.6645352591003757e-15,-0.11472114460836942,1.033324758441773,0.0006896910609978802
0.7221127303795769,-0.28070493745885877,-0.14759149669411673,0.6084661235621539,0.5084940077234287,0.27296240747960876,-0.02941645089865018,-0.813883671589084,-0.4105765600718911,-0.07704546795545594,-0.6366754677789611,-0.09634878359694912,-0.1893835579771506,-0.06710709723941712,0.7900362629729022,-0.14090839362128876,0.07486735715450442,-0.7644582799537758,-0.2227792126632087,0.4578697531238132,-0.1873237121471987,-0.29020866432666836,0.8274270570616991,0.43497772105568355,8.881784197001252e-16,0.1938002737878981,1.0340649265958153,0.001107814562058042
0.6191152791924499,-0.14118445098528415,0.662833275116221,0.6451671824023472,0.2103962885863006,-0.45975601529340987,-0.6520093967404184,0.4259619594863189,-0.5236838897397235,0.029308757609603046,0.7114761895780152,-0.11532426111216376,0.5955718171548942,0.016643497291349976,0.1563981283480851,-0.6016984351379537,0.5650105732674139,-0.5811814582104554,0.2697249677870214,-0.8296810991541189,0.5639015716871112,-0.5866178730661974,-0.8216543328803781,0.25890589816402404,2.6645352591003757e-15,0.1396159363352943,1.0351487355445577,0.0009866239367445353
-0.3367505729620377,0.6280180102086983,-0.570798153415662,0.3382301770798356,-0.5528436953188924,0.2839404270523821,-0.10101886770650641,0.05101547062731795,-0.8021631161879846,0.358803615802826,-0.4422817612726129,0.648638778385199,0.3138664521977613,-0.19441092710369232,0.6616256794485124,-0.045945262641428404,0.8551794759094525,0.15452552773632477,-0.2500891615601566,-0.06007831778909687,-0.5540311372088436,-0.6075033448193288,-0.4895093075256879,-0.00012099942853515294,1.7763568394002505e-15,-0.07196150625563386,1.037427927488475,0.0011216538994093864
-0.4440477427693385,-0.40174332467594764,0.23297789104147826,-0.3905222564558299,-0.5409797100622928,0.6355149052148413,0.5729431476790994,0.2480137191967682,-0.5238350852389805,0.560771759632395,-0.5030925296305923,0.10140265468675023,-0.005962783803912347,0.7403361775656673,-0.5960539569623021,-0.009474890831597697,0.465399760133995,-0.06068471600632125,-0.014827885425082012,0.03186022609484985,0.7216823852063806,-0.5172745027566578,-0.027106441298504178,-0.7101618897946909,8.881784197001252e-16,-0.18998127692616223,1.0380558647905855,0.0009309147277730879
0.7257856116087934,-0.11652467042605041,-0.01725068742633406,0.5309498957397994,0.5392003700906033,0.35919041478093466,-0.007048342983592137,-0.6066370934088825,-0.44817193094193497,-0.11871699242479364,-0.35982426498475534,-0.08092007365216589,-0.3260090403520272,0.17031371394288072,0.6384041535245198,-0.08329458506104989,-0.07151263737859728,-0.699306146468725,-0.24410913375064064,0.3317797238955424,-0.2152187262914433,-0.4126076871305769,0.7878691552495329,0.3489148879039733,1.7763568394002505e-15,-0.2522676566196238,1.0384258064959264,0.00018554133528448613
-0.40714955695672606,-0.371770134018863,0.0006217334552153431,-0.3913020787643243,-0.6167785517989086,0.6463890288015361,0.6424750617512897,0.10764013308813737,-0.49017128862117093,0.41160679163792724,-0.6475484307841299,0.2590549973862891,0.056263334303312026,0.7766757260205466,-0.5985037562606957,0.033489793240534985,0.49424435072132616,0.16009733603070836,0.015556065153222732,0.21339418567518986,0.8173558020393055,-0.38579250405904614,-0.056309956243841185,-0.7679639265039622,1.7763568394002505e-15,-0.17155163669736284,1.0387960515115522,0.0008626531532177304
0.5073669997180618,-0.26290325185174296,0.6838343771096935,0.49942692211228723,0.12168486274674484,-0.42253303820691274,-0.5584337507209185,0.3446426157550743,-0.48666566688477164,0.3202382135183334,0.6875453804440863,-0.046351952664424434,0.49972462060900447,-0.18536777811024369,0.4673572485494384,-0.3423815300653343,0.6033093522181837,-0.5670086330705163,0.29188922609182555,-0.5629386091333506,0.6678257963214376,-0.7170186615908595,-0.5387832527552923,0.11436487945943244,2.6645352591003757e-15,0.0012462404582208246,1.0394012279218987,0.0009025868509945862
0.8345121725744813,-0.2538662352499424,-0.22744425766727439,0.7053687394370284,0.46717984494570414,0.20895600846948403,-0.013685624735636991,-0.8325709140478985,-0.5482207084910303,-0.07777045936387517,-0.5982895500400208,-0.10022437828473554,-0.16684799315226614,-0.12683636674796336,0.7104668498539821,-0.08924372525475414,0.03420592758448839,-0.8449417581349099,-0.16139695831999298,0.38230535906572555,-0.3026520970094693,-0.23337177330611109,0.7970595452205487,0.395568487588493,2.6645352591003757e-15,0.21603609838056845,1.0398420575357648,0.0006960809070548734
0.6223085063546951,-0.2338104049335473,0.0672927727251754,0.374328771985671,0.46373346725429415,0.31151560986908483,0.04317254065801952,-0.7729099376767935,-0.27375504041050913,-0.10310041465869385,-0.5305441126887219,0.0622714352385734,-0.3306167777751088,-0.06040852293922026,0.6378855051828474,-0.0013687281318227303,-0.09367230730945139,-0.6734249320715603,-0.2488586770072198,0.4512854966165346,-0.11158914925059771,-0.36919414520308724,0.7180741192846024,0.18446418184993418,1.7763568394002505e-15,0.18985253472021538,1.0404512349979034,0.0007822096456157631
0.4718731603879396,-0.22503679840649277,-0.07496824750185223,0.1549455626294055,0.4582825447455674,0.3654852566631624,0.05938597829240555,-0.7045887856754363,-0.2808264962101138,-0.0007522139356599391,-0.6391254140502499,-0.0737391397124221,-0.21591198798178673,-0.3152301157813122,0.7009601424303351,-0.07877075606000825,0.10098516772064248,-0.5324375999181052,-0.2198661267096089,0.3127536448688815,-0.08687389330494578,-0.3518672306648574,0.5261537042755602,0.4401447845389802,2.6645352591003757e-15,0.12732388698446903,1.041281590462851,0.0006086393059604481
0.6387291950279835,-0.13131988131173206,-0.030681441026100098,0.4022379896283196,0.5237020825532905,0.3653187313134768,0.07396328515463552,-0.6369924648837739,-0.33502437828070425,-0.01965015850142412,-0.4662414551973112,-0.09236091556981423,-0.30553534736319676,0.10340138681683718,0.6502940076212289,-0.10795057287906389,-0.06499177366048994,-0.6533934781863963,-0.2619007159946511,0.23146186391309273,-0.2729575295385914,-0.48674324302377847,0.68020212974524,0.3298801469343787,1.7763568394002505e-15,-0.21794607041767758,1.0420308822170337,0.00043897488425652793
0.7378522116038214,-0.17298420850067336,0.10749018991038403,0.5113782036528735,0.4629824928794132,0.4556869853963286,0.227486610454607,-0.7390094208701301,-0.3237050984699607,0.04854802084016077,-0.5386962243190697,-0.03861406732947082,-0.3946475067824509,0.0006509826257117892,0.6738936430812472,-0.07534627182246782,0.05041480524352967,-0.7134685986994844,-0.3151246003953538,0.3041780946481353,-0.27273151737481477,-0.6196069376936725,0.6429628194877145,0.3655193900436707,1.7763568394002505e-15,0.22911237510401014,1.0430098400869618,0.0003351140547521512
0.6758890903692261,0.29440666474337795,0.4029072493044012,-0.24846057569829935,-0.3771857505768358,0.5223154039718377,-0.5035254025129781,-0.46913312647516203,-0.5371023368187758,-0.22983652976832408,0.9201654123244155,-0.35541380107782705,-0.6806382532549823,0.42408437534741683,-0.5874671200297937,0.8068823211323777,0.043656629673051964,0.5374800833741693,-0.40718832315384584,-0.3640648219938833,-0.1680271705081881,0.3544225663701563,-0.6298027307115961,0.14409472232182843,1.7763568394002505e-15,0.16318742145547935,1.0435115740325596,0.0015805482653797089
0.8175372672247264,0.19069651299751197,0.42806007811860963,-0.17746453244518737,-0.4295478568332943,0.4905783658010902,-0.4718168011029703,-0.4777284128445643,-0.6408151355754089,-0.13551599476339699,0.9185894338054035,-0.45935793398311303,-0.6551952837553452,0.3892438557363185,-0.6769967346995731,0.8695999990290889,0.051668352514707326,0.49953552350071967,-0.3935987870894412,-0.2933973093469986,-0.2665147299344158,0.37650866670096184,-0.695399083174891,0.05125535341080938,8.881784197001252e-16,0.17149541214963138,1.0440456738834591,0.0009239623683663618
0.7367743971328747,0.35348467162457337,0.39734210469777875,-0.13475849417536195,-0.4744911563915504,0.5112013650435421,-0.6563619584699171,-0.1839180378344837,-0.5773385825150045,-0.07700307968997863,1.0204253530413758,-0.31269010819059756,-0.7305715043128056,0.16853585992594688,-0.6072580029521035,0.7993913181695382,0.16291022651275794,0.48310189647176954,-0.45397347880869177,-0.28287344360037014,-0.18350334411628685,0.34885334140365487,-0.517308876089661,0.19006867489736498,2.6645352591003757e-15,0.03793208692617808,1.0447611893017104,0.0011007323110720747
0.5913946771165766,-0.3892707996919684,-0.2109215709615136,0.289728585337836,0.5616329639366608,0.09312039439322804,0.09502734301614221,-0.9249286505224446,-0.29829306567762587,-0.019103278339444186,-0.712869301130613,-0.05121464715822738,-0.3442129226351672,-0.0367186848555399,0.6542728201912921,-0.0381106363227738,-0.14525383965967847,-0.8318978998739569,-0.2722840495700363,0.2919970293554543,-0.3182680808387292,-0.4420575504061163,0.6545191330259877,0.18815733301657106,8.79296635503124e-14,-0.15308633833240035,1.046038885414896,0.0008677820382782074
0.5860477234906015,-0.2039098487835869,0.64294100350239,0.6362019984912171,0.1195079254681253,-0.4630523947069347,-0.6199336883404023,0.2629520929699162,-0.4757253154372069,0.042814858620490365,0.6395285732950337,-0.24723508291156612,0.5846507057723965,-0.11766198163585082,0.3713606466032886,-0.47060866258776973,0.5180843827198544,-0.5715076107162138,0.39959595933794784,-0.5289098956656472,0.6658637477181527,-0.6451825561436202,-0.6529180589623247,0.16168322076966482,1.7763568394002505e-15,-0.004331678936422982,1.0469219837272956,0.000846000865882497
0.5039154759047588,-0.26482155699778487,0.6648961930945835,0.5421478143407307,0.12473275211453701,-0.4429987652510108,-0.6112189074101358,0.4311143616703316,-0.4950016458898781,0.12684272367430163,0.6116486399704381,-0.11562691241476435,0.45355730442621456,-0.1768488856146252,0.23541901897185116,-0.5618245724672806,0.5129494307600025,-0.5262147701353306,0.18427968161179692,-0.7185643246711902,0.6397917691163723,-0.6761076751336027,-0.7471775392467009,0.23905215010590644,1.7763568394002505e-15,0.09925314795516182,1.0472645708981476,0.0007444098814751275
0.8252307135988761,-0.024327269122300474,-0.2595872843724401,0.37804523993220884,0.8914236647517312,0.19310054852500466,0.110069628887232,-0.8919476877082348,-0.3506001917867419,0.005791455846021209,-0.6487615633880527,-0.002157740815228019,-0.2755953154476608,0.07183377195021583,0.9139592776712726,-0.10274318470923276,-0.13849590943509618,-0.7963648493918329,-0.2803485883047226,0.29832678061973095,-0.2952949053867747,-0.492365862973629,0.8917357219029811,0.43213764247239533,2.6645352591003757e-15,-0.19055681973342914,1.0474934271371892,0.0007894549209239124
-0.41229691658957585,0.6699488441846579,-0.6622849397773682,0.32132784643018397,-0.5355238307538192,0.23033083939802398,-0.14491688578312917,0.10409507500423906,-0.8809152005594332,0.34943124026949546,-0.3985633312179277,0.6279064691099631,0.3074264004400275,-0.2413543180268274,0.6452642532040691,-0.1872040915915152,0.9282271008546845,0.12493372316309238,-0.30623156401668694,0.047045395599054046,-0.6359616150678581,-0.722492725363127,-0.41819424989090515,0.041698601190463605,2.6645352591003757e-15,-0.0510733983766904,1.0488722930032985,0.0007600005723781887
0.6666539731948361,-0.19370744132263196,-0.03055211312458252,0.36472342536348407,0.5446989976632053,0.3232924611448665,0.13172283910464633,-0.7478392587310168,-0.2721852690994433,0.001009098460795487,-0.5512642487847964,-0.002253736379909425,-0.3318882477945454,0.007329866150719016,0.6930806468814764,-0.0068025820816809135,-0.09456411119099865,-0.6352523700477299,-0.2575451087276451,0.2937122913102429,-0.11833159883535342,-0.4509703199616603,0.6194442695291535,0.3567818865713587,1.7763568394002505e-15,-0.19687855719126668,1.0494284525650874,0.0008696257234199466
-0.4290656423371936,-0.3901844928984332,0.17305366184419177,-0.36661075217452277,-0.6445894985965702,0.7075248710499807,0.6761569301118171,0.037426583958946526,-0.5279952244590811,0.5090102094966866,-0.6729023575532946,0.20732441777569924,-0.08056127907934818,0.7305792596060086,-0.6590228916339514,0.006992815869321153,0.5055021863747986,-0.023610441500650652,0.13512320344841935,0.14708816922656387,0.79698002037141,-0.5078458527669067,0.06404824065849316,-0.7334390378093072,1.7763568394002505e-15,-0.20941476933744846,1.0501187412861845,0.0006939715497000308
0.7954159999604495,-0.19043136419025,-0.16793855226249932,0.5546837775083945,0.5487354209468223,0.23290095641976916,0.0680176925177737,-0.9327194329463573,-0.41621158213871096,-0.05838912083862281,-0.6934857544001514,-0.061630749013215316,-0.3371782289449481,-0.10953986927737172,0.7464563814593159,-0.06457747916634764,0.0032107761306682313,-0.8339317466441866,-0.30136309950040824,0.45568063427107164,-0.1514694760173506,-0.45063274391894964,0.7645158909732213,0.35914633451790096,8.881784197001252e-16,0.20873723694442875,1.0504747366804317,0.0006161445670629082
0.6498452602450494,-0.14468503743986671,-0.06254525420389634,0.39575903193308476,0.44888855539798084,0.3069209831047313,0.14808747863288063,-0.6192250837180097,-0.37991955140747474,0.014364171893345982,-0.418366328108457,-0.051446465269514685,-0.25127985431199973,0.0103439130064463,0.5697389511445029,-0.058439592572539736,-0.10324937937754243,-0.6378241105478378,-0.26837162282569954,0.22499837638193426,-0.1478812292882607,-0.4468243372374924,0.5192875058227215,0.3176939426853621,8.881784197001252e-16,-0.22716797379591885,1.0515463880291838,0.0006592202936343796
0.6957445580767121,-0.15775700153919645,-0.004369396934974305,0.24637662734579718,0.5855898777912625,0.36979016618169325,0.18446502130449038,-0.7140011753015247,-0.42590619900854226,0.02138460087284973,-0.5584995382664418,-0.10398256454934267,-0.34242529376990805,-0.10815670860947346,0.6472131594673577,0.05015609806586587,-0.08503811285874775,-0.7368631147056646,-0.27560532940155674,0.363257791205525,-0.15143663388462014,-0.4929733934088137,0.6630576343579129,0.27217160231873794,2.6645352591003757e-14,-0.1804985846791689,1.0519299460658966,0.0010470638711403927
0.5118744182118735,-0.23786565130315213,0.6596791956016784,0.6591809331939779,0.1018525421418692,-0.4513420893156698,-0.4677548357016578,0.42094110793676304,-0.5376860025367697,0.2684785384172935,0.6950288861174716,-0.18771273137279745,0.5035766788590507,-0.18293116182425342,0.3299627296482336,-0.2603287874835489,0.6744489163074929,-0.6124660831680292,0.13012796232646678,-0.6948684729663619,0.5806388515730175,-0.6682086085931602,-0.5920245863404373,0.11681749270013106,1.7763568394002505e-15,0.06368810348694949,1.0525642887986792,0.0019782404306196402
0.774823227497708,0.154530871894549,0.3511431396860949,-0.24140737316209887,-0.3926793964141423,0.5626290868674207,-0.5398100862961787,-0.3571000187740637,-0.5467284037183401,-0.24283581905863713,0.9133976840647157,-0.24520488656837358,-0.7602900695531973,0.3641427343710895,-0.47436222461132843,0.8487232945266497,0.028908035370138512,0.3932307527785951,-0.41125110381609975,-0.3697232548206335,-0.0850562253891726,0.4824161163569531,-0.4957629564764674,0.0857704977111955,1.7763568394002505e-15,0.1255591333162433,1.0537090684192052,0.0004843722651766463
0.6936676687868406,-0.13351603398509326,0.5889523940266087,0.7414949072445751,0.15945510438259872,-0.4059690468858124,-0.5436163120183076,0.5822710177325022,-0.4639686658038576,0.46446333494157144,0.7183844644391374,-0.11309716572229579,0.6696865705713143,-0.03293502398639063,0.21539778479256816,-0.38844747754043657,0.8072028369194979,-0.5822379681159173,0.17498288308871784,-0.63457533653542,0.6118880303896151,-0.7493678492784938,-0.43008091157940576,0.21464560086578627,1.7763568394002505e-15,-0.1233559000880874,1.0547523205967666,0.0012047368030263788
-0.15310076455265645,0.7020809968296197,-0.400624288914865,0.32634850038652985,-0.5596809161100044,0.14250898095324757,-0.01980649629407161,0.16395016668935714,-0.6655871824529217,0.41525859813157484,-0.41055331477070567,0.7316494381596683,0.40401568037034286,-0.26876048214334536,0.7421976000284541,0.1268508993283356,0.8701044795389784,0.3030410031553263,-0.17973074734625497,-0.029075091643944194,-0.35548291084021894,-0.4483803139833691,-0.4138629788242404,0.11690484124332422,1.7763568394002505e-15,-0.10390247329778957,1.0552801390391893,0.0011128010934876968
0.5701002769068725,-0.29454114581039087,0.6240367197212832,0.7085452083881175,0.24488583509841497,-0.40114024838875545,-0.6633201716776266,0.46226067229954465,-0.4668870704330496,0.05771843006871809,0.7023161274272305,-0.14925994934199308,0.5809305548905069,-0.16991317135400633,0.28370313537716507,-0.5285928116804811,0.6658127678442364,-0.5338776295275974,0.3258383580242197,-0.71040874688699,0.5624679236387968,-0.7716987359474453,-0.6148644276771753,0.13174149702209798,1.7763568394002505e-15,-0.055071822271493,1.0555261325374516,0.0006498849715293292
-0.21813593819799104,0.7337710702177157,-0.6132731632722711,0.20426802706009256,-0.5398354171493602,0.16768819551770206,-0.10528702837222878,0.11347883042080235,-0.8453376845261612,0.2706366465988278,-0.3773448368446013,0.6457831972808584,0.2519845060076861,-0.23014132469353432,0.6486053794783618,-0.04760864303432542,0.9431758875250893,0.11259373628382073,-0.22449668481681015,0.008092633594015953,-0.5780132239918916,-0.6788350115229116,-0.3017410935984832,-0.02705185598235857,1.7763568394002505e-15,-0.08917952905282701,1.056214763539846,0.0007808184101712124
0.6572108626457733,-0.092863173052725,-0.15768516395650678,0.4874218762724657,0.6869621211722043,0.09196288358942124,0.07990000638729594,-0.7780296380595915,-0.2628126787240877,-0.09118575770153078,-0.45510178922324984,0.07035313920373425,-0.4108170806511986,0.17869870178195776,0.6914335875374121,-0.16061377343325536,0.14846995612942837,-0.816489772872715,-0.29459141197080785,0.3762212384753851,-0.5051480474884417,-0.5778997154154628,0.8450794570502825,0.29517914432691544,8.881784197001252e-16,0.22458393967298665,1.0568607353282056,0.0005578674399090646
0.7812900157170911,-0.3062958462651737,-0.18910395694194293,0.6968878868546887,0.4398317335920237,0.21716738298449273,0.004963327155494219,-0.8410998046563999,-0.49609428026718777,-0.05752154649025504,-0.6099848037535781,-0.1052567735927206,-0.17402061637372335,-0.06585316316518972,0.7175337725166833,-0.14387181634518018,0.07703649260149836,-0.851040689035287,-0.2308004736268388,0.4532068524875597,-0.26641012985253193,-0.3064560847818804,0.8254368894253392,0.3741611228038235,1.7763568394002505e-15,0.21486156033074558,1.0575337802230045,0.0009978875489128965
0.5164608417464797,0.0003812601226276046,-0.22861464805755874,0.1956563557328009,0.04326441463682682,-1.1326614110817352,-0.6140701567734647,0.5114094196386687,0.3196494800079231,-0.5335163207283765,0.5528414088906772,-0.5008985105144435,0.24849371787236346,-0.2845295878986093,0.8598357594166998,-0.27375876990782627,-0.43815850482023155,0.24538159955877853,-0.7044368253015784,-0.4655301517029817,-0.305582961963686,0.7389128135617544,-0.03038358558384949,0.41426527171319094,1.7763568394002505e-15,0.2535698812423134,1.0580684413963886,0.00016885438818732923
0.5050387176686477,-0.1234213350403599,0.7225286174128175,0.6338576862377774,0.19810509878703036,-0.46425276029305734,-0.47894026381459903,0.6282691405638443,-0.5121470038852761,0.12653582113708575,0.8157888503978239,-0.03492544111359871,0.5269107792948756,-0.048375226506993704,0.31249515952295426,-0.43044842420757334,0.7404688116729219,-0.5238171056062843,0.20004924060999968,-0.7483218764008018,0.5162405601651554,-0.509722040600354,-0.7435702440660957,0.031385096889362654,3.552713678800501e-15,0.10306452183204085,1.0587301309538517,0.0008115192704330439
0.5973983056942003,0.29957942285870554,0.4100439329920842,-0.1580026842965805,-0.33444342631608975,0.47012345784728643,-0.5672708746493644,-0.14301514107888186,-0.6083395086282337,-0.309303822103713,0.9342866909244031,-0.14333411214799646,-0.7377576223388348,0.15579168275095043,-0.553679510932585,0.6424581860153761,0.20280097123943142,0.4268529060046027,-0.4515495947836627,-0.18532659422971867,-0.333179340266533,0.4506715213989407,-0.30945339318827564,0.02350877708440795,3.552713678800501e-15,0.030899903488030518,1.0596907507558717,0.0007500197104635386
-0.25877187000972174,0.6211795388836342,-0.7991783579716251,0.31761223585162046,-0.5839598160979887,0.198941114889449,-0.10363971018046589,0.11525279744314439,-0.9422288647142971,0.3833677879028023,-0.37708484078917764,0.6673656009781057,0.3778753597866804,-0.14889284920218246,0.6790631720420233,0.08138783245583091,0.9860686879431079,0.04632250233643867,-0.2371578943408492,0.0676129405431994,-0.6905005985252636,-0.618468131400886,-0.4201304480055367,0.0762956181096992,2.6645352591003757e-15,-0.031704043068438596,1.0600489645210263,0.0008657541296763367
0.5453109359104882,0.3684373989232036,0.30011884780041653,-0.30971568843791064,-0.5973053650505089,0.33249438889078836,-0.7091977435428106,-0.18362419791997847,-0.457495352917421,-0.3608200073853455,0.950669558086906,0.1325478403526256,-0.9471850374614728,0.27794719606690843,-0.27580933906422617,0.7007586751476782,0.15158926493389266,0.29224186284227444,-0.5555842261357572,-0.2956329549455627,-0.20963648597829904,0.5180438784051162,-0.0893238673645288,0.0884683346149748,1.7763568394002505e-15,-0.07022850776221004,1.061071642081991,0.0009343667937542089
-0.3774252024370067,0.8257664717302454,-0.6040639658115737,0.32369277308705174,-0.5553668616012546,0.3984795596020073,-0.14439780180149303,0.06075316836339586,-0.8820614657609619,0.37273683385387085,-0.4176694590339416,0.7760896964739606,0.3623579598672436,-0.28571439852929637,0.7765196231897591,-0.030026557093430044,1.0528727413761683,0.09304543567157486,-0.37159452552677147,0.026404814304897953,-0.5352561077535316,-0.8035405094814382,-0.42573770414364126,0.08551798302747546,2.6645352591003757e-15,-0.10769516274110214,1.0616223751534106,0.0012846885944451819
0.6198603306276057,-0.2688045315289133,0.04006889465045276,0.483953245059356,0.41035116140747785,0.30279788769690325,0.17487918606174435,-0.7792654301303136,-0.0795782044452114,0.06994638320326874,-0.5887507184400201,0.12004032674047943,-0.25596855583078787,0.028978920002177996,0.7344325549513605,-0.1421365254479377,-0.02778603167097425,-0.5531577605221519,-0.30437154582339065,0.24968338285086086,-0.14694745180735982,-0.47178365284578244,0.5773887049150221,0.3933045062288227,1.7763568394002505e-15,0.20160056401232274,1.0622580733881282,0.0005371171421989108
0.5169057362821329,-0.21202945213879246,0.6737992795629596,0.6132151235779528,0.18689894043831465,-0.4859531036018766,-0.623665199901346,0.41004494047290974,-0.5294290379242416,0.0460170740623177,0.7188264116151626,-0.23830850413901017,0.48070602860022504,-0.16172341904924445,0.2973876760732751,-0.4733342181942908,0.6406760373849699,-0.6006277873771233,0.1767162233836858,-0.6967197617756992,0.6275036468890239,-0.6974435701643944,-0.6875556734693833,0.2039184497197347,1.7763568394002505e-15,0.07033351444603071,1.0643817661212902,0.0007218547430827953
-0.2889991128531903,-0.3166873412997068,0.1713385030018395,-0.2622235686498362,-0.49359725595337006,0.674802973878933,0.657585024371404,0.3223611756781754,-0.35946406136639514,0.5749786816907724,-0.3956584016223642,0.32408674946338484,0.031886579541260125,0.775345116484437,-0.5154652513303982,0.02714939220660749,0.5431916038644488,0.09043703197699375,0.0335228766460888,0.22921652742340126,0.8055637120023899,-0.29373772411991494,0.005510073851357449,-0.6538873112430197,1.7763568394002505e-15,-0.185982118708822,1.0648549348792484,0.0008822969666327569
0.5497447057154001,-0.08715426305273755,0.6395768862487076,0.5927360922470284,0.09869102815755897,-0.44655070345411424,-0.6013999739363312,0.6181993829727553,-0.43291387322163083,0.06228365700103168,0.7935643346846051,-0.02494137307412175,0.5471395391562991,-0.04541873736688755,0.33504391609137457,-0.5413229853031004,0.7531489264230488,-0.4596369853146113,0.23637685949184345,-0.6855410808034337,0.539371902539046,-0.6682342661694028,-0.618242832369763,0.06987274628901695,2.6645352591003757e-15,-0.09016703707475864,1.0656088482732418,0.000801456455205712
0.7042632355823469,-0.2386784842117215,-0.01492327738951348,0.16187997258580522,0.5859387259966707,0.3636073456941596,0.1984779796733265,-0.8644790905985447,-0.26783554952312977,0.04924187670634733,-0.667472762530198,0.13707348790970417,-0.2142427012233538,-0.21977231486973736,0.838911525499198,0.017820429768973797,-0.2188678698754522,-0.6348671158942466,-0.18974876831877804,0.15482203734252392,-0.18828419359655443,-0.42767499222536204,0.5936247043297584,0.3812824566637172,1.4654943925052066e-13,-0.1506921438605448,1.0664260039301687,0.0009253076351757285
0.7366206044661489,0.2756356461553159,0.3068085120447168,-0.24205960679535693,-0.34924595281561277,0.49095302804863755,-0.5013722399284397,-0.3027528175729282,-0.4396930560677511,-0.10295470916380146,0.9150996086726846,-0.19370980799994322,-0.7315279404023074,0.27886530612935323,-0.405480306241085,0.8106605173023824,0.13593871280722616,0.3592942028468345,-0.4299223777990478,-0.28295490144567614,-0.1499012491361743,0.41471057964808516,-0.40578685101152967,0.05703370626956561,2.6645352591003757e-15,-0.10767031565085557,1.0678526418606071,0.000816010378339308
0.741313762671469,0.0791184155222059,0.2977315815378744,-0.20362827635723052,-0.3340296416599626,0.5766984503749134,-0.620254148752958,-0.3791507577524081,-0.5168665232448977,-0.2005817195019124,0.8213631732455073,-0.3171363420578485,-0.776940033028596,0.23650853611583167,-0.49480421313389866,0.7949132703879347,-0.057603887803208284,0.34657794544509596,-0.48094912315769345,-0.33665871231940736,-0.19579585356958346,0.41200500456399397,-0.591050422053021,0.06158337955368892,1.7763568394002505e-15,0.09312561390950155,1.0683060933289696,0.0010429318994770054
-0.3111771626621529,0.7938628600967944,-0.5919874631064613,0.21878539032662536,-0.5650810277331639,0.15424988262085496,-0.14728301875519606,0.08383337782704224,-0.8783245137988924,0.3344169021147445,-0.39082494586256944,0.6371358191907754,0.32418658133187056,-0.2418416368785931,0.6340472926281535,-0.040717669157080215,0.9845638691640597,0.050056896887097364,-0.35083486126124386,-0.0052637775530795005,-0.5335033290487418,-0.7047994576160579,-0.3604510606884818,0.025561864877182556,3.552713678800501e-15,-0.11524762598799554,1.0684862545315248,0.0006922920249089333
-0.30747565671614124,0.724229213293958,-0.6687938656386437,0.3044794772261367,-0.5891931432836536,0.20409370895347137,-0.0764819976366429,0.09076143348439167,-0.8950253613836558,0.31647514965827966,-0.4246175201913894,0.6869193579098343,0.30221037422209035,-0.3163887949707754,0.6890194822863812,-0.050763702350242995,0.965566841241616,0.08260251534757836,-0.23152635862575674,-0.03192055482097131,-0.6209807102964184,-0.7187294180010944,-0.33314894480783813,0.044979969631930204,2.6645352591003757e-15,-0.07895769060928641,1.0687717194189583,0.000787885107186656
-0.370218422966809,-0.4176280415996648,-0.08734596180084375,-0.3486603179198313,-0.671257827810407,0.5527306638877648,0.641104047734406,0.20182261466698412,-0.5206565716306448,0.4553780202399675,-0.6120430556227163,0.2419359043699916,0.052552274567139914,0.7263211421378319,-0.6623647026026341,0.05484108000618643,0.5163385425894103,-0.07074176990007652,0.0671462047259572,0.16691659440603143,0.7374295378636726,-0.3653378012001694,-0.0876659755773202,-0.8407242787996274,3.339550858072471e-13,-0.16258348175877538,1.0700285499197875,0.0010903549413956112
0.7244859586180599,0.25621065206616006,0.5745912384874295,-0.20571376448763776,-0.3075458418349608,0.6292189438287604,-0.40412047384481187,-0.4920604299454173,-0.5742389106268421,-0.33932469667836934,0.9090725344118024,-0.2743286562900553,-0.7270290300206516,0.3429805300327093,-0.5544186258057541,0.8147655907153658,0.11748851716883532,0.6471755044367606,-0.3088619314743832,-0.43037377434586815,-0.14622040575454462,0.5093129696366077,-0.6058791976199079,0.15169390380806377,1.7763568394002505e-15,0.15707852035595268,1.070855796760475,0.00047615368885595757
-0.35098474470420443,-0.226801931218097,0.01243557239154439,-0.3524329434666337,-0.4473132163690337,0.6862666028163187,0.7426945134010842,0.16766546512283512,-0.43888267207364984,0.6411131700053484,-0.47876097434004206,0.2503259712821837,0.08783074320312684,0.7346815104175862,-0.6184535282385906,0.037101463510906235,0.47228091183088755,-0.005078549434940021,-0.02918800975407153,0.115153513209048,0.7723475924239444,-0.32242513726012284,0.03995959631603849,-0.7240770387792543,1.7763568394002505e-15,-0.22676341832177693,1.0717103739685818,0.0008111810644064185
0.7877279437825498,0.019558804859842027,0.3420787941050567,-0.2673341598049844,-0.3892628593804928,0.6070716050771685,-0.6218413048862707,-0.3764878020833242,-0.519795516707099,-0.14861107255952227,0.9282714515503862,-0.20165340877005933,-0.6586732426449965,0.526946558823849,-0.45519601021937756,0.8817146969707975,-0.2334932899811401,0.4205006349671509,-0.48348318437211996,-0.3385097651712452,-0.09038675393629032,0.38614763387520307,-0.7069087412987634,0.0901567129741351,1.7763568394002505e-15,0.14512593293753415,1.0720247361710349,0.0009479982821529908
-0.37642873330256027,0.8978697254874262,-0.5648708510988725,0.42805482626104296,-0.593718934278707,0.5623390783244511,0.057786743305784455,0.08249325188520691,-0.9137231884319241,0.429508148062215,-0.5117249387013102,0.8291297368390381,0.37888223802763676,-0.29731522943017785,0.8218378341629309,-0.14288313753470858,1.078477950646314,0.14810797339180587,-0.232562316498527,-0.11166799949644148,-0.6029744538893186,-0.779169735332807,-0.4870377518898181,-0.05234179176080055,1.7763568394002505e-15,-0.10326574707869539,1.0728095653841512,0.0011439338132180367
-0.35905117359266375,-0.379167508855065,0.0610201313872642,-0.2712388582566054,-0.5839934927552503,0.6496165643321998,0.5662896001284008,0.04023906140815843,-0.6160866848450441,0.4548729648267679,-0.635681215702114,0.1448069331054969,-0.15211996922229445,0.689190555244871,-0.6876091897667946,-0.053885050909767335,0.40866530557122793,0.15991184223857466,0.015022425823926381,0.1894336292927671,0.7294367654051926,-0.4381265606582211,-0.0702014272662098,-0.7649806496738016,1.7763568394002505e-15,-0.2054646175305653,1.073273866051621,0.0008467433236352974
0.4875597205076831,-0.3315046808011795,0.6211878531293599,0.4997596085684042,0.09841712983831861,-0.550172423594043,-0.642335063033047,0.46282263564875625,-0.3953558707903699,-0.073353743353461,0.7050115051707426,-0.2306669050716801,0.4725171576932812,-0.20382999345682995,0.302772591547465,-0.48607179114912147,0.6716923943252006,-0.4639167265815954,0.2326746225992574,-0.6841988621153052,0.5922863882938547,-0.7374155929245965,-0.6267864615487098,0.23543877576147035,1.7763568394002505e-15,0.018136979840208265,1.0740989534593692,0.0013355021928055473
0.6769162945057999,-0.1965514665753371,-0.12409585425906276,0.35476990262007385,0.534548898318927,0.19003155601639946,0.16470444748359786,-0.7817440177956858,-0.2827310951056147,0.002858357940689387,-0.501016982565833,0.059098885045491094,-0.2676561636103679,0.016082695366037316,0.6334224545342436,-0.02861066861218327,-0.22265020228346352,-0.6582603504557947,-0.21879110846345623,0.12001563643696724,-0.2613203666934117,-0.4396913181330948,0.5487361135905684,0.27970440051614676,8.881784197001252e-16,-0.2100912798370726,1.0753841630348673,0.0010776751024465145
-0.20179745748226574,0.901190696137114,-0.3607239299155939,0.47902476001177546,-0.526854680051719,0.5147463603509076,0.07171582454706374,0.055824032034246567,-0.7817686609023343,0.510945204340145,-0.454431498541132,0.7670381057689699,0.4586807292245569,-0.18514121341341477,0.7554383764175158,-0.01382374335147065,1.0194053993623313,0.17608401922581907,-0.2099183505299668,-0.07047675723785045,-0.4194487767107662,-0.5804554974778293,-0.450204809402058,0.019002288813634936,2.6645352591003757e-15,-0.1453055011867957,1.0762199153944143,0.0009464368226545332
-0.414903118289018,0.5961971409833493,-0.709185302624688,0.2654949176161493,-0.36578645386885117,0.16305008910315416,-0.2850808257749279,0.23184844250234912,-0.8133218900502952,0.33203007272524787,-0.22545258824103956,0.5773923403934836,0.31452026462010313,0.022168352624946357,0.5958256479844667,0.035503776890439466,0.945891817133619,0.18915857586463417,-0.3539441546142659,0.12204559746687221,-0.6477468366600287,-0.6388882227063427,-0.325726865785439,-0.017617356026577463,1.7763568394002505e-15,0.010361612011912963,1.0765344597558006,0.0008079018087747119
0.600542339592612,-0.3883365742202255,0.048066505655188115,0.41702359681152673,0.3026709260389744,0.39201757829927025,0.15951925650519155,-0.8362397370461334,-0.3336938452755345,-0.17486286184237407,-0.45029320736742356,0.13660426167400422,-0.48105211108460766,-0.07683691032588288,0.5594327202116366,-0.07372251073512848,0.05857459052380594,-0.7743085774469209,-0.4522538881278499,0.40991612107054165,-0.13702572248411107,-0.6499046717750151,0.5778668438282524,0.23794639219675798,1.7763568394002505e-15,0.20419083322360296,1.0775500442041632,0.0003515002458771719
0.5501192062495004,-0.3341640930731556,0.7523511682001083,0.7264933763695471,0.26011818220530386,-0.4097213503552243,-0.5910441163826189,0.385017049136999,-0.5123180000057634,-0.017359005004078838,0.7392270223682595,-0.15451012825773688,0.5592137051876961,-0.1850900177822948,0.3959421477590425,-0.4588975165334972,0.6652430220179953,-0.5339362905371994,0.3034209777257089,-0.8632084268223438,0.5763577038072852,-0.5544975968691922,-0.9054494263780636,0.014592438826079851,1.7763568394002505e-15,0.05286350156432856,1.0781113779605547,0.0010727239492986137
0.5614961999905816,0.553844312411948,0.29449748532262565,-0.060613055772563054,-0.2290694675570798,0.4620992439464639,-0.7113872251178032,-0.26276624430061263,-0.47279893475586504,-0.4143374791993692,1.0270098055786572,-0.3809272463907503,-0.8859681884065811,0.3256426061429472,-0.5260726956107444,0.6799801158313803,0.3731501862214613,0.39406984088057434,-0.4403980189171096,-0.23616080353833505,-0.11258852182367879,0.21760865620248415,-0.4944322724223038,0.07867775784558982,1.7763568394002505e-15,0.12404070351490491,1.0783828608632913,0.0010158990596201472
0.6445602721541057,0.19695316695371948,0.33105186518681956,-0.21054880055878814,-0.27709519371895835,0.42471779337364574,-0.4265880678706039,-0.14937217727470484,-0.502218909117877,-0.15811170346037037,0.8374293769369484,-0.2996642554745298,-0.6189735442274849,0.3763155584831225,-0.4429452606601402,0.6550268466419995,0.17115256194399467,0.34252227970135485,-0.35520985086123763,-0.1248999284338137,-0.1192170971934042,0.36198348162946703,-0.2708215510512276,0.10676367312906729,6.217248937900877e-15,0.13491641472390367,1.0786647580590194,0.0003619079576365192
0.6594460139037353,-0.3070530519256618,-0.08166294164002309,0.4781389656776065,0.5717772420886604,0.24039410623407015,0.009905247376484468,-0.8116401274923972,-0.32805635921681287,-0.10215901309062037,-0.5345627045005358,-0.05887677268163481,-0.3745255572458374,0.2326496519920801,0.6340893743029303,-0.1346222226789557,-0.19552603893792161,-0.7804708179350303,-0.2786827077588672,0.18737737148557365,-0.40655813378414923,-0.49012078768851935,0.7878915769047102,0.23040799691718195,1.7763568394002505e-15,-0.21938737657443577,1.0795550955920727,0.000878321782497679
-0.24268774458262163,-0.5574738345696935,0.11241477251650604,-0.20315201119959103,-0.8403325220186327,0.5662518283088005,0.7511687213100351,-0.05933302452518949,-0.29481567723345203,0.4692697533150573,-0.7567001665671694,0.23603582349333987,-0.009538517368472695,0.7274794975758953,-0.44164759669789044,0.03375590699534269,0.6165792908889137,-0.07993347055483234,0.1414822248874466,0.22896539278048603,0.8248606114003595,-0.27677224974602127,-0.0747458868866442,-0.6343573487820335,1.7763568394002505e-15,0.18034408925640924,1.0803609040096966,0.00008705126425972985
0.7143227037047226,0.23014899353846152,0.2654225018627743,-0.17296923571085973,-0.19276112055061245,0.6373351271380123,-0.7335348682541544,-0.16660952562175466,-0.38647957909974623,-0.15096590284114106,0.8998991904772483,-0.36654225887700403,-0.7994217724326707,0.18153651090454084,-0.4405879254543594,0.7445257078719821,0.12818273041739298,0.31235173058504406,-0.5371358989940732,-0.18037971946624498,-0.11985947600018751,0.35720225402503847,-0.3876307400233392,0.18701419598745217,3.552713678800501e-15,0.0375856920329581,1.0813080016209444,0.0006028453493789162
-0.4438411472075734,-0.18530794435555833,-0.1470391777553669,-0.47254720590847593,-0.47933353843922366,0.817440015142272,0.6929829414051145,0.12113655650175881,-0.2677708993302655,0.5624322283820843,-0.3948416159533358,0.4758990360976804,-0.17738880787374692,0.5591532870588386,-0.6739602891148221,-0.20247985077380515,0.3216007428695682,0.3745290857600405,-0.20721281119314758,0.19686684574038818,0.8374714573832163,-0.41573643946567695,-0.016038248095135786,-0.6902858055289061,1.7763568394002505e-15,-0.2665680761081147,1.0820030757323638,0.00008664310732216976
-0.3535225286250676,-0.3276257955639806,0.050039695100155476,-0.363737102122973,-0.5968142083521447,0.6654318085977662,0.7457371113753369,0.15190411383328553,-0.3504323800755275,0.6446551837190755,-0.5267300148398717,0.30408595331919025,0.036628742755888614,0.6718474863995305,-0.5612432041129118,0.004974930109434888,0.47221274782198314,-0.1359539602617571,-0.0541981380206559,-0.0042929765656010395,0.7972224125352367,-0.3166373542498529,0.021371423300701,-0.7051623357115889,1.7763568394002505e-15,-0.2310194115160833,1.0825937295892802,0.0008674885199357651
0.584379083831125,-0.12770405160793735,0.6335868625154517,0.7715410797193004,0.13750685938941742,-0.3394530954894006,-0.5460070634539619,0.41571541398007494,-0.5210511657295045,0.15372607759024118,0.6080592542851785,-0.14868437973587048,0.6070786830775149,-0.11982841468825903,0.28690308381003987,-0.48933691870178714,0.5301850313260522,-0.562138745162988,0.3304089930505473,-0.7081411633749751,0.5699788638168702,-0.6134815168014868,-0.6653895643782913,0.14735550655197702,2.6645352591003757e-15,-0.11452454936064198,1.0827840787701948,0.0006010743949454762
-0.3740508023540604,0.6540453740868095,-0.6183501355295815,0.20696195834051415,-0.5085689925442312,0.34680334508181243,-0.08863411072162065,0.07369235178103048,-0.7911810720832948,0.19613235098075857,-0.33514330346182303,0.7617870940851512,0.16988050852146006,-0.18642571130546162,0.7541706034021582,-0.19758200646165885,0.9344687834194254,0.0910042771017539,-0.29741547673913304,-0.07612190446448984,-0.5077708172086155,-0.713649251270931,-0.4344516250055942,0.05060669662557528,3.552713678800501e-15,-0.08116673548335347,1.0835827701142982,0.0008850758518541915
0.7901088978984472,0.3524960411414562,0.4131301975860713,0.02332103920069629,-0.46302021510275704,0.48609642299307854,-0.4707685416302359,-0.48975134346008314,-0.5896658136304073,-0.285660774060865,0.9384336050931348,-0.36588827018186,-0.6612454858199234,0.3227110507468881,-0.6499959385942775,0.9060742586750435,0.16858595276204613,0.504456448066431,-0.27602185751122726,-0.3827150864893939,-0.17148444530089005,0.4245367232960579,-0.7089565196156568,0.07021214238137156,1.7763568394002505e-15,0.1702345321528049,1.083825501143658,0.001228279530673018
0.5134918505879459,-0.17108740512326412,0.1815781704559421,0.2587153572476491,0.4383901926622563,0.3774594943365153,-0.021318612909674104,-0.6852069313301888,-0.31784342620998446,-0.18049505496306387,-0.4561189203725375,0.134267267367265,-0.3242542729494988,-0.12896318019727696,0.6427956044628161,-0.12792593737049535,-0.07510419731516703,-0.6467835445334602,-0.30287954916809845,0.33307024398022567,-0.23260326410563462,-0.4676761013444881,0.7286949093533898,0.18294587213958036,8.881784197001252e-16,0.22271074171244246,1.085579651671326,0.00028622932887008507
0.6709773361808533,0.13234203136462475,0.3422313446323027,-0.034493877721875815,-0.3420367384123969,0.5164603315343396,-0.3782954682651881,-0.26436135889493095,-0.49832761229451294,-0.24602606211898573,0.6763531681729162,-0.028028605681162885,-0.5720962979163835,0.02376605618590255,-0.4143749598540107,0.7277424648360703,0.03895807375273467,0.3446742113229831,-0.30451072881503916,-0.27439783918804267,-0.2854055806589789,0.5833971438609998,-0.34528979902538715,0.048937681626347276,1.7763568394002505e-15,0.0066705334961738765,1.0865233119884257,0.0006403281589696792
0.48675430118863156,0.006599234292344404,-0.055132774598986946,0.20222488405572744,-0.03218767710616134,-0.8967523782235484,-0.3804289080290313,0.560017945843182,0.1616249314693535,-0.3269166542847232,0.5434744919436119,-0.4218813717136809,0.1698671326414342,-0.14301839580665107,0.687958919989362,-0.12758806880382112,-0.25369984667825585,0.2655189668952965,-0.48570980031988986,-0.327237636807487,-0.2761001541415147,0.6033710851784352,0.02340782148621175,0.30189330084788474,8.881784197001252e-16,0.2680641119972822,1.0878260094156447,0.00024383303539998188
0.7061385085704985,0.4085301715992599,0.28137516905375876,-0.16658961680779835,-0.34163175827255715,0.44156798530609587,-0.6318343299136334,-0.23622928685582822,-0.6380243335175594,-0.20954064477981446,1.0423003728563465,-0.5020071162480152,-0.7795730875425618,0.41013051784862653,-0.6668442961910827,0.7854138657622111,0.23124786960949228,0.3861999056819536,-0.4182199050052482,-0.24339117066796115,-0.17709649811575975,0.3740832782587013,-0.437748699612516,0.04678782456119978,1.7763568394002505e-15,0.1254580735520166,1.0885609401725214,0.0007795783910627291
-0.18096896917922248,0.7260841681528303,-0.5789905136746886,0.3834789414099454,-0.6594213913451606,0.23393064326881471,0.017606926097850348,0.15915319395410527,-0.7971864193264845,0.3772814097564388,-0.45149332931821645,0.8795156057968606,0.370913949673346,-0.339601221479067,0.8874064196046271,0.10299171915519169,1.0004580457651413,0.26133961844151055,-0.1491646828327428,-0.015758250043709465,-0.48287537300707684,-0.5749028366489972,-0.41729299192843244,0.2227510523433359,3.552713678800501e-15,-0.07747449953081625,1.0887599989642203,0.0008572862537303504
0.7132450999136831,0.32586929719041463,0.4756885906949683,-0.1176927222741105,-0.35631050062166414,0.5837462835726308,-0.5992400362690001,-0.19847684588329653,-0.4814505243152224,-0.17474578041242142,1.0019344048841314,-0.24997732672699816,-0.7402364866778895,0.33889009087415656,-0.467829774875569,0.7747577456492347,0.183643928301601,0.5426137150374885,-0.3732124739570617,-0.263946029445809,-0.03199750621052062,0.3925783274585092,-0.4620477764933517,0.16114976613438836,8.881784197001252e-16,0.10512238985028088,1.0897873614048634,0.0011599004919619973
-0.2590428155292682,0.5955176858190664,-0.7302410144124526,0.2919451662914332,-0.7084563347780117,0.3417776020664371,-0.17313305420708508,0.129561430463285,-0.8770280300721358,0.40573179139565085,-0.511700237714387,0.8034510891730767,0.42212357653990357,-0.34286851216605757,0.8158627235321492,0.19578029860868057,0.9628073335943689,0.1718649276282557,-0.3110127299286383,0.007805548470088124,-0.5722766879617993,-0.7010831333985453,-0.5005850810737946,0.22988863645522106,1.7763568394002505e-15,-0.027512905707157538,1.090650874580238,0.0009777410516810783
0.7681307293854192,-0.24355298082806257,-0.12456017848801147,0.48302076201247973,0.5571405054966702,0.28909951429179154,0.09972473385441605,-0.9000414207522326,-0.3345098126829548,-0.08945069045781297,-0.5658587628617049,0.04292749687363866,-0.42164366117120183,0.06639566231357644,0.7304299826185597,-0.0316487521890919,-0.21881318986303577,-0.7147405639100585,-0.2802949933134737,0.18008410519958967,-0.17822011807813384,-0.5127080198233812,0.6041954442666163,0.43454718185842023,1.7763568394002505e-15,-0.239881026107652,1.0910879995827703,0.00021457021244959142
0.7065353132828696,-0.09607408041728512,-0.060369920960172144,0.46536550030582285,0.4811278149161875,0.09536936321627794,0.2783203293712207,-0.7590687779876917,-0.16728957385001722,0.1176743108474911,-0.49921184728859497,0.11573734632982495,-0.16404342272609623,-0.014991547953554599,0.6005158732052445,-0.03960580321883692,-0.111660784892564,-0.640925554992775,-0.2313580689817957,0.18833569141448028,-0.2752018178083354,-0.43487255161852173,0.5393878377998697,0.19537533368427476,1.2434497875801753e-14,0.23111398963327345,1.0914783145202134,0.00027134225637334057
0.6802764971083088,0.43673063186245364,0.41822593761964494,-0.22456662464188853,-0.33048852488383146,0.523946793494205,-0.5186087039440541,-0.4522129983932906,-0.5006557016856324,-0.18332968986870032,0.998537469332241,-0.181125010767585,-0.7379865112178006,0.17166295808352433,-0.5811765675327942,0.8289876570106579,0.19533667544500846,0.5214618223323259,-0.4331085939249211,-0.3853372759152153,-0.2744909475366736,0.3264770038162107,-0.6380759806891878,0.10929920936580226,1.7763568394002505e-15,-0.09194713509997475,1.09222327549424,0.0007622702837381415
-0.24045530418399383,0.6436452544905809,-0.7765300857708086,0.36311814254941593,-0.6447815040397211,0.39931049072324876,-0.12410484021541439,0.1838829489811231,-0.9359420661547,0.3888785666017737,-0.5001162068575135,0.7870568574392635,0.36790317583944554,-0.29383270662846206,0.8138202231681255,0.014842128338473329,1.0172548285903886,0.22205176997504336,-0.21895291440998163,0.016958077903892785,-0.6701479191896741,-0.7159737096811825,-0.5195229502647698,0.10157789155458857,2.6645352591003757e-15,-0.011379737769416684,1.0925114039262005,0.0005836797784133135
0.5137041827824319,0.03462238177686982,-0.1475605060183425,0.3124316228825565,-0.005390571824860788,-0.8997448000183389,-0.40173815893866954,0.5291919174375733,0.12964490040406568,-0.29862888190621417,0.513341553075389,-0.4703344193477253,0.16725860080859553,-0.0979721852956653,0.6941031497856555,-0.11117607147304372,-0.21997679742202,0.28559320384248976,-0.459148453876548,-0.30586495550263093,-0.28723311103773397,0.6361316998092931,0.061163077068674444,0.32790021684169013,9.166001291305292e-13,0.26121804389093717,1.0932877300814863,0.00011909634870825204
0.6778829072571566,-0.1644232411380403,0.07128788544038123,0.42461574705372757,0.5369574481832765,0.3116935365417128,0.14728452640411185,-0.788453204345578,-0.2529989187603551,0.059666192306156815,-0.6685663295224035,-0.07664778056302629,-0.29833565757054614,-0.06616474556495597,0.7005937078004302,-0.03574501678388671,0.009299972789274236,-0.7082378194387968,-0.26115554927458745,0.3793100407973874,-0.2518122010237539,-0.47311688620886266,0.7444150447247503,0.2422240947158749,1.7763568394002505e-15,0.20324994997630164,1.093978722733452,0.0003896732412734769
0.6342533916319605,-0.2024214627196734,0.10089103135511489,0.41234704708320924,0.45018140830349895,0.30328975993325463,0.022363838416149605,-0.7739531171464676,-0.3103193425281945,-0.14605677895482383,-0.5113927286077616,0.08164227010616401,-0.3549210359043757,-0.09796623281523227,0.6193657343670853,-0.007746688136737102,-0.056755235690797566,-0.6869906684725847,-0.22370758648526437,0.4171663260403039,-0.18416037093156182,-0.3697669788677659,0.740461476126562,0.18648048016161553,8.881784197001252e-16,0.21806264631442923,1.0950668777043129,0.0006958675188126522
-0.3142684575468095,-0.33351757449722513,0.1942275183651382,-0.21204672403565838,-0.5442867363563463,0.8123206274246471,0.6549909650746168,-0.09825308183974674,-0.5008690330916551,0.5441330042161704,-0.6738040353108455,0.31107670460687514,-0.04947593887352363,0.5420655341923697,-0.6413152729168011,0.03222875853494274,0.4417862915537807,-0.18883342138357342,0.2169140146537252,0.15686095515550225,0.784247810224257,-0.4218770991471774,-0.047200157846284674,-0.6145096447120226,8.881784197001252e-15,-0.21584239940645894,1.0954738128972175,0.0007971722878817217
-0.21448729157174376,0.7447701273674897,-0.5655335972677666,0.1916356403842771,-0.5494474706816185,0.28473592961576666,-0.0348426361613809,0.1723747842711095,-0.798400999498423,0.18827328962719744,-0.45106249124788433,0.6289865089777646,0.18778569961968422,-0.29511187487336277,0.6542387874453975,-0.011475374129490618,0.9096342633588703,0.14132954768943146,-0.22721776456941242,0.16943876690444912,-0.5569779927789051,-0.7310721719128949,-0.2947714454320948,0.025261771707285646,1.7763568394002505e-15,-0.06176951071182254,1.0966997557945806,0.0008791425919533982
0.4393079298769,-0.31199521054920903,0.6412090102186364,0.5402059441961213,0.130498841214509,-0.5840944543515084,-0.5788796872985027,0.5254476985270928,-0.5194798483739914,-0.11946557145400434,0.7245519214085155,-0.258095081869494,0.46168027999043704,-0.1950631048627448,0.29860529481137216,-0.4826316873795211,0.6470066242285757,-0.5530796473243442,0.2662249244227104,-0.6670745910174483,0.570266615327804,-0.7091803166467846,-0.6453121386374104,0.1721030992164085,3.552713678800501e-15,0.023171555484554046,1.0971974769288388,0.00042386232077726575
-0.3189349213325665,-0.2571927867775419,0.10248995475156204,-0.20122023528579688,-0.5199245010634143,0.7636237621501968,0.7256122169357204,0.3471886934761878,-0.4790035868308279,0.8060509363286055,-0.38690526735512587,0.22338008269540685,-0.00721045357707403,0.7613304856406287,-0.5905251748524676,0.06918728426490725,0.34742849726587705,0.2519325857015314,0.13146039227692816,0.04669959235558696,0.8215704968646245,-0.427094635671665,0.06685884557948893,-0.6586082024368204,6.066258606551855e-13,-0.22638780104589626,1.0980339499909035,0.0004871027388883654
0.6711282724204906,0.3916381540718495,0.3646768485063467,-0.06324308319791531,-0.19777164195272107,0.5958315643681098,-0.4349011979437699,-0.4476040616995304,-0.4554442607804485,-0.451281256140913,0.8275037094776473,-0.3123068162305524,-0.7655623665859737,0.3077784702136837,-0.4582934214583854,0.7722413213496083,0.2646563512222022,0.4236770832430354,-0.33736823634672225,-0.27636800803747125,-0.09770167207820524,0.47689515479935896,-0.44738726181615235,0.10152355905252836,1.7763568394002505e-15,0.1672409569723971,1.0992074176158315,0.00119651593720559
-0.364530106883162,-0.33795680836354497,-0.11201511606638334,-0.2724779678316736,-0.6647603758370847,0.6679240450015733,0.5327563436911911,0.19836516096363904,-0.510795236344023,0.37626239650547644,-0.6920172118732841,0.2254337395835177,-0.05621014130240612,0.8109523659439063,-0.5040379242663077,-0.026323943072476333,0.5917469706650003,-0.0018200847553311184,0.027770608578756534,0.14716061278625553,0.8773492177807669,-0.3894239287346144,-0.049176864674093365,-0.7238057262771482,1.7763568394002505e-15,-0.16959945556394357,1.1000183204805334,0.0011248864183356975
0.7355439390285357,-0.22818277040366328,-0.1060169068461776,0.5483957377006128,0.5157724307118146,0.3833047834893367,0.08069558171998248,-0.6743246924882885,-0.48078078359042287,-0.05726273456491203,-0.42451794728607084,-0.15518944040082192,-0.38748686474552757,0.20655602378151797,0.618830180695603,-0.03651376223756868,-0.02431139958666893,-0.780781215285272,-0.24168332763547518,0.3119264061638135,-0.2732325528080916,-0.47501247861130425,0.7163179906223003,0.3848798645474123,1.7763568394002505e-15,-0.2458567014953691,1.1005089124010647,0.0004208115313736139
0.8344689444043621,0.14137572082946365,0.28493998873282167,-0.05297255980773111,-0.3345116899619162,0.5575901927949523,-0.5594722432150291,-0.3931202140309127,-0.673192420821149,-0.30863417557861583,0.921098081288377,-0.18063277422115234,-0.7483380013255507,0.32101876791178363,-0.5677308690055897,0.9523900469186184,-0.0741499742688642,0.3195943656703384,-0.3975740466509176,-0.37409012037316114,-0.2986926358449632,0.5484471324664951,-0.6801720646685283,-0.07458575677810377,1.7763568394002505e-15,0.08835930595503905,1.101230641308171,0.000614705651371096
0.49762863704642313,-0.26476926328635025,0.7286124975542018,0.4058580456486396,0.057911391282580424,-0.49313064569302617,-0.527903401718439,0.3290805159398143,-0.5277121985612266,0.3073728195194467,0.6146376163885995,-0.10127428873145457,0.4580956235911949,-0.18712192251527646,0.3812127313025221,-0.44297939974712297,0.4509320055196586,-0.5730935525265936,0.24566612636621504,-0.6766413333165177,0.6969001860995058,-0.6155321584735274,-0.732177761019743,0.3043790599682292,1.7763568394002505e-15,0.06929961263268637,1.1024500688104977,0.0005463295260174539
0.6768257854282707,0.34562547235778124,0.19463636857172223,-0.10059542187775497,-0.19596163073164655,0.640318034548299,-0.6030482497734514,-0.2506811055857036,-0.21428727409143447,-0.11607631709133498,0.897954918587343,0.06977992891018435,-0.7627340750189948,0.15728142269856013,-0.17467730476099402,0.8209833643365957,0.092687547817042,0.20038790565896364,-0.5128472816707975,-0.2361524278190968,-0.06257512032199751,0.44708423541810727,-0.3731549863920839,0.028050129280926688,8.881784197001252e-16,0.000020240935733415933,1.1028715321086064,0.0005024892650338634
0.561513637538667,-0.08091522872239791,0.7195015190780031,0.7414512457798218,0.15054517259354758,-0.25804836275256415,-0.6292462798336462,0.44091661514282715,-0.44323784308229314,0.04879376244617146,0.6691362061381754,-0.058109173320294,0.5203016270199337,-0.16306719518521234,0.4528888043893803,-0.5570613564439347,0.5996682342519569,-0.47905655815848375,0.2534592300311949,-0.7073490831308776,0.6590977722602702,-0.6434595311286706,-0.7128164914264171,0.1231539222794096,1.7763568394002505e-15,-0.11334805112969017,1.1038715891660975,0.0007166797208886397
0.7259469906035694,0.2904528984660495,0.3550261058030817,-0.09774882195018583,-0.27547384575958067,0.5885091528792173,-0.40158935993423256,-0.3912786791756786,-0.467121740972175,-0.36232125407319,0.8630381173486926,-0.1662118815279423,-0.6824454399494537,0.4406569650221007,-0.36490174109795115,0.8757883851421686,0.09465051594662632,0.42976048492500113,-0.274137471258845,-0.34753204357609074,-0.06594061301743392,0.5332459173377945,-0.4772695717975307,0.12570685300569967,3.268496584496461e-13,0.1608510882132021,1.104031985452417,0.00036842063662652466
0.490977553127921,0.08238319636803701,-0.009046097327834984,0.23174129997361706,-0.04702462520383232,-0.8433507620691569,-0.3984006711812407,0.5203061391167781,0.16139199459998696,-0.3580242057129247,0.4972141073233127,-0.4019510744439471,0.08640750898196078,-0.10869529933086662,0.687353264476784,-0.1433030409191927,-0.24429453854122948,0.24358883586141233,-0.4114659346788635,-0.3690011805770172,-0.30069991575275384,0.5761741404061489,0.12773547903668642,0.2773534587726639,8.881784197001252e-16,0.2627213969273878,1.1046845313720135,0.00010153366434022054
0.5558882814716481,-0.08925185669271805,0.7185773983285607,0.7412105459631455,0.17629661190404552,-0.2167898500682993,-0.626849857806412,0.46946355806770396,-0.45240644635453875,0.03784062319588803,0.6610582200589405,-0.0337743465575251,0.5106239239243989,-0.1493455570747201,0.40707742610910186,-0.5686726329410221,0.5990504500585744,-0.4813246017275788,0.19950624162197947,-0.6896780764729463,0.6746499909806831,-0.6655381363224108,-0.7048442316247322,0.10576671741466932,2.6645352591003757e-15,-0.13076540958836788,1.105162021871475,0.0008271262971428208
0.5312839718558451,-0.25553650952000145,0.639502483972529,0.571927924458504,0.21562992508099732,-0.47066519459980904,-0.606460854162539,0.5093459624888622,-0.4614598844618776,0.06968802260261049,0.6994081411070776,-0.1282470313751645,0.5109279677954854,-0.03760916880681957,0.17317828124685955,-0.5505830775009576,0.6317481462827925,-0.49815850587004823,0.18474728033352913,-0.8035938393004937,0.5158036217320777,-0.5957193334813696,-0.7949798431014091,0.17068978967760395,2.6645352591003757e-15,0.11789749366119322,1.1058371836580378,0.0005240718463643191
0.717520485417131,-0.29737802997602353,0.6071601343950147,0.779474475676496,0.03119961248502126,-0.4372026405625719,-0.5545506828069625,0.4010168982237319,-0.36631303160667195,0.1534178141535122,0.6315232260503973,-0.1180437613418911,0.7142480727120247,-0.23615755445267322,0.3192434746694726,-0.43351839758419447,0.6218896733010447,-0.4278661660269955,0.4480066191956393,-0.7694991921335363,0.5716793844636745,-0.6317738687983214,-0.670279013794247,0.14806234145425629,8.881784197001252e-16,-0.05449661933275798,1.1065039469521474,0.0005706305917194645
0.556123394920879,0.006794719644846048,-0.03533341515517852,0.22053593911574193,0.021018457122454384,-0.9939754006269992,-0.4312675669604064,0.6104773890308115,0.16592984147047685,-0.400240684646896,0.6235964354033664,-0.3862667764553509,0.2341029083827545,-0.18742905615946354,0.710758129966093,-0.10392587113936512,-0.27534375687758783,0.26840910908762394,-0.5174542675964695,-0.32244542829195455,-0.30013771101360803,0.6716802365718791,0.001948092364962653,0.30231766310994024,1.7674750552032492e-13,0.29632051658278447,1.1085744514189797,0.00013866088329738763
0.5321776677745882,-0.38048459105662996,0.5974335903781387,0.6265803071745224,0.2126610342717126,-0.29279970929490073,-0.6233198996009115,0.3718958110135936,-0.3475903762722044,-0.07425622796122794,0.5479970031299198,-0.030165043379840793,0.5348356718726601,-0.2481936567610794,0.33869399177927495,-0.5613021486047987,0.48285808492420673,-0.3649158599238392,0.413193099712136,-0.6342425282769908,0.5571378024113601,-0.6559349299611117,-0.6813072530465838,0.06472106106403067,7.105427357601002e-15,-0.02550406016511526,1.109026942505135,0.0006296891156097228
0.7753777604725187,0.2163201978819368,0.37927564879978887,-0.05955012573829861,-0.3419282350918818,0.5417757599319222,-0.5346128458347679,-0.29195951844233736,-0.5024495622886808,-0.13926653745407128,0.8835427870735726,-0.3764065971676027,-0.6589154840817806,0.33572695767126354,-0.5179989096747151,0.8106536360528962,0.10695425525594916,0.4284969210229294,-0.38049632410066947,-0.17400525384189722,-0.1337417071634691,0.3914065750270069,-0.5335509814120738,0.0991570857624206,3.552713678800501e-15,0.1390005583662527,1.1091408225693724,0.0012084999790235584
-0.2448861599924294,0.8781527603483389,-0.426653420639492,0.26779791485674237,-0.6163651652629579,0.3103318218903737,0.10112235532285807,0.22104753968795107,-0.7616155665141089,0.19985726161094752,-0.5197894131542136,0.7909566137626333,0.15672313377400035,-0.3604890861681869,0.8080638187389931,-0.2082785225635142,0.9863835823879112,0.2767307209879945,-0.15207082882022674,0.04459860095494853,-0.5026327129937889,-0.7040089519034879,-0.3813765385800558,-0.019394037111991964,1.7763568394002505e-15,-0.09957207360639998,1.1098545367128747,0.0007675077788440481
-0.26169773748700614,0.6167233445865096,-0.7498319337442336,0.24507420845175898,-0.6274701015203809,0.22162093201452943,-0.1723913634465157,0.29247532805688026,-0.8882977002189784,0.31380213649856614,-0.5103488889809481,0.5946847217256606,0.33886510030660777,-0.319986607154577,0.6331667976175357,0.19626213198188164,0.8941969460609135,0.14844282756284263,-0.2936963870350744,0.09598828992519347,-0.653168974790014,-0.6535819101222996,-0.4982409798382983,0.02051746995532098,2.6645352591003757e-15,-0.004327602141093444,1.1108938534449921,0.0005495322816131108
-0.3965589194854621,-0.583108311590519,-0.03920559034866682,-0.3324558656751563,-0.8118701462761058,0.5148104614189889,0.5314186542008159,0.4118572957042098,-0.590955826071584,0.520421848733912,-0.6387366772125984,0.13795225007578266,-0.053331610622775326,0.7966731704983938,-0.6667829674608474,-0.034816552414523444,0.458452761353983,-0.004141794862494344,0.0031050411959473887,0.009633082156204417,0.7613274265042392,-0.4471825018077117,-0.13580740611133302,-0.9452030882890967,2.1316282072803006e-14,-0.1545989494375208,1.1113156800387243,0.0010018741020239486
0.4848499117242401,-0.2730211233135009,0.7709600165067881,0.529629232762296,0.1977587388659925,-0.4502498348043868,-0.5601029516137676,0.40844390269923286,-0.4661103073900342,0.12487460258657376,0.7824563466851558,-0.041960347778222204,0.49365241675850585,-0.13261164422199725,0.409043964457795,-0.39872815369674414,0.6902487076562559,-0.5061462839047821,0.2069126507748043,-0.7581482186331774,0.6309841976138277,-0.6008186537627606,-0.77987332858449,0.12606023995550572,8.881784197001252e-16,0.04617606182074703,1.1118516690284013,0.0005856782377926512
-0.21020825424627318,0.5671431449322857,-0.7762988037799595,0.23783556462354058,-0.6066494442809179,0.3802740715661104,0.04424682961525343,0.1003063052196472,-0.8824072393766862,0.1453030843825504,-0.4479552377395782,0.769220407622364,0.11357668528065865,-0.2824048645983387,0.7795352231626881,-0.19072039830517568,0.9169349128299108,0.09071211857992964,-0.1468249651928346,-0.013211135725333478,-0.6631859184104689,-0.7279951151960432,-0.49085086380153864,0.005872514994523584,4.440892098500626e-15,-0.019928556056854913,1.1122552769974035,0.0008643124089925048
0.4886985000929731,0.002479931099979082,-0.03959966189905469,0.2257281372632307,-0.008474656193448336,-0.8874340331479771,-0.3803064839008855,0.5811831180196241,0.15403691077803303,-0.30483782979953933,0.5555804521728279,-0.4166098883084772,0.1723051926893621,-0.1636932606661818,0.7194700353511004,-0.14066167224228424,-0.2690887336564995,0.297759358391262,-0.5053864461628316,-0.3309439916592634,-0.23398834427181162,0.6026869686676058,0.006724383901231589,0.3393191826952611,8.881784197001252e-16,0.27423657045922617,1.1138799198070906,0.00007867132418338243
0.7484617373123348,0.23227357990231132,0.3096943027863917,-0.14986936383940733,-0.32882402844894576,0.5682041712509146,-0.5076144516492305,-0.2745945373879676,-0.5448928286692768,-0.22229775404579777,0.8983512200382756,-0.269707115526295,-0.6885824622313506,0.30985444963655906,-0.5054117300868889,0.8282046111478147,0.06075983813917875,0.3657275087078244,-0.38806286713484667,-0.2488357960172797,-0.17185217116410798,0.5392552627841238,-0.389266553913016,0.15272082714529886,1.7763568394002505e-15,0.08259024549371989,1.1142455318761593,0.0011279596684833477
0.7737419628653798,0.18903274804203513,0.3212732751914207,-0.08461567271989988,-0.34713586104394795,0.4749802896318422,-0.5489637341482411,-0.2593676025626119,-0.5188687315806083,-0.18914684389446335,0.900510249984334,-0.3517930968374732,-0.6711316253757879,0.3936383732560222,-0.5047151706874263,0.8054244215551204,0.11236006092670743,0.3532227415070447,-0.3540410414257759,-0.20717124326898884,-0.1521239064448561,0.32145586085490974,-0.5350641060959908,0.061541284194372964,1.7763568394002505e-15,0.15615079676429613,1.1149324409381198,0.0006081785576814287
0.5558942451089417,-0.2187433299126263,0.7059368054018668,0.6805104110146012,0.14309113575109408,-0.6105257522541002,-0.49899730946877296,0.7428071390216633,-0.5055979005080746,-0.044093333882505116,0.8627246934480971,-0.24781749790565025,0.545817995364308,-0.1608041600992779,0.20927444556058122,-0.431314920008953,0.8317438319759702,-0.5336162104022216,0.18134232133534403,-0.7938422954032158,0.566170531716069,-0.6894497111472595,-0.6192043703765322,0.29120261151013577,4.440892098500626e-15,0.09709304426007814,1.115154166450542,0.0007143959572802045
0.5505245038038948,-0.3419249623017013,0.706893082696653,0.4705903248078507,0.1294932229334867,-0.5689390405159653,-0.48727102472436234,0.4841423226075408,-0.5461648403972267,0.19607374001537797,0.7165517189998383,-0.055472453450089554,0.5201862147882669,-0.20452848629080164,0.3269873286012573,-0.4289094241367666,0.5589177105371477,-0.568767382387556,0.33725142886120485,-0.712993739122083,0.6413276812943767,-0.6141889295035079,-0.7296032748837933,0.2437409091010861,5.329070518200751e-15,0.05739043109888255,1.1156539677984398,0.0007331121470322863
0.670041666946774,-0.21765246255775958,0.5866457290613375,0.7683249815983381,0.16719251142028901,-0.35686375060709796,-0.5968150796865127,0.45562733962318536,-0.3674915521306432,0.43820902187597516,0.655427072415553,-0.15605057290868962,0.6567577094085987,-0.13020918348191718,0.31401512585833397,-0.3379655782361889,0.7670826109027769,-0.5354557956711402,0.2710807713374204,-0.5880720992959025,0.6341778650079575,-0.7764362752052858,-0.35181662769361616,0.20644149559803945,2.7000623958883807e-13,-0.05844597408737949,1.1165076216677714,0.000978116667462005
0.5151585637913091,-0.1309934086151002,-0.0682103874126724,0.25009610119257014,0.3980222777331288,0.17420241088573735,-0.012132757425304888,-0.7251070605524657,-0.4589935763881586,-0.2252518571603311,-0.4696991335065188,0.04928033311891496,-0.386303292716915,-0.22703104372377214,0.4668719447257102,-0.15390789018203635,-0.025509803637166775,-0.7472743987344702,-0.3930819512190578,0.3579455872603213,-0.19964624421986069,-0.5278894764334552,0.5808216340523681,0.14157768236232268,1.7763568394002505e-15,0.22969613533591654,1.1174585648780773,0.0006380229205109261
-0.28945658029844057,0.8034340615632493,-0.5764510359674582,0.26977294067068597,-0.5796481507562765,0.18402408632179063,-0.0392617568695129,0.11662176913384766,-0.8788334854914466,0.31143785202695523,-0.41448757694858623,0.6722649877803443,0.29751890391947333,-0.3235462067944935,0.6710527971309725,-0.08437927767064689,0.981451755479581,0.0471936995897241,-0.25676001549006733,-0.06781829193979665,-0.5367922529111085,-0.6758976664766846,-0.37321826772343136,0.009700953781956591,3.552713678800501e-15,-0.12149751870516946,1.1177785924446069,0.000737251554606808
-0.40345155661573306,-0.29679309832579054,-0.023622215360112338,-0.3756798322741667,-0.6131042165831788,0.6804520088860628,0.67154915986864,0.2074431020318331,-0.4545821358382207,0.5421274152353024,-0.5850201600200022,0.27820529561095736,-0.02918625185235412,0.7534146896011542,-0.6014795508403359,-0.028705749232473623,0.5054491970868508,-0.03352962682631455,-0.013226487840647312,0.07413348079724622,0.8333646124086607,-0.4047371943093719,0.05714948959729955,-0.7556110547934266,9.237055564881302e-13,-0.21264477701561926,1.118321905285229,0.00099042113404477
0.7277617976996617,-0.23606084088123327,-0.007242789082868291,0.43074931244371983,0.51063056455277,0.41048642195412355,0.16005087684548858,-0.7380498572424681,-0.39384231775729645,0.013812790583908337,-0.5062216088637825,-0.09899672063275741,-0.3327017313288261,0.12715821582684866,0.647762176071194,-0.09572869005169221,-0.26433275198726014,-0.7179758441948241,-0.3289165066920221,0.1473056497002254,-0.23686503102999035,-0.5824279774649838,0.6045048243442559,0.32370537980734276,5.46229728115577e-13,-0.24765893471144934,1.1200692723485244,0.0003476852976829129
0.4696638967380727,-0.2907921611411764,0.5375361048331739,0.5449607121446166,-0.013900811594546683,-0.4329590095192223,-0.5846248822730904,0.23840099955185087,-0.49796401716621463,0.16477447565829773,0.5317879868621039,-0.16840748930328595,0.48208854567539766,-0.22702678487422676,0.3164801434588234,-0.4295111354991804,0.4859704292778854,-0.5639299245724526,0.26049326598216854,-0.5952623287044407,0.543488852792824,-0.6955310647076334,-0.6105084709646531,-0.030805564085438743,1.7763568394002505e-15,-0.0058617913896779165,1.1202629051100967,0.000709465196937868
0.6841361583764342,-0.11446128310282572,0.5421327377903972,0.5726170415110226,-0.03230506173884079,-0.49544324272555434,-0.6687693555997584,0.4127954622728495,-0.5512902626168477,0.31924114820293925,0.636599843716241,-0.08079224835941763,0.6401877368339722,-0.07755515394231598,0.20054599529140207,-0.6157674757266461,0.5354898997024298,-0.613912412044187,0.2949608280281768,-0.742133978822306,0.5957479452747708,-0.7182867718623485,-0.6997860369193996,0.18965106798036344,1.7763568394002505e-15,-0.13895932111178202,1.121429104633474,0.00046241704586589226
-0.43630732416036666,-0.17691076820554122,-0.14175384282328543,-0.47455631400471965,-0.48076159770797,0.7856520904838785,0.7001770879364778,0.12849079204375372,-0.3019888497416783,0.5455596847841163,-0.40258416371937306,0.47911806681233454,-0.16827459474945736,0.5436303559384387,-0.7139207143919137,-0.1876349834346783,0.3055496561184495,0.36511318406015447,-0.18443465545738896,0.18555199820342347,0.8147271029328558,-0.40466661663166154,0.02654961789742805,-0.7358755992137241,1.7763568394002505e-15,-0.2738150586629269,1.1221011074682137,0.00032835329537236793
-0.3605504893547682,-0.4054953638072911,0.04854928325694378,-0.34209205909871154,-0.6439200960388006,0.553752443101114,0.6168528740964514,0.2107636883787896,-0.5408923358954162,0.4129216367975432,-0.6203040047184876,0.2301100045036837,0.020954828870906213,0.7902711470840037,-0.6088732815672576,0.02749106910883903,0.5282223009313644,-0.0016120736671791803,0.04159699598140109,0.13987847383380422,0.7751204820641691,-0.35578106301792145,0.03666347600518595,-0.8211234025819479,4.3076653355456074e-13,-0.17121133026749924,1.1228414407971903,0.0010147788155168774
0.8142195637126887,0.32826150352871447,0.3541658963174382,-0.2019477856942444,-0.4251460052625231,0.4928360572602346,-0.5919234184261251,-0.16566475673119657,-0.463314746232501,-0.0004375197072734018,1.0488447072319564,0.019896512453350244,-0.7698132881103749,0.2796022386128801,-0.3800980015669526,0.9121057439837268,0.11152071943113166,0.3799042894114804,-0.49006947307265325,-0.22285951127495812,-0.22350277433088134,0.48925034750375507,-0.3916296783064951,-0.00431538886496796,1.7763568394002505e-15,-0.047515202591826795,1.1240091033548236,0.00047606821890669524
-0.4302054158242148,-0.37030101228433865,0.13008258808355744,-0.3836324069143865,-0.5844194409070966,0.6784745670581235,0.5132743561759707,0.16127727426780603,-0.5164405158524454,0.2762217930293174,-0.6068970742818651,0.3737378362870083,-0.02389062965180462,0.736150732704769,-0.6102540761601087,0.024328073250383025,0.5901432794186031,-0.08803444480844085,0.10741133031907373,0.25762464370644267,0.8122714483953791,-0.4709134234149322,-0.011981384841955794,-0.7276645407518768,7.993605777301127e-14,-0.14899857563589827,1.1245786894959413,0.0009227978763472514
0.7439901131360885,0.3225356188378357,0.4976702221478651,-0.10817759198501917,-0.35326293158072397,0.5637100162668474,-0.5035077305020773,-0.5591535287630084,-0.7838930551638825,-0.5493690897232254,0.9214926089040525,-0.49022811342695344,-0.9002974302274473,0.25030029065586107,-0.7510691900744094,0.7972536517964527,0.2528168707073027,0.5372688575409825,-0.3381247315802529,-0.4838428600013918,-0.2715860211876581,0.42867459294372556,-0.7459467548398886,0.04860401158116479,4.440892098500626e-15,0.17353595347464526,1.1258385447009747,0.00008605135332517192
0.46037831115269656,0.0927583903084131,0.028294231800310907,0.2589389773269249,0.14021329178296998,-0.8558472936749353,-0.4613084024946928,0.6311521879709387,0.15587977608193646,-0.36446379203030754,0.6627447382575864,-0.35340952656960684,0.09542576640079266,-0.13677653942721268,0.7156159111916942,-0.12482082487607524,-0.19677190506338763,0.36226612098078587,-0.4978716680628407,-0.23846500911373314,-0.2873029268698441,0.5387011670365337,0.0739065662303944,0.38443480487978915,1.7763568394002505e-15,0.2916548373538373,1.1263397599887872,0.00016882542592801332
0.633161250646882,-0.11819325073696327,0.07723530231156155,0.39214331721193796,0.5439815826825671,0.28456459673179724,0.14426226255773703,-0.7343038175673576,-0.23685075433347041,0.07694704517454085,-0.6375756617616504,-0.09128657053690897,-0.2701630344445469,-0.03537766319111386,0.6757012467308108,-0.09601647500463319,0.030429592790931537,-0.7054559312232898,-0.3310998809418958,0.43309530994418216,-0.22329396593707898,-0.5086215689514366,0.7546810142432472,0.19497481566836086,4.005684672847565e-13,0.20860626880573066,1.1264931347649951,0.0007028605217783613
-0.21124041462281476,0.6514034849690591,-0.599472066114049,0.42194033362747563,-0.7129572909783707,0.1835802452870305,-0.0002570883294728655,0.21029986566787048,-0.8316920265672396,0.4131459012958526,-0.5904469674952875,0.6857614387471603,0.38071187743838303,-0.4526180031544153,0.7211337777889186,-0.10029053646024744,0.8639505824778949,0.30035402290945823,-0.12106742135198631,0.04680181422720708,-0.5945706212019686,-0.586758414391587,-0.497921713513699,0.1572586502077491,2.6645352591003757e-15,-0.014900513984739638,1.1271759881347907,0.0006101717582773259
0.7241988010322338,0.013591750102031954,0.46155192875669054,-0.22168102358046576,-0.44847124426549706,0.7013938382373422,-0.4386050770042639,-0.5416645447653707,-0.5177448494108877,-0.35813544407487785,0.6607127318046738,-0.1944959702123787,-0.7485662500738645,0.11592445328558716,-0.42672556228470365,0.7979549028869574,-0.12492734485199936,0.5025503022568744,-0.4095069218087631,-0.43783022259116494,-0.17889157755559335,0.5809359273191523,-0.5734540427612841,0.2529005635194532,1.7763568394002505e-15,0.09035359552639514,1.1276847386168842,0.0011081456563289396
0.5168831005626803,-0.1369760903244412,0.5629703616122169,0.589148975968818,-0.0332237050876906,-0.4160027385228319,-0.7182004125942235,0.28840458512581035,-0.41972815173177985,0.008320077250029798,0.6771098710633758,-0.23093702587024603,0.5203912981363498,-0.11862447020885858,0.3358217274737045,-0.5092106207628816,0.6691793336032482,-0.561376262169743,0.14377246857654924,-0.6661668458685571,0.583380078751124,-0.809861065178266,-0.5664805116225852,0.08020384595838266,1.7763568394002505e-15,-0.05788846588166201,1.1287095808779923,0.0013032908405452
0.559405411040112,-0.07703761308724043,-0.18411503758011705,0.3808685672431081,0.5261882361206625,0.1493110233316814,0.10733828865723444,-0.8111000770025416,-0.17416843347272967,0.05417703289031137,-0.6977942732290514,-0.016659755701318817,-0.21892118710447508,-0.11086370263359328,0.7681243102515611,-0.222156262663609,0.07561022513691594,-0.6077021620755692,-0.29137961974586635,0.20884303868666823,-0.37608079673003747,-0.4775196457818632,0.614397648402481,0.41576354931556453,2.6645352591003757e-15,0.2175216140108647,1.1295563975380851,0.000020379507912417087
0.5929506827241654,0.24109120078637983,0.5723887225839734,-0.22080725411801388,-0.49726504809117783,0.4666102054558968,-0.4365014937211241,-0.3231828962364941,-0.3988808457382503,-0.1802477530826302,0.8247895614995159,0.03742312332597957,-0.6715573540659278,0.08494995834392213,-0.3709036118583764,0.624077354716835,0.18410476958839606,0.5907633098659826,-0.4101881907793445,-0.30315748052493374,-0.13507806052872093,0.29106827962944287,-0.47753551803382627,0.12648743947067892,2.6645352591003757e-15,-0.1062260744319508,1.1299243397869965,0.0004529536552700148
0.7644846598174145,0.1429013610099312,0.37920531145374414,-0.16476872560956698,-0.3757181884364573,0.5712454182538287,-0.6821343529828355,-0.17549791944014215,-0.6245654560062459,-0.1952607868889842,0.9871308619410443,-0.2932363295273339,-0.8199392701288551,0.30859267172056065,-0.5518184358908816,0.7998524625405381,0.018485050530352678,0.41446417702948823,-0.48898395524388066,-0.24258694237137013,-0.24156559014422485,0.4739710134522388,-0.4993849732527323,0.034154232978190875,1.7763568394002505e-15,0.06959093813231255,1.1310104310455085,0.000636672392773663
0.325639643148589,-0.23239725777320683,0.7972347165454958,0.5235215525609542,0.1487816482600028,-0.4774534798175747,-0.5958128940676183,0.44580358409424775,-0.6147103379386255,0.03339977563158117,0.7230683043929733,-0.19978741499583366,0.3470195960560338,-0.15498168418144564,0.39948133649446005,-0.504673495267047,0.590147523892428,-0.6421057785608012,0.06903615635073966,-0.6766450438475196,0.7136949182341673,-0.7084462857891913,-0.7961410777102063,0.14072262326802945,2.6645352591003757e-15,0.05551277392759513,1.1312906035301704,0.0010931804099631012
0.5742612802145797,0.004299256382935977,0.03586393715139634,0.24224821034668803,0.07269596889895127,-0.9919892777260466,-0.4682313240180275,0.6310135214866878,0.15910188673469824,-0.3958305015842614,0.6212031398301191,-0.40308402863274534,0.27653262963865965,-0.18655180573086314,0.7590549828179189,-0.18209175568046004,-0.3106696335364703,0.23814682815636876,-0.5482330916535509,-0.34941079606209646,-0.21458438664497087,0.680738765190819,-0.01736923326809799,0.36991412864513235,5.648814749292796e-13,0.3019109283351332,1.1324441673911736,0.00003269112751644852
-0.3308640178254289,-0.46666744757389583,0.09381141473691305,-0.12763246045185428,-0.6992903324167038,0.6773805270599974,0.3936586829891842,0.3483735873307326,-0.4891298491945407,0.5513325847657397,-0.5279964431230006,0.2510593094911628,-0.13648536020341182,0.6316153784866622,-0.5167052160322939,-0.05683118867952802,0.5382421918043777,-0.23912671809446592,0.25840426959318197,0.08166938650334925,0.7565998544443042,-0.5361615402572861,-0.15966777747671868,-0.5939626203834268,1.7763568394002505e-15,-0.14644927984554537,1.1328029947203984,0.0007611736411268679
0.5630785893663479,-0.1181965763811893,0.7002476624154131,0.6891701769665873,0.03954734739524319,-0.28750298248939926,-0.6122415461292499,0.4024523297303735,-0.5320788707607756,0.2185833517670214,0.6308438417145898,0.026794435826928975,0.5846229721656545,-0.08350148844751032,0.36990831088307274,-0.5540391922854907,0.539926680833507,-0.5784692576664056,0.2294758832078558,-0.7550794128466723,0.6540332876964493,-0.7050455578576441,-0.7313418009277624,0.09189232588905134,1.7763568394002505e-15,-0.1340667086006247,1.1337564891984724,0.0006237679792606037
-0.4575360410482262,-0.23844610972662858,-0.07545111912202303,-0.3807536468954929,-0.5668855217215997,0.6876562298717295,0.6259638461853443,0.18269015489284146,-0.6080650182645679,0.535807914231536,-0.5835172548905049,0.1941796615507654,-0.129760542446775,0.7790974447145905,-0.719772612542454,-0.09084708643082116,0.523512895774817,-0.09338249654156826,-0.029449703367959518,0.11565704401554953,0.7934298403233375,-0.5042241415636044,0.09717848506166453,-0.8214709555731667,1.7763568394002505e-15,-0.22545730546316134,1.1340468139926656,0.0007600544793007189
-0.07163254386721304,0.6434929068077176,-0.789505297904632,0.35709116250727835,-0.7260810693219879,0.28356609779242464,-0.027247164979572604,0.13686007143386228,-0.9936469290185775,0.41246340797751274,-0.6206060683131532,0.5690068197167715,0.40074620298127456,-0.08417516696108039,0.6263179468298098,0.14111712810406396,0.9431325821894885,0.09038976547604322,-0.15343594991198237,-0.020156115185368653,-0.7247057073094904,-0.5486072302468225,-0.4995069364794453,0.05688343724991634,8.881784197001252e-16,0.023120766226008203,1.1350712343402343,0.000923388240785926
-0.2700225275667141,0.8697049018982527,-0.44347877449456896,0.27046176571070457,-0.6255733417655671,0.34139216389695337,0.09248979529185081,0.20847749018378875,-0.7640045317878995,0.1946557488476908,-0.5133478324556008,0.8256179469106663,0.15809790656322012,-0.35526932553863405,0.8375898178519233,-0.1807605784508763,1.0042468975808505,0.24320510945983567,-0.14695000775948094,0.0016603708429745072,-0.48853235116936833,-0.7027311922203426,-0.3984776567674012,0.025200264592485207,2.6645352591003757e-15,-0.10551260778051563,1.135527675526671,0.0006186731378736422
-0.22738075187780207,0.9701518826951541,-0.4096934943211676,0.4556794040599592,-0.6817728005444318,0.36647711764931495,0.026385282968530707,0.15499313914597307,-0.9486659138032996,0.4844694836820454,-0.6330934690315536,0.6268543125598888,0.4378621796724188,-0.2643950344656644,0.660728783300194,0.015604437033735409,1.0460582174575634,0.13532098865018702,-0.23736511703029012,-0.035898992803097794,-0.5591398132757974,-0.616413493373543,-0.5430858682120088,-0.0833800970232972,8.881784197001252e-16,-0.13627516568600434,1.1365108320095898,0.001491715929682126
0.4952861272084546,-0.2534364215817704,0.6861299473580039,0.47209343019242667,0.028572028684773394,-0.6229408111582369,-0.43388353873665686,0.4134080205946395,-0.6304623178096946,0.272190124916301,0.7507694349689522,-0.16665097094312026,0.4828296736352537,-0.17303228088789524,0.3222228961630694,-0.26397937042774927,0.6471323144779663,-0.6826365388790244,0.13549014987483388,-0.7593878563521175,0.5666095627787469,-0.5949405411594829,-0.7516557587231737,0.08778648327662633,1.7763568394002505e-15,0.0621564521066634,1.137056132675729,0.0009059326956516367
0.6840294251839182,-0.01658366013691602,0.2485264044129414,-0.23525528781388771,-0.10751669518333717,0.477681181606161,-0.4802480444187688,-0.4153972027205884,-0.6515137127372528,-0.16790172417872237,0.6914157190397657,-0.5214410607725355,-0.6442220922372092,0.21626923828093192,-0.6672892978041597,0.7186572996105389,-0.127619227639139,0.2995518844984833,-0.41143567699069866,-0.32323201074197394,-0.3383185878936924,0.48420512198102245,-0.5380937432816876,0.06347904307046522,2.6645352591003757e-15,0.07931172031914457,1.1390954713050803,0.00046242886035548426
-0.3010547742885492,-0.2913213958440797,-0.01871989555656024,-0.26512351467414114,-0.6086358181960442,0.6977256468008127,0.6998628817936748,0.1888815194711322,-0.4412371777289923,0.59456091142124,-0.5456331690470775,0.3076590444663594,-0.11049991360378189,0.7088564331368384,-0.609639507353591,-0.09496245492935966,0.4506428204089778,0.04278325318649095,-0.05804696493113983,0.09605650179773118,0.837393194434587,-0.3117488181225041,0.046215023241146326,-0.7404115018360317,1.7763568394002505e-15,-0.23201248307432273,1.1403984244939092,0.000802740932138195
0.5788297359186185,0.2194778723721312,0.24784467343867395,-0.08775700712747724,-0.32608912049265226,0.5118168775689167,-0.484475455810177,-0.10686631824303403,-0.4261913859945272,-0.07006107112820248,0.745211517308741,-0.10058086601988565,-0.5828352284515331,0.20740843611349905,-0.35395839546382346,0.6660923392061499,-0.15903391425133284,0.2974660686107615,-0.41031944268213416,-0.13988106947039244,-0.2512919842347994,0.5350389247240936,-0.32008179536328474,0.20892111535770155,1.7763568394002505e-15,-0.058817829657471316,1.140940953402579,0.0005548938096774637
-0.21642003935007728,-0.41388702006797967,-0.027527248769917773,-0.2047466158895441,-0.705710961897782,0.6293208049939318,0.6368273456349469,0.27891633150125134,-0.38103050917112274,0.6120227439679186,-0.5482914752846689,0.2726514120028723,-0.12121997441550553,0.7128579571231024,-0.49083156000408057,-0.1278133826333864,0.42216474639857265,0.04175740984258151,-0.1340206040473657,-0.05063819023423797,0.8340779676340816,-0.20637251092393466,-0.046676354860983565,-0.7281442559124425,1.7763568394002505e-15,-0.21754484266591873,1.1415239509810293,0.0004925025431479055
-0.42125087154234275,-0.24457543844026838,-0.03246933598260245,-0.44289557215310654,-0.5302546497883197,0.614201785297013,0.726987736874609,0.12765985038502844,-0.6068957101490066,0.5473849622277095,-0.5925190525491083,0.181684306026977,-0.04297298982290168,0.8183316363851376,-0.7656060517971842,-0.09151626297884487,0.5191460133337367,-0.1122758516303755,-0.14569411120704912,0.09456454375959766,0.7556529579898315,-0.36571290813734586,0.1640407290071338,-0.9132878265918772,1.7763568394002505e-15,-0.24610978885217602,1.1426353591622977,0.00045865332190109644
-0.3595210065963267,-0.2584824079025615,-0.09701666573830159,-0.32494072097839904,-0.5557452832828583,0.6520655471871467,0.6415636879792899,0.34111118173889815,-0.5096791022253284,0.5493224354942898,-0.5140255814828628,0.2616089550751344,0.005598675204515714,0.8361254984927441,-0.6138357095950328,-0.00200748936174532,0.5664227574364268,-0.022063538062556676,-0.011473530693867149,0.137029982309444,0.8194235132152762,-0.35872485859875575,0.05546917043838183,-0.8015311459282518,1.7763568394002505e-15,-0.195395247113417,1.1431620624778063,0.001342151241316124
-0.4186181224332159,-0.44707185352356116,0.08818915278867222,-0.32425475825385025,-0.7675395139433387,0.8341848271961032,0.649066995219571,0.28501042013699046,-0.48477558377493396,0.5193568668003681,-0.7055271213537463,0.41642484036280475,-0.08728502256225838,0.8114535814584227,-0.6018405837727294,-0.00833096198542524,0.5807439627391482,0.049166671529976946,0.097268970733489,0.14150254192801928,1.0150871062712479,-0.4893350803597449,-0.0411117716587962,-0.7703611854538771,2.682298827494378e-13,-0.17848439969821722,1.1439164394431596,0.0009628245797828909
0.43166670981548194,-0.26700638729052584,0.7432029758498223,0.5241810903861516,0.06528107511969919,-0.5666838606089729,-0.4743128828324147,0.4895728619270499,-0.5590624631310072,0.10022493076206872,0.7376390285484954,-0.17468018317425196,0.45233956062712405,-0.1709364588184531,0.3646781226629067,-0.3922473000010341,0.6303128966987721,-0.5759794636401444,0.17953249926439585,-0.6953149240887806,0.6453691989918037,-0.5631187834035617,-0.8049449870210799,0.07739294446443598,1.7763568394002505e-15,0.03325335604840108,1.1441884289247228,0.0009171683181367936
-0.2415790490585764,0.6666271348449285,-0.6682121585094916,0.32471867195244886,-0.6752518264421865,0.38885796873177325,-0.07611505535122749,0.20546282986064443,-0.8629006545544158,0.31468238583511254,-0.5739368816542066,0.7188106434030457,0.2986588913166716,-0.2917438238993281,0.7694403134152095,0.019584554833519174,0.9471453318651011,0.21833616015948415,-0.23085753734212622,0.034276560248110446,-0.60230839372089,-0.6859002339943673,-0.4977748792711452,0.1440754407035469,1.7763568394002505e-15,-0.004547263644109758,1.145037527220071,0.0005551169453111943
-0.27601032110969104,0.7059297531739321,-0.5248159983564227,0.39704018728370155,-0.5605719523361349,0.4026774882168985,0.009809378277865913,0.09551730316699246,-0.8126025690805544,0.3891655626135054,-0.48349033614503356,0.662358709103923,0.3623280879617046,-0.34642111193398833,0.6697519329951611,-0.0458799349969659,0.8881404601325324,0.0883790111176787,-0.23189173539129854,-0.10392502384591325,-0.4755017565415032,-0.616650253153495,-0.4928407958431227,0.049609410420687075,2.6645352591003757e-15,-0.09510851028310291,1.1459345932020986,0.0008773642176450189
0.7259598535263677,-0.1928576805383566,0.7072206050028188,0.8965795779013205,0.06855659959175466,-0.36051637116417096,-0.49248218388560094,0.5067877701391431,-0.4505361826715457,0.11086679936182256,0.7088396774553354,-0.07875035199583787,0.7668387077828722,-0.12701978548762277,0.40933565683431195,-0.42339704289764635,0.6510627416500137,-0.4837267891430043,0.506191965554341,-0.7037236382450905,0.6502465312063438,-0.5832836192374135,-0.6723969666581227,0.06464411348041958,1.7763568394002505e-15,-0.06340131599951929,1.1465667537257314,0.0005072853092459916
0.8048384059468361,0.2065973417580941,0.4231295912040384,-0.04202749629937902,-0.44402140901305703,0.6204902869062309,-0.6197488541287728,-0.3746049197364407,-0.4833330368171097,-0.3815731987928416,0.9293814180742602,-0.2018335565039697,-0.8303192516048782,0.39848995030703155,-0.3740847455491212,0.8839658708508594,0.07789802197063547,0.46944728055046187,-0.3455064268490173,-0.38602931898712967,-0.013302937694923132,0.4376922900793557,-0.6190511930144801,0.08822304494763161,3.552713678800501e-15,0.16817161470742495,1.1474734224070293,0.0008517433997023682
0.7221882626137183,0.20478965784528674,0.3758065692634567,-0.10258646979786698,-0.2371581400348486,0.5669609823812222,-0.5331258924010686,-0.24343805082773395,-0.6375703248632055,-0.0982447730289767,0.8630983794683402,-0.42926079346062723,-0.6498704675808457,0.14033050128664,-0.6487878086716286,0.7532372001647643,0.06574335072035874,0.43688646018014654,-0.40831422511066634,-0.2406786799732235,-0.2993222607123996,0.4752043410219232,-0.49308176373863033,0.14273136834232952,2.6645352591003757e-15,0.03775809275799798,1.148599519791783,0.0004146298384884807
-0.4010060957351093,-0.33140779232573503,0.03329079250715622,-0.3126866979619439,-0.5465703289882008,0.7542772268190757,0.5702387887883634,0.25332642245168197,-0.5261810829580761,0.5740801816657591,-0.5034386518054047,0.3340708956379472,-0.02443131474240252,0.6701864364769977,-0.6415689225599935,0.0049103903677241755,0.48524829878479714,-0.1115128263040165,0.060749037553800005,0.11584924037232039,0.8173140350356596,-0.46138924640707313,-0.08346901578544971,-0.7112939651035013,8.881784197001252e-16,-0.18714998396953683,1.1493453533981335,0.0010579447718568787
-0.36131513969399454,-0.2859520773777002,0.20962076295997872,-0.3068976786403365,-0.5220722789121935,0.7651699254231844,0.7052304905721618,0.04942999281874218,-0.5394733037241154,0.5533213095042219,-0.6117964273917823,0.3005489008253895,-0.0676725376410479,0.6666016953349313,-0.706453670480444,0.010916515016279719,0.4646647737313342,-0.02968872457787152,0.11938062929465734,0.1564759096969311,0.8075031129667015,-0.4273685894661265,0.12427111049261158,-0.7363374962215841,1.7763568394002505e-15,-0.23674091845575404,1.1497807847137254,0.00046440635790854405
0.38194388034193344,-0.1928217345699228,0.7398001953022857,0.6067440891438686,0.23237288569522474,-0.40585318240345813,-0.5644636649541641,0.5195034909108678,-0.5088154521508197,-0.11299837817473489,0.6910415020719686,-0.18364805543638302,0.4714348642278795,-0.01968336624455776,0.13185151813336501,-0.5284829115020485,0.6065073800559581,-0.5323909515670563,0.09601240367491351,-0.8367738924772937,0.5180204524015495,-0.5888603522827398,-0.7922464927241876,0.22660728322269372,5.329070518200751e-15,0.14481109193907024,1.150513365215621,0.0005970290814229722
0.5196961828826734,-0.2837893118148187,0.5178111400589622,0.4245431571762735,0.16746838707060974,-0.5997533988296644,-0.5010055916107405,0.3752614220570428,-0.4969403559996719,0.14473130999198897,0.634205723251092,-0.2606826583884306,0.4854050021956513,-0.15019938527500215,0.19051889749299095,-0.40739592216205306,0.5203894315172947,-0.5360785951788832,0.3404176800018334,-0.5230667688083277,0.5168641446822926,-0.496678000522915,-0.6603629313685198,0.13554921639336767,2.6645352591003757e-15,0.010057339355255058,1.1519802476218364,0.0009834522441283964
0.7107582195929764,0.4427616693654473,0.41234872963358593,-0.02239201087535194,-0.3043356489258985,0.5925587500107125,-0.6220508292485842,-0.1455711062299805,-0.4494081451464234,-0.28345689365331617,1.0418068812894037,-0.24824732263331473,-0.7141737702108666,0.321925864781261,-0.4933722600929704,0.7811560694879021,0.3070009624730288,0.4778294334289711,-0.34131452193388445,-0.1843236021381749,0.02119130971767593,0.38798106794135584,-0.3834269401593276,0.2327276262876075,2.6645352591003757e-15,0.09414656494281326,1.152492433139132,0.0006114941474986503
0.4827165104389963,0.08338154454008759,-0.18905666394341822,0.08143583842106282,0.08526253778276537,-1.0630905507329536,-0.44877979566334514,0.776886194034876,0.1760295657498563,-0.4536775188451512,0.7868550353691142,-0.3610040313845513,0.20455137341685087,-0.14308883299001648,0.7376074761043684,-0.19459176002513878,-0.23574898534939373,0.2510464159442196,-0.6154075119764074,-0.28751860722674766,-0.28199379532045454,0.6674821890612789,0.08389604656679871,0.22332171926786654,8.881784197001252e-16,0.30942987744879236,1.1529792846344424,0.0001476333721603355
0.4652865549492298,-0.2513548201783922,0.6849785046392609,0.4532211936122959,-0.026742882752061083,-0.7541243980248509,-0.5966325804331465,0.4040593057935665,-0.6841166651629713,-0.13632473406494947,0.7307272565959783,-0.3696650420599093,0.44368973778876536,-0.18873008081502163,0.3746189341016273,-0.517062961342184,0.5604802335049491,-0.7068003766297101,0.2850926687476583,-0.6590125872683482,0.640524394009363,-0.5760279651057697,-0.8918091360616203,0.08855791927565032,2.6645352591003757e-15,-0.006162493632315359,1.154389805361721,0.0005958217268728327
0.6389531420155888,0.3685272862863008,0.43310774133219115,-0.10346841499302108,-0.4035736834432562,0.5011682714641711,-0.6125296718970691,-0.12916833186682217,-0.540288821865471,-0.25675067988998856,1.0036661590789675,-0.2939765253271179,-0.742132270159191,0.33963326573159636,-0.5200977475552541,0.7002384237654214,0.24171510193456003,0.4992662596226391,-0.34212443101007345,-0.24746200657824483,0.014809121880513544,0.41104939388348816,-0.33101265246863887,0.16538245072246163,1.7763568394002505e-15,0.10560201868802191,1.154905671563421,0.0011106120715333573
0.6063078887672759,0.094288897491104,-0.07359094783845464,0.30909613820177567,0.04436525912932288,-0.9108490250673732,-0.4285883508274981,0.4104889960709789,0.22239528143182785,-0.39313044034049716,0.44551860937964954,-0.34393978474651876,0.2256079305732424,-0.1910160967115566,0.7168328687841476,-0.12211772882742368,-0.3570073883013574,0.1581746592822003,-0.37476531779465255,-0.4376336839944374,-0.26711114939211733,0.7225812924807509,0.1136556526686258,0.26294362399792814,8.881784197001252e-16,0.27650198392920683,1.155866532152945,0.00013650231328742586
-0.30271077247633316,-0.14206163807373595,-0.30139371735881115,-0.29370611935754826,-0.5671860628453766,0.6660871699211837,0.7077815859206735,0.2248316282922019,-0.5127435307613093,0.5613625175282795,-0.6026461991538762,0.23108492426618235,0.010083248038222014,0.8266847001867859,-0.6016975953698495,-0.00806215911785907,0.5700092457214359,-0.06934823766150874,-0.046005705556982225,0.08555742566007396,0.8396824512106573,-0.2789676181025349,0.09151351995183483,-0.7966154970926087,1.7763568394002505e-15,-0.22386992729188482,1.1564750037383207,0.000562043972896665
0.5111177264552172,0.25209672929402194,0.4945306908158098,-0.3214400751956073,-0.5415285492810359,0.36831532669258243,-0.4357443790285331,-0.38119136863962627,-0.4733184897082321,-0.32059820645180154,0.7839647728525264,0.07432974149343016,-0.7474526966083163,0.07545960736238104,-0.41766158099706774,0.5919363260882851,0.15647184145146922,0.5209244515171783,-0.3975027975165183,-0.4317196584687013,-0.1948860885344835,0.3449280803357296,-0.3938737546566712,0.04836576949618062,1.7763568394002505e-15,-0.11170189161013658,1.1576360909043857,0.00035567875326001123
-0.24407757416967935,0.8614635311035391,-0.6114773020111794,0.2872654932321952,-0.568702206099169,0.43835658727824695,0.06270597317428794,0.20381350274900623,-0.9003845483958351,0.24699905665938618,-0.4942186510777566,0.7086663706676952,0.23630469822274017,-0.4060594227668608,0.7142422381305757,-0.08802239088278009,1.0290828097586753,0.08208487430860811,-0.2390456269946504,-0.015973706144774714,-0.5775719141710849,-0.778379730326455,-0.39666921420957674,-0.05988158447993679,3.552713678800501e-15,-0.09127421599553069,1.1588377164963344,0.0009458760764662804
-0.4997099844378089,-0.23781215376875334,-0.08550653108659309,-0.49930008980600055,-0.6856004651445521,0.7303630969112503,0.7075235173493056,0.09898644219117138,-0.5619936330716456,0.36744570915255415,-0.8274012888131852,0.27834673730970483,0.06690646594349871,0.8476770906961472,-0.6338852037081413,0.04658011887429654,0.5065820603100407,0.0969037721105252,0.028429232360854075,0.04261175467379402,0.9488676409316489,-0.46350952573184984,0.18306483216869124,-0.8291485301518745,9.769962616701378e-15,-0.2014290222484486,1.1593530912458936,0.0007628043214919533
0.4321774600700512,-0.41611525502000346,0.5464608560981763,0.5104891306829654,0.05369751869777907,-0.585523514153869,-0.35696801660019867,0.48273256749182947,-0.4789162869812768,0.1740036702466442,0.6555413561838074,-0.22929562006744386,0.447333014994804,-0.3067057990825082,0.28548705739278174,-0.17050374023006798,0.6382980941701749,-0.5150921678784602,0.22556896038691973,-0.657295413418342,0.48829180396213373,-0.6227952885951604,-0.5000771987182575,0.1321541019429834,3.552713678800501e-15,-0.009880367676633101,1.1598993752957032,0.000435178748984578
-0.1966590341753694,0.6686714415976469,-0.5773502222950001,0.33578147757864846,-0.5849892868497241,0.4193527399901909,-0.012789148954023433,0.11162662860149958,-0.8073330618987724,0.37656421328221434,-0.45964518621283246,0.7434117600918575,0.37221790353934237,-0.4037679913455077,0.7478802449121161,0.04718542273607455,0.9073060349626502,0.11394408310844314,-0.17690874385095742,-0.03760651464465549,-0.47809036265820143,-0.6069569319636678,-0.5290794651133477,0.06183264628626509,1.7763568394002505e-15,-0.09534509774683282,1.160316282629946,0.0005668648912743807
0.6679819507036209,0.2646295184245488,0.4516395536518792,0.006750137991396487,-0.5030799507502236,0.47659737276569725,-0.5125542459570542,-0.21673516101819826,-0.626703094934056,-0.21874027994947096,0.8805763262587184,-0.21512042001886153,-0.620268886269446,0.11243947519026147,-0.6066012243976748,0.7394614709697196,0.08268323875711175,0.50838012150973,-0.32925077754731086,-0.31487826839599004,-0.2451961952927009,0.41044745135236066,-0.577391069187696,0.17337768977975496,1.7763568394002505e-15,0.035279026984122996,1.161603855923901,0.0003476202698531591
0.5085300517150304,-0.2657074880445882,0.6482056515881329,0.5489097540182489,0.07034116063194065,-0.6533419053208692,-0.47859412248729294,0.6683831948592774,-0.46032738581738647,-0.04756808607216679,0.8089761122582448,-0.27535402564053835,0.49375547950002535,-0.17765430394110976,0.23923761313034236,-0.3881202194060785,0.7853631629047172,-0.49255812907727803,0.1773799149980281,-0.754552811660825,0.5310922740016807,-0.6361212150096693,-0.6455064271891584,0.22791410864599576,2.6645352591003757e-15,0.058212753019452425,1.1624416795720807,0.0015012472802576862
-0.28497998854612455,-0.34950873183449593,0.17631551758945843,-0.24198219436252547,-0.5517700454614206,0.6631654106096004,0.6070283718488407,0.44420364032069826,-0.3944430127386791,0.6180225027301502,-0.4054194143037425,0.31533525944253804,0.00828166025309736,0.794999179030986,-0.497724054321788,0.009744939230634828,0.5046890069784341,0.06410799070301013,0.022598184522823122,0.06971692121454269,0.8268246482098351,-0.31937422936722504,0.05625450429699395,-0.6908849321336754,1.7763568394002505e-15,-0.18966293303106702,1.1633755716671978,0.0011373431595614071
0.8654469753483828,0.290612676452673,0.3292333265100743,0.1432548673515971,-0.1747883571421749,0.6848777963668757,-0.42564212203057206,-0.35748997457392034,-0.3527704324335852,-0.31359708937659986,0.7959770286800925,-0.2130708568749204,-0.6654708125387153,0.1894237097050917,-0.3234390898878396,0.9002314027091519,0.23616654707979168,0.3451337185195504,-0.271417039114356,-0.21791035354314595,-0.05479136868892884,0.6293522209783,-0.37825457220676906,0.1348197710817503,6.217248937900877e-14,0.11397229051013652,1.1638816590726713,0.0004698263100214545
0.6024955014868514,-0.16415600936025668,0.12964019045487704,0.3839769752714855,0.4055152220934055,0.29682499624473163,-0.04771679702193194,-0.7637930075875865,-0.328299804796833,-0.18084516058178174,-0.5529348255873425,0.07046308021303659,-0.33190534952351114,-0.21265811568792026,0.6059130624743594,-0.042292448267914784,-0.0864473498115771,-0.6369178983084368,-0.18894530282704497,0.346840014022376,-0.1997882273992118,-0.3149625204963432,0.710577589744684,0.1882529128267468,2.5135449277513544e-13,0.2375491943724347,1.1644391311903917,0.000240671464730342
0.3794360552556398,-0.13408398088170506,0.8135159350716121,0.5357747930177671,0.15921776343583752,-0.38759990574335135,-0.4372960945453556,0.4547827550804967,-0.40905142958913365,-0.012298282693257933,0.7804700594084685,-0.10793035941795907,0.40324491208030805,-0.0682511695493215,0.4883753761011819,-0.31468036312255804,0.6885359447803344,-0.425186558147453,0.15221343662261025,-0.6030293379980808,0.6737092605980919,-0.4535293879218181,-0.7005249007473752,0.15093111303560774,1.7763568394002505e-15,0.02484360788866529,1.165042324149331,0.0008054326272377954
-0.406934317084261,0.5524236157568224,-0.6388517192167289,0.312764203620212,-0.48819023441018183,0.3959249314461021,-0.20938124829717,0.08326321843572296,-0.7554081604242863,0.36880634423972464,-0.3751194155604386,0.7804172024305513,0.321575947164932,-0.13901912562608615,0.7971358366686615,-0.03510191629172377,0.8628922616042026,0.43268329801144517,-0.3066598711489027,-0.004601920173022064,-0.6255355736417774,-0.7447326296303826,-0.4442637613144332,-0.05560036381221048,1.7763568394002505e-15,0.027423504308602548,1.165360521813676,0.0005224359446026739
-0.29002284381063265,0.0016831875664245128,-0.7207632098862665,0.25045586466514547,0.0796453086067299,0.3352281110676968,0.25526837999872026,-0.02628987438125213,-0.5189421108570693,-0.3916808804299749,-0.02427545748323515,-0.6091523050735028,-0.04920151568568135,0.5840511315628857,-0.13466269955147528,0.4576208552369603,-0.12783126601737488,0.5305738285879498,-0.6456776215273404,-0.15449415521361615,0.6255447139238237,-0.14755844619684488,-0.13674912248195872,0.8419107095220706,3.552713678800501e-15,0.12256171441252241,1.1669370557914922,0.0009275851989967504
-0.3269395763321388,-0.4100349859559359,-0.0484343777933206,-0.20090016044884235,-0.7348242559729729,0.5906998504273694,0.5667168452500864,0.36203024788723065,-0.5100837498431529,0.5292002590363168,-0.6057855449446383,0.2536731557633776,-0.01310638730569313,0.7133973760654418,-0.58689903142755,0.08480012573742736,0.48324785598142234,-0.02263760253802886,0.23635273269302248,0.05570302546731882,0.7758841635784705,-0.43460422901377244,-0.022235937619319992,-0.755970251360366,8.881784197001252e-16,-0.16198657227391383,1.167568306777955,0.0007317612131816871
-0.3548325888525814,0.8211849886957778,-0.6288343327487238,0.5207522123278227,-0.7163946566338825,0.3771841774484262,-0.056455362661826124,0.22556115885605546,-0.9616632588403401,0.49974821723757645,-0.6335999860655979,0.7144893199195151,0.4155461399565404,-0.3997276604980604,0.7698546271646636,-0.2661788069702862,1.037384735170105,0.2503278452380857,-0.230957958164462,0.058148426018018,-0.652541825297463,-0.757348344238106,-0.4826567542747778,0.24579883383337467,3.552713678800501e-15,-0.0066979677763681356,1.1684312093704012,0.00046643418392897584
-0.2611713711079985,0.00039977117020559765,-0.6658073471219667,0.35460540211305364,-0.08227651429819607,0.3881366850876365,0.27297102326937217,-0.08417264477100973,-0.544194936509484,-0.31125888757387404,-0.011936716800126881,-0.6134358692734814,-0.17490136253774088,0.5073655120681003,-0.08723505921448413,0.5094067848294282,-0.2390101933558208,0.5151721172800241,-0.5373001789386546,-0.24261578571000525,0.6001830563478551,0.11603926417661527,-0.2117916777883931,0.802937038915606,1.7763568394002505e-15,0.03554044457604008,1.1685575749157873,0.0005801668278396783
0.5682818772608281,-0.13734578096619365,0.10687149805123411,0.3441362477044562,0.43825813505337935,0.27735688257487856,-0.001689701761362111,-0.7230502018773469,-0.3124905091911818,-0.1479796840932346,-0.5033421021708216,0.08671010870173379,-0.3092054545416391,-0.16814250746293952,0.5931923710096696,-0.06084831145762116,-0.010242543117975513,-0.664564555679385,-0.2307794536333303,0.3855356642434534,-0.23840807703097158,-0.3764237574095733,0.7283284017044998,0.15288066692372254,1.1368683772161603e-13,0.23106170307995413,1.1705644749517607,0.0006958541414009353
-0.18884458508583918,0.7654063030161143,-0.6764486504691127,0.39510951096592906,-0.6887360888440838,0.44395070740515996,-0.037383452190154244,0.3352371121042158,-0.9103340463981315,0.4101857269409078,-0.6143147926791835,0.729537917064143,0.4216480129103264,-0.28104131495721946,0.7939277333479297,0.18959775992189257,1.0167147746590817,0.2552549507208785,-0.18740896598631973,0.008380945864659772,-0.6133455962333861,-0.5257689039739313,-0.7000965089469274,-0.03963907915784761,3.552713678800501e-15,-0.026625113937250984,1.171297613255019,0.0020364499257255315
-0.21717267736906054,0.07279955124446279,-0.9636312683103994,0.2703043913292758,0.14433258572602298,0.15178766256514928,0.29348573672321077,0.17673042385814716,-0.7552962192007473,-0.3237110261168385,-0.014649913468035456,-0.8443199018848013,-0.3301893389190454,0.5421518395171565,-0.27988066533115147,0.49886990231926903,-0.0026656562777119803,0.3176883791447198,-0.5215343273182298,-0.4127295527032824,0.3345672241177032,-0.06511340496198317,-0.2012576376966082,0.6114597770031108,1.7763568394002505e-15,0.0894012579371095,1.1724917007820042,0.0005623689339292311
0.6672273580366156,-0.1188050170837303,0.10815640961356639,0.358972449842103,0.547102743128518,0.2924691235643026,-0.08488390441890215,-0.8533176778132652,-0.3583297762589511,-0.2805532085436472,-0.5569115544565808,0.1827559191515355,-0.4341365747134926,-0.2337883034435755,0.6780774780561035,-0.04148570654558329,-0.08813428258382101,-0.7121170774791417,-0.21567680212616772,0.4267016739387348,-0.21868962459184565,-0.355583130569791,0.8327760413034582,0.1910167494927528,8.881784197001252e-16,0.22313020419830762,1.1734321872595908,0.00033663280397946613
-0.4323234841094035,-0.22723140433633096,-0.07738168947663243,-0.3901261310337823,-0.535883987553949,0.6767884654385803,0.5808344514663631,0.1543691502538542,-0.6032621657194877,0.48695173251876855,-0.5619616962907029,0.23550387765408026,-0.15922106187226556,0.7592320204037134,-0.7004490819151777,-0.14692696015309628,0.5027529862152224,-0.08351843453578124,-0.12336162772645744,0.10877156042876625,0.7927197058641098,-0.45078684177915934,0.09146021412535744,-0.818834579551812,1.7763568394002505e-15,-0.23254651561276393,1.1742512431099135,0.0008171999882891178
-0.3563112832398733,-0.3851088907201381,-0.09949256788509282,-0.31121826066987446,-0.6952033773814863,0.6223004706520581,0.6168909671420737,0.18368051213497744,-0.5550969639310155,0.43011474506756403,-0.7253660884421143,0.2507897176084922,0.047979290874308085,0.7113266369833928,-0.6221912062117383,0.05780009097153765,0.5069657788506362,-0.1312277327783831,0.0781407648701935,0.0391715297563634,0.8121002473864205,-0.36194835648948886,-0.04122373019063167,-0.8156303025745386,1.7763568394002505e-15,-0.17565553834357633,1.1744707595171369,0.0014061979097492795
0.5380739033412962,-0.10958475029230316,0.172404366609991,0.3349556465942071,0.4126201784083355,0.33074873406056454,-0.0070695204609777405,-0.6803618490209031,-0.2785627028598876,-0.16504871999594906,-0.4584167853527759,0.10705835144376875,-0.33700163777567566,-0.1352948231849563,0.5870981598755258,-0.06083828889948242,0.0015696768580023782,-0.6178991377132584,-0.23936079921336076,0.38536061219157813,-0.21420100467604947,-0.39888933024444695,0.7238324744708281,0.16188004356107974,1.7763568394002505e-15,0.246677338580287,1.175321347994415,0.0003232777449814641
-0.15030788021474067,0.827733468389996,-0.5340066753594935,0.242347704193367,-0.604072851091589,0.4211934583089968,0.02067322469955199,0.24219334655076777,-0.8162644125388164,0.2651126531434291,-0.51996985810098,0.6974979096039767,0.2586930501530853,-0.3601261179294544,0.7170615699602695,-0.02169070208350393,0.9985360833406827,0.18801645958520619,-0.21350528822436604,0.05820239038684834,-0.514238120349372,-0.7479253991366639,-0.31762450916742185,0.08189323766126834,3.552713678800501e-15,-0.052782663639901244,1.1767457482709998,0.0004614985308452565
0.5754364162171018,0.28368495602382965,0.5115450837435622,-0.3145425112114386,-0.5403015490588016,0.3904175695651106,-0.42011502271332307,-0.40167828277932455,-0.42519393938917727,-0.19624868094514467,0.8406902290169901,0.023894051734571518,-0.7359042750640782,0.1486791435477796,-0.384803299759115,0.6624315817759162,0.15041796832802393,0.5575075042137109,-0.43079252424135883,-0.36673516944728357,-0.19477064379066855,0.30966710148165527,-0.46525559831910257,0.08293925045991767,3.1175062531474396e-13,-0.1398263736833278,1.1773542601312166,0.0003695414018854212
-0.17142868367205719,0.8726894244240382,-0.3782042135643903,0.29584989294045677,-0.6763734961476204,0.37822279593841074,0.11981456239657617,0.1338185096833362,-0.7428558213301693,0.2573980607200154,-0.5339030952069944,0.8777631101373196,0.22735723812334785,-0.3740139882205127,0.889518728111175,-0.06142360311241902,1.0075366595924737,0.20721928852592963,-0.1107015637264497,0.0013546091745166035,-0.40566113439929186,-0.648931946465538,-0.4129680086653045,0.1480905669696502,1.7763568394002505e-15,-0.13142162222587317,1.1784519690453095,0.0005096311377936944
0.486336463368922,-0.3349764969069501,0.786574762944779,0.5001592382618285,0.2021837356523578,-0.4731676530730722,-0.510517850521323,0.4096409421136743,-0.46429907459103326,0.053711385624833984,0.7427439227684672,-0.06479833354528725,0.48337279531489785,-0.1922255052076149,0.44825305084697736,-0.37423319582170295,0.5970108856543552,-0.4972005782243416,0.3060163382188126,-0.6971130306105341,0.6923401262521124,-0.5615977226073702,-0.7696803079910777,0.23556569986261433,1.7763568394002505e-15,0.02213696366409019,1.1789860678555864,0.0009538425932393727
-0.34251515807025906,-0.4666502935999876,0.028095030355148213,-0.312074737659644,-0.7068347489351539,0.48071183859538863,0.6184970458555853,0.38832934919279477,-0.5552296650162373,0.5052855380686898,-0.5852658859071542,0.20331610750733894,0.03952751413359611,0.8060369726965917,-0.6422300546778271,0.04623041926494538,0.5582107196813375,-0.1496783174216099,0.07842908144115782,0.03494278360127898,0.7377216139041598,-0.3620338927663235,0.06374954682137317,-0.8984916492646733,1.7763568394002505e-15,-0.1647523090612139,1.1801386990852156,0.0007175731832404126
0.0061773305844810816,0.6948451613129225,-0.48276941589158173,0.2919518102273115,-0.6691059636207846,0.3146712507739793,0.05343207742660036,0.07171854446325415,-0.7468575585527636,0.3435175027657954,-0.5481146515496125,0.6588956884675436,0.37634772401593264,-0.20944631772095235,0.6761548110885242,0.27142067982514,0.848523598065272,0.0798687367866707,-0.09699524552622353,-0.007118692874741006,-0.44539203278714473,-0.49251863496647247,-0.2849713025798645,0.23348613979139982,1.7763568394002505e-15,-0.06384736412238973,1.1806849460559454,0.0022266272520865514
0.5281862116367194,-0.10148697564872541,0.5845063179930483,0.4211087167750967,0.062444377943405426,-0.4086216915989405,-0.564772820908923,0.3572388416214622,-0.47892763027354285,0.3744544732549841,0.7120613368686326,0.03468891470733508,0.50954322782044,-0.07347885833488164,0.4357548143407365,-0.3619916476886032,0.6968613836556794,-0.5542275918972119,0.2549504646686354,-0.5100031897229137,0.5625707244060534,-0.6925192653565015,-0.44390481918783686,-0.06670602684479907,2.6645352591003757e-15,-0.022015409299666413,1.1814555382087963,0.00039467327858100956
0.10646345977040993,-0.01421149181065682,-0.8062760216087955,0.2520721091761298,-0.12756046449543834,0.34962054586109786,0.2923808157813412,-0.0371258694593971,-0.7004042817114297,-0.24326313799195887,-0.06659669672181413,-0.5754906292961285,-0.31517324894475074,0.4400578866987141,-0.1160935180359157,0.38417044708481296,-0.2391794259734691,0.4551676656645448,-0.6400541767553952,-0.21625214959023276,0.3566947880429436,-0.21393283208267522,-0.22602770668671887,0.6459749545094574,1.7763568394002505e-15,-0.04377878152015486,1.1823409138473238,0.0014778183263825253
-0.3904414978501458,-0.1706408298485689,0.023437203400390072,-0.3642774504025117,-0.5358852936860568,0.6985799077543979,0.7380379712315733,0.15132333147418708,-0.5617867268046145,0.6114865967142683,-0.5647727905861372,0.22637121593857362,-0.14010273784144125,0.7903796433538811,-0.7091310939859368,-0.1154323417857251,0.48782723035530273,-0.048920554234563964,-0.05722260856286788,0.057383317941790045,0.8167118801168608,-0.4040920934454708,0.2852399199475718,-0.8094593314925356,1.7763568394002505e-15,-0.27643853867354184,1.182809017099446,0.000014047597610330955
-0.2807054762146529,-0.4713895380552571,-0.04929973499848394,-0.2797501502129618,-0.7510013238267351,0.5810738318154618,0.5822400718200635,0.4605614641862229,-0.4546875029833187,0.4999122238515877,-0.6074080809217242,0.28727527069500614,-0.07080429755592173,0.8714488151614032,-0.5496032803274017,-0.10246155547053758,0.5136823802277081,0.10671538451798097,-0.1344066434428679,0.03805779849991807,0.8781142580735297,-0.24227727184164313,-0.014675501155394347,-0.8831871300043233,2.6645352591003757e-15,-0.1725650537399828,1.1836322456651678,0.0011264052747481735
-0.346297285508484,-0.2243546127761985,-0.011400205635410896,-0.32562534061408654,-0.5653602964377655,0.6253899443570071,0.7538982725917652,0.16686744560481778,-0.5089856653976095,0.553086978694704,-0.5390194434763483,0.29818587730740864,-0.08680535502949176,0.6861388409876217,-0.7593412581007419,-0.021563857054187594,0.45828712864838583,-0.02134809325704841,0.08527954049954473,0.15561854678241988,0.738551567670239,-0.3626585087082507,0.22781125490870735,-0.8293346629668107,1.7763568394002505e-15,-0.24969742739889972,1.1844991371924396,0.00013265605869657783
-0.4180657574735769,-0.4216262558453529,-0.11887325185221823,-0.2527184630283732,-0.6669748193433649,0.5623749677446087,0.3055992713404225,0.3547857908828735,-0.540058985629725,0.37468071635114697,-0.6135930344825383,0.16845715471160233,-0.04664307039362516,0.6191132455914558,-0.5361009381353604,0.026904140600568123,0.34677227303513086,0.031421655157165704,0.11671814653534929,-0.020028071865343184,0.697708195700714,-0.5146578932738091,-0.16406713569005899,-0.6951662714184309,1.7763568394002505e-15,-0.13677039031869856,1.1851471899982537,0.0010999498759929297
0.6213063938108755,0.2618861380567297,0.5649970176920487,-0.11684036105154647,-0.5335919843156084,0.4936439460073992,-0.6369774808173454,-0.1235356737368598,-0.7156806391347111,-0.27799321931844617,1.0211102647273569,-0.2724633608857755,-0.7955296899253218,0.24643111341920523,-0.6445019099022087,0.6634627572661049,0.11551098849722255,0.6129330895326482,-0.4357108676738107,-0.27108156732836564,-0.23348800276439202,0.440384316245066,-0.4814118989887881,0.13374201329530505,1.7763568394002505e-15,0.06383840271805864,1.1862479517039675,0.0002343307099053529
-0.20551467595530024,0.8156051203468404,-0.46816610075390985,0.29200974847554423,-0.7061018780077573,0.37685690013994155,0.0347597923595442,0.180314244439052,-0.7843889272711365,0.27622184164452473,-0.5613532692824829,0.8622357447559212,0.22758243284635793,-0.3163953919430518,0.8852329546164521,-0.10168583281000157,1.0047589680015698,0.25141134557550093,-0.11449067081249227,-0.043095427757367834,-0.46624744439020754,-0.6459999377341311,-0.4733065838791071,0.14948325814258023,2.6645352591003757e-15,-0.0843606915937666,1.1869340232942895,0.0006362104497234676
-0.34974826488299326,-0.457041019184948,0.003527430005434363,-0.27277969916310324,-0.6524359508662169,0.5693743392626321,0.4975787333888402,0.35299321187716354,-0.5999343375708036,0.4070815247226647,-0.6727439424191778,0.1532696458339423,0.08749420710732925,0.7460181286116232,-0.597734996550643,0.0868408697978809,0.45010585749445414,-0.00661605071126219,0.08665957637986366,0.02043635803588481,0.7578040284194407,-0.3794372114687147,-0.09329349510085029,-0.8306958209250938,8.260059303211165e-14,-0.1473936855857541,1.1878985413584446,0.0009346296559700283
-0.2167278305195996,0.6587295658757987,-0.6831846606057146,0.344142020112086,-0.6458177120291921,0.05285485542355801,0.009893950578789189,0.19237744596317397,-0.8948589430556404,0.2660294611583984,-0.47991379105508597,0.5871439907311615,0.22321655907291996,-0.26519013759517385,0.6276223874582683,-0.11758535584462797,0.9070276400302479,0.05305402021400801,-0.10624208749243291,0.09724898161997003,-0.648049397425434,-0.5252340399832705,-0.31577521643885914,0.21233143214870115,2.6645352591003757e-15,-0.02406731889723415,1.1883999084517112,0.0011257356396021888
-0.12589396059978597,0.5679831136300988,-0.6829044441859041,0.11729359677183936,-0.6889213048022832,0.34680974952205396,-0.06295512018357212,0.1106155078197658,-0.8620905754093398,0.13649158534083602,-0.5565780931339009,0.6683587196698896,0.13177269967736668,-0.30445604083019884,0.6955923777663798,-0.08844235000522901,0.8663871011361578,0.1041932371022301,-0.2630189046173551,-0.036687254939854,-0.5716264157395434,-0.7405519397835805,-0.4635576449726724,0.08293124156981721,1.7763568394002505e-15,-0.00998206513556533,1.1889660607835453,0.0006850537090664462
-0.14195370112011785,0.7637413716911489,-0.5062034408030178,0.2088613863082042,-0.5903655181641714,0.09841051741040949,-0.04485381670330045,0.2160996086524065,-0.7803138009824884,0.2726936877387842,-0.4362871068146097,0.6275509064568772,0.27608711836083333,-0.4162464690588253,0.6302228257728487,0.17475372258531477,0.8978454482834912,0.07098411474612182,-0.20365075190098766,0.10356177438416492,-0.4404640802279293,-0.5775077745293038,-0.2943956787396912,0.16717548918264838,1.3322676295501878e-14,-0.11967643268449552,1.189546928522597,0.00014684969476641514
0.5457083547988394,-0.3532227573692825,0.5922680144204093,0.5046092797210138,0.1737381336795226,-0.657191122854489,-0.6064123099553257,0.583880686359001,-0.4081944920837282,-0.1908721003232947,0.7359017957373115,-0.3105138360084286,0.4773420567362614,-0.20571416441525367,0.23488062522816536,-0.5153939154628798,0.7034722314089776,-0.44827027307991285,0.28400545168309227,-0.6972694045587494,0.563738111050827,-0.6364297545321529,-0.6960172231504954,0.2837324006423205,1.7763568394002505e-15,0.03511214148776315,1.190388404035919,0.0010430955901619629
-0.06254871728151448,-0.008933331156803916,-0.8097424873267335,0.2616168004005254,0.10242456980706559,0.31915262171107667,0.24128659773409294,0.09944192547103263,-0.6573744111107038,-0.21475340483095837,-0.10554837528151638,-0.6825542455567746,-0.23494621444317232,0.5439619260640599,-0.19612842738640943,0.42220415195075256,-0.02727601626949029,0.4731162393612821,-0.5215011527901476,-0.3663842120730142,0.36433558909640373,-0.00533837525348324,-0.1487717563163715,0.6738705667736588,8.881784197001252e-16,0.0030943932552580135,1.191210212169761,0.0004280346583991976
-0.04750272595832434,0.05853378200772854,-0.8543103640063286,0.086974242925801,0.1632674218906953,0.2473790391252761,0.33975145689395747,0.12753662718306757,-0.5473080823004921,-0.07851216571462259,0.040342782530762365,-0.8375546009261895,-0.19587302814254007,0.601482777452091,-0.2589172119247769,0.22890098939488934,-0.04408222757736397,0.49447568261186464,-0.6604679412825012,-0.36181286321451167,0.1922240065965431,-0.289082109760336,-0.16125484732689907,0.594594693280723,5.329070518200751e-15,0.09471591000454714,1.1918283655384372,0.0005561115328479465
-0.24162482531030013,0.5382664950932333,-0.6271499504774642,0.32474290055765426,-0.5094826112193727,0.13653341278205328,-0.029648923939808933,0.1629375853551342,-0.793661373372996,0.2810044505923412,-0.3866742510749571,0.5166601527019585,0.27390783135243246,-0.3514520312716301,0.5226853397872179,-0.10272554847954582,0.7754474733504789,0.020362981077762892,-0.16752655427222837,0.005016096545715611,-0.5405649213775745,-0.5132669129972959,-0.40924343203358826,0.07251140746602319,1.7763568394002505e-15,-0.04910510893155322,1.1933525849358126,0.00040961583963589385
-0.35878112610559815,-0.24979663584608738,0.006894580629153379,-0.3307212756786175,-0.5736258378605542,0.7119417565762177,0.6722235927889839,0.07764496416349013,-0.47153380851563986,0.4795006834123296,-0.6161699513266372,0.36062207412965536,-0.06464995110282738,0.6251814051783646,-0.6572841281449052,-0.020915681152420942,0.4511329952220495,-0.08391064339043955,0.06723061865856925,0.10865924051232632,0.8073436565103167,-0.37267993241380737,0.10314067072860325,-0.7299673138282213,8.881784197001252e-16,-0.2302655779227577,1.1937060984203947,0.0005570588502804616
-0.35727492615634276,-0.47242098010790906,0.19949984582049102,-0.33027739535923445,-0.6575812348544503,0.6546405813486937,0.5859433241562277,0.29697914354422417,-0.4964212294004652,0.5351716463860656,-0.5794961471261422,0.28251094274516053,-0.05470835261414024,0.7309895436129915,-0.5873652085061348,-0.06878577053096174,0.44320060395451416,-0.017746457527711493,-0.08525115354649397,-0.0231397607616435,0.8256508492875348,-0.3623228139817186,-0.022597338852933066,-0.7892933891666101,1.7763568394002505e-15,-0.19791163233698622,1.194533091168673,0.0010293616896611395
-0.3149714587415897,-0.371596484526172,-0.08394499353422963,-0.305738378796347,-0.54591896583554,0.6272268380759335,0.6189743929095284,0.2619235117348631,-0.5723102417931055,0.5028563851974489,-0.5350843065848929,0.31671260999745565,0.058000432798845925,0.6419122229807044,-0.7401357028343222,0.0059941791205011885,0.37265783234219124,0.1090621628552438,-0.023040143877626488,0.144878144525061,0.7285502261401786,-0.279114088635153,-0.14565164739272393,-0.8552580906200663,1.2967404927621828e-13,-0.183490528490414,1.1953328149905733,0.0009023302154555548
-0.2575827171916515,0.005557858393014315,-0.8501826722603995,0.32341417058943345,0.07864038441953618,0.3526755523702549,0.49733899386435604,0.01550641043916035,-0.5370242935325729,-0.391429700834944,-0.047741510813929536,-0.7294760147310337,-0.065523303195518,0.5293581304355262,-0.3180928562277716,0.5018014427757973,-0.10997775880936524,0.6585897505471745,-0.6879645003176644,-0.32978811942729175,0.5824495440429371,-0.05524460268798531,-0.16043330743538953,0.9073097962124947,1.7763568394002505e-15,0.10649329635916342,1.1957924738584393,0.0009634937779180649
0.5104639287576906,-0.14897124486142882,0.6219558142134785,0.716153258666948,-0.18760735531767234,-0.43465026585121913,-0.5903132692404269,0.3837909211523827,-0.6431272979607887,-0.04452062658927574,0.6400040933859703,-0.3215201839900104,0.5433753893292959,-0.15766673484948743,0.4368956630119909,-0.49392165953930095,0.5634404698470425,-0.6925455134420574,0.2894008074196749,-0.610927217803835,0.6525909358291211,-0.7608819416649012,-0.6480420100931139,-0.07267237159227256,8.881784197001252e-16,-0.02192330156067026,1.1974542953358012,0.00033538551478685274
0.6637589604990284,-0.05528240623509527,0.6519242215373571,0.668423222653112,0.036355179814411574,-0.3254431868115887,-0.6352742297488492,0.5095589638986531,-0.4710344242416787,0.29340038552277836,0.6664559900834537,0.13647366150460702,0.6609862645716716,-0.026255989565184767,0.3811868745625987,-0.6186813348667887,0.5780238534102381,-0.48504418995984167,0.3572986624528007,-0.7500253771783236,0.5921082784094491,-0.6112755383345864,-0.758250941173063,0.005865826067141725,4.440892098500626e-15,-0.1491668660243282,1.1979893161692126,0.00011198677504600952
-0.11192124860548257,0.02942183291049234,-0.8090486838500472,0.24224858768518057,0.07218961704452127,0.2894986704883647,0.18044294713883718,0.1154739171178422,-0.6659770727578828,-0.2767815867370193,-0.07496031147173271,-0.6709067974061385,-0.20047576264032693,0.5624816391276486,-0.16955534663317268,0.4029286808466006,-0.0654471879762241,0.44452869257737665,-0.5361256314533513,-0.38337943773991273,0.34722221175903556,-0.030573089438351977,-0.20291599784794162,0.6446719892766357,2.6645352591003757e-15,0.01758547593840835,1.1982473908166373,0.000234616660295453
-0.43347852944557047,-0.3357247676880711,0.17266449940247394,-0.38731152852208545,-0.6792083045857673,0.7545661300530935,0.724622684946453,0.11913819083250361,-0.534132601508971,0.5597710473791428,-0.7054452973666323,0.3084865651714683,-0.09804115103609552,0.723003216326168,-0.6783651575327897,-0.024791242150952374,0.4909660909527603,-0.11754332543977825,0.1254533235251814,-0.009661387258927661,0.8712324490747689,-0.48606214822358546,0.22571194264502598,-0.7636909347358062,1.7763568394002505e-15,-0.24411479988389792,1.1989328645246355,0.0002908269834624827
-0.05876597824493819,0.004984664761479003,-0.3826954616174705,0.08416397113847554,0.005816034883916,0.1130489073937802,0.044082668742602055,0.031075114983614403,-0.33213016646862176,-0.1666185871652294,-0.06890600100066528,-0.29674973365070595,-0.10545691204492814,0.22706012540272294,-0.10466355308781541,0.1547426356077127,-0.04318586594231603,0.17532862289090648,-0.25192793218392656,-0.20692030620720248,0.12149601637953324,-0.03719860998308222,-0.1146081579549083,0.26006017587514235,1.7763568394002505e-15,4.685961407989458e-16,1.2000000000000002,0.0022783597099747858
0.5458545384430703,-0.29509286360982223,-0.17315781351782042,0.36157843460561834,0.5663284337377226,0.2750145814287384,0.02585447200872475,-0.6527452562768299,-0.3494357729667463,-0.03146695390207117,-0.4814302624423095,-0.11237152443982541,-0.20913147288317763,0.1591978281242037,0.6620774085600272,-0.13954936531362086,-0.10437120872046526,-0.680036571260534,-0.2612288468252656,0.2907247796204906,-0.19501215665649302,-0.36542872540834054,0.693642428522055,0.34064014854247454,8.881784197001252e-16,-0.19571450270802654,1.2014822579492297,0.0008205780145414648
-0.13513007475972946,-0.03278616165437289,-0.731891974448307,0.24818218144787496,0.1411406092616334,0.32563331667347695,0.24317826351080796,0.005468305075482473,-0.5706421228242142,-0.16884685451958437,-0.0458440034268089,-0.7033223778384857,-0.13723752431709474,0.601050234059318,-0.1749442326670817,0.4091862740663198,-0.03973351128946625,0.523322771184829,-0.5398722803868972,-0.25420996494269343,0.4641844044827047,-0.04784879834839218,-0.05633390427632418,0.7484643949234284,8.881784197001252e-15,0.06186576917259014,1.2025361266947876,0.00043605476710888483
-0.31693428546589747,-0.4548466111114261,0.04502210703324629,-0.2936411625262139,-0.6933186839981879,0.5017211277483443,0.6142949291471147,0.36129034288996276,-0.5257954845296428,0.4600017815780819,-0.5985912562538303,0.24838354150386885,0.04338366594151969,0.7799075912194751,-0.6172423517820403,0.059595962252325434,0.5528537704670953,-0.12610594690611213,0.0842259218132653,0.05468373570107055,0.7592883999643341,-0.3274700203834336,0.06428800403130856,-0.8628734237174942,1.7763568394002505e-15,-0.163765251196413,1.2027751793005161,0.0009148562343805381
-0.37127303110631044,-0.031756779221266,-0.8220201103748018,0.1814164972237331,0.22435951381581498,0.3540762741122829,0.23329272959342998,0.11122076448502377,-0.5852255537870152,-0.3881254089006014,-0.042575798087415476,-0.8039301238137082,0.012892865666163952,0.7315106407013512,-0.23775916193121965,0.45704708670265354,-0.07508761236504377,0.5994369364603376,-0.6624916980054405,-0.31635402960441045,0.6466539517678461,-0.1583094182515188,-0.048069679043692956,0.9369452581040552,1.0658141036401503e-14,0.147912005457883,1.2042522056338296,0.00013690318461039705
0.8402040805465472,0.3116662692219605,0.30939981993666427,-0.009903742462622852,-0.37762272326439733,0.5727420755548,-0.7052142144565176,-0.23886170755796174,-0.599796554454102,-0.31779237646305897,1.0222869100372691,-0.4729689642779323,-0.8577071035558027,0.3544056553203118,-0.5769389494047444,0.8921629624561729,0.20993014275005273,0.3616922996396513,-0.35480478435248025,-0.2931869570358592,-0.04453624279086286,0.4630121000962223,-0.5018668963127276,0.10054591863433067,2.6645352591003757e-15,0.1250493379265994,1.2047075631956812,0.0009009081053212834
-0.23336336450060627,0.4953922185539102,-0.7757049363902503,0.24775536464123288,-0.781467601894977,0.14420940264851304,-0.1482834002635491,0.152160148420853,-0.8949612690550334,0.28718310299150746,-0.4940941453792583,0.7689107130724593,0.3044785012062329,-0.38339712069055426,0.7830070570089274,0.1559638625474167,0.8998526262902011,0.054562765192311256,-0.2418375136640709,-0.018643357242867517,-0.5886373281051588,-0.5421393245546893,-0.5199537055239547,0.30861619005274676,5.329070518200751e-15,-0.028174355814861426,1.2057512191059507,0.0004646072123303041
0.36766522925330297,-0.28493490488162226,0.6088210990933884,0.40995413377368617,0.204315805519485,-0.5604939897080531,-0.5373966440304333,0.36983907586089276,-0.5225237342160821,-0.08434666249523866,0.7053477552208791,-0.2159336985721124,0.37271752415317,-0.15993059234361803,0.30589187845433474,-0.40061758014232496,0.6001430673235116,-0.539143898935023,0.20757314291693954,-0.6600173282672811,0.48335426391230685,-0.5076804915919119,-0.7527339399323691,0.032167271051131124,1.7763568394002505e-15,0.006812817862829133,1.2076259389252841,0.0009185054668735758
0.4023883803046666,-0.2410921266725515,0.0661333806057403,0.12700227724987653,0.4853598603533749,0.2538324082276311,-0.06334329313767428,-0.725883863457526,-0.34967560328840197,-0.21213120723206402,-0.5735121187271385,0.03533641939807334,-0.3801117843841744,-0.27466321298933305,0.567995163584451,-0.08812166742676296,0.0949301973168846,-0.7141586484069902,-0.2056620716333949,0.35026402310131083,-0.40200377315180486,-0.3910814199304308,0.7487296185696833,0.12060950309536295,4.1744385725905886e-14,0.17401043987255474,1.208779368661415,0.00003761080295841316
-0.4076875414297813,-0.41779634340700317,0.11483225290873517,-0.32344133622271265,-0.692122892375716,0.7331693817236268,0.5854467557480857,0.29654687316591,-0.5264244953307642,0.5179671293080096,-0.6500835053328423,0.33363765265303125,-0.034641799356720834,0.718279388709112,-0.6179518605025578,0.017441848644021197,0.48870891992111815,-0.06283320225420015,0.11975053589879407,0.016436065913338814,0.8748145976398497,-0.4878390004456574,0.006175089477511902,-0.7590419520675665,6.217248937900877e-14,-0.18406245518991077,1.2097696907516964,0.0009421720151225591
0.5782987298331295,-0.10450518100280268,0.12190350900951677,0.36973941985357595,0.41524890229318284,0.26443323748531034,-0.011404755059592462,-0.724199300139657,-0.32979139232766025,-0.14916621145009504,-0.5185153695680361,0.06439114994783648,-0.3162922698041562,-0.1985351655374024,0.5608120824108758,-0.044231766280043036,-0.012780724299079626,-0.657970911770269,-0.20910944930149733,0.3765592486653879,-0.24708943514377835,-0.35542125218985865,0.7214090221210638,0.1375470219501419,1.4210854715202004e-14,0.25278155203065605,1.2106189942823213,0.0005222740948930954
0.7223675306005012,0.17256111517943235,0.2776130985603865,-0.29597856238310327,-0.4057072836610197,0.3581819727666446,-0.4911946783493589,-0.2289070859253097,-0.46677575062260757,0.0626646751783632,0.8405877935809518,0.005266835446372725,-0.6248455357978308,0.17686733499118418,-0.44552539239486255,0.789582248187109,0.022391107961293944,0.3010853432236392,-0.4406635845177148,-0.26978890343779427,-0.2584535834021659,0.3545391183270352,-0.4381948654867804,-0.009821327039049421,3.552713678800501e-15,-0.053329228110738335,1.2110352787557825,0.00023730250083655384
-0.1866883503835522,0.8406292099654957,-0.46676343644066554,0.3311068281206369,-0.6646667884545113,0.3720482594350932,0.11725563694236511,0.19161052743255594,-0.7739193949315951,0.2619729063182038,-0.5215751861394953,0.8481479253511792,0.23374854471068987,-0.34785916859071,0.8629069614919357,-0.06572040459313906,1.0180312623386727,0.17842900988399357,-0.09367585052658009,-0.006230522135758875,-0.44804013416646793,-0.6341355703228106,-0.3959432527756907,0.19269264093330127,1.7763568394002505e-15,-0.09678380776641976,1.2120929251693313,0.000874288164535694
-0.050405204847685424,0.1751904709911436,-0.8286497275490111,0.26694356735383373,0.16819041125296813,0.414112964207262,0.44564622555530287,0.15215307257430183,-0.5021359470270076,-0.07915237147870091,0.16390526852786266,-0.807396074526435,-0.005263643743221219,0.7837674581133605,-0.011490808216303735,0.44645247553217343,-0.1839698831232532,0.6568646164966199,-0.7294069019772331,-0.19664490316532945,0.5820139251574956,-0.4048774871668193,-0.12534037922443556,0.8878051383513331,4.440892098500626e-15,0.16302055143439095,1.2122880597202732,0.00013973399735870716
0.6925933218711458,0.33171434713848763,0.4845511849329171,-0.12894487092717435,-0.4462234793718186,0.5328430926442674,-0.5558883984531279,-0.277902010261596,-0.7190926971345483,-0.3397622502990618,0.969692394810412,-0.47110281359857115,-0.7654831388853431,0.27966958222490973,-0.7039187979512542,0.736816060116241,0.24028606486680315,0.5389482622692575,-0.3059033766147382,-0.346353045628014,-0.13948346411994525,0.5255549149148382,-0.3709108671036102,0.18542354849939063,2.1316282072803006e-14,0.12417862176310109,1.212969283829989,0.00017894962379666376
-0.19916416081824012,0.868656813552021,-0.41159151996953947,0.16690833126765614,-0.6603452839748285,0.26517125280755033,0.04014637667266617,0.21732495208399805,-0.7378524211731624,0.1682904564298467,-0.4676172448507044,0.8765730150900504,0.16266409578677496,-0.3805120939622667,0.8797987284058887,-0.07573632122273152,1.0299901794975728,0.20775014451259735,-0.24117476125414355,-0.04941784271484245,-0.3491223514330124,-0.6641037649502668,-0.4187529042025106,0.17289910338933628,2.6645352591003757e-15,-0.13655356687800357,1.2135432722923478,0.0005175490294702116
0.6389772358270481,0.37616261026758885,0.3976582892842305,-0.05198153998523241,-0.45436377260387906,0.5076392188490603,-0.6729263993243482,-0.10440307955416639,-0.4624356077082345,-0.2362486684959667,0.9806976887243545,-0.3221888321620493,-0.7542890531256854,0.3759253815686869,-0.45458030504237595,0.7193790949960642,0.19107250703108386,0.49460083619453993,-0.3482807549863414,-0.23990626752158037,0.04824435948554211,0.4055840896082714,-0.33457941043648753,0.23067040123691918,2.6645352591003757e-15,0.10790100333539442,1.214356774945404,0.00105021856837276
-0.3175239653645549,-0.37544828715745426,-0.0033095827922785003,-0.2558774753190387,-0.6297974304099208,0.6436562567834477,0.549471689323694,0.30556448951628346,-0.5461677424762399,0.5216562466591225,-0.5415340261287995,0.294909319804945,-0.09834705109766631,0.7186262750098065,-0.6279943667409863,-0.07227000778995873,0.46154322310901974,-0.020854076222533106,-0.02655761825419095,0.06936443768919313,0.8036101826303591,-0.359328738046001,-0.02899607566685798,-0.7972658215553583,5.17808018685173e-13,-0.1920672982582528,1.2150217216770405,0.0011764197538112924
-0.02180627600931724,0.03859200478434448,-0.8753292531218825,0.2719772832179343,0.1614443682047623,0.3800535234710376,0.49077781098095125,0.045155897093007616,-0.5554477634408821,-0.07982756637003349,0.01648609436646187,-0.8323219162509535,-0.05229309810143803,0.6877857258840537,-0.14245172997260122,0.5211744795909818,-0.13526434589933634,0.6697718672059202,-0.6452714325633521,-0.37814584516596134,0.5559049953385299,-0.2914731234638175,-0.2230375109734872,0.883798633806221,5.329070518200751e-15,0.15844196389500345,1.2160319715076051,0.00011686683857802886
-0.260730851596641,0.8170492145314303,-0.4472633009487631,0.31758731297407805,-0.6248609878015878,0.45506404032085784,-0.015663343339042995,0.20743672505937955,-0.7700483955762121,0.3049054717565013,-0.5076929704102264,0.8344277416391801,0.26789046982267634,-0.3373987474683623,0.8500111775712496,-0.20415800392199318,1.0025614803525669,0.22927209038571567,-0.17356674385947005,-0.03984904519864488,-0.42587004070697965,-0.6628937546053076,-0.4882893821579052,0.157976900585848,4.440892098500626e-15,-0.0863745309722692,1.217020638522002,0.0006682674725230597
0.5636413493470601,-0.04886612618999958,0.5549214554285047,0.7248880535144693,-0.0551426563500219,-0.36690223717554793,-0.5628745202141974,0.6865459071492417,-0.5977250560152568,0.19528832030883822,0.6744893891603103,-0.141208969498398,0.6100144019377773,-0.04824325439030029,0.27627081704269363,-0.5527176883601564,0.7055673891911036,-0.6053734775152521,0.20801196208967213,-0.6654416204261406,0.5505621989343108,-0.8091242105789838,-0.46877386211921945,0.044712752237206194,1.4210854715202004e-14,-0.1439301112454897,1.2185810780023258,0.00007637726208223951
-0.1317459998313491,-0.021049256536900884,-0.9230785409709419,0.40826655931469025,0.085786423701172,0.42147874012838044,0.44238279609948145,0.055669736724093255,-0.7094759146363478,-0.3204889020559928,-0.08289861070383388,-0.7611947135577912,-0.17517015626629504,0.62385718850625,-0.3173361491971661,0.5811393975110293,-0.06110692804298387,0.6327157155923071,-0.6249735619432942,-0.2619583460927482,0.5900283907246678,0.06435006333842547,-0.062144249712174277,0.9033868401012212,3.552713678800501e-15,0.023736494239625063,1.2192094262405413,0.0010349787092071305
0.13099647000888395,0.035085949098005456,-0.921776930573544,0.34438727413962855,0.0801645972940101,0.3974136174754303,0.4169569630377215,0.051086735458144704,-0.7524818376891594,-0.14343862991765793,-0.04622339815802258,-0.7188004999776221,-0.23473536270983125,0.6433866798425488,-0.14627932041316152,0.5514140677066325,-0.11310958748746414,0.5871985189134061,-0.6389018654469267,-0.231572473078921,0.5423176389633503,-0.27678351202266827,-0.15094092277105506,0.8204080884249352,1.7763568394002505e-15,0.05017078197806057,1.2199020181898668,0.0004399755330337679
-0.37323453609533097,0.8196405991687061,-0.619004739378748,0.4631121009355871,-0.7025375553343707,0.3387915014345052,-0.1279397946298937,0.1810656000035721,-0.9902805563827932,0.4798258263767887,-0.6204587621168742,0.605302054393308,0.38967306936915935,-0.21037507959599783,0.6675290527447064,-0.1963861839464988,1.0332188616156641,0.09365209367783553,-0.2684927284581357,-0.03393725392354328,-0.6348435683867695,-0.6487270436800153,-0.5384123476747273,0.1792710516225796,1.7763568394002505e-15,-0.030831650621164455,1.2201901397837756,0.0006196527310105401
0.6247551175933508,-0.2026494674532313,0.14972771037752514,0.5184497660484175,0.4540549699905646,0.3241956320193657,0.14967933710392115,-0.6901940214707993,-0.08376145827653397,0.01987746137422034,-0.4201415317806255,0.25910250920400274,-0.14713684276929745,0.004104363438741525,0.7378997791687734,-0.06614944153652291,0.15686959419085586,-0.6007055513054408,-0.18123896577005572,0.4264265157081343,-0.26993786192767644,-0.3305135805777775,0.8109234600499077,0.25129478231811325,1.7763568394002505e-15,0.21524450268141893,1.2211051086306355,0.00041839923173721716
-0.2726858335417416,-0.318718177693345,-0.1402834004147815,-0.26513651990814163,-0.5636456449115836,0.6608363884772306,0.4955354672651128,0.3066027719856571,-0.4337688001538651,0.31318226304709246,-0.605837007451461,0.3740261853676135,0.04935284933022437,0.721544461815213,-0.4941387255200712,0.013121113378338396,0.5161708957338195,0.04302598251372809,-0.03762231260111663,0.15600636288730474,0.8507943008599863,-0.23011996353477124,-0.09805440562345726,-0.7104079387006517,7.904787935331115e-14,-0.1554083544151701,1.221774181484205,0.0009559544709837165
0.017624591873145284,0.12115273721259195,-0.8356211028682874,0.33156215760637925,0.15792352541725144,0.2362571722384218,0.4285825248261096,0.16572418468181876,-0.621145502443496,-0.11666158674585697,0.034648625957293205,-0.7170512066787851,-0.14650678429999453,0.5682578001358933,-0.2028505794122804,0.53883134170336,-0.015959355308147054,0.4289837150315745,-0.4308534278403723,-0.30413875368144494,0.40048201819993345,-0.11012104448886288,-0.15897311146073517,0.6535139990152741,2.6645352591003757e-15,0.11123195264733804,1.2225621479490778,0.0005060092278046427
-0.16531507209822904,0.021629151837716062,-0.7591959977182533,0.29113452304021653,0.11057616645963815,0.3097501566886833,0.2923800053363125,0.08088066523528734,-0.574632603219813,-0.1843946113207011,0.01279725442527546,-0.742929042739736,-0.047660222551114816,0.6292218261663429,-0.19102600734047032,0.43506311997708497,-0.10054008736350856,0.5197406932929001,-0.5309601826022876,-0.26667982046298283,0.46153971323436727,0.0009247025422502269,-0.08778890966734947,0.7503997815584564,4.440892098500626e-15,0.07231165736174791,1.2241318754612822,0.0002510733796420026
0.6443181939124834,-0.1453077901341923,-0.15238752484918125,0.2609161742071778,0.6871840699946437,0.18813446941595277,0.18791300444489567,-0.676606569313953,-0.27024510086606107,0.06959588594062231,-0.48959180070234276,-0.07606233968729197,-0.3496913218065106,0.21674573302443656,0.5987441512546171,-0.004295327054153987,-0.19523293302823486,-0.6642200393808264,-0.20876817592387903,0.1261579016030109,-0.31996678710408005,-0.5048396687330532,0.623258937789821,0.26905096950737284,8.881784197001252e-16,-0.22433191493655075,1.2248331663479388,0.0006429250129979173
0.5629169842369376,-0.10247063000308579,0.15204054806804249,0.38842614998881286,0.3874873103565602,0.280893522747931,-0.02259373415919031,-0.7170238658256375,-0.29176601767925825,-0.1516517419004317,-0.5193215227902783,0.04390915223029247,-0.32972323337665455,-0.1642949372511469,0.5611561662296203,-0.04699190675534996,-0.005354306258209049,-0.6373744520106226,-0.22105761659441905,0.4004980257468205,-0.2213554845650487,-0.3579399946902946,0.7262730316701652,0.12957352942650813,1.7763568394002505e-15,0.26350101458863273,1.2255330582885455,0.0004178557202949349
-0.11277371706080593,0.12259672357145396,-1.0233916571362056,0.3774723443923476,0.19998654709977864,0.24520639333105193,0.601538006234759,0.271106624800459,-0.6443414048775687,-0.21714030477900792,0.04177523892436738,-0.9164929140579451,-0.1260722283894894,0.6568124829641858,-0.29983071876813067,0.6823301878532256,-0.04392364288189061,0.5484478126196399,-0.5430642826628008,-0.46574185067275714,0.5380701929522749,-0.12194797710089654,-0.3207146741297669,0.8187299808476455,1.7763568394002505e-15,0.1729161005477982,1.2265842778979428,0.0007512817143697674
-0.25949601934230343,0.01864023033540138,-0.900627864412944,0.15821816554787638,0.15455843811925862,0.25334672986191986,0.20174649929659186,0.19067943698651843,-0.6858309316779172,-0.34819738217037866,-0.06426673526359353,-0.824644819553247,-0.22232084730261173,0.612536527131122,-0.3279774816601817,0.34223673999816207,-0.011685117365763211,0.4973468330517366,-0.586793036619986,-0.4875906611887519,0.3190242237851448,0.0006068553407243599,-0.18041734330944814,0.6539579069113186,1.7763568394002505e-15,0.04397130039800879,1.2273089425571726,0.001007963783286312
-0.2361192098440081,0.8424092180768207,-0.6039731209626886,0.29624586624765037,-0.6002506112787367,0.4780243385180976,0.10956244311116076,0.2336333077248619,-0.9253625277362789,0.272498265009425,-0.5687073824343496,0.6011665478213422,0.2441225114356356,-0.35680399835581994,0.6234492866232769,-0.1559199867795189,0.9831129070472132,0.02686680416134078,-0.20046585575839423,-0.02927224128080271,-0.6134058397244285,-0.7140399575739277,-0.4858362981811682,-0.10598472656383459,5.329070518200751e-15,-0.06776712452459209,1.2285832672048602,0.00032989656629117773
0.6448447761782804,-0.22370732140685318,-0.2284964151039848,0.32274698681280867,0.6848731172326314,0.22813265834470636,0.11951253227458158,-0.6563846091894074,-0.42787239664963145,0.046353526736038514,-0.5171519217332456,-0.2276559035254482,-0.2521472591185672,0.1592025962519407,0.614756108478042,0.01770537266408223,-0.08721157605627071,-0.7795051200479638,-0.10489530570772874,0.1823090267647958,-0.4670434535661749,-0.3500306389250492,0.7482440001422958,0.2530699190933988,1.7763568394002505e-15,-0.18840260061142525,1.2290695646821796,0.0011133212999162013
0.030212238522393818,0.16414062438059693,-0.8058554918280635,0.23704959147270455,0.13459874455362375,0.38189019265761737,0.33872187931318015,0.17930712237918545,-0.6142998943731081,-0.16425890323161266,0.049723406395944546,-0.6915679363147088,-0.014534777497828838,0.6956278843760623,-0.11081557569016615,0.4317978382045342,-0.09933526222861509,0.5892991261404977,-0.5656190630061684,-0.3864597496411507,0.3682256718425983,-0.14680753692959822,-0.243951014074173,0.7336237155678391,3.552713678800501e-15,0.07374414032294056,1.2304757575084697,0.00046232425512590615
0.6298010033157074,-0.2982852849987893,-0.20712678267910714,0.42225440644798473,0.658287110351806,0.24494492367974327,0.07000903141858711,-0.7376007476666456,-0.3068499311837002,-0.01644195367705014,-0.5055848289093717,-0.05146394952792966,-0.2735258332100266,0.24164567786043817,0.7111468913737499,-0.07818070536499332,-0.14045407066763632,-0.7044802886095591,-0.20409085942097624,0.2038950722329585,-0.2998950152444778,-0.3630128991449359,0.7347768736698326,0.39003688275760273,2.6645352591003757e-15,-0.21035642375285307,1.2313158406579778,0.0007993966409566333
-0.06548158822892894,0.1767457129197444,-0.7232003354548349,0.21921846046922622,0.13231796518212727,0.36182473666582854,0.32224813461691787,0.2257327959056037,-0.5022795013812441,-0.11346993575179708,0.14676699866268553,-0.6897439465711084,-0.16844714578579043,0.6522859267527176,-0.052106396872219844,0.41361272538574206,-0.07732003225714654,0.5394475938476665,-0.5316408675721117,-0.3212022111333808,0.4215144053104488,-0.14746851878868872,-0.19680972322607906,0.725420109956957,7.993605777301127e-15,0.0957193596347445,1.231793134474181,0.0008119553574022577
-0.2864311817251653,-0.313292731535482,0.02251017516666804,-0.22995249336744017,-0.5471415597863508,0.531299695185854,0.5280945173325451,0.27414207130344637,-0.5701270360323963,0.30282101400945133,-0.5713367364106163,0.2520670016417557,-0.014523726573482342,0.7356372097173206,-0.6318567588095026,0.04567975249850978,0.5730384808918078,-0.13126001650264243,0.14544783872416814,0.20045908664973705,0.7034260649411319,-0.3403204828558059,0.09549772978965278,-0.7786690350864516,3.375077994860476e-13,-0.15987135015167486,1.2321675805050056,0.0007777126966096274
-0.16467325669886654,0.11891695792627242,-0.8091489794088934,0.2780417342559658,0.05898253176228877,0.3368542925658162,0.27529580087944533,0.1378194098993583,-0.6241941368286036,-0.22363601815526982,0.0848480229909932,-0.768056446511342,-0.06556893538988455,0.6628989240304327,-0.16049017633952675,0.413435897643599,-0.16721655322522272,0.529911217844871,-0.5690081319657891,-0.3819750091285403,0.3826263167796319,0.0038108103190749297,-0.19560448176867581,0.7367572624718361,7.105427357601002e-15,0.05140821170708088,1.2334122314646117,0.0009141648646267626
-0.13605521487866096,0.8911515748992977,-0.6899085816636733,0.23532638316391788,-0.7127053711169969,0.2242427532076822,-0.013371730238702305,0.3319090331942711,-0.9506177017573619,0.33030757222587265,-0.5027377845351054,0.7995960849679751,0.35353737171220806,-0.3072553463807412,0.8209489623909565,0.1961987268962259,1.1460571477073391,0.10681313728356212,-0.22148329378892506,0.085208910376676,-0.5512146300400017,-0.6375652349151836,-0.42824941891511487,0.19462106125097847,1.7763568394002505e-15,-0.0671656941410675,1.2352736208675026,0.0011746119097386831
-0.005963296234386334,0.21011154976238078,-1.0219288281561483,0.4378667991846219,0.1148037506687538,0.3964374584421984,0.6366022196988514,0.2607994226985169,-0.6942551470273308,-0.24411089855178406,0.05544430845173467,-0.8465439407347167,-0.15249391914498855,0.6780483432332769,-0.2957315308222892,0.6612740378014587,-0.09522966045160691,0.6638790050099594,-0.6158742665650319,-0.43541496452822726,0.5082699160356643,-0.026833779954169298,-0.2877336008916831,0.8856472322064709,8.881784197001252e-16,0.07360102048024725,1.235642976938126,0.0004431389587034102
0.7395525168724282,0.19240649805958884,0.32477597950889114,-0.30666335068133027,-0.4200403852490227,0.3409840413193003,-0.4454315806188288,-0.2372716823833185,-0.48481990250862933,0.07446100399582176,0.8532726597898564,0.04027952069442737,-0.649066164906786,0.18787443768493395,-0.4150118625051638,0.8191790735406194,0.025789833348249063,0.34389018076007927,-0.4181883478884901,-0.26747417970461707,-0.3347963022851651,0.40384021516989793,-0.4302768578710623,-0.022239043804833762,8.881784197001252e-16,-0.06036438526671741,1.2370334193779984,0.0002222765571592964
0.509076177013424,-0.24600947213811486,0.5985897714088887,0.5723091627857725,0.03501597013631319,-0.4287736369920609,-0.644915254402352,0.45928692806027804,-0.5508365215301128,0.08269013458186118,0.6079559381347159,-0.03928478025877604,0.5214507966525965,-0.18234726419129982,0.36541991310161104,-0.6261735659629473,0.4884111302764587,-0.5605997426606922,0.38795849264646814,-0.5502986410895099,0.5964318245500418,-0.8056866093454041,-0.5692937168891619,0.04938218483959651,7.993605777301127e-15,-0.0447139894160046,1.2375632501127727,0.0001403539067224007
-0.2767374152607274,-0.3377412045455088,-0.1275201054482392,-0.28353002359990587,-0.5179395983561587,0.7212015122587844,0.4481625389623813,0.37000274393183685,-0.43469676870783114,0.28902754610060094,-0.5423621310907738,0.4767067296573715,0.03385859495763563,0.7144748266288719,-0.5315855464667184,-0.00006230090066377432,0.5747675813910909,-0.04282057100441457,-0.05405094179028578,0.2510689644061735,0.8727522686229532,-0.22842490909728919,-0.16360726974677953,-0.704511272822945,1.7763568394002505e-15,-0.14137566816837632,1.2389968656076895,0.00004167829279589129
0.55588379451054,-0.07584640259455305,0.12408775456873349,0.332785933014493,0.4368814535456956,0.2586282261786924,-0.024994230815553065,-0.7161769067325698,-0.31763946487437444,-0.1621385544990906,-0.5332859938118684,0.04093869292045599,-0.34066092431004136,-0.2176869183317142,0.547617416721555,-0.03318845594613153,-0.00020066728584761134,-0.6394036670913877,-0.19036114966718878,0.37631540162181226,-0.25203148226410793,-0.3405547220837153,0.7250676120691609,0.1277856232345198,8.881784197001252e-16,0.2460973077621282,1.2390793188700653,0.0001404976875957869
-0.3487784328218867,-0.3297768396881866,-0.0026431742903145344,-0.1923126780184721,-0.7240147876757581,0.7513059851250744,0.6553885908004737,0.30472812195342086,-0.6148010495665519,0.6418282770738246,-0.6143804873684211,0.3118569229138226,-0.21526503274968323,0.742806178118279,-0.7016747428421456,-0.03450346508392181,0.39991535860364347,0.19271882732711404,0.13984240594033345,0.07294465151008908,0.8926097760571373,-0.49040432667090866,0.10505015504587088,-0.8125610162078414,8.881784197001252e-16,-0.2263710098410027,1.2408189844727289,0.00026537670514458097
0.6537552539431032,0.15129727129715057,0.37065278298157817,-0.1111226444156805,-0.5942502303147117,0.5728602270349411,-0.7842022542593942,-0.11402678531486668,-0.43895106583608584,-0.4721207627537078,0.9165335790521857,0.06084151125595509,-0.9376657606335508,0.34980404096132295,-0.2261066019471873,0.7444748966494833,-0.01943236728338847,0.37122041145417045,-0.4721641261846393,-0.3281968591429593,0.03304558602743684,0.5540457274577606,-0.3009024724445473,0.1306947821721302,1.7763568394002505e-15,0.0799867084449894,1.242610294481896,0.0004872822329720086
-0.29953521955233764,0.04380044722475481,-1.0056662465941701,0.3458676271278418,0.06574546177342815,0.13025282517896042,0.31323695152046027,-0.03412492944025903,-0.8175365891907035,-0.3810007535918978,-0.0015519806479750574,-0.9084348322133003,-0.03325741754215078,0.6200647564670335,-0.27755398127845987,0.6155195153757927,-0.31605731904441386,0.4109316908246165,-0.5823391947601181,-0.4931289182501787,0.558041096402531,-0.13950712557783632,-0.35253578484848713,0.8134788999743101,1.7763568394002505e-15,0.16718311263954938,1.2431034636721727,0.0002650095171841681
-0.3109160108695711,-0.44472692364727556,0.12245588649115062,-0.2461239250660429,-0.7392320102192178,0.6857697861215744,0.6625928322969996,0.2898156427187285,-0.5218530884985536,0.5533989917459792,-0.6483313189080859,0.35418384488504223,-0.08846967547545878,0.720711431381452,-0.6502405656350864,-0.024423757453729635,0.4870801675323553,-0.04899786694449115,0.08899641657653186,0.0352380045283457,0.8774661823424208,-0.3889351305220308,0.07080795113981153,-0.8079972950167447,3.552713678800501e-15,-0.2020677997546164,1.2442195654457404,0.0009733096461671217
-0.16170637533011337,-0.0475007647855636,-0.9450476143943369,0.22323917707194246,0.12553557808184915,0.22579218591123082,0.11914514536643263,0.05668253492384148,-0.8313835803632659,-0.24196067597026416,-0.13924232534169625,-0.8582198977863021,-0.3747533864237831,0.5375339403678653,-0.2503257964470898,0.4570155142932984,-0.028093774667845316,0.426337687519736,-0.45621882511483264,-0.569081198041859,0.36350989949822393,0.024835493723361777,-0.2502418595559568,0.6607208279293104,1.7763568394002505e-15,0.030687570319480113,1.244883833602648,0.00039693633873262346
-0.25817419814357845,-0.37278157859623434,-0.12239646906351423,-0.22489098241317584,-0.610071985598364,0.5891101073910623,0.605880749333262,0.22866349196662414,-0.6253035933491974,0.42201028001849133,-0.553276170545005,0.371722669327836,0.03489442344247816,0.6378630025341919,-0.7559728633519444,0.07472875415395863,0.3714622158061505,0.2571337275691195,0.0969077395289557,0.21497716117749752,0.7271772408369498,-0.2733537883384678,-0.09876928705442518,-0.8775974144658933,1.7763568394002505e-15,-0.16158506770311168,1.2453645958110322,0.0009544877865835391
-0.3042973351893667,-0.4083239655260621,0.15780890478464793,-0.24421715992211632,-0.6722912238304133,0.6821554361769367,0.6417558351594518,0.32696374714683407,-0.5597815948181609,0.5717970299918641,-0.5904677567820911,0.31422546142740543,-0.1056213957893106,0.7898698172114371,-0.6424005372840472,-0.0602068828617645,0.542559689791129,-0.0839904968360719,0.03580461038013635,0.0541734627893287,0.8711758914230607,-0.3812500567395291,0.11250716187197263,-0.8164983572213255,3.552713678800501e-15,-0.20672182272945883,1.2466414241935573,0.0009045903541006696
-0.38206088232215335,-0.3761699202903458,-0.10929901243967853,-0.37258928254156104,-0.656345093877448,0.6577970798367312,0.7158550140356493,0.23523204935642084,-0.6804471332049908,0.35136563853595115,-0.7309113423633162,0.38945527911838157,0.21411473494970348,0.7274506558158091,-0.8099749727439313,0.23172736006352943,0.46608072078181273,0.05709184649596229,0.22144391761474308,0.15643851615929255,0.8388328174255808,-0.35530061735808627,-0.02471304820944689,-0.9763058963996356,1.0125233984581428e-13,-0.15208431183994495,1.2480902839980328,0.0008621858653934979
0.505714509887382,-0.24318490248979727,-0.03657138324263195,0.30172550029366385,0.250091627169787,0.18084231029056622,-0.01773105378631892,-0.8024885306029357,-0.4460560883113527,-0.3114749938767473,-0.5139777396574156,0.16203848885419533,-0.4220956883700418,-0.38521717336786554,0.4018977467608683,-0.012203629236153549,0.07847224490774869,-0.6808073127258616,-0.2719966587818605,0.3626184344034126,-0.1575735735781113,-0.41144274501921524,0.5149342549100656,0.16419102622613388,7.993605777301127e-15,0.24376281393878366,1.248301033830377,0.00023872559265248312
-0.10395181792899101,0.7350417265797232,-0.5985667433528946,0.24175561410497842,-0.6461057611116389,0.251405440518895,0.02173765171985544,0.22157024946520282,-0.8446163258655766,0.28874230627075703,-0.4812143030148005,0.6839136152548975,0.2869354494880284,-0.3190624166133289,0.6981337556377911,0.00811281618309292,0.967472056267435,0.08630259042543412,-0.2057513560684952,-0.018985270407335386,-0.4720489848355494,-0.5874735767040156,-0.4274976565858133,0.13979034769602694,1.7763568394002505e-15,-0.06528925130758867,1.2486646909858872,0.0004524736589304661
-0.3204429425746567,0.7154824472200151,-0.44486971890284177,0.39175796412201747,-0.65303818644737,0.5256548586923147,-0.058987188225792755,0.12063588140891175,-0.7960352783446225,0.39536489213354287,-0.6259656874323352,0.6159379415766579,0.38139333326589153,-0.40368670431105336,0.649631166178687,-0.06349228564861442,0.8670481346847689,0.09602006751881258,-0.2754338973701664,-0.040834841248014966,-0.4437232432694641,-0.6634641052626463,-0.5432515100975137,0.1958147852116723,1.7763568394002505e-15,-0.060991116312658245,1.2492167860826777,0.0003812967650732251
-0.2502729117520048,0.5321390827788234,-0.752426432088998,0.21729573209441785,-0.7914218133531195,0.35167198284519113,-0.12575840145980477,0.1261754153967201,-0.8902802403604104,0.28272491333278527,-0.5565755111715625,0.8222210738211616,0.29301317428994295,-0.44993426154972727,0.8335921158761611,0.08985482518887061,0.9248969594827662,0.062312620589566256,-0.2806570518862784,-0.053713930050643066,-0.553414094821963,-0.6890676500574577,-0.5490959213386514,0.325261429454955,1.7763568394002505e-15,-0.023425611404901677,1.249641898850076,0.0003167279741369849
-0.4424081784458619,-0.11261876744814506,-0.10422778122318822,-0.4785987273587758,-0.5021606618484413,0.6188187182158865,0.6882791043441168,0.07768778252209443,-0.5677712712080171,0.5013433796541273,-0.6355030810582126,0.21983009395344286,-0.03446118363488303,0.6709175825946916,-0.7376647510965262,-0.07597563517778781,0.31618412763633597,-0.027888053157036758,-0.10690900510761224,-0.086953117706202,0.7176958256838133,-0.39425337731172666,0.29051430040041887,-0.8262599494838705,1.7763568394002505e-15,-0.2869042508173243,1.2502614531708458,0.00004323888060355503
-0.17127595354678293,0.06981653155134598,-0.8519804001962135,0.3594425962185681,0.1288056613774995,0.39301720566230797,0.49296997117528746,0.10188079542206221,-0.5831258917535508,-0.24152314798644528,0.04789733424271297,-0.792969370309537,-0.08902803275638389,0.6729703407609235,-0.2840766765161561,0.5364475134277683,-0.08467434885725683,0.6684402794416707,-0.6311148102799081,-0.1889258315325779,0.6296800250392006,-0.030372785539998257,-0.06065977506950182,0.927614818513881,2.6645352591003757e-15,0.09130930872292599,1.2512229031880182,0.00020382606294278133
-0.052673909400475234,0.03503484856692321,-0.8761875920258163,0.2706737249688418,0.053946104992110305,0.24710680086534217,0.5236366322771994,0.0997476062439029,-0.5425386009098547,-0.20436619285859708,-0.037356858488123444,-0.7681585802613373,-0.0640217964941191,0.47173116982172186,-0.36671764672914553,0.44660065330995985,-0.11192753479056124,0.5098989176625656,-0.5732411533189538,-0.3352578140913339,0.3836761498373965,-0.15903541980932367,-0.20689204571060113,0.6763772705519965,2.6645352591003757e-15,0.12578081866217375,1.2520729994896584,0.0012953088064706724
-0.12115184276450694,0.8113406607139704,-0.6948239394970552,0.19931606152702772,-0.6013022184217138,0.39964248921540757,0.004482880638759009,0.3286364845081389,-0.9312960822133667,0.18569486766384108,-0.5112748712527538,0.659429120707015,0.16367459201811102,-0.20074485840514047,0.7103751473289748,-0.11561083983720412,1.0663068869516992,0.10199961501780089,-0.215763846880063,0.09214972655832707,-0.6176841521971365,-0.7098967851452147,-0.44304118464762915,0.024653756284523175,1.7763568394002505e-15,-0.011371653734964933,1.2532949893363616,0.0009805445256496727
0.6257766338585499,-0.10859507797038948,0.6392290457980873,0.6687284871173581,0.01022133316973499,-0.312810315352125,-0.46368502903746817,0.5996902575681471,-0.3745975302274289,0.24188039207763923,0.669681448420784,0.021072349796740802,0.6327963573351294,-0.08366476071356853,0.42056238100654664,-0.4372019483057713,0.6429153410740335,-0.3889354107290538,0.4298708864359017,-0.45403437830367754,0.6684091512018251,-0.6567472327762893,-0.38873701449622733,0.14512820777580998,6.217248937900877e-15,-0.05284389628305938,1.2546870045926652,0.00014787895164315436
0.6134964189510259,-0.35091335813367247,-0.1950542645516799,0.4266379766713586,0.5592930520288488,0.3636300525427284,-0.041121240881307246,-0.7142969835685619,-0.42491938314730177,-0.0967510156802413,-0.5186559456956739,-0.12363810894584563,-0.21885340089777222,0.12080159250896956,0.7536702477733265,-0.1456194874881654,-0.1863309114228941,-0.7027213941171442,-0.21747292189479642,0.1356739790870268,-0.3065074461342484,-0.32588725383180195,0.7132107616039279,0.4432139198156643,3.552713678800501e-15,-0.21853183956714214,1.255621698142554,0.0005901530819312164
0.4438358855783364,-0.2653296568566922,0.5940406248285587,0.6244491087793395,-0.01450390193605841,-0.26078619361592276,-0.38733386345954973,0.41894968889421547,-0.45868803269990566,0.20487892260411578,0.4871517959045368,0.024321556409867284,0.4771961381442268,-0.21847416242543755,0.41820044404159806,-0.3768334034240853,0.4365688904180062,-0.46047331166457073,0.3336048184258544,-0.4928928152645604,0.5790265609214389,-0.5781290195366716,-0.5141238407448996,-0.09418034789590356,1.509903313490213e-14,-0.02251022172661749,1.256258138246913,0.00007327738718730831
0.5974407430119408,-0.35414594401079347,-0.228578381679958,0.40116837602553457,0.5950641258922877,0.3459529621077079,-0.03515780309737616,-0.7288794136170537,-0.42858521108841235,-0.07813351712231274,-0.5514074372083404,-0.15882347466175387,-0.21140884112479297,0.13985158392857486,0.7516876263408889,-0.16256474900891082,-0.17335151410832447,-0.7451038629150917,-0.2244544330914117,0.1196287577607875,-0.39854820176618005,-0.34371457295968055,0.7594667834119309,0.39972318027238507,1.7763568394002505e-15,-0.20323923471796143,1.2574801486225384,0.0007630666438063296
-0.20973708907732785,0.14356780523205917,-0.8251560097661585,0.24244137126357232,0.18263267558254503,0.31041107330089823,0.3801715928485788,0.16408166563907073,-0.5558581349512736,-0.32778265122061123,0.07898058432743581,-0.7449723650811108,0.07556907791788386,0.6482245018057128,-0.31294103398635986,0.3327383099720448,-0.06452774321734123,0.6496790872421111,-0.6932182307949377,-0.2661937712082621,0.4191095104518199,-0.030834080347307852,-0.11371960348560017,0.7810833367573852,1.7763568394002505e-15,0.057079225548080315,1.2585908912677464,0.00033910222634302834
-0.5071290683013424,-0.13093823074717295,-0.01394852139598396,-0.5126634703178924,-0.5311314261076985,0.7328379711013001,0.7231152856040184,0.1850209509522867,-0.6675880937930186,0.5137885579778623,-0.6663672698321095,0.2633374939015086,-0.09107632367380847,0.8703294758924346,-0.8060251278520024,-0.10137283680510185,0.5321819117297208,-0.09768148095363952,-0.10326959141681712,0.027173261907954094,0.8646113112349684,-0.4745494185355056,0.35956322137234814,-0.9256083883291533,1.7763568394002505e-15,-0.2677081466539514,1.259599946186088,0.0001688731581917994
0.8671526634209874,0.19099348903174093,0.3737584267971709,0.0433638263516078,-0.3787713905199075,0.8181457165076692,-0.5518067469999095,-0.29117148505792645,-0.42357957596768514,-0.13234505769226906,0.8159016901120234,-0.2963609252172048,-0.6895343413111232,0.1500612556456878,-0.39003508077982657,0.9400005093179256,-0.08252704789720743,0.4902062450447976,-0.3775594140967679,-0.3062888056373238,-0.06380449558241977,0.7803123132989991,-0.3593124593546885,0.38438169377265785,1.7763568394002505e-15,0.007697013610159933,1.2601997662638305,0.000467976699153256
-0.04001763562135822,0.06571450557334074,-0.8279407753703031,0.34584739904780176,0.15188601134735863,0.38039657993294856,0.27234849777385856,0.08493927714927736,-0.6988765907087446,-0.06709896172528816,0.05212237456381843,-0.8077710128502403,-0.07588181571432896,0.7470413915318357,-0.1468386279109279,0.52429934132303,-0.07565520051123213,0.5861726607169995,-0.48946902669952547,-0.316275519246271,0.49574557477349784,0.03809489633221317,-0.10208825760513576,0.8227756495387897,4.440892098500626e-15,0.04565909447135792,1.2613677360153426,0.0005005100286346276
-0.18803823822656995,0.014342505327166221,-0.8218692550754082,0.29092878872503164,0.044559520241683075,0.37128091078362496,0.561387051308213,0.039088647456495,-0.4359903131558582,-0.21713551886803378,0.0004005541765051877,-0.7943881735038978,-0.14723056289846487,0.5291789975539232,-0.1640263553246167,0.5679934711456364,-0.2588058253529923,0.7137022409992798,-0.6478602128282294,-0.4845146517570938,0.7330267437234199,-0.297753933345153,-0.385362604295921,0.9793290423356564,5.329070518200751e-15,0.21357954265652426,1.2624660566528727,0.0002240572607509255
0.6067146686287154,-0.20622234903806827,0.07172648996109977,0.5378946439155398,0.4236591160546855,0.22666929058209845,0.039526224717041133,-0.7365248399729899,-0.08561105547843653,-0.05786766028287996,-0.41093877074414287,0.308564271980524,-0.15329250580615741,-0.023146755766750775,0.734617393648012,-0.08221086192085579,0.1605391068338913,-0.6194288434763676,-0.1620940815103812,0.4400697085651175,-0.29101827155487053,-0.26637008203508716,0.8329556712607252,0.2257647566888072,1.7763568394002505e-15,0.22918157183682872,1.263501566127801,0.0006339100601266975
0.5930443518494944,0.4087797588785182,0.21611945460651613,-0.13715581212830044,-0.11636901465557781,0.5079049164141842,-0.5858331470488057,-0.25360958245993603,-0.5992008764787121,-0.2435503117784827,0.7845097108776673,-0.7284462682453141,-0.6974202571243628,0.2989313803537945,-0.7196203985903372,0.6367441381983879,0.2585816271001075,0.34502872633508513,-0.4218695661159522,-0.11823654610136484,-0.18251201680732582,0.3355970065822252,-0.29715055983753713,0.22435408416901198,1.7763568394002505e-15,0.12216702039622454,1.2640979535505443,0.0007813551135144172
0.5410386428083417,-0.060105268501094135,0.5197618713798987,0.6020688399178941,0.040213083917145974,-0.38639357245229894,-0.7840521755042288,0.3807679723509928,-0.4415149739203051,-0.03362790690406052,0.6661153419917396,-0.05829393407314914,0.5502964758256342,-0.041895468904128166,0.3367200265768295,-0.7279123667952571,0.5987817275263656,-0.48064541310532727,0.31809500239017,-0.6495353679885483,0.49896393826144303,-0.7400158024614641,-0.6659788883270931,-0.08524862622551964,1.7763568394002505e-15,-0.08689053151847409,1.2644299480926413,0.00037273715425610425
-0.09336366103475201,0.06181337225177703,-0.9286252778090839,0.2596410878127793,0.13934852343289797,0.3999325904758702,0.34749141966407227,0.168373779655727,-0.6802111656501989,-0.32570996569713134,-0.13298348453444703,-0.7618318234671079,0.06030853144050014,0.6819152586454804,-0.2864997027874086,0.4501685775987749,-0.07819799110678033,0.7084082239577827,-0.5920722210618893,-0.5946075325837533,0.45632449744357956,-0.09119374902736041,-0.26402285425470134,0.8766261631038398,1.7763568394002505e-15,0.07042300859524207,1.2659583586533951,0.0016295348750725819
0.4161909697199134,0.07390106550488791,-0.1876467240645183,0.19174755881582523,-0.0006137639633014552,-0.7778329193944795,-0.3489413722274675,0.5107882993842311,0.11848742369241022,-0.24643742492859438,0.43457397152441013,-0.41832011404392566,0.06735436831317744,-0.08704912996081339,0.709855915251551,-0.21313235087446109,-0.21794461282358651,0.38742881393216855,-0.5365721075743074,-0.3251497705563374,-0.04699499960481796,0.5639883798658631,0.12355948923306331,0.21547095503580777,1.5187850976872141e-13,0.2509795974747134,1.2667366477573825,0.00012795120297062418
-0.12955051657455394,0.13138332965610913,-0.7576012034223737,0.2209801172193098,0.10432248493836727,0.29143754973822317,0.3068496253315408,0.11131051575887689,-0.5511418708096438,-0.15011275101887298,0.12440045043787186,-0.7414311941028806,-0.07838226565656606,0.6561719712234633,-0.13092439014109297,0.40847532610489024,-0.13009769429367524,0.5107118106679313,-0.5854923481894326,-0.19207776574054625,0.4957906308258026,-0.1990039038300805,-0.161492119750016,0.7248295917628985,4.440892098500626e-15,0.1287154636166859,1.2673304046023621,0.000379289572225117
-0.23056507420775066,0.8557704844465954,-0.4357820868166611,0.2644134565662634,-0.6559710542219436,0.44188096906441526,0.06689302870663434,0.2637585881377815,-0.7207305871144695,0.2729426427664825,-0.49003451713483387,0.8992042220879086,0.27084540620753617,-0.45923509785073297,0.9030774214552026,-0.046265262539146756,1.0508327951919079,0.2067110552180936,-0.1952219216157347,0.05439458563978978,-0.3601466133416162,-0.701308334124434,-0.3863799019260307,0.3277113989971412,1.7763568394002505e-14,-0.08974501066630672,1.2682686450604537,0.00026839652949316926
-0.359796504316505,-0.34800784714271626,0.1537663489799933,-0.3079343373589056,-0.5150799925288316,0.624155384501627,0.49518564474865806,0.31581847011137604,-0.5810202256823142,0.47884951969751877,-0.5169760504207264,0.23828899359066824,-0.04290188273493892,0.6841318337491323,-0.6459806308696071,-0.04448940143676258,0.4615921152167185,-0.16005618522924914,-0.03601794201840239,0.013431324346929865,0.7305058806306289,-0.4032597704150846,0.01922723351387883,-0.7775215697549686,1.7763568394002505e-15,-0.19592599163342816,1.2691527010290848,0.0006414954459438287
-0.19188955248094824,-0.03194619063746217,-0.7420373387455591,0.30166047784323335,-0.036077671195775214,0.35280394138252325,0.290912724202651,-0.04654846770785833,-0.5692508203034767,-0.262770574883222,-0.05419241695349727,-0.6740360933561044,-0.08118989360485544,0.5390721776185613,-0.11554000301157684,0.4801913972830616,-0.2987198241972215,0.573802530072637,-0.5719015406411578,-0.30136405560420393,0.6531272724328042,-0.11161514493499651,-0.24317759068608663,0.8752595881525441,8.881784197001252e-16,0.10117827844079133,1.2696465619690582,0.00041497843038885946
-0.2945075571666378,-0.17836353510462222,-0.06678720800656336,-0.1956375729522584,-0.37472534430118865,0.7720806977427196,0.5354360237768355,-0.004891148896300299,-0.5461498947901279,0.3813618496486584,-0.550107964464422,0.42710219779180225,-0.05611284133134327,0.5185792241375623,-0.6794242959306864,0.012167812924387891,0.445951742139215,-0.14804975516848892,0.13317012521113922,0.26016149822986734,0.74822730525754,-0.34643439821796884,-0.02195637880932842,-0.6571630022734194,1.7763568394002505e-15,-0.20756844458120408,1.2699339908294398,0.0008064291146472033
-0.06056914657265496,-0.04855014954617142,-0.9148668263414977,0.23064439251451813,0.06595225762603217,0.26441845172601613,0.22231469779104968,0.030402722173566467,-0.7803857906909045,-0.1331395096291367,-0.09926061004515843,-0.8638804364318818,-0.2624542844165582,0.5410055015916895,-0.31513854877120095,0.39630912876563806,-0.083910002618686,0.45703799433685327,-0.48539607702122295,-0.49314886616635206,0.29502888208117156,0.002149519932235063,-0.18824403081299312,0.6329619125575633,1.7763568394002505e-15,0.011168644716190073,1.2705049681175584,0.0008877620388075624
0.5876387009803336,-0.09351894734564241,0.5909607709022819,0.7304940820150753,-0.19775641720201448,-0.23252494271955593,-0.6016620388120539,0.13863577336106694,-0.5471066095025902,0.24338603154666133,0.5576997854444253,-0.10628364626286475,0.6105012153704391,-0.11198037405642974,0.44766532122195474,-0.44671389451781596,0.5268289738550878,-0.6739346592785539,0.19094478314896027,-0.722385663803175,0.6337965867567695,-0.7074288222140123,-0.6952448655273151,-0.11264911852982804,8.881784197001252e-16,-0.10701104912441656,1.2711389846383314,0.0001766230577311784
0.7236024079933513,0.11571702647005278,0.3836763988518801,-0.12999420111894866,-0.31926146232051755,0.7019949255747554,-0.6389163798712915,-0.20715733778671436,-0.5138712897370676,-0.46313383707075173,0.8488642664656002,-0.19977690544940727,-0.8745928233958818,0.29332573812691154,-0.35432229542717614,0.7395163774547165,0.07924529999088423,0.392209070943145,-0.4698323452807219,-0.2127314931138601,-0.10482883405979297,0.5180629547199836,-0.3459561976037052,0.18499433833336945,7.993605777301127e-15,0.09057177378012707,1.2725438802124105,0.00029701020019626246
0.42242613672151247,-0.15328749699351985,0.1568626508042824,0.18143512080728846,0.5001924347998457,0.24683374568263505,-0.10086281998242196,-0.7026715674188904,-0.36171295008218507,-0.22167928808043705,-0.5512541222131725,0.04539791331280909,-0.33178047566944197,-0.2539639078554967,0.5651993514653548,-0.1180356538230538,0.042990747780965295,-0.7263172597040369,-0.20039405115056683,0.34366954199336985,-0.43937821482186457,-0.3344666911325628,0.830484057600827,0.04113371453677188,1.7763568394002505e-15,0.21371649076728352,1.2737126701422112,0.00017630497348300003
-0.06820735649463085,-0.032944752843022236,-0.8598638414073315,0.3659893580328893,0.050593691450063046,0.390638364753708,0.27457964045067834,-0.007122525892648903,-0.7382876643614152,-0.19769673845284788,-0.08985235651539836,-0.756539812727276,-0.1376141702751761,0.6260065328351218,-0.2037654416457388,0.5507137728990782,-0.15718902149574862,0.6110820787462277,-0.5385331661355665,-0.3869401871042367,0.5474484658947999,0.09828978437415069,-0.23627669685820682,0.8309746643741549,3.552713678800501e-15,0.005899845658401545,1.2762522393693356,0.00024572125647111487
0.613673748079165,-0.10589832567860517,0.5720267130792365,0.6808261061086655,0.21064242619116197,-0.32289429572433087,-0.6774035992839377,0.3634825660631457,-0.4754876542121296,0.13269350459201013,0.6491162423190946,-0.009477215922045444,0.6334086118652642,-0.0065783119505241905,0.2839827498263319,-0.6300879986514972,0.5222755695889434,-0.5097788378223413,0.4444051407144409,-0.5146707449106046,0.57298636258342,-0.6586982723911794,-0.6322963940959867,-0.05899459718537267,2.6645352591003757e-15,-0.0699314834583887,1.277301562875822,0.00013694437920437356
-0.3511424006475611,-0.41381810971684835,0.04900256633994318,-0.3209145404617412,-0.5971973877850353,0.6231738792285992,0.5751216638567774,0.376609210871352,-0.6948501837026217,0.45064110319828116,-0.609628935691215,0.2643776469685325,-0.015024387061570962,0.8100695989888027,-0.7799819730536566,-0.047502733487211506,0.4700272100839272,0.04062334419871852,-0.07229102195870094,0.11860763855871438,0.7937987717338758,-0.32746781530735924,-0.024314588770791897,-0.977873713137981,9.592326932761353e-14,-0.17881396573382563,1.2778600484214124,0.0009190612079769992
-0.27249589626057974,-0.32362332276839884,-0.03783285856222423,-0.18536103733189918,-0.47424051742423484,0.6257646617050145,0.4846308974050699,0.30220861444070307,-0.6757148184769561,0.44556099436464286,-0.5662632163644165,0.2399353901338857,0.11578266796803335,0.6993702041453372,-0.6739147073151329,0.10228470642876843,0.41719246801289606,0.04300940469111693,0.09194291166988504,0.12857497815194005,0.729047071788608,-0.2960649415624273,-0.10219865913280417,-0.8069941802244183,8.881784197001252e-16,-0.15601971025194009,1.278239127150223,0.00020820641008264032
0.1634588327069153,-0.0014415594577069514,-0.8902072108914206,0.3306355204596586,-0.022813558291028536,0.4354750957027084,0.4033120827788166,0.00950107595850963,-0.7479383327781227,-0.10133412485933961,-0.07036259702055547,-0.7333836231334876,-0.18038464845965912,0.6180484173378795,-0.17888949436480037,0.48269976204971843,-0.19937735917306287,0.6495143526700509,-0.6504854162270708,-0.27120676540004335,0.5021264747280739,-0.1918173169953235,-0.21575338078225131,0.8259688474386171,1.7763568394002505e-15,-0.0001660713133163706,1.2792252527405026,0.0006269910791245702
-0.10161297294978666,0.17949577826541038,-0.7343311718023637,0.2521217366231668,0.14413971100107756,0.20888284778652785,0.46055636509745723,0.12898868466473723,-0.44617128368145376,-0.13930726609042532,0.16764023947359233,-0.7061890171815555,0.02414326940105462,0.5710436091144498,-0.26995016195680555,0.388596747188555,-0.09897411992573629,0.48046892271034547,-0.5232911972602062,-0.15529177179208828,0.40649526219443294,-0.15810033240447885,-0.07792838204770765,0.6559136286068254,3.552713678800501e-15,0.16652493758567657,1.2801542334757041,0.0001209024772508203
-0.3586263994106598,0.783684133984685,-0.7458825821703303,0.4597808186107027,-0.7158735115413157,0.3363508877215221,-0.2578665766490173,0.2922970941200057,-1.017074103602376,0.5529004106701664,-0.5986085467315685,0.6147898707905473,0.545183853427956,-0.2941235989005562,0.659196120476834,-0.015720652033273438,1.1087665583536666,0.07156210266755209,-0.36232059084736107,-0.03572536203425103,-0.5909741977559313,-0.5928002464117607,-0.6637186031055056,0.22035121824817624,2.6645352591003757e-15,-0.017597724120764647,1.281774498358827,0.00009895730352716359
-0.07880219999418171,0.19422117822522258,-0.8326953592025451,0.33453744423499787,0.016701225474781645,0.21336304800464265,0.46838885016371934,0.04545274758589475,-0.5809672183274217,-0.10275207276319766,0.1897605725588256,-0.8135752621910766,0.1528525391007916,0.6258604558689007,-0.21668697901286202,0.43637797122600025,-0.3136919399928437,0.4558363943214229,-0.5666691885788687,-0.11273980145861685,0.47810320418835606,-0.17226663579844737,-0.14741698088674576,0.7158382805959449,8.881784197001252e-15,0.15341173592131924,1.2822370009980635,0.00008101360329921803
-0.2769544251993267,-0.33047511804334045,-0.12325004609334395,-0.23359626119785082,-0.5915639757751788,0.7217620459889947,0.5112655190500601,0.3316360251045945,-0.4850771401182563,0.3656107776698482,-0.6256839869864165,0.43115576545831374,0.05120478154727904,0.7148093956894994,-0.5453521028515056,0.04131649197079978,0.5107304299447178,0.024357444803171063,0.018321920282925484,0.13828115784031758,0.8978804311001455,-0.2625262120329276,-0.09738875142132339,-0.7398760169460715,1.7763568394002505e-15,-0.15486806093832522,1.2830414196776838,0.0009212171748700272
0.4158315429235056,-0.13065234545287874,0.6165917140708631,0.3900069532688139,0.2704621761318677,-0.5847663494843879,-0.6074290205304334,0.40884714895976254,-0.5506254611556044,-0.15235274817855837,0.7604249800091331,-0.2714344430595161,0.29168211516653725,-0.08059643160285826,0.22566531145973878,-0.4991399368340083,0.6457164690967144,-0.5825964702166339,0.03924275514389921,-0.7733714130924925,0.42225931874062744,-0.42210976716579285,-0.8327522614462178,0.15074627535740126,1.7763568394002505e-15,0.1352876275615188,1.2841919686518433,0.0019880465800254897
-0.2935546080700752,-0.46922244683659936,0.15924661750346766,-0.2519066752608721,-0.7682411705659228,0.6316937917649768,0.744951420718095,0.27682999547507603,-0.5672186740221071,0.5297497930532845,-0.6783812932782356,0.3577613544036371,-0.1120217747458799,0.7382125580397814,-0.7427989971323986,-0.0156793219909191,0.43054137719472546,0.0932595313224218,0.11115922417638072,0.06000749217140651,0.8573446500666336,-0.3636126173925741,0.20673031883456613,-0.8849613602076649,1.7763568394002505e-15,-0.2205093049423835,1.285344355255685,0.0003972007316018816
0.6306982265666795,-0.35038225399222245,-0.17885687646489898,0.39296276843429734,0.5900396975297236,0.28297077553392147,-0.023343401261852473,-0.718348645131,-0.42781912778830566,-0.0822044637144178,-0.48077058481435236,-0.10073586206136854,-0.17991682011351504,0.17516426528539153,0.6733454441162805,-0.12857840751911892,-0.3040351655305216,-0.707970285186137,-0.1868722714600854,0.005909862426726654,-0.42135466077820866,-0.31708738149269167,0.744478175858666,0.28958342979390095,3.2862601528904634e-13,-0.22601049371781776,1.2861798240935218,0.00044775659062160826
-0.31681280827987945,-0.35632214206623763,-0.06822622436050575,-0.25220358947071375,-0.6473206980174044,0.6175131284778912,0.539919847115887,0.20580375349445776,-0.625818452412154,0.43795321522286973,-0.5919258758828858,0.35639410434847346,-0.034528523940733274,0.6456073179987921,-0.6859253893327992,0.03926053973892723,0.37876186906615583,0.07231179920744264,0.11553210985228766,0.09015577853121436,0.7684942347938799,-0.37278033293997775,-0.018506693010286554,-0.8209159851924184,8.881784197001252e-16,-0.1737311085382092,1.2872212862005372,0.0005299400654608205
-0.22307773383637663,0.006935190531127789,-0.8024629605433323,0.23506682987826166,0.1473695082173647,0.3466481744647694,0.18902826572687764,0.07942075856914313,-0.6458643636597662,-0.24184228512707745,-0.0022860769704669726,-0.7849690259605944,-0.179942223351504,0.6994037175788639,-0.16509815527889707,0.44260209793439226,-0.11610698943806604,0.5886911014708911,-0.5979096586983543,-0.2827498900365728,0.6194225412354024,-0.12288987312097623,-0.10769424480029073,0.8757382951394806,7.993605777301127e-15,0.08653409426756302,1.288274027620665,0.00012954548559749657
-0.31559240638565006,-0.4146602363481316,0.10971938221389403,-0.25255083764057495,-0.7016387250182872,0.6639693057555486,0.5788235270432613,0.40612298481404213,-0.560772713247013,0.5656191568622778,-0.5729742240277927,0.34655590913547124,-0.06855219574468958,0.8161267412668947,-0.5964442026692274,-0.021587831096729633,0.5129806263988844,-0.008857973381678635,0.058425782123867905,0.00013085188251056254,0.8848487408126025,-0.392174685090626,0.10068392556513481,-0.8206863893045908,1.7763568394002505e-15,-0.1873929180668443,1.2891713050667262,0.001010291191143026
-0.3385430187375975,-0.3505322086396471,0.03461748179213322,-0.3371359264179047,-0.5571091056214736,0.6247206061444488,0.6183265093139351,0.10565033324290206,-0.5543664114430821,0.37067726577849897,-0.6104277525496018,0.38059704364885355,0.017784365317752054,0.5226076331148173,-0.75634521350108,0.03169636942693028,0.3849064104579975,-0.1478139216129957,0.06528799967764465,0.10569970851290995,0.7143781743043619,-0.3184931329087097,-0.018864118903384686,-0.8292267790134521,1.7763568394002505e-15,-0.2014341429459514,1.2910091562733146,0.0003360795511351014
0.5057690990633247,-0.22143636444279274,0.6538398501241002,0.7501547139004621,0.04956462432803711,-0.16969689267365368,-0.35459021367507926,0.4537404641029131,-0.4413296250340836,0.26179872623005584,0.5103060683880574,0.0027677386782172173,0.569706954971019,-0.15015969566019483,0.43321047079369573,-0.3444433873558446,0.46979362651563805,-0.4444411669307573,0.4015764997749348,-0.4260389133553096,0.6523697288128931,-0.5727880999095613,-0.44647250491441676,-0.0233605885679448,7.993605777301127e-15,-0.029034019511778537,1.2920913127698572,0.00006457514464004885
-0.000442689263313786,0.07176867581255092,-0.9301211532887046,0.3367163804143429,0.11622041328690466,0.3514402877690192,0.370274818454746,0.1866444588238691,-0.7531205191345662,-0.15921865103953184,-0.02333858147910053,-0.8170013725058495,-0.22784577176390355,0.6300789223427299,-0.3171002064489523,0.5117557300905121,-0.027752515991862497,0.5497336619094125,-0.5057683741659649,-0.3576547389956358,0.43369453037818834,0.021961282900012587,-0.10954006187111817,0.7572257032196701,2.6645352591003757e-15,0.006566882715631056,1.293542357342644,0.0007678913032526235
-0.22553427565142983,-0.01731972140394098,-0.8387596600843807,0.14964930126730053,-0.007640060307415286,0.3224687386472289,0.32777697212199314,0.019327618919700494,-0.5727934040474371,-0.3346361590464168,-0.04854497565734934,-0.7688515801312599,-0.032114525716020755,0.5147280862625896,-0.3371061648966266,0.2831244195107583,-0.20452149396380198,0.5952142247017865,-0.7483853565873849,-0.2602423276734487,0.4486347482879805,-0.16578916566082255,-0.23274950610136072,0.7415848056479405,1.7763568394002505e-15,0.07210529624897437,1.2943852810660086,0.00021764451549618734
-0.4481841466580962,-0.2998586643963625,-0.11572386455163536,-0.3298652059884823,-0.6713324799852054,0.7480156787496709,0.5586346075409406,0.1637407376200889,-0.6643712925395526,0.5101646058154462,-0.7508997644773817,0.27308176499024006,-0.0707372442318853,0.6443507273038634,-0.7117268909850368,-0.03987213663991684,0.43996004345061884,-0.2452274150897604,0.044651802046765415,-0.10095481667445058,0.8443418465257095,-0.5116886317845875,0.019504339331231618,-0.8112856788161626,1.7763568394002505e-15,-0.21607098649674658,1.2956979005871985,0.0008965597172041549
-0.08482548394055078,0.7061492535982391,-0.5931746538534699,0.2291044993975585,-0.6190397446348307,0.45702112510202675,0.06378351444297302,0.2113919169156892,-0.8073230148975578,0.23315575275817432,-0.5123174639137423,0.7097595343707476,0.21287593992025425,-0.28197296564991325,0.7438565671841597,-0.02023459959692102,0.9576298644805638,0.0762961285142165,-0.16130769898344735,0.04837229386812334,-0.48749716178110186,-0.6502292828593478,-0.39673349190976415,0.19956692941604368,2.6645352591003757e-15,-0.019878806188157436,1.296943571261619,0.0002022510901420283
-0.07437956186124525,0.36424288101728997,-0.7495355948059688,0.32966666020082275,0.028574346706992822,0.5053947182944408,0.23001493102555146,0.2753568842237418,-0.6455518917384494,-0.27672233713723293,0.2581393329563901,-0.6209547265745472,-0.0204437474997428,0.8321402458649677,0.11278180429041365,0.4872474789573288,-0.31079373227460905,0.6745776902082101,-0.6623757874833297,-0.3387734967358376,0.6369455848492828,-0.15855913760962181,-0.30354574869819123,0.9652530598408173,1.7763568394002505e-15,0.054058085001565295,1.297737784597859,0.0007686648872925088
-0.21992711206758236,0.04588217338761605,-0.84845837150784,0.1872753679904097,0.13335358410072504,0.18532349003323595,0.3922732619314171,0.10417292220669847,-0.5468800771022061,-0.2374968550580603,0.03423062994643656,-0.830226898418834,-0.19050159339218606,0.545339507881027,-0.2622669214463843,0.46372184094490615,-0.14285104899506398,0.4974128172919779,-0.5744593654204908,-0.37362687569497266,0.5695940044155893,-0.3346489331440705,-0.26547850324005107,0.7516266096180764,3.552713678800501e-15,0.2293815571171501,1.2984107465017387,0.000247941645796836
0.30117424602247456,0.1176022988168301,0.12380787629789297,0.0436189460978458,-0.1097576906114969,0.28606751907596717,-0.17912513054317458,-0.11252737137079075,-0.1663436736050785,-0.06019050243285456,0.30028242051345494,-0.12297035270579866,-0.22725355589400384,0.07687985381226234,-0.16520290001991172,0.3445578845278964,-0.027017243308995405,0.1796155014147785,-0.12206582687316479,-0.09172965157012414,-0.04851793027768863,0.29758119528508764,-0.11776512233376768,0.14376791857704063,5.3290705182007514e-14,2.810373220040968e-16,1.300000000000008,0.0018142814813948609
-0.1253735174348985,0.02339364193276365,-0.9378458994613439,0.22998930592155223,0.055964406521132,0.2765490964946924,0.1031620035431223,0.07349146196934675,-0.8416085871910945,-0.3399880741196548,-0.12882029274056117,-0.7687662611638094,-0.2551072236858175,0.596955777905952,-0.2868656778681004,0.40659749079816165,-0.13832308548857067,0.4844115804817936,-0.5851366039202645,-0.475372791028625,0.3887752683942028,-0.0581532517137518,-0.2577733274417006,0.6913799939702726,1.7763568394002505e-15,-0.007364016905473659,1.3010771575957158,0.00021214425982439008
-0.31122163066541514,0.5782239693447936,-0.5221025044347745,0.5459013004062874,-0.543629111158707,0.33766760223756714,-0.025911697692927674,0.31485394645810005,-0.7004289310577768,0.41879291968217675,-0.47679575034738075,0.7639251077326604,0.40403354214748466,-0.42402519172682773,0.7826107454513529,-0.1511430739939845,0.8594783971150292,0.24835814392073904,-0.11584513984758492,0.010820597303345217,-0.42219804350421647,-0.3296731475829448,-0.6901099804822355,0.21419743115160964,8.881784197001252e-15,-0.048443668432107165,1.3021900131936182,0.00011948468233208566
-0.12319460061650711,0.22747424453921844,-0.9180053719713054,0.37838158857596066,0.157671538223439,0.39958123890245584,0.42415225531391393,0.21264011640686845,-0.7239208478135413,-0.22412762158185476,0.18094799416303373,-0.83026110329172,-0.18465982251725543,0.7982702954901923,-0.15773345519567233,0.6733178977361794,-0.12126834542185182,0.6318202548322339,-0.5334589067329158,-0.3480898708087534,0.6984727684681392,-0.07184600016515055,-0.21107880221386333,0.9654219242843746,1.7763568394002505e-15,0.11362243416779723,1.30296495550669,0.00030181326373576864
-0.32437133247451216,-0.41083018959314943,0.11318466065187265,-0.30396756351824533,-0.7068635442695905,0.666641280463873,0.7098467235148895,0.24526406283604613,-0.500413229271944,0.4792932048316445,-0.6221259472632067,0.44091810060094444,-0.10199976882531393,0.629438284662152,-0.7559821954377475,-0.03900951385396281,0.4044754992768426,0.04011408659257857,0.05860034656931146,0.08321559484147074,0.8369991517672483,-0.3458432545397007,0.13099433864144935,-0.8620334139695662,1.7763568394002505e-15,-0.22764266248452297,1.3032348121861703,0.000043660111617060835
0.04020843627378547,0.09810414379963489,-0.9094475044249042,0.3707080619441741,0.028539723465475654,0.42896633729889355,0.2924782964904779,0.040633548392568414,-0.799210593238562,-0.15180088267347272,0.048200745674768536,-0.774892697454658,0.06677600776323589,0.7808207886841043,-0.11593357991175142,0.5582124576021983,-0.29479486982945236,0.643713395652853,-0.6114682990629533,-0.2443764892669702,0.6416859711329458,-0.17077679406598575,-0.18910946800392603,0.9316984488604523,3.552713678800501e-15,0.06471601678056327,1.3038821981678579,0.0009181844932332758
-0.2870165301340925,-0.3256821641963466,0.07412438496316853,-0.2085223293163256,-0.7011149703258106,0.5938000310519111,0.5162843364121737,0.18147031892964854,-0.4293263997064107,0.444946927850785,-0.6422886005826818,0.2573959320999906,-0.20437055760249087,0.6048127115488366,-0.439332796472245,-0.13784107475129856,0.3819165989813805,-0.026730506689341894,0.008621108107752042,-0.132922273465803,0.7937789558964928,-0.3756835202862237,0.17696161689918785,-0.5882856846580862,1.7763568394002505e-15,-0.24032613779226128,1.3053400976439877,0.0004108551606714407
-0.18892874594026762,0.03780599362215675,-0.734188509275502,0.32389066482827755,0.006213422589228796,0.3549073990913613,0.19703592506075393,0.024115059544119192,-0.6371176299427644,-0.23131698658499825,0.017825863719170363,-0.6909326354721962,-0.19931002216589644,0.5876407375307074,-0.049512454733564484,0.5594542918930163,-0.23637439763522197,0.5276052287404797,-0.4495399497438162,-0.3740157460303913,0.6706026716882587,-0.010920631770897268,-0.2658773124013831,0.8637598199899954,3.552713678800501e-15,0.08275554015817732,1.3060321834310986,0.000776584498286486
-0.17308197735146422,-0.018105487997666935,-0.947988480671754,0.2084683460553136,0.08796724033403486,0.2408529643421129,0.08222660445096673,0.06358049377457675,-0.8534677380932867,-0.2815398178209359,-0.11251641522883105,-0.8529440257827865,-0.38745094751850334,0.543478670688157,-0.30938290441657534,0.4174454433736081,-0.054058749734000225,0.4252849275088354,-0.4488120283614925,-0.5505594373157515,0.35385530779337815,0.002946565547589923,-0.20215256800688114,0.6517069482288608,1.7763568394002505e-15,0.012598236334983142,1.3069812996106436,0.0004953939938555081
-0.11518976758869938,-0.07978473201966696,-0.901058677020662,0.49397047733525196,-0.028969737552853488,0.3744109589223944,0.395806043690382,-0.17214747157129787,-0.7696280207977149,-0.14373221697123095,-0.08370735459947105,-0.8777818203416673,0.0382201724328671,0.6112211719549039,-0.36017188210631085,0.6640764366806436,-0.25108925999957715,0.6233400373021138,-0.4779092142215994,-0.2814965616929053,0.6301761493921193,0.25488514555823355,-0.18307397204971151,0.8727803828536661,5.329070518200751e-15,0.033775871799101444,1.3078546251909207,0.00004793802685995112
-0.2673424701388298,-0.31989822217604713,-0.0959016952254726,-0.2272443625590891,-0.5397698033064561,0.7671973678212811,0.5015050486234975,0.31905925152258285,-0.48620354735403,0.32524104631585116,-0.6427311765413027,0.4531082830862366,0.09654092449680797,0.7185212172788384,-0.525867218458451,0.0725928071554358,0.5266663572987722,0.020381970025456837,0.028981861067944426,0.15579207111416035,0.9258381529140214,-0.2381593434832472,-0.10910994243883601,-0.7137436152354274,1.7763568394002505e-15,-0.15547139061181392,1.3085921725923901,0.00032487635488435865
-0.22758894576827537,0.03940180235462278,-0.8746699532064279,0.2845997031515016,0.10149920107308294,0.3351038041614886,0.4428005136281373,0.06319739165883127,-0.6013555280345603,-0.3662953007791158,-0.03507990333836163,-0.7569417151585146,-0.06868791230851391,0.5777215686695044,-0.3179935368812494,0.48987596905859376,-0.1657827608645808,0.7077790897493189,-0.663491167029963,-0.41560603769543425,0.6392903916592698,-0.10885838470606111,-0.25085066817014806,0.9366677798963663,1.7763568394002505e-15,0.11653558112044123,1.3093995071476412,0.0004672683077768756
-0.08601455672488659,0.6693991724493836,-0.6052876905537313,0.23303388830057728,-0.6097588494845692,0.46372296058559337,0.033881864314737276,0.2139430607134375,-0.7988959898917272,0.2207557203379291,-0.5100083318932127,0.7003521335707261,0.2177204924239613,-0.3102623817170935,0.7301735916776412,-0.003940112949809763,0.9348247858734787,0.07493208690784645,-0.1370449397476903,0.03968911314245628,-0.4951008746979735,-0.6496085976364442,-0.3766843347235942,0.2156308446883239,1.7763568394002505e-15,-0.009083232010774217,1.3120056217805,0.0008594650092292816
-0.12745716675112703,0.1414088559229914,-0.9676734523826854,0.24287090642472065,0.23374372478706745,0.2862919321191672,0.21579495411915098,0.11635748252740737,-0.8213365016843668,-0.2455447225631457,0.09629800388209114,-0.8726367305559766,-0.146790761915162,0.833497136612541,-0.2623227457732426,0.4737710989580125,-0.06639676436279437,0.5590875043289935,-0.6512547387991131,-0.2048941769712351,0.573723269499006,-0.2561578193122221,-0.05561791379199308,0.8412379307120401,1.7763568394002505e-15,0.10146486476303604,1.313328340283926,0.0009741190469371691
0.6248776116690485,-0.07933216558836637,0.2209283250821541,0.3901835431251315,0.453460472665652,0.31614786967620695,-0.09507421228335562,-0.8363885614123799,-0.2826984599322176,-0.24889916530873968,-0.597713395525882,0.21408436935764835,-0.36977761854510466,-0.32468568423837574,0.6708669944835777,-0.05985399023327398,-0.06575082184605645,-0.6190571206782542,-0.18124077338814673,0.367546839857814,-0.2193948632323028,-0.295605846238068,0.7960527076602895,0.18818228515557103,1.7763568394002505e-15,0.2656104583647852,1.3140469203820484,0.00016222015410856963
-0.17041490664635325,-0.03234317705662051,-0.7480336192367911,0.28107150699677225,-0.02429485565721186,0.36460587941297234,0.2590088012349195,-0.09409278977402608,-0.6049524908138325,-0.2762220830111762,-0.05819669381453602,-0.65348945114409,-0.10162065651004487,0.5388118142488969,-0.16774970244622972,0.491141049738107,-0.25777518701133667,0.5933096792776558,-0.5423794724787169,-0.29496693398188945,0.6799756844045314,-0.11981496945898462,-0.20924809812350922,0.885769067409843,1.7763568394002505e-15,0.10549101227141212,1.3148625338811697,0.001353174232328886
-0.012317971821796047,0.18910942552735643,-1.0197305549373026,0.4371504151396379,0.08967341814595581,0.2896172936034245,0.6076107307278708,0.21619834069307287,-0.744127153025765,-0.2223506484610456,0.06880357045761043,-0.8484479498986717,-0.13398472520813262,0.6314780915500348,-0.3332409196610988,0.7082064938933756,-0.1554363415346531,0.5838347514008579,-0.5127895668073175,-0.43611279165296674,0.5752592552979453,-0.06490490361913252,-0.33968539810986736,0.833212662139286,1.7763568394002505e-15,0.12154808525423126,1.3154523790617876,0.0009747852020772581
-0.24339130101618905,0.02678142333752209,-0.7813314293596088,0.202634094540495,-0.05135775506962027,0.30599961482507676,0.27570279987851337,0.04079607248555349,-0.5862427109857146,-0.3859727745544488,-0.06447997489874642,-0.6842345860477962,-0.08054522328708363,0.4578041063002379,-0.2877655527342491,0.33330210858095805,-0.2683845418727339,0.5644083767424481,-0.6187521075402229,-0.48961770493692475,0.4230126873637225,-0.04188691990007503,-0.3304395363455337,0.7217239409921966,1.7763568394002505e-15,0.050177657293098636,1.3159372055661056,0.0006776730253524019
-0.33015613539086447,-0.3773666253693933,0.02216468604174351,-0.25915724192109413,-0.6928925272518542,0.6759227029444255,0.6309865784107318,0.3217168342409583,-0.5705289025751169,0.5274569847323548,-0.5996842043694711,0.39652379465305354,-0.07175048074295104,0.6584405839872405,-0.7337381286975401,-0.01624441406082277,0.35437651454981467,0.13307082805544845,0.05923786033897361,0.04559681177450515,0.8368001386877731,-0.39906964024763386,0.06250809840388294,-0.8532621142899791,1.7763568394002505e-15,-0.2044777916526484,1.3165039252413988,0.0004237064461214764
-0.20451649324331164,0.042863214650407565,-0.8379598909687213,0.2626070539399916,0.15411904771285068,0.22801320681688858,0.33873638457848476,0.14498722755791302,-0.6461928335904298,-0.28607682870348317,-0.04450277769814195,-0.7424127435651262,-0.12447081365155399,0.5761358226750432,-0.26274391147969983,0.5918604251831445,-0.07943781001355354,0.4973612291857489,-0.3893298909205555,-0.4858269789336143,0.5808164949858804,-0.04931869649962059,-0.2921647779306841,0.7905190132040463,1.7763568394002505e-15,0.16718229154321732,1.3169937006641455,0.000315758980083215
-0.04615372850121281,0.1806026279244692,-0.9680378041034196,0.4191801988686112,0.06639668687721378,0.30551387718462614,0.6026081380341888,0.21991050377690802,-0.6762386768423427,-0.17204992832799862,0.10518735094325113,-0.8622638548775406,-0.11789676853150444,0.6454882537823052,-0.2771365962598744,0.7036548088922245,-0.20270709106333237,0.5762668445460348,-0.493546358065913,-0.4235303930316994,0.6231460064946943,-0.11452625917456856,-0.31815642493905005,0.8650176978594325,3.552713678800501e-15,0.15511247798764038,1.319395529630588,0.0004953200773509873
0.5785579795656585,0.36295893472455865,0.3300556309993154,-0.17581783000171716,-0.4960935856796435,0.2042088377539491,-0.5109579397801578,-0.2507579546354339,-0.4455964831341849,-0.09820370950144666,0.8650409010640304,0.051977017300824005,-0.6564565472404206,0.053019888018961785,-0.43711505867826317,0.6486429798636821,0.2698404265238506,0.35214088955764955,-0.3667331666237969,-0.35371753338875367,-0.17027147860522604,0.19524211514669268,-0.4323101675230282,-0.10363910294516651,4.4231285301066237e-13,-0.0897394004129291,1.321007766712757,0.0002521206004479162
-0.20925479117493848,0.0461772035840504,-0.8882233863793317,0.2991961074475799,0.09739201011813187,0.3820607588015805,0.2970990474793551,0.09023421051471849,-0.7024008302004145,-0.2357818166947139,0.03288332033774437,-0.8661282800554392,-0.1324044645041696,0.7282611411047774,-0.19904979058184913,0.5241194217779834,-0.20843195066274797,0.6670468278231735,-0.6164786103634208,-0.4049011852617174,0.6503797161758534,-0.048489180121898665,-0.2389813989639077,0.9428722367298309,6.998845947236987e-13,0.08551980310178395,1.3213984395445506,0.000505154773689203
-0.05905089998011057,0.05670898480479754,-0.8101726027148695,0.24979403613228218,0.12313044893069267,0.16459116844716828,0.3982746709319561,0.08180593114887325,-0.5589581396508811,-0.1089519994280673,0.03371568731023994,-0.7676546295793947,-0.0016475261359473674,0.554511604832564,-0.23164720977672312,0.4453046245485449,-0.17018584707366166,0.4735178915609241,-0.5172895219040018,-0.2957597876887364,0.4589890423176443,-0.24016579532261462,-0.24732110160787593,0.6464449529730041,4.440892098500626e-15,0.18648347511721283,1.3222853666282133,0.00048604877097350573
-0.15625307079318926,0.2347177562692717,-0.8368973529083893,0.16256102881445872,0.12458457980500014,0.3529498239427329,0.37892503655845017,0.28833185767979486,-0.5420479307290579,-0.3275972686859622,0.10246800286473548,-0.7036989536779177,-0.0031010089041714987,0.7056434313304207,-0.1516248363049526,0.5234849576326074,-0.15933361231540016,0.5818363050073083,-0.5957762374271245,-0.39876033761285545,0.6458253554341704,-0.37644705304852916,-0.34364902842328493,0.8088932819304459,1.7763568394002505e-15,0.21649508277761115,1.3228444073395906,0.00018121217158744465
-0.08182946695117777,0.029015475317210583,-0.8105407485197597,0.26065339899650414,0.10913238879105426,0.3748103213668562,0.2793895962528959,0.09351963570797443,-0.6523019977971993,-0.11785941230542937,0.011453017990659805,-0.7852383955797159,-0.04734429259545088,0.6934652845846268,-0.2214179178295774,0.46225292525489153,-0.11700936246508985,0.5879790448524052,-0.5167399378059706,-0.2968752579487055,0.5285615439103332,-0.04871280216388438,-0.11608349645904957,0.8098824878139199,8.881784197001252e-15,0.07320821196399062,1.3253349101118201,0.00044189043661646093
-0.29359143978321667,-0.46492883600704354,0.2569273927524779,-0.27229199031048057,-0.7011448929457766,0.6546858701398635,0.6466635522049708,0.25161922147966975,-0.5386484308639792,0.5311624276992489,-0.6018723767019756,0.396763398749627,-0.09570958854003912,0.7219423816103043,-0.6198160274920848,-0.05560014408222472,0.3787924868735003,0.09943830237325327,0.0009086691050621412,-0.026480956510463862,0.8682532138535201,-0.3314505550433822,0.16786559288387842,-0.7939673498185865,8.881784197001252e-16,-0.22194013408536453,1.326870270968004,0.00016973916528010823
-0.17712032083100704,0.03497472360968656,-0.873960584743122,0.25548978786724924,-0.007548211053674338,0.2530170823411732,0.16681793093322161,0.048060850433095936,-0.7630047979486055,-0.30328867736135967,-0.01836072739278393,-0.7562774771081608,-0.26114277949477555,0.5795115136371856,-0.20202797739333003,0.47605480921384685,-0.21261705018928106,0.4450841583182431,-0.5557421194762271,-0.29731960464653,0.5646713571253249,-0.1360767992493617,-0.25222891047491747,0.738813791398278,1.7763568394002505e-15,0.06137742871079274,1.3277330555036342,0.00044015726573944677
-0.32088801013260065,-0.41173460658003636,0.2759163148451793,-0.24828054207742967,-0.5441556117127082,0.7913622735563848,0.5126880382059213,0.24139440584748617,-0.6827602032965787,0.4907980761374446,-0.6927450436480588,0.2705827992409618,-0.0008319983024081062,0.7348557169362349,-0.6558118299070004,-0.009023041792073373,0.44045759787013095,-0.04056363367156695,-0.021994252151147097,-0.02813118277904733,0.8901472443562344,-0.37655221256793187,-0.05385011841549136,-0.8033532002439682,4.973799150320701e-14,-0.20174229131599297,1.3291445652467822,0.0006013436946393491
-0.2405639956452099,0.027468856624138525,-0.8193330275287218,0.30448928009602066,0.12091890946957284,0.2616873771036863,0.44585189612785137,0.08043430815798067,-0.543994188207049,-0.365444164211721,-0.051643061895778136,-0.6896313429841076,0.07750422675394494,0.5409855316246183,-0.2794496473080901,0.5274566986998522,-0.20451991638050443,0.6849184671729651,-0.6043636551031355,-0.41709928189995377,0.6914456305558049,-0.1202513481327173,-0.31688733682207637,0.9244862885693658,1.7763568394002505e-15,0.16318918877297697,1.3296256357007312,0.0006305726995247593
0.05346605260509416,0.08971641659409497,-0.946264643425768,0.35874089270563864,0.17157210398132394,0.408301395819479,0.44970297245554025,0.049952367366129305,-0.7462193433715615,-0.09042259023964264,0.0546899489229685,-0.861316120875295,0.03188462042974719,0.7951987705615668,-0.33595361588261824,0.4984503729120543,-0.07209113549555515,0.7064205502098263,-0.6316931171654432,-0.15186660255975287,0.5506863874573976,-0.09897959634545068,0.00696115798008138,0.9029794588470327,2.6645352591003757e-15,0.05326303328508003,1.3314257288198963,0.0009531769986949757
-0.19489619259206467,-0.020553007122970684,-0.7511236347173916,0.2054723466254922,0.0816177134175707,0.32583951391757787,0.3191870171719913,0.05922656879331766,-0.5411647341968441,-0.2907972644875467,-0.08267230460327443,-0.6714849579968464,-0.07603749886186359,0.5162391763675412,-0.2666015839717185,0.41675787941431325,-0.13383143706045117,0.6172160571859658,-0.5451310026247744,-0.40158423838136675,0.5675353964607195,-0.08488864644469794,-0.2201420948068713,0.8172465576692216,2.6645352591003757e-15,0.10932858647993901,1.3318686955841892,0.0006469843119287606
-0.11909321537998685,0.6419162885012304,-0.8203247977621095,0.2554522701754442,-0.6298473333217651,0.26271164038723743,-0.024028897504346027,0.23817939465898771,-0.9651570650588398,0.24806936485749898,-0.4469638055068425,0.6352932052904569,0.2870024187649839,-0.22880670277033652,0.6614366788777456,0.2368153323768842,0.9614481064272928,-0.13737714352162636,-0.17816878908154313,0.054236595302060576,-0.6227918209489373,-0.5448069251909401,-0.4157709508020477,0.18740012240369647,1.7763568394002505e-15,-0.024773232947802253,1.3327669819866848,0.00019501105215754256
-0.323935481531954,0.022020906905941977,-0.8391136219665859,0.29037601858115064,0.05247597443067883,0.3616793512122608,0.3187542108420483,0.06032235561235428,-0.6721486336767042,-0.39076872877359525,-0.02158311593039638,-0.774041787218783,-0.30489059475234065,0.5609945276951401,-0.26000938489715825,0.5577135243330912,-0.17203855953202685,0.6451016165023173,-0.5462489390897798,-0.49321132209321883,0.703997634445616,0.01138209037540848,-0.2706744734269878,0.9445004995788845,3.552713678800501e-15,0.10041419223573443,1.3336871949942566,0.000387945317414543
-0.20939837947493026,-0.1781859129255821,-0.2519670626231978,-0.23685612857997956,-0.5133397963315499,0.6506448700411439,0.6041354607740623,0.16500178432725662,-0.5333049200763692,0.3170075313522896,-0.6608260880896031,0.3503289646183746,0.1227065434839962,0.698385016549762,-0.5758965999768445,0.05702173593130361,0.45062921042625514,0.04755365911082224,-0.015492105215799058,0.10537920889393207,0.821491013789607,-0.15264072923475971,0.028609491690850728,-0.7615720640887831,1.7763568394002505e-15,-0.1900780006678236,1.3348715587326287,0.00017239068024116176
-0.3161172070020154,0.007559142185840566,-0.8471873939077375,0.30573495648852134,0.07859430597662262,0.3392605593729864,0.3263036927674569,0.05363745496891385,-0.6829698388491557,-0.41837925414915755,-0.06375612530588258,-0.7393533010836426,-0.2609000446266303,0.5558194028496066,-0.2793477873957772,0.5880478288975114,-0.14753226513978998,0.6421808992816184,-0.5237880586263797,-0.485615603947565,0.7327393658799313,0.007117549638736449,-0.2615176549983943,0.9591073742515686,1.7763568394002505e-15,0.11075694791595983,1.3358868689832755,0.0008435172491982431
-0.18567980421713473,0.25481888186138807,-0.7706016618830412,0.2517032854404597,0.09423905160772017,0.24244248269555066,0.32778660194710496,0.19160328098103283,-0.564982593976692,-0.3448259541326173,0.14735035940812366,-0.6144972064325904,-0.007915234458265738,0.6201638835842677,-0.10328836483753748,0.501866507350002,-0.27943874147868464,0.47664701926942904,-0.5503296382276596,-0.3570776837042835,0.6372215235395591,-0.34167204828890696,-0.33915550701258085,0.765849327807917,2.6645352591003757e-15,0.21505472612096482,1.336950066107168,0.0006560190382731624
-0.07045759721242374,0.1572996596744938,-0.860069969219177,0.2279119663265507,0.03667124493591779,0.3091932737494083,0.3857778446984293,0.11848837199791655,-0.6368180883223751,-0.18289826299067333,0.11217459849308223,-0.774524269793092,-0.08454833119232141,0.6665075124025516,-0.16366173647067472,0.5092816683248406,-0.25303643087316735,0.5366962726425797,-0.5902319746761666,-0.26688424668007327,0.643654057741135,-0.3723909170016836,-0.2521800096015363,0.7878720480739818,2.6645352591003757e-15,0.18336872498220752,1.3380299127090787,0.000674905186675736
-0.05932258819413692,0.1418830137200715,-0.8010497863306222,0.27690687918717766,0.13670595247362988,0.33114537380303694,0.2720778330507771,0.11338619092958313,-0.6581415741521609,-0.1382997942155313,0.10381182906922973,-0.7297265214253162,-0.13054145168983397,0.7100977185629168,-0.05025856629416845,0.5295754906560469,-0.21200389011251677,0.5737427722242521,-0.5366173746769262,-0.2540550733748381,0.7126004297320768,-0.3271989797195964,-0.19977570688030713,0.8652926477973616,3.552713678800501e-15,0.15364734743890718,1.3390004944091003,0.00046099153993347505
-0.16409654735987192,0.24166547834075444,-0.8323962467513185,0.15616706320227153,0.12599334074585442,0.3296541864175664,0.34897558639365184,0.27686494867501543,-0.5645539574934253,-0.34150193216344815,0.12900812038929105,-0.6956057007767913,0.03725497632989743,0.7101505478964879,-0.16730322882492035,0.5204519062935072,-0.13568648783873508,0.5668428545389596,-0.5619269100689405,-0.3989131394338111,0.6316319108061126,-0.36606823595747023,-0.32895121475234457,0.789391467389588,1.7763568394002505e-15,0.2312307510365296,1.3396417050092992,0.0008558736596444484
0.8194511205969787,0.31482834714463215,0.42743725353580636,0.13409051995133367,-0.3784954867641538,0.8292334345204375,-0.521090239413077,-0.30723302072690367,-0.4373156278718807,-0.2306218031979867,0.8295174690336304,-0.2859622940488921,-0.6746278725365585,0.22057704169948464,-0.3980460739675387,0.9462554247547813,-0.05839999979223689,0.560546356988227,-0.322877601283113,-0.2886715316883072,-0.06502481292235707,0.8109127588262185,-0.337092017446001,0.44321474879922335,1.7763568394002505e-15,0.0196102135611891,1.3412791100387007,0.002819841255569529
0.018577335424112128,0.15343462303037048,-0.9673884488162915,0.2650404824963637,0.05894547267425819,0.26097508096619676,0.24219045758205074,0.19569716434119197,-0.8606246254494132,-0.2997682600852288,-0.08767102029827312,-0.7727470484732435,-0.2411065221593447,0.564403078339465,-0.39088899846755054,0.42385831262683094,-0.086661491009398,0.4548618450823746,-0.4946705485843516,-0.47988345234869595,0.2786430533691478,-0.03660214015043938,-0.23340126873147407,0.6123302286150195,2.6645352591003757e-15,-0.03713482995277762,1.3417754503232069,0.0005407698392560086
0.04044038006361635,0.07216461907579001,-0.9175747908774459,0.3595672127702905,0.019688700429180504,0.4078070870716053,0.3125443600089603,0.021327855158088185,-0.7980555732464194,-0.1346454730971465,0.022295287923118936,-0.7983945441193188,0.009204995519289322,0.748149464778839,-0.15936774477657836,0.53151749439214,-0.3054452897896451,0.6615761865392471,-0.6228384759094351,-0.2589036901747611,0.6425131616931032,-0.17610566345677128,-0.21383986129252136,0.9215884997957285,1.7763568394002505e-15,0.05665184427517655,1.3428028707536592,0.0006892761887980182
-0.10441179453633873,0.11549129805473404,-0.993463036071168,0.3666474863764824,0.06829083701837309,0.26297561706020134,0.6088362667601801,0.21765447329617701,-0.6603105568389017,-0.13192501407811283,0.09577891611206314,-0.9711453105597151,-0.17636973783734533,0.5963257724212656,-0.3821996502439994,0.6438584558267535,-0.18715380559973238,0.5899517159547766,-0.5175552429361665,-0.4720243292846521,0.572662434376585,-0.08989240874451332,-0.33880344376331994,0.8334277299624252,4.440892098500626e-15,0.16290553151288012,1.3437145499609633,0.00001376200765618827
-0.17409345604942456,0.09253494847862462,-0.8626257174375896,0.27066624677187856,0.17931737525112712,0.32107024866847705,0.4994260412434252,0.12685641648719503,-0.5619618320241362,-0.27311728702319127,0.04705479353091028,-0.7820458465387352,-0.07813798731297268,0.6244373885888491,-0.33134637530132066,0.5061504827851704,-0.08775615430464367,0.7184645321187766,-0.6094094211983386,-0.35402983433595825,0.6622533154329397,-0.16110522278003703,-0.1819503504009331,0.9371635437176971,2.6645352591003757e-15,0.15649607008958083,1.3458011412614095,0.0005047649618966117
-0.07262097877069787,0.09647860425168639,-0.8663667504637877,0.2562597123458775,0.11109375856326201,0.30092626058910193,0.455156896091718,0.08994657547116162,-0.5594084634402672,-0.11697311175719945,0.07665007043290264,-0.8384779155715001,0.014157917901800312,0.6553004706191112,-0.2482878958258273,0.3753522872242062,-0.17600609943564688,0.6888070562144372,-0.6731603761394965,-0.34480468828747024,0.4990512332801041,-0.24883058740120131,-0.21335111390386424,0.8310289314971149,2.6645352591003757e-15,0.1403005889375647,1.3467000358114536,0.0007209056040054939
-0.19435579626322955,0.05547401690654901,-0.7547606197838441,0.2948609916229384,-0.014287606302923745,0.26720345662957473,0.36711178704334585,0.05978540360894098,-0.5584884801462203,-0.2547048485668477,0.018971627248501596,-0.7015201906323308,-0.08509546341937085,0.4999816086542069,-0.18584170925719648,0.497093019955175,-0.290760350165979,0.5641931167455249,-0.5041620756099259,-0.47518919679158844,0.5648144903163861,-0.04134357899990677,-0.39428058034052826,0.7830134508407655,2.6645352591003757e-15,0.1283447902361349,1.3475947216242241,0.000666032765754484
-0.05357866728851118,0.17023130150010143,-0.9319722413373379,0.27796461494731245,-0.055983560165135296,0.23277906781476518,0.16203885301765494,0.14344069691456246,-0.8631693201022457,-0.28809393581013565,0.10906781273253068,-0.7536320326783306,-0.2504289481596305,0.6379600844741166,-0.21373630346107272,0.44949273254393485,-0.2740589737903464,0.37406284376868054,-0.5593758540091697,-0.24951909687733875,0.44491480036672537,-0.11056700166264972,-0.24454528675319287,0.6460453689053226,2.6645352591003757e-15,-0.014171534674901003,1.3498558690089426,0.0003971549030246338
-0.10915325440801855,0.06863776544014888,-0.9665783205790056,0.4507212235008557,0.017470394696250502,0.41240144226187403,0.39185882501165986,0.16717825738534492,-0.7783642697778321,-0.2803402301304749,-0.06627326495861498,-0.8122155108213226,0.034205950229754596,0.72423086833844,-0.18123078837018808,0.781576149613052,-0.28835219545000507,0.7083486695056901,-0.48947725673180065,-0.6219779466219705,0.7502057852220584,0.10706915283867773,-0.54168413801229,0.9699523436526923,2.6645352591003757e-15,0.09718568062408936,1.3512548625867993,0.0009433199892358169
0.8246891253313793,0.3567920250399572,0.38462128974368076,0.22792230358467053,-0.3074397827678952,0.7938180961374074,-0.5138680489851774,-0.2714910363662215,-0.4350235489957438,-0.1490790271681502,0.801510565358811,-0.33607948683970296,-0.6339496250174232,0.08502758652766548,-0.4180598369558752,0.9361976709786411,-0.04277126635588732,0.527187280819911,-0.3337877336518232,-0.27839544947670997,-0.13732138638682634,0.8191848176175212,-0.33422813445358257,0.4023232074367032,1.7763568394002505e-15,-0.04469014480231682,1.3524409368020438,0.00015552438605536637
0.03100141305011929,0.04217333477368348,-0.8732649866511771,0.3035674260218676,0.11844106497814064,0.39198556724050576,0.3454007544651373,0.030137211843941327,-0.719942393986945,-0.04004789837777888,0.01722822435324072,-0.8228250928819495,-0.10777811752495119,0.7228431428300652,-0.14650563362301988,0.5411882049196072,-0.20660558514330105,0.6907833752313848,-0.5705965882438643,-0.35217948377699676,0.6641229896840573,-0.22973145127941258,-0.22454128966897346,0.9250258036469365,1.7763568394002505e-15,0.10673103504983934,1.3537156507837396,0.0009015490163478387
0.5999220257727901,-0.37365649651486943,-0.3326823562433969,0.29049932646435095,0.5756098897337816,0.269298190468102,0.1781577534542717,-0.7304017635345492,-0.46617181996328455,0.015740252299060363,-0.4704259119735324,-0.0985656680722382,-0.29219728735283956,0.07630576401311982,0.6204763486427056,0.032200134680894006,-0.09695859834215731,-0.807447958348654,-0.2225029328467385,0.28026804826405743,-0.18955155116832764,-0.39265891533341757,0.5605749275218839,0.3630596343374675,7.37188088351104e-14,-0.18814659475837417,1.3543261124689838,0.0005883163267440602
-0.08858290921872544,0.1138419574243604,-0.8956238625198775,0.2672684329994585,0.15115951899842484,0.16381934696610012,0.3623657308408086,0.13749498007947292,-0.6858999985269107,-0.1154573346005837,0.09851271750649962,-0.8692353664192275,-0.08724379005957889,0.6490586008810503,-0.20109811620174195,0.5665697833563181,-0.1949793865552871,0.4527777407578601,-0.4761869338228535,-0.3533248169302763,0.579779028304424,-0.28338621052374363,-0.3105495960733788,0.7072388361228689,7.105427357601002e-15,0.2127712390904973,1.3557990464233074,0.00019696583985850794
0.1010523060964785,0.08136037644346761,-0.8830979361353071,0.20661392452880764,0.08073220601201081,0.4171489304109198,0.20759282324356637,0.05664863197359094,-0.823536077716209,-0.19220081078083043,0.05461095798852346,-0.7313617491144138,-0.10657428002922001,0.7781321998389923,-0.22786949915672178,0.33291801866681875,-0.16298457838972258,0.6457527173360065,-0.7201341219537951,-0.0983566682561901,0.5111505452405541,-0.312219982798785,-0.042440035394984164,0.8147685626664529,1.7763568394002505e-15,-0.006460512863039588,1.3572763729139876,0.0010093936903987795
-0.09906450843866627,-0.02304875005677953,-0.9507949850558532,0.280978705592121,0.03940004547737656,0.20718499184114542,0.20123096873002347,0.04116662172524703,-0.8421276112748424,-0.19396857062727382,-0.09326529676894156,-0.8688361852135796,-0.24703670521752363,0.549959259484224,-0.3218313927699263,0.5160539980014062,-0.11778597330139427,0.43496948616215425,-0.4280298574904965,-0.4836566692878824,0.4356521502567438,-0.0038919719143702086,-0.2749416868472087,0.6697351947289923,3.375077994860476e-14,0.05798611170048788,1.3596825171290616,0.0014339870172521904
-0.013907123731330264,-0.007065063872333946,-0.9560503037120045,0.26789129353009933,0.08203439359016448,0.2587253644165494,0.43141297753937147,0.018898054852815965,-0.7336309946685551,-0.2783620452737246,-0.06433561206779351,-0.7922579958401779,0.049572765754715066,0.5433668332214249,-0.5023095858805271,0.4110971799597581,-0.07874005835101451,0.5591312040447192,-0.6407507045818929,-0.14042743554378548,0.4343302547361023,-0.13353076742499545,-0.09481678580997296,0.7045195377278153,1.7763568394002505e-15,0.052464965834146525,1.3607461947358297,0.0011048007573032407
-0.2648854325942671,-0.3834685666478957,0.12158757806905779,-0.12221604198056413,-0.8013247719275015,0.6984930023745324,0.5970709358530372,0.43220146300534884,-0.5492527713202471,0.6800019367141084,-0.605965405052296,0.33628863926276925,-0.2291355284985889,0.8020757360213873,-0.5383519098364588,-0.11983556011968396,0.5292894934776086,-0.06056817920158346,0.14059904937979198,-0.11673408654222021,0.9390753717869476,-0.4621239500943799,0.2507891299428698,-0.725874954816975,1.7763568394002505e-15,-0.22789604753707338,1.361250742380977,0.00039026197233968396
-0.2963735618920856,-0.29466666834004596,0.016246349794653715,-0.2501645015175057,-0.49174101852504887,0.6509030015327343,0.5390931552660466,0.11580202925399347,-0.6163143052069154,0.3360984347407522,-0.5961080819106144,0.37946986051070297,0.02021303815327855,0.5290225247347486,-0.7306272189194082,0.049655594412315845,0.3841718171329447,-0.09601665923171239,0.10168958348920148,0.13268822146184703,0.7166745989272617,-0.3144416299688453,-0.032249008529582956,-0.7876980224703173,1.5987211554602254e-14,-0.1865308775100414,1.3622367639867983,0.000247690180495981
-0.03570635026359069,0.08220137333344212,-0.818669575076245,0.2389579909754293,0.0087661291668427,0.3708969302554154,0.24314598502399604,0.07297919842043941,-0.698400458359285,-0.10836785903895951,0.03608837944654723,-0.7805924288610464,-0.15306894362446716,0.6262228363381759,-0.18171748787841444,0.39684034478574315,-0.22390050150614557,0.5856000933393346,-0.5311322033496654,-0.45689559131919694,0.41952670526385155,-0.05752981584572658,-0.27193072052308054,0.7554573966738162,1.7763568394002505e-15,0.029874087680054975,1.3625475200094017,0.0007985770729675194
-0.022395439839558717,0.03147647771560848,-0.857430493643983,0.3241903668512578,0.09432194527498665,0.44114259582491866,0.4261610668062779,0.08962038102585297,-0.6311610306356226,-0.24234004459931058,-0.07999914937253064,-0.6992122930333206,-0.0498723244505927,0.6396410193222418,-0.23216459731301126,0.5058248246246947,-0.15777735847587637,0.7927310553422379,-0.6186896299808989,-0.4122040344744508,0.6877261132798038,-0.1675154663959493,-0.23163044546791078,0.9934055225825371,1.7763568394002505e-15,0.08449113770635314,1.3642351404641309,0.0011540794182448308
-0.12742592804396916,0.019111051577484085,-0.7870833583133048,0.3364686178608573,0.09785595979209794,0.5282788429014623,0.18135485292489353,-0.02390849307811546,-0.6962366998976177,-0.19683252401599438,0.0016107930425043383,-0.742056608146687,-0.09063772031590729,0.7482591251892478,-0.25383957164584287,0.46319127968125595,-0.0809281953124566,0.7415752738519631,-0.5830999829895795,-0.17158183755218054,0.6652898030626221,0.11969625892675166,-0.016975599509736213,0.9329978042814502,4.440892098500626e-15,-0.02174311379687309,1.3651529059492418,0.00045354278759402985
-0.05668759623953008,0.16730921816982972,-0.8095227535508446,0.298046650214176,0.10017487400623007,0.3372773774899063,0.31079958675468283,0.12977677304802354,-0.661259033257389,-0.10969157004925965,0.14596931361967672,-0.7639140773933395,-0.09038138514711742,0.7239433737296733,-0.06009074518893013,0.55149292778425,-0.27464515260354944,0.5738663076184107,-0.5219372975212955,-0.2633371362698982,0.7226126471015489,-0.27218334276254424,-0.24165075582892773,0.8730991646863193,2.6645352591003757e-15,0.1485787273773835,1.3658253973824759,0.0005024463590800044
-0.1657324467945258,0.2865131500151658,-0.7708112284765438,0.26282144463356294,0.06956889338419901,0.23823372893374203,0.30640178366067305,0.19986923787375876,-0.6059396296663123,-0.34016376128968046,0.18890043397016762,-0.605787327152898,-0.08303763847431615,0.6277303385457724,-0.09606687461742344,0.49623095992829136,-0.3001017380396234,0.46648583567623864,-0.5369978001816478,-0.3500233117289491,0.6337847306977497,-0.3143088937050733,-0.33912933034377435,0.761414634512295,1.7763568394002505e-15,0.18815979455491078,1.3668814159446547,0.0005315906631129813
-0.14745244860888063,0.16130941598570003,-0.9785180916920402,0.26262682948388505,0.24968660309948193,0.25846832013347737,0.2506377513830759,0.18356331201107687,-0.8157477787695285,-0.18565286657666072,0.1453709874571609,-0.9455096633595362,-0.14903695516883836,0.8683735325335761,-0.27254763694097955,0.4983896303975361,-0.09832156976806111,0.5644039907007582,-0.6244131026435272,-0.15507790882403572,0.6414445327574371,-0.25410044730094056,-0.044508303325811106,0.8658988855066084,3.552713678800501e-15,0.11801484291763603,1.3687958760141619,0.00037867036969415306
-0.03472931547466892,0.13766135407398752,-0.9258363273185759,0.38110378314417975,0.1401326122590787,0.3925600154058182,0.41081615452253606,0.15548133798235453,-0.7706047984285262,-0.14380185775955023,0.0868545522275806,-0.8496542830931921,-0.19682941955413988,0.7190495544867498,-0.32876185639104605,0.5828317440636335,-0.047987817564837325,0.6430460314722449,-0.5142587891295999,-0.26238182048117314,0.587279937440017,0.08010351578581303,-0.10881742926766237,0.8584689940546637,2.6645352591003757e-15,0.02222752608335046,1.3697337429213954,0.0008699503329368442
-0.264794335853363,0.16185085038162858,-0.7485708217668091,0.19438283897137829,0.09733934865819771,0.3660054311877361,0.05382536113747216,0.1621730819077289,-0.64847345142747,-0.40354838154691575,0.10540557024345731,-0.6325163679711788,-0.12170450137951488,0.7383449412061327,-0.1480134657197723,0.37225226501392084,-0.10613070972447117,0.6056797342963935,-0.6261014331847606,-0.19609441170705125,0.6519196724004699,-0.1517568973459052,-0.11347853089215801,0.8593833849230916,2.6645352591003757e-15,0.06662385363621155,1.3717880648021126,0.0010404442789888147
-0.11495402326923945,0.020493016381429432,-0.8151157016075178,0.2723007966152541,0.09876187305654967,0.3185621343285207,0.4209867561440834,0.09732617301991668,-0.5800468177767332,-0.1439345194031046,0.003938426750664529,-0.7942424180664086,-0.05283340577291531,0.587327251061955,-0.27597793019513034,0.46850782988776757,-0.1864552382276439,0.6677961759915704,-0.5234088298571827,-0.44795309649166865,0.5483063481415336,-0.013771220779022922,-0.2680919013200255,0.8392796645269263,4.440892098500626e-15,0.1015466237254596,1.3730845770706113,0.00023162382011027323
0.8341737840674233,0.3403769285636001,0.37047614657017874,0.2309890778471988,-0.3073441762296648,0.7992045233605836,-0.5155403277063623,-0.26696304441502655,-0.4414966058635507,-0.16585018281534997,0.8023797554160819,-0.3200605651665213,-0.6211949959544248,0.0868752058669106,-0.43306206257843854,0.9366747574603385,-0.06069917746587668,0.5205955239833796,-0.33533170388540867,-0.2705481177055868,-0.14150732653451298,0.8247452462720155,-0.32638248714072166,0.4170067483694467,8.881784197001252e-16,-0.054509333051361,1.3741230214472493,0.00025104610856880146
-0.09417930933594094,0.17194709496564606,-0.9195369178586175,0.2864793141313179,0.14863826467005065,0.16742505134982774,0.4244518487335456,0.16116651693902787,-0.6844274655751347,-0.18715624562363056,0.11590192744888779,-0.8363773850112323,-0.10350156782313115,0.6435110671843933,-0.2834728001993447,0.5408997317014171,-0.1710302733201339,0.49220679614586305,-0.5207677255056091,-0.3233366351894459,0.566411304212644,-0.2805996177890242,-0.25849367824391606,0.7304285343201496,8.881784197001252e-16,0.19713610385785788,1.3749494348010056,0.0007022104676878255
-0.19640821783483067,0.027986893352335902,-0.7261177145076209,0.2082727035884352,-0.007390639994195877,0.33211328569573706,0.21359536163959206,0.042614073949998284,-0.5618835880784357,-0.2874844965398771,-0.003964945583758246,-0.6610559659245335,-0.08860469554822138,0.5510515210377874,-0.19647451252295003,0.31033211413535267,-0.19959575676011454,0.6308828821176942,-0.6312385142092652,-0.3046827809712151,0.5407252299031267,-0.1086730554511546,-0.2333849332549756,0.787606296973201,3.552713678800501e-15,0.05718650096478384,1.3773802583238937,0.0005563573671594364
-0.10619452424910113,0.08100427856464389,-0.7318013446500105,0.18204669052879638,0.1227246672039099,0.38245526486209686,0.1812293836055384,0.12515439002168108,-0.6053952311404188,-0.1313757878880184,0.06639979916205353,-0.7144752089012226,-0.15911309108053207,0.6777364900481488,-0.12777139934139858,0.3997996599644917,-0.13479865921903333,0.6031119488697272,-0.4960284318027154,-0.3583621735489705,0.5534428816358808,-0.12960836106287169,-0.16794312211721352,0.8178654312115037,6.217248937900877e-15,0.08479667877323625,1.378795112079059,0.00036812681172743617
-0.18427583384142526,0.15447000919476145,-0.686118742558739,0.28226183693567225,0.10158559266406753,0.36292337376690975,0.27228749749420855,0.07718385149172828,-0.5542991019672106,-0.24885713030251258,0.1192647476131209,-0.6349233891364428,-0.04723353797192949,0.6513636744317676,-0.1445478297388377,0.4684134749547108,-0.1945060335163821,0.6366638021761595,-0.5021548649831545,-0.2844617118937579,0.6675383207466583,-0.05376859294937423,-0.16740410258625676,0.893696844977003,3.552713678800501e-15,0.11108095179941652,1.3791068652639897,0.0004225838282396398
-0.14016134730217422,0.08586500538570317,-0.813132024065973,0.19313115107017656,0.14529797015476084,0.21241923117427455,0.3095785177772365,0.10898961280164238,-0.6069237014983593,-0.2176956978157467,0.047421330351421355,-0.7490411998959046,-0.10476324694332004,0.6032265970837957,-0.2584798706415329,0.3978991565767909,-0.16323406078797006,0.5424997514832632,-0.5937456235673009,-0.25795170248202554,0.5447263017118904,-0.23121490403725378,-0.24283982584154998,0.7207370545478238,3.552713678800501e-15,0.14169945914601162,1.3806206015750302,0.0005422670488832412
-0.3388613800159064,-0.38985575575457654,0.1158710539408013,-0.2798599472175881,-0.7616966243105586,0.7158463005994978,0.642159738629808,0.42989657369080064,-0.5417193858956263,0.5641302132949094,-0.6624302597306474,0.3974724985948854,-0.12897208512445477,0.8257986193424218,-0.631480908267959,-0.06978679761758193,0.5146644442756653,-0.027725834366720395,0.050835790471958034,-0.08003407951191455,0.952547167734243,-0.41386122441821127,0.2418465818027017,-0.8342177276158651,1.7763568394002505e-15,-0.22205688130783194,1.381782748537147,0.00014190227084451948
-0.24547193986655677,-0.33041136378012176,0.022120620673826894,-0.18796279137555072,-0.4742413493343825,0.6309309911522474,0.4865835275424303,0.2657563166903754,-0.6944711521859688,0.4201839923632177,-0.5546110114485328,0.31407285461087275,0.05481054909607834,0.649165726599616,-0.7245130475456742,0.045869282672232864,0.4406211078489153,-0.11570312202958559,0.0442709033569033,0.12200082296444849,0.7295932342845592,-0.25436474273148335,-0.086119510908349,-0.8443328552072705,1.7763568394002505e-15,-0.16749617369237615,1.384651471978069,0.000048946471983612
-0.18263233686722138,0.06854471427212533,-0.824982085626229,0.1695963820145108,0.1105179092063651,0.35439659901009585,0.19984463020459842,-0.004335217626758019,-0.6666712182293375,-0.2685235823029941,0.037142623385936595,-0.7850447834195099,0.02918689094820409,0.6247257068052465,-0.3862572667912278,0.22820908018943628,-0.0876593595406458,0.6436289691734692,-0.6664602875762302,-0.27040727443268386,0.41435338044394165,-0.05422032856911314,-0.043480537148127545,0.7576079142773922,7.105427357601002e-15,0.027714379715658516,1.3855677352670517,0.0005219302466109883
-0.007909675840953303,0.028443853248146852,-0.8579698237944959,0.28348205631707174,0.006723989464687634,0.342823027931138,0.17023092868667752,0.040738508596269755,-0.7783181181903125,-0.08149785411182679,-0.006370213233001722,-0.8093474169529187,-0.16499707470482053,0.6485892897481139,-0.13096175811234584,0.4597997632692015,-0.2291625341347238,0.6001432246291744,-0.5179438850111052,-0.46710073782218864,0.5138350606045142,-0.10785895227047827,-0.3052176396932674,0.8017521292147548,2.6645352591003757e-15,0.04685796859755244,1.387326724915427,0.00046295376325618183
-0.08588569744464264,0.17617376318820224,-0.8539124595994118,0.2756203271912401,0.12933608506779487,0.28376806943792987,0.4996489369917548,0.14795886858666554,-0.5851741501679707,-0.21181992910796318,0.11815248310870927,-0.7577718769256914,-0.14840753266871837,0.6007110048172188,-0.31338165311551747,0.5158653900086009,-0.13195860635279444,0.6262419071790719,-0.5563665175850178,-0.2931064664911397,0.6334024752351454,-0.2462840841205402,-0.209644558722925,0.833794074844331,1.7763568394002505e-15,0.17672814466266729,1.388280285822173,0.0006379748759302458
-0.31027693693303826,0.5803017197939935,-0.5547213114103379,0.49971759824142425,-0.592813281766169,0.30559865906844846,-0.06038498110318131,0.31059084124928393,-0.7328993908951283,0.37416165758212766,-0.4875147778732545,0.7603953037819103,0.3684520662893835,-0.44794371719887593,0.7737797443987016,-0.1342182128730971,0.8816500812220534,0.16292824082163176,-0.1516611930552329,-0.0021231619251981136,-0.4087557857816456,-0.34160839251698744,-0.6887078442850739,0.27880627712026346,1.509903313490213e-14,-0.056056102598873205,1.389580563628488,0.00031412645814569794
-0.21051407984777998,0.11810650159210553,-0.7503843223314074,0.21278289571041048,0.11958644646742692,0.39147735928597516,0.174663446063484,0.10052972778861378,-0.62872992902079,-0.26595301886054223,0.08579308498704748,-0.7065259709168343,-0.22481342709277408,0.6894719686408933,-0.13648253371874047,0.43608330320542765,-0.1557030495116234,0.6517371195557745,-0.5542744225154534,-0.34079400443801267,0.6776708617825147,-0.13228473737055974,-0.17490888233539295,0.9163815444839698,2.6645352591003757e-15,0.09143283728205528,1.3912902853119204,0.0008351052676252269
-0.27341207342341467,-0.3350848350605635,0.09488428922983261,-0.28241168833498637,-0.5113193689402202,0.6495973128946881,0.6094672531207611,0.08541459835130571,-0.5679071419516951,0.333955724198289,-0.6193261897084161,0.4211700294451681,0.05655809889008794,0.5139879063200913,-0.7291245321237744,0.03056811221942217,0.3814380082159898,-0.16924145543649513,0.006273639017349608,0.10022859792456872,0.7428915593073944,-0.21236463720145804,-0.03412239684910011,-0.8125596930122962,8.881784197001252e-16,-0.19906738210024028,1.391985641412843,0.00010961375382408166
-0.21255232453003617,0.07586772220377813,-0.8251039504241368,0.2798574070912628,0.20129402705158306,0.2565847140030501,0.2926699231845489,0.08524466131835379,-0.6685015447909358,-0.27300672012108207,0.031249301460625326,-0.7595966147953174,-0.11366827984778162,0.6744464260722359,-0.23519850281289922,0.5749846597490241,-0.13978315279924805,0.6139708589665097,-0.4758055888663821,-0.35084274413603106,0.7405695031281486,-0.12991914364257048,-0.20099183104426302,0.9294132212461054,3.552713678800501e-15,0.1642452813573081,1.3934096595144698,0.0004373950901608925
-0.2230194947405057,0.0051133304867167296,-0.6394654712648127,0.21174217441212492,0.06401182431486163,0.2749466362047472,0.24563313943306345,0.01996497565779133,-0.49852152629719837,-0.2598937324448533,-0.019608828184014392,-0.6082565146666847,0.09469588851390381,0.48300237703198434,-0.2450101684565143,0.4170926124175935,-0.18046909678926112,0.5544232859949417,-0.4153384360017736,-0.36832195883988417,0.5597553073587608,-0.008747598794901595,-0.19158431514101845,0.7604933908724587,1.7763568394002505e-15,0.14683978107312817,1.3941728840514798,0.000775980930982545
-0.30522864508642544,-0.3640793784973735,0.05022595109202255,-0.24542769487413024,-0.7192446822763631,0.6380318966789256,0.5414093134345992,0.3623839342359458,-0.621353970750372,0.5215386600008299,-0.6320054202568076,0.35167084940472904,-0.04260967045653376,0.8180035773439271,-0.5654441857767633,-0.0016011162940422952,0.5193266628704759,-0.06832308352517946,0.08034085193665175,-0.08907148321035502,0.8821185062740623,-0.37981318531711716,0.1841815325582574,-0.8095164751593247,1.7763568394002505e-15,-0.18778556628195608,1.3946276594768672,0.00005402811246989309
-0.14924711856787148,0.16849906497613515,-0.8217559161359115,0.2814166461307301,0.12805281765066623,0.29584127147071065,0.29456080186976286,0.14378165501738727,-0.6577152954234121,-0.17633514057267635,0.15883957025829626,-0.7973879857864844,-0.08188697737836048,0.7340184549774942,-0.13392933940301746,0.5231021766796914,-0.23967107731430287,0.5842000603580415,-0.5235902969900992,-0.2976188605205213,0.7015665339739793,-0.22880917197072395,-0.2117676697852943,0.8902546739500399,7.993605777301127e-15,0.16364591910963389,1.3965996607507043,0.00002674245156964972
-0.17189520195958485,-0.07711481011995187,-0.8788413131691284,0.1893471454837213,0.05876838175999452,0.26850478562652647,0.1820932099116372,0.05095998194615717,-0.7554118607376373,-0.21269629704942655,-0.10554749445217286,-0.8470390675167764,-0.3287928449726823,0.4976325930267661,-0.36119254683889057,0.40466510339045086,-0.11468206312576162,0.5215554741725236,-0.502147983601131,-0.4765533396517437,0.4519327795676773,0.07865141973520084,-0.2640102122262617,0.6654168810430888,1.7763568394002505e-15,0.010158409683386868,1.3982675699527627,0.00025362032124273914
-0.23999988326189844,-0.49247352117766224,0.2875572822007201,-0.1828418862041144,-0.6978407148970542,0.6288276881451049,0.5455046638430062,0.33793337399572776,-0.5450019211740699,0.4439331965105093,-0.5836441384114591,0.40415312332802905,-0.20262589903663214,0.6487822560945921,-0.6611727106717183,-0.08636511812021487,0.45185455356211146,-0.04725822017918532,0.12544315914394868,0.05904014282541769,0.8159654901130301,-0.40114075209962885,0.1694254527668492,-0.7794793385100205,1.7763568394002505e-15,-0.2068351215117264,1.3989829886228875,0.0004529344278475646
0.30089260810875273,0.10783022075242615,0.13091597345202793,0.05894026371657569,-0.10805951779641422,0.28752800520633515,-0.1874384306717302,-0.10082869455715894,-0.1705529789512221,-0.07468239670062651,0.29193117429999144,-0.1316071509127298,-0.22617791364623033,0.08053568890140168,-0.1686118151529847,0.3407603300331381,-0.031029941976346294,0.17971123121156093,-0.11153535642974717,-0.08995027681289303,-0.047546838247370646,0.29753815178602583,-0.11446115891013804,0.1503875321463204,5.329070518200751e-15,-5.883541661090525e-16,1.4000000000000001,0.0036070945441782874
-0.14736520793696928,0.09467728117578425,-0.7483601124403749,0.18503437776365708,-0.06343115090060925,0.3137626981799933,0.09192874224674746,0.1117407423898223,-0.6594249940889942,-0.2069117745782233,0.06469561280772065,-0.71580046755279,-0.1175729044628087,0.586325891776455,-0.1738823265656892,0.2974962718293119,-0.27539836325535355,0.47180792578502817,-0.5413504728442462,-0.3743337852279497,0.3631903078689956,-0.000029185364601938822,-0.2892383811528918,0.6165893108335684,1.7763568394002505e-15,-0.012546490458087489,1.4015885320962638,0.0006258319968849088
-0.21101344083422482,0.11221992843418517,-0.7858360679145784,0.32675369493168427,0.10327940089023196,0.3960572155083984,0.3724041867294161,0.13447083448955302,-0.6097284333670513,-0.2983834718192404,0.07397514215803049,-0.711899855376044,-0.03402600175440409,0.6732241329617074,-0.24754721767206708,0.5596240618672614,-0.1829823351932166,0.7055454120640932,-0.5049099671683435,-0.3559734356942492,0.7421829210210527,0.004416066247770092,-0.1903705208723305,0.9771462967280815,1.7763568394002505e-15,0.11439253082005855,1.402815257556529,0.000729636030142545
-0.004550668274057165,-0.07425509738336462,-1.0245113057641084,0.48320718782348576,-0.04306404488450555,0.41427309336877793,0.36628317840318037,-0.009520003049315514,-0.8893118918575027,-0.02278081445271311,-0.08938040137698149,-1.0083976657379121,-0.10071032056178797,0.676216883966038,-0.11908343708226812,0.8473859636762648,-0.43991813125498624,0.71914006229036,-0.37502194315410686,-0.7850275474443462,0.786405001364612,0.06755816967548899,-0.5789174661107521,1.0703614333353595,6.217248937900877e-15,0.10291213076736956,1.4045320264269585,0.0003196440625472149
-0.07559960463594861,0.19752439998673493,-0.7805499010814173,0.28933706318101143,0.09407199867453803,0.3254413476858733,0.2847492117011161,0.10758401931849008,-0.6547049645063426,-0.084635714916403,0.19465230225745273,-0.7730604664659781,-0.05065417491154592,0.7349740465453911,-0.061718590509182845,0.5176226708301144,-0.3133609856909778,0.5812534675446517,-0.5172052612053364,-0.253387106245686,0.7221036151713032,-0.24731790534267112,-0.24412050812088262,0.8745958551992511,4.529709940470639e-14,0.15192334169724583,1.4050057193832217,0.00024774040193793615
-0.09357726786126065,-0.013718989262543169,-0.9649572297202024,0.21157646709590644,0.07186602235440638,0.29100693951245366,0.18709699236765912,0.056110537813477405,-0.8496925842515277,-0.21529165396180946,-0.12340542619094022,-0.8881917561720908,-0.2121287169928225,0.5879519573784874,-0.42877033283515165,0.37582510767870997,-0.10902155611227274,0.5500881916925117,-0.49564938233416417,-0.553648317290019,0.36283937840964814,0.020549958001838297,-0.20727393993354104,0.6944775872840342,2.6645352591003757e-15,-0.0013614837048187636,1.406368364781746,0.0006132901580635294
-0.07843211923744267,0.10869698020002695,-0.701758299622402,0.17881181154052003,0.18323848916252825,0.34302963771856176,0.21800952080309519,0.2363828069144064,-0.54364185459491,-0.09980274881991741,0.08693325676983496,-0.6875712123232933,-0.15698260309670206,0.644130262078103,-0.17601902891261448,0.35529177635229564,-0.040919459108479064,0.6044990905857597,-0.4011314593073717,-0.41495996742032276,0.4308575909650501,0.0162280681510491,-0.15088511759554016,0.7278221033281765,3.552713678800501e-15,0.051675901067428906,1.4076303379895831,0.00036469263293640534
-0.13453363295373966,0.04697088663013711,-0.7803220179185625,0.21042032534373786,-0.014242822000426127,0.35374925918822103,0.23902388060222565,0.026959061345259324,-0.6457450958384257,-0.22494694242930174,0.005055714403403284,-0.7195262793166939,-0.03283586801454312,0.5940511214371986,-0.22505975686920507,0.44525431337267196,-0.24901000676905577,0.5773805032482646,-0.5162613082758631,-0.358963920109472,0.5926622364975704,-0.13073089826328452,-0.25444847259905023,0.8071576801879307,3.552713678800501e-15,0.1130508520825272,1.4093310143239866,0.0012616477392382833
-0.013523307876862487,0.1665758336706325,-0.8589388999871633,0.23850209133439373,0.06209567387112902,0.4138698775053529,0.27901039311559117,0.13479615330597922,-0.729095583906903,-0.16668717599587787,0.09991842594541005,-0.7819864046275036,-0.10693385732089498,0.7350424684821765,-0.22450287254249193,0.3846428183854929,-0.2021982905719447,0.6699441337962402,-0.6252466130374283,-0.3434019988998361,0.5082113138825533,-0.13527313925917342,-0.2062840179884021,0.8400112212889741,1.7763568394002505e-15,0.027793442115353142,1.4112181362219054,0.0007956086570828154
-0.3444586205747145,-0.019418154594336337,-0.8468814640485145,0.2526631715093805,0.02785944004089014,0.1862819716467743,0.26624122470758427,-0.01582605283306135,-0.6920068055767676,-0.4446425871661268,-0.04748977728355436,-0.7306179704775924,-0.24019336555258225,0.4965171074057017,-0.35756297953042737,0.49062987498529115,-0.18454444218067,0.5489436921507667,-0.5593428848290612,-0.24362215970936563,0.7436388464466109,-0.16852076153186393,-0.17755026280799557,0.8734750283341459,1.7763568394002505e-15,0.15723091168317818,1.413112571997943,0.0009046287828525184
0.09607229320038094,0.15026889342700947,-0.8657665861710655,0.3690144311645815,0.10169253449044299,0.4095776607157037,0.45247143229441517,0.14800801316444306,-0.7065881982867095,-0.10492411476529383,0.06467528753761244,-0.7366887856758172,-0.07762820568098469,0.7023457465077938,-0.23949660269189357,0.5831741743823978,-0.15226387471509248,0.6990016781294727,-0.5097924515777983,-0.27108429600209205,0.6601002572364756,-0.09557598368038649,-0.20244782805665607,0.896304295596942,1.1191048088221578e-13,0.06242019371924811,1.415242586794827,0.0014547398799203586
-0.0901212402238464,0.13970186068274099,-0.8992534975202606,0.2576541204679922,0.20050503551507437,0.14031549963466103,0.3913282731702683,0.16663041475109594,-0.654050257811345,-0.15251422826076627,0.10069598378232904,-0.8400572762210649,-0.025824017337938307,0.6603426889948931,-0.25295697380249854,0.5123693655190513,-0.2080079110796766,0.5226084776331709,-0.5147768965294555,-0.36019205547624483,0.5943506338432369,-0.3524007714289539,-0.2808485677430108,0.7376334831001012,3.552713678800501e-15,0.2332067892469114,1.4173287527408562,0.0002902126411561239
-0.09352517667115944,0.13021692879504765,-0.8361411979398561,0.2511692885224389,0.12375054562429795,0.16951871291915338,0.42182154769361063,0.16736502164826025,-0.5684718749482209,-0.12642983718419823,0.10971477375091347,-0.8084832787191668,-0.03720793846098993,0.5991569761689806,-0.24882827278808117,0.46573662895819706,-0.21230504930405378,0.5302281177368702,-0.5168008231146027,-0.346709854008956,0.5498430393305038,-0.2822308855691254,-0.29268655151038303,0.7112251198703162,3.552713678800501e-15,0.21591313520900357,1.4205053873973534,0.0003224474011962735
-0.2917983690437684,0.12855726211403576,-0.8658541468979937,0.210849385522757,0.09493006885137024,0.3977789615974272,0.17050391265573356,0.03363636284337464,-0.720759805802872,-0.3211281534421134,0.11896728663545487,-0.8477840662578242,-0.020635030014235813,0.753570594045363,-0.3192371800279011,0.3289100166806573,-0.21180362107785541,0.7289798781445829,-0.7208815215756597,-0.2776191118820374,0.6305250695339429,-0.07442214915365707,-0.11667267889145158,0.9372913415918913,1.1546319456101628e-14,0.06537438557019061,1.421143046152153,0.00040117369426021117
-0.2522753726488744,0.1750812297079592,-0.9057463629593308,0.2677508145334827,0.21645309894637726,0.11669010927762438,0.25561534076884584,0.17728499321308513,-0.7517847616210286,-0.3538042052946972,0.12128885906713585,-0.7910641716838186,-0.07679332576283814,0.7119000833702926,-0.33824582804977465,0.5169151962896823,-0.1283188852764245,0.4741608975748045,-0.5236153816551323,-0.17544581956386715,0.6602639193976277,-0.2023809513755477,-0.14204583492403802,0.7863502285363766,3.552713678800501e-15,0.1719964731675305,1.422221686846839,0.000639148374169822
-0.030851447472771135,0.023872749371862408,-0.8539528653289762,0.243893507280735,0.10034980708725762,0.28967732207333047,0.2109312796161104,0.025418833962868207,-0.7419405513799096,-0.07756877167462209,0.0016829081674493598,-0.8160876043686575,-0.11374104414639082,0.6777549023124918,-0.13674912953300356,0.4894069359763684,-0.2661818449268891,0.6151721226798019,-0.5413777799352858,-0.3608149962609447,0.6848996826548682,-0.3374975990376869,-0.26749721758584766,0.853574494086304,3.552713678800501e-15,0.14772398179110105,1.4235627132610436,0.0010561721829324539
-0.10850976690666068,0.12901798171667242,-0.7939157692404465,0.19578078234124213,0.1177148625307744,0.34028814930971146,0.27676515666399015,0.12799542090222166,-0.6374984633919082,-0.16751638251490406,0.0861265568948045,-0.7580809560959615,0.03804508033134643,0.6892768731922027,-0.23252693618993334,0.44806825636191305,-0.18944520521293082,0.6016569276558237,-0.4898925982792754,-0.37790901644585084,0.552736634136859,-0.12724267744379159,-0.21200812855125525,0.8097470473200646,2.6645352591003757e-15,0.13415427176795391,1.4246904307427564,0.0005269072870563367
-0.2489847567762695,-0.37649964385001666,0.11130079212672035,-0.19717665724815064,-0.665994225118389,0.6278503786713502,0.5532685519166847,0.4083343676776414,-0.48895172936667164,0.5110568704170318,-0.5406668752334925,0.3935095303817893,-0.13250990570280372,0.6749964047946507,-0.6115931807689905,-0.08228435669070701,0.3708277868337406,0.05377074963184503,0.002483971260902258,-0.046980434421719265,0.8274477245521425,-0.31693353826768894,0.15378840245497757,-0.7776614197827666,8.881784197001252e-16,-0.2218782911208928,1.4255904125201204,0.0008162099064981571
-0.11854449187889782,0.118230787962462,-0.8442864946098259,0.21962790202568497,0.14300747228669025,0.17893259759089725,0.41032700805232136,0.1292862615597159,-0.5805931193655236,-0.1803440426784317,0.0883266263941075,-0.7941412591343509,-0.04532428474173025,0.6033164744333563,-0.31348418095404157,0.4250018411010046,-0.1528356102281482,0.5639190195079671,-0.5766739235344182,-0.23710949424821814,0.5815841299486213,-0.31343343517516303,-0.20660239229564784,0.7363131498808466,2.6645352591003757e-15,0.2077640817649978,1.4266373560447767,0.00033506395683908857
-0.16187264535761528,0.12255936938136751,-0.78325249423319,0.14454196160979205,0.15345917135301929,0.27452470544709096,0.3074404865180567,0.13606942795337706,-0.572439007591076,-0.18812637486074588,0.09941937266096686,-0.7608201939014042,-0.13085789138918252,0.6428219819111103,-0.15403111723726515,0.4796741840457204,-0.23498421290790644,0.611042461243553,-0.5273883143369419,-0.4408089935539833,0.6808434442319977,-0.3292977433078357,-0.3669088293976811,0.8295670296091284,4.440892098500626e-15,0.2225836689617391,1.4279628957129087,0.00021163445653999904
-0.08336779688535388,-0.0414945419949006,-0.9633231565271579,0.20627689126371607,0.10701780603482178,0.24768848395521817,0.1597442536768175,0.05190154336680215,-0.8548710747554134,-0.15926842048699077,-0.11008562945604132,-0.9112288773307435,-0.17659451730533654,0.6179084843086953,-0.41626762230614245,0.3884144649821636,-0.09850305539958541,0.5501031144603639,-0.4699741553672394,-0.5473365369494357,0.3752683994049165,0.04395680512442248,-0.2236943834172662,0.6825147690719886,3.552713678800501e-15,0.017558731898688874,1.429974640570828,0.0013145658754058316
-0.03442258496291577,0.10210869443394119,-0.7738709536556629,0.2261869455135617,0.06274713968122224,0.28381115636338805,0.24504393844964342,0.10356033584633552,-0.6439610349876854,-0.1897312232738159,0.034568671239948404,-0.6740258903213365,-0.03401187888933381,0.6064328541933003,-0.213163089704546,0.377011812149455,-0.19726915978459372,0.5666723681338067,-0.5387091729573082,-0.3029787225044907,0.5013744184785954,-0.17419615365165445,-0.23456682925538214,0.7231739682229342,2.6645352591003757e-15,0.07926080317096748,1.430985458970788,0.002793451265340585
-0.2178981232417883,-0.5191820577119843,0.3896034150375992,-0.16500196655924762,-0.6719083309666747,0.6562203202732528,0.5061755551661342,0.33789368163915456,-0.574954088129286,0.4457344664693919,-0.5696875951059928,0.40687965699037726,-0.2525256098773079,0.6326709941170795,-0.6680716710741972,-0.12059354397165994,0.4509755934034664,-0.0704550773189763,0.12437146193537586,0.06561991582634027,0.8163766575886057,-0.435183951794311,0.17607801963762054,-0.766799373530893,1.7763568394002505e-15,-0.21251001269341369,1.4335799898889046,0.000060383322866848966
-0.054964199270292786,0.13256707736706058,-0.8848848317214799,0.12016943691539864,0.20470433125052162,0.35348346704935535,0.3117744656770539,0.23160376627681073,-0.6659869496537908,-0.15363359817245856,0.05146216030138858,-0.8055195922271623,-0.07754828369785853,0.7962979006777001,-0.1810082072923967,0.5697730199429352,-0.06546747156145911,0.7081796155434141,-0.5380669150500378,-0.38733519968909014,0.810726549532215,-0.45285230801394605,-0.34885006858438933,0.8812919657943011,7.993605777301127e-15,0.2546556941402882,1.4349446366406233,0.0011461435240697664
-0.18412796640121082,0.1502740160792425,-0.8164681537871057,0.27026043199619504,0.006471204722821939,0.22263753524421878,0.45193698187269815,-0.04934257369702197,-0.5842283969001071,-0.25038088898448263,0.13499202678723707,-0.762888754132869,0.03387275571438565,0.5351739239214963,-0.34741177677052476,0.43901448823581196,-0.3528043689964445,0.614342052488978,-0.5961216539214285,-0.21500780483529153,0.68544363450823,-0.23494169135017282,-0.22858322686602453,0.8592740817244809,2.6645352591003757e-15,0.19976148017224435,1.436752950341253,0.0006092119756564405
-0.15389519871466975,0.1422957599532117,-0.8448721298129283,0.10992322755379881,0.1695931429145707,0.31323581333912026,0.38089740514923104,0.18764702304997155,-0.5655270667603933,-0.194479341364761,0.12498964550657761,-0.8255726206082669,-0.10405315063693306,0.6473851640638734,-0.40342271133948987,0.2225217216974244,-0.06624032884401305,0.6817464165633562,-0.7043274685321603,-0.26531445249618385,0.43999907492055884,-0.16751003973414116,-0.12464355857167986,0.7666845002696662,1.0658141036401503e-14,0.07708587522561566,1.43802589545699,0.0005053602014092494
-0.023550407345067404,0.06961165758290777,-1.0063822467960957,0.28183722240714076,0.16584140921924823,0.23766564164736154,0.3904782370774129,0.106389141023514,-0.7979582781145346,-0.2094176713120268,-0.03294695773416602,-0.8674398242025303,0.0032852306514112102,0.6947751537523004,-0.3792536932316496,0.5242545507618099,-0.1519619599579531,0.6607947187968053,-0.569447006124831,-0.43082956198640093,0.6129173391020373,-0.2725980337305729,-0.25976801849438047,0.8533078974190624,1.7763568394002505e-15,0.15230473233527297,1.4393858357989662,0.0007858933338293353
-0.07943135142120171,0.25492208514795067,-0.791593158701482,0.27637575747053617,0.13829670596197602,0.4090649085618833,0.21669475244952163,0.2096569858139788,-0.6845847689190716,-0.18757720918946377,0.19326652269015343,-0.7174712978891468,-0.04587912933225483,0.8206635758368283,-0.053655780492878336,0.48418961586178644,-0.27044439028708034,0.6989050887410514,-0.5879656497209131,-0.3195609035958843,0.7256095106796012,-0.2125822906166199,-0.26354996634267774,0.951898529112866,1.7763568394002505e-15,0.10076939598322326,1.441711858776267,0.0005947402506778525
-0.2622384168095929,0.1971570270505484,-0.8019726526645747,0.26146905870177606,0.061135831460855425,0.17613749389269567,0.42736936620859955,0.08314418554622985,-0.5739637357225873,-0.29369759771847165,0.18717039594959564,-0.7732227074266157,0.08992710762118768,0.574204452800911,-0.3246496377316028,0.4393581416854487,-0.34567736654450104,0.5632126969268201,-0.5721116284297415,-0.2895383745632943,0.6524863195107589,-0.19532341153942728,-0.2568220048880635,0.8342076000456521,1.2434497875801753e-14,0.2130465608218104,1.4427230419741797,0.00007919604906152449
-0.08053038215629092,0.2274771241075858,-0.8534850204825352,0.2918087810720852,0.17000450524451996,0.2620070185287187,0.3012442879754714,0.21718356869516428,-0.6971861931263439,-0.22653132006333154,0.11906813610767703,-0.7377389505461609,-0.00037890517139519265,0.7232018052456215,-0.1767672929891532,0.5238473326742292,-0.25385555218809497,0.6025040525950687,-0.5114873390248531,-0.4405021291296598,0.6050894907244408,-0.19856988527064162,-0.3415759474911749,0.8255468642005643,2.6645352591003757e-15,0.14400182248405738,1.443785424241368,0.0004738444565082574
-0.10145881013641006,-0.04641769892696373,-0.7982638710430578,0.14653173039562453,0.10514689280349472,0.3060715598251401,0.18978818216678456,0.05015920713997548,-0.6684670967821956,-0.22114959169853668,-0.13528590783830452,-0.7182053060803283,-0.18297410042153145,0.5135614478065182,-0.3783450846781297,0.28851406100828547,-0.0587302428786834,0.5866225088170216,-0.5264529805862662,-0.39243782193740856,0.45587046880155935,-0.08199161767732564,-0.12454514791652802,0.7175772413349147,1.7763568394002505e-15,0.017402964900788527,1.4448104352849853,0.00019921594040440575
0.00625283003585614,0.13090953411339476,-1.0158804361336282,0.2884543031275695,0.14957995114934894,0.2537586342067463,0.4211848582871798,0.16407861868942442,-0.8098319713653573,-0.18561267226758943,0.030000801386444544,-0.8799351530272777,-0.04529750263431232,0.7200877019261275,-0.36431027798534665,0.5694012137191201,-0.14635390487655645,0.6391534703457722,-0.5499534408816492,-0.40360089249586456,0.6198263473758401,-0.25481400822018274,-0.2994580139274643,0.8257557388149812,4.5297099404706387e-13,0.1515399538015821,1.4456743480577647,0.00347680141933505
0.5371068979779825,-0.41850006244726795,-0.26435345803590954,0.3408465077036043,0.5786951316918149,0.37643361854546653,0.004870332826447905,-0.7119918701485567,-0.4233354872945234,-0.053373580106994674,-0.5395084853168545,-0.20455034424270432,-0.2882322653733676,0.22586405445337557,0.6843252832996362,-0.06315530862161055,-0.19855937198881432,-0.7452052446282607,-0.16636255125535973,0.10794897025378901,-0.3741817353523301,-0.34124521576690997,0.6999677524627947,0.3891312471151866,1.7763568394002505e-15,-0.20932901521199393,1.4469297618534396,0.00034413323084703695
-0.16826756619751332,0.1529270793398227,-0.8215421150481229,0.242640438131054,0.12501582692884453,0.3700761603495833,0.25682162594133223,0.12050938840991167,-0.6683419584615745,-0.2922222189323853,0.10033881970402762,-0.7276433668013716,-0.07395970539642546,0.72918949118548,-0.19719882295209104,0.47455579581245705,-0.20369401440801937,0.7262136348199667,-0.5955085948215385,-0.36210849277463897,0.7347596493909226,-0.19526498375252652,-0.2469192125956893,0.9641587065794094,1.7763568394002505e-15,0.12743147835795293,1.448709473618144,0.001281091625688595
-0.01704029625656497,0.03973283880223236,-0.7874432579768131,0.27326748577475996,-0.009205882839899513,0.4938825002673625,0.18425873796496345,0.022570797402554094,-0.7156398548709227,-0.08153964929047587,0.012162320758976162,-0.7509764964154472,-0.07386808602424852,0.7110035743783124,-0.14094123855500773,0.4764630793910554,-0.25797096267381264,0.7165820670281288,-0.5253277018552418,-0.35957126299069886,0.6692199002690492,-0.05130456324271379,-0.24135933989030006,0.9296852972956698,9.992007221626409e-13,0.032376109683343535,1.4492385038474198,0.0006634384770669497
-0.10556353629392705,0.13698565919961755,-0.7810662316074652,0.21284337766227363,0.04297831367589341,0.3347188069079104,0.24891092745974197,0.1398598336179658,-0.652149083498391,-0.2839900394767146,0.057143689721993476,-0.670096494286467,-0.14608673452606885,0.596440460244987,-0.2771598423548638,0.3695691198443726,-0.18565817099436782,0.5918371478180077,-0.5756088334902307,-0.2702462200690141,0.5339060575988777,-0.06685463677773333,-0.25284883278845155,0.7338699136375259,1.7763568394002505e-15,0.018622092596059504,1.4524530184758757,0.0005394249286302462
-0.09330562354725258,0.12690538823717654,-0.6752157793294111,0.15153395062615227,0.19145147806361112,0.24811369954621829,0.2139139728292872,0.1343015627673414,-0.5371848488359188,-0.17981156130607148,0.08439027549523821,-0.6223174164927732,-0.030277544738640704,0.5993885039721742,-0.2715628144701164,0.25615315756791746,-0.0321443134100298,0.5431880913117718,-0.5137922181738007,-0.1598083987903466,0.43606276185335413,-0.1368180386249181,-0.03270823768450318,0.6630462432138952,2.6645352591003757e-15,0.07366061901632916,1.4547853050046993,0.0007878473493973365
-0.08436505135481423,0.05334479885537734,-0.8353610706740435,0.2681059228890245,0.031596705623291366,0.3518350732058858,0.33587456071143024,0.08172983551520946,-0.6781349895200685,-0.16231463338676674,-0.0021296611121463453,-0.7791569879775891,-0.22914000277206373,0.558439355596945,-0.2356708418031584,0.5286105511005224,-0.23614729988601468,0.657129304554616,-0.46139797778763636,-0.5185795175464208,0.6446520070057372,-0.0963021180843785,-0.3477423585985007,0.879161047475441,3.552713678800501e-15,0.10415673620009414,1.4559853622898595,0.0006232760391904412
0.06368163832287073,0.1593264146826793,-0.9087597818637468,0.39817121591742716,0.04127956231253406,0.4358331832498066,0.41161613935742036,0.16502699007028906,-0.7769574213205936,-0.08906102685772666,0.11190521581047522,-0.8118569340829404,-0.10348591708332265,0.7604361883509595,-0.2553452951272995,0.5873241188684464,-0.2245611882092775,0.7010248428817406,-0.5278559929950901,-0.2092539625552054,0.6950952096149733,0.0008420332749711122,-0.21289426087394142,0.9162223901556809,1.7763568394002505e-15,0.009931927337056008,1.4567313704704532,0.00022041604044841705
-0.1761747155007608,0.11519419909421434,-0.7940939280377725,0.1881531234444358,0.10148345424953613,0.26812908752285775,0.3376877637892255,0.16338680190403596,-0.5706209723092407,-0.20139751214809046,0.10098710147768158,-0.7736693622008434,-0.17576760477828704,0.6076348864782429,-0.22382741936911693,0.4576874281107612,-0.17168966907405775,0.6253118822965407,-0.5184281239577528,-0.40927822265834296,0.655011862535926,-0.25151922501812524,-0.3146042247486534,0.8261333587373706,2.6645352591003757e-15,0.19931205040064182,1.4583184129139886,0.000387247160273623
-0.15783940275277478,0.02709392133960379,-0.7973084335858402,0.2060811867201979,0.13551785562575178,0.290691942888519,0.27284223706726124,0.10473171792179593,-0.6009960426136884,-0.3287453865737364,-0.06883961282726717,-0.64391252568285,-0.15252307174828775,0.5719277658489803,-0.24842570679262405,0.40971141714002596,-0.11007426423609605,0.719174013719123,-0.6085511750096404,-0.3564294467665637,0.7296919899736898,-0.28150513154354223,-0.27271241811095664,0.9010685796190618,1.7763568394002505e-15,0.14607075782235032,1.4596419727386218,0.0006391113582800113
-0.07793033310797363,0.19248012208114407,-0.8710271688504065,0.2625116047015968,0.1622332424497541,0.0721737766574946,0.4041959831966236,0.1742477570096076,-0.6538535273793105,-0.08886628643704454,0.18561273577274226,-0.8619097739430556,0.019040344280589778,0.6386876022310383,-0.3198979771084362,0.4673376197466986,-0.23424198362780416,0.4046061458306494,-0.44978387866303854,-0.25628736156390547,0.48473449058647594,-0.25924876021598453,-0.20144947998875656,0.6230307842932223,1.509903313490213e-14,0.2245687548597169,1.4613870873161232,0.00002356222263571787
-0.25088410278155077,-0.3448625391455376,0.001782098628660804,-0.25551256796373173,-0.5064097533045303,0.6632275638325975,0.5742031158986839,0.07015996681953139,-0.6248377072869425,0.33363223126462255,-0.6210380927361812,0.4433356657497032,0.05314643258476918,0.4503754297924983,-0.7700864110098941,0.029544234274358525,0.30689595298352396,-0.0870687731988048,0.001363324863137659,0.08230921601092853,0.7327103561047836,-0.20940053182871451,-0.10976675812113375,-0.8357839608464924,6.492584248007915e-13,-0.198646482785002,1.4640371338239602,0.0016249024252031107
-0.0758001992678023,0.06978990053826829,-0.7535190600125017,0.22498382121326638,0.04317253690086697,0.36276953859031214,0.20744245018344712,0.0901446146342236,-0.6411098285202107,-0.09011295299940617,0.062476893074806056,-0.7440804756339241,-0.15804118264834363,0.636218671619964,-0.13997211665655654,0.42460329718036005,-0.24968940776059212,0.6233522654536087,-0.49288049079131097,-0.39073888177807065,0.5996738848798738,-0.11290475513951655,-0.2682348113265201,0.8288236857671126,9.769962616701378e-15,0.07424664025398338,1.466220710006228,0.0003262608572462675
-0.05086729095370586,0.16537566379635527,-0.9149217475485464,0.26288066923115955,0.10512746306242043,0.2627379919936875,0.3470360911918684,0.15584989242905797,-0.7352700074533216,-0.24749622648596253,0.06052601292613989,-0.7699697867730245,-0.07958193963670256,0.6772431673528573,-0.2765875492213192,0.49723860187283925,-0.21375845969765117,0.6363243636348228,-0.5887399205274629,-0.34305563594043914,0.6645893665860607,-0.30945374601713754,-0.3095855059727293,0.8243406079522194,1.7763568394002505e-15,0.1492785609493498,1.4682841886347235,0.0012673668216900854
-0.134540407159383,0.07651417163302514,-0.7567599881747499,0.31780851961185114,0.14052477980921152,0.211553781893656,0.3079257771227655,0.11867880670356326,-0.6356924865486844,-0.21629591987593103,0.022705774505668373,-0.6582395981851847,-0.11644513729458149,0.574350079764718,-0.21561384276812273,0.628834245378316,-0.16538286434140737,0.5144577435502005,-0.30904182361366467,-0.2598235011597367,0.7700580648423633,-0.11490770846537184,-0.2190227228038199,0.8449759256954077,1.7763568394002505e-15,0.1891141366286693,1.4693968393206671,0.00024307720561839378
-0.20201661435786528,0.11429710112575808,-0.8000370793518801,0.24458729112683678,0.12917330066072216,0.35886089287839695,0.30327521015209563,0.15881342876343618,-0.6506767426514329,-0.2676292853168462,0.07277575790117234,-0.753577204661189,-0.2320500006297075,0.6109541517821608,-0.34189210102840584,0.4426831512696036,-0.06507403684559182,0.6644440739080373,-0.49556579556852115,-0.34905603416934355,0.6166185195755607,0.02427754528956028,-0.1349955960189928,0.8472191507774044,2.6645352591003757e-15,0.06469412141541812,1.470579349856586,0.0007648719120574405
-0.09022426203548113,0.15885235044662482,-0.8541369870884341,0.22576196464823975,0.1549565349956084,0.15614899793833567,0.39349207213271603,0.13920216495363388,-0.6299602717514615,-0.12050683231246953,0.14441022495064712,-0.8306444470626722,-0.07551064401885456,0.6306035938454845,-0.305171125972805,0.44655109799232806,-0.19266903037604757,0.5384496633960105,-0.5161271875622613,-0.30234758106286735,0.5625119783973448,-0.2950579028966295,-0.23284526964146665,0.7209197730249917,4.440892098500626e-15,0.21032087077122977,1.471973966254543,0.0008463573321116085
0.05361218636501074,0.017922212365558226,-0.7260593354185593,0.2311268878890852,0.06538728509215083,0.397557790105627,0.36697847745060813,0.0022191895139092,-0.5568328478096536,-0.035318832838385085,-0.0045202917528545565,-0.6710246035852223,-0.0831015459227319,0.6095578050039528,-0.1766838842157372,0.4002981728661583,-0.2217922509790754,0.7460305628396078,-0.584029335449578,-0.17303784001280445,0.7303487618808857,-0.3496149822997757,-0.1410584755252249,0.8909914737742255,2.6645352591003757e-15,0.1273007899004672,1.4741850258423106,0.0007176365096982235
-0.027757616173593024,0.11012148912078912,-0.8139787079505396,0.1785475469584345,0.2763590787755554,0.26265737731230043,0.2631210561013951,0.25085960647651984,-0.6596934466884523,-0.126753469597737,-0.007588194926274057,-0.7115411950130482,-0.12460870436054816,0.6911282761991795,-0.25874426516518373,0.5449420180506767,0.04651100665403778,0.6207066097676951,-0.34694425538610946,-0.38968175886949075,0.6610441948780823,-0.1330999604410178,-0.26883329340099704,0.798608747748082,8.881784197001252e-16,0.17332338090907692,1.4760849315092381,0.00129380556079928
-0.12424266393725714,0.15174394041879544,-0.8053861404673579,0.16856939906212104,-0.05247782312080901,0.2830618349808676,0.220249844073006,0.07026779364905787,-0.6577024211586692,-0.16358373534106335,0.14147086619004778,-0.7822197493565403,0.01675119501640137,0.6366429658904202,-0.1594213376500294,0.25651331923966775,-0.4365958203795373,0.5674007355344537,-0.6844991167135002,-0.2758276199947693,0.553427552157997,-0.3095223423870318,-0.30826581045959206,0.7701206973313618,1.7763568394002505e-15,0.10497973227748664,1.4795094174642183,0.0005138870630072136
0.005439529249815893,0.13187820524444158,-0.5916798216549761,0.3109541284974374,-0.05515159977173643,0.2762468430627285,0.27282768347570563,0.03897947829617928,-0.5328941766712486,-0.12608759374472786,0.12269608848277039,-0.4937927619517922,0.03183648355770041,0.4866813726893997,-0.1919743822857274,0.4166861729691333,-0.2406368336801406,0.44486492377876297,-0.30352168951388603,-0.08302907004342343,0.5133741928811402,0.07554153707365362,-0.16020931326000173,0.6215129803946802,2.6645352591003757e-15,0.012737361205961726,1.4798911893006403,0.0017113823873714839
-0.11360165196390404,0.12555703592281048,-0.7165880602143214,0.23754450424927803,0.18890775742802682,0.29259308556868635,0.23722220401763078,0.18643065429920772,-0.579418525958462,-0.14203892550503266,0.10285134588868526,-0.6918144403463603,-0.10239292376333972,0.6710091771628205,-0.139563915292809,0.48221977055317516,-0.14026518494983423,0.6291090763249784,-0.4117680788945494,-0.3725856628166285,0.6467959076926064,-0.09108859333842705,-0.2398359208223707,0.8381194571861048,2.6645352591003757e-15,0.134953050494289,1.4817678246814368,0.0006360436037045139
-0.24438026038113253,0.07530646179131878,-0.5988706816257242,0.2216367506810351,-0.05575478002628588,0.4691106985665407,0.11353771856119917,-0.02439642327767872,-0.5064551409190997,-0.2656267458504637,0.06954068520643568,-0.5857519307020501,0.06840316157336039,0.5793804395375542,-0.11740939346520957,0.30176885552635246,-0.3100163645932106,0.7764911121553636,-0.6018893212649848,-0.28987818487271355,0.716175893055,-0.016588926413622387,-0.24638448050310738,0.9410231389690107,6.306066779870889e-14,0.05688907043306334,1.4826175112284936,0.00036642409309330776
-0.1420130701599696,0.3943977208242505,-0.722854913057362,0.2314959841913162,0.14300847800347297,0.39132505395558137,0.23535681167992192,0.32165832590231425,-0.592458082789203,-0.3834952231709468,0.30890278258705667,-0.5621365779921786,0.041410108333010336,0.7978386582634889,-0.11860644651088954,0.3660451927744741,-0.2469112175940413,0.7044408431211768,-0.6698569853679514,-0.1995695206600712,0.7004133753297005,-0.2096343695390468,-0.2677743158387722,0.8792649648521109,1.4210854715202004e-14,0.07840335185840781,1.4850405779993407,0.0013890943762347246
-0.14844642161027918,0.029288373419808007,-0.8629581892035485,0.13937565250050926,0.18277476927668163,0.2922521996714736,0.22724203801931975,0.08375449172047698,-0.7023191994728032,-0.16318488783466648,0.021412439458743784,-0.8510939758000899,-0.24298504633008008,0.6894968983500392,-0.28331484482340563,0.43583335421070757,-0.13213918083977477,0.6680088153038969,-0.5722056371693427,-0.31133572102748625,0.7325333811044384,-0.3314873765257887,-0.17491997552451707,0.902439354626425,6.217248937900877e-15,0.16068625838170106,1.4870680295835643,0.00039390058797922367
-0.11108508591838581,0.22758507441689846,-0.7590887806283748,0.2498315597850916,0.08309382707514841,0.41682619015041233,0.1858661318547064,0.22300999249674125,-0.6422877426100033,-0.19400771696823366,0.18746159348915775,-0.7032544252367189,-0.07207545319494918,0.7907025239975581,-0.04732271512597785,0.43702716834917,-0.26969834872185827,0.7203433125847484,-0.5813820687375655,-0.3435521220697061,0.72825158440968,-0.20577542417721675,-0.26845006752028255,0.9541557015324059,2.6645352591003757e-15,0.098058545640856,1.4878962656807382,0.0009593973924371696
-0.23135258337611062,0.0747744123775469,-0.8213323653415905,0.23908435020637803,0.09847873680292694,0.27499820310059964,0.23906781922520257,0.08458900789538963,-0.6750197263172074,-0.26927310456079706,0.05242680105118169,-0.7838138821839279,-0.1584721283023343,0.6579912317634165,-0.20322812723500255,0.5201918135585019,-0.2877658989318231,0.6395132387336792,-0.5208385942896254,-0.3425324731117879,0.8226958667645977,-0.24223552099348022,-0.28038902766279095,0.9549845025910102,6.217248937900877e-15,0.17385858467355722,1.4895582359700799,0.00024408092207594642
-0.0056310794332556325,0.06692979405496625,-0.9196959572069414,0.31569799725480263,0.044214685314317076,0.3112800809675619,0.30050187184283006,0.03993269533607247,-0.8022214290579434,-0.195295497939281,0.004170711999471477,-0.7867678708659368,-0.008404965182696306,0.6759099819247177,-0.29127643784269686,0.5235261847184423,-0.29856306053509196,0.6668969998442321,-0.5647749649000032,-0.30600871535211266,0.6961907823349558,-0.17225253226861592,-0.30735476286183816,0.8727708109005189,8.881784197001252e-16,0.08566293608129576,1.490714280763,0.0024640357033385023
-0.008023733795675338,0.058476866136900806,-0.8835139926716048,0.2768282600953272,0.15831869519231975,0.2680495548117404,0.35807797177537676,0.06813517472522038,-0.7201091624141828,-0.039817494499954975,0.0410864775478372,-0.8567901113325975,-0.0647448694874003,0.6978810972946794,-0.19847078121467235,0.5802106292983643,-0.30247451513294366,0.6841824481469925,-0.5208902584103073,-0.3595056451701797,0.7937693458190335,-0.3003864514413078,-0.3693449668414329,0.8893530486434866,1.1546319456101628e-14,0.1830847131753088,1.4927230018221151,0.0005708210962936539
0.06908971322373303,0.05304711360079234,-0.9430410773399754,0.3082098864615093,-0.03364585239863762,0.3241613242588978,0.3039792288016839,0.054640789024345354,-0.8412759525148139,-0.15557738475173283,-0.04859724037624519,-0.8032581819653363,-0.11569947495872149,0.6206951814546091,-0.2864414678983044,0.5273049226133729,-0.3166394941638531,0.6348937217287423,-0.5321038907513074,-0.42680452205646735,0.6306636173247834,-0.19557607542190478,-0.35457876641149,0.8339129629559052,3.552713678800501e-15,0.06110739425409312,1.4948040049289044,0.0020521418967585844
-0.1835272764590056,0.08397075354998967,-0.9043078508087933,0.2687788489666102,-0.009377689619380168,0.3161537387750171,0.3226066462713719,0.02729084972289689,-0.7546554696894978,-0.2356879310348553,0.06972509195016728,-0.8659168559569609,-0.14079464323509158,0.6407878509115537,-0.35305334114935844,0.4924881830747907,-0.29898311529410077,0.638612363035706,-0.5632959802691256,-0.3174678041767188,0.70366606220018,-0.11416403981053914,-0.24724371831164613,0.8977351904200863,4.796163466380676e-14,0.11110352616267975,1.4976179802999703,0.0008343583638669695
0.05031781237320862,0.21359555594604493,-0.8589002178297918,0.1804871740592737,0.13527474066641232,0.3695731840664997,0.2948815798188168,0.24103540890790467,-0.7378341705449721,-0.031845749874549474,0.16824990197634904,-0.8216763489744635,-0.1467453962806901,0.7701961802779947,-0.2858043160391472,0.43176292002476413,-0.08737043908296593,0.6041715501013649,-0.48716725908918634,-0.29762012623510625,0.5011527738906421,-0.1443763482135992,-0.16206671572562706,0.749621428193794,4.440892098500626e-14,0.06470059039212275,1.4993042578761302,0.0018724458050785114
-0.05598433306311532,0.02823601991330027,-0.7294247967740206,0.1642049566979671,0.010616724422809972,0.3060972084295987,0.1458301504115201,0.027613182276572817,-0.6524578775322969,-0.18762333442236184,-0.033354694795445096,-0.6574661912825237,-0.12494346170288301,0.5205286695078836,-0.2823173660529867,0.3040063044176921,-0.1792329536991249,0.5280025927229891,-0.4763996624252022,-0.32862810496205647,0.452342165034177,-0.10460743923059565,-0.17332065318154433,0.6757881589575316,2.6645352591003757e-15,0.02251399871316177,1.501110437845068,0.0007532591838077629
-0.21311419255205136,0.07265271880193469,-0.7996206543027516,0.23829544118220206,0.11699772082599473,0.26367669377834474,0.23893113022406984,0.09145587402687104,-0.6549976090725417,-0.23109981905999102,0.06405553700151521,-0.7814734268604183,-0.14209815894537808,0.6635007975868359,-0.19493661030504325,0.5191174792387183,-0.2667893017878453,0.6311429571792959,-0.4867582430214209,-0.3035594144836533,0.8288613645178374,-0.25934330562992514,-0.23702337168240356,0.9469326335580407,2.042810365310288e-14,0.18992644993210922,1.50347203987113,0.0000806452925070353
-0.2674322559808637,0.10369813443754643,-0.8340563022526799,0.21960857532622116,0.13931903472582,0.26457707890581295,0.24817573554797942,0.11268872845902249,-0.6756943142861255,-0.2934940098130465,0.08422793545550902,-0.807742584001742,-0.1293329080284902,0.6901002844302051,-0.2086975982530858,0.5360399483861688,-0.3169068119745187,0.6593000605925039,-0.5249431921594517,-0.4117029370107452,0.8428892928394578,-0.25425697646469086,-0.32890116307403805,0.9858273355012546,3.552713678800501e-15,0.19776525924489852,1.5042477358148179,0.00018164587841296536
-0.0009438690365829003,0.09200063240447613,-0.8277264328170304,0.26481584368673833,0.010045262949276709,0.40491528643370805,0.2815749400087059,0.10044266485648114,-0.7116087770588815,-0.09993436757435985,0.04490027298953895,-0.7758796357541162,-0.11849865875646845,0.6550705452682017,-0.24665991303860907,0.4238210266647802,-0.25257944227525597,0.6722876926027588,-0.5171048619670678,-0.40332900318578097,0.5676559641620578,-0.06703410278996803,-0.24634219567129087,0.8471784409010241,2.6645352591003757e-15,0.02889904541602723,1.5047991960347709,0.00028112813877957345
-0.1824193576725855,0.07696513646761968,-0.8902166546841047,0.2704435021918157,0.005459224703858746,0.3130323612095189,0.3047325999591602,0.0244963081987068,-0.7515115133478907,-0.22908929568888856,0.06428716235487462,-0.8550034005473077,-0.1434803730844412,0.6414335230720415,-0.3414112709816019,0.48996595860411474,-0.31014296441177924,0.6395600882358414,-0.5536452481860026,-0.3039570451253846,0.7182203900647478,-0.105517954663607,-0.24612926907952778,0.9017221110882201,4.440892098500626e-15,0.10437250840521411,1.5077184833140296,0.0006983866886934648
-0.24746322080636127,0.07680499939962966,-0.7927829836527377,0.2228029842334728,0.09657856938693916,0.27730685563686286,0.16205907049586254,0.09853812162810012,-0.6769874671456034,-0.34032192165224967,0.01892197457683796,-0.697658613884263,-0.1614071555391972,0.6392214814213445,-0.20596383190610681,0.4979768097580897,-0.2800713471808746,0.6176335736294798,-0.4940343504257272,-0.3311789752485451,0.8231536659128107,-0.2325607685055032,-0.2530392826472894,0.9469964645682595,1.7763568394002505e-15,0.1562142244309302,1.5102253389111706,0.0003487593592358661
-0.21009308518478384,0.09387378311208705,-0.7903424691268524,0.19642357524172757,0.09254471625475419,0.2982224804287018,0.24329548015094807,0.1639830929857658,-0.6306630098072545,-0.2367472850783224,0.07568428020546979,-0.766603594785393,-0.16026007035554843,0.6574444842214674,-0.2092265724353705,0.505393780632231,-0.22414186286174723,0.6157148312254082,-0.477522055319937,-0.3451809921827193,0.7675321606510186,-0.21463322527097842,-0.2827404630823684,0.8911678355457693,3.552713678800501e-15,0.1791428109251011,1.5111944501277002,0.00002176981292405662
-0.1502169896192102,0.08826806058401845,-0.8135757871260513,0.23140890661629857,0.11785887506129096,0.26916036026295564,0.34263478922075985,0.08039477588686508,-0.6112587021445587,-0.23320145587244792,0.04318827735858505,-0.7614515508128761,0.1086921827490748,0.5973618844588247,-0.3295406148193317,0.3321183320108428,-0.2520671951708857,0.7356452868905909,-0.639866844071577,-0.35152454017102014,0.5911172457653382,-0.1012165423158447,-0.26889685069563923,0.8591788631953384,5.329070518200751e-15,0.09374583708346672,1.5120058790612838,0.00041236839390329185
-0.04849156640622829,0.08876550643417616,-0.8576901853916696,0.21281860911494418,0.08659009131679507,0.2934796272475576,0.27668661039369385,0.09263172232338757,-0.7244974341357353,-0.08267577840215819,0.0717676217066986,-0.8331723197224589,-0.20092813598593523,0.6571369239229363,-0.23138938257022276,0.48969418591725383,-0.2631479705452644,0.6159413528566984,-0.5069206696776268,-0.34344299997884464,0.7012019213959346,-0.2870801914589807,-0.27311882348360234,0.8454282653695059,3.552713678800501e-15,0.14162963495979225,1.5137452005228438,0.0005791546826432635
-0.006775863043056044,0.08347705533532317,-0.9369053917138156,0.2182240251407128,0.16102217006035402,0.20678967112068594,0.30619998694785194,0.09186114180536571,-0.7868768438924495,-0.08688245173434624,0.032740178076527376,-0.8866650387634699,-0.05453892272888905,0.6875955725864755,-0.35573450002319956,0.4149511829163798,-0.20641923946854837,0.6180825313574119,-0.5698178391175233,-0.3679473285977028,0.53254289547435,-0.22641032505709968,-0.2620210875543186,0.7620713350491001,1.7763568394002505e-15,0.1135758487637738,1.5171628440949674,0.0006726445848390881
-0.14566627141041064,0.09060320448908345,-0.8715796522474945,0.22709442161775142,0.18616778017147084,0.2558954602514112,0.2860233748222648,0.04713817667875219,-0.7086870460813424,-0.2091186766691305,0.055920047766120744,-0.8164413000152492,-0.09797779216231473,0.70434038741143,-0.2587348298176509,0.5094954717058596,-0.24198544740051778,0.7225615609817239,-0.5662094343654386,-0.33747615529102093,0.8301024058479402,-0.3488278791056709,-0.24961213714330227,0.974800520057209,1.7763568394002505e-15,0.20060552623639083,1.5181815351930732,0.0010649325992490074
-0.013940372370543307,0.04430823701016461,-0.8383862929189898,0.23802640526738766,0.09597579601036679,0.32348549945320554,0.2613542776074873,0.058357955275768994,-0.7220864447166678,-0.03234530112704975,0.035385971139838684,-0.827740712606489,-0.0742985166822617,0.6788924450231045,-0.2852169864381108,0.40623220283735273,-0.2090895039540407,0.653173651476121,-0.532666828173983,-0.3068073140181294,0.5742415508641759,-0.09982328531900081,-0.20585220141000415,0.8116489051057741,7.105427357601002e-15,0.058310069796801166,1.5198355951632003,0.00018479846125950367
-0.07657093007318676,0.19120217895345126,-0.8388590218130362,0.22268798704950057,0.1654064802340075,0.13016314430737774,0.40537004170289964,0.19302617440224945,-0.6131819324446763,-0.1356126512720174,0.1571141021672212,-0.7903098702010497,-0.065336135228216,0.6162355036243382,-0.3061815850842174,0.47188001925896117,-0.2193054536200268,0.5083553454324982,-0.4749580650813689,-0.2775368123837815,0.6081692293612198,-0.33871506718478367,-0.2631649780753843,0.6879402069401258,3.552713678800501e-15,0.24423116732700706,1.5204451598785993,0.0004183749951756697
-0.05663187827966349,0.09906186460740271,-0.7348113111770662,0.19693292752593602,-0.021018217393261658,0.43105687590958947,0.10758044976797355,0.06428586095349718,-0.6850737541042976,-0.22222274691054514,0.03874840962407055,-0.6442136884177375,-0.17733963739764458,0.6316137868096011,-0.1703763018937056,0.3507954560198325,-0.26772032637190823,0.6581487162953454,-0.5501814349322036,-0.3301386358016048,0.6225535002716234,-0.12900626407214605,-0.22979413047792854,0.8496172119260024,3.552713678800501e-15,-0.00031201562411171344,1.52243117679755,0.000556246467576781
-0.2095845467230973,0.1683495595892267,-0.7921877863642407,0.17718310419444847,0.24031671541565613,0.2881065477356072,0.2804479339206483,0.2840473378173493,-0.5832785203156922,-0.24058523754844202,0.13872392407996867,-0.7644636254127524,-0.1804595802140082,0.7151537691737491,-0.20922343030869248,0.46457093024270574,-0.1343112674633197,0.7192990873792997,-0.49898862509158776,-0.4490569042287571,0.7162293702064871,-0.17831820580016172,-0.2919238202612536,0.922348493158311,2.469136006766348e-13,0.16996053080712784,1.5235200251499632,0.0005736395649029265
-0.08305622781973644,0.15421455537311168,-0.7788237831085506,0.2687074300799505,0.13596485890164678,0.2817707365903615,0.22775264254160443,0.15245103425315962,-0.6774284509260653,-0.10662439306842979,0.1430730699750741,-0.7616689327938384,-0.055507812877132315,0.7125140195247165,-0.21400800589448352,0.4733213271193374,-0.19228672981462355,0.581331163437245,-0.4289431710059052,-0.27373429070090477,0.6204583197381571,-0.07410633133881744,-0.176092645533575,0.8060413923486808,1.3322676295501878e-14,0.10304067362107766,1.523917387593941,0.0007114565538407737
0.38091171687900277,-0.0017455532484132795,-0.16576638153342807,0.11001039707555998,-0.0959684655979718,-0.17156681501263032,-0.011233329390477675,-0.13807973619116165,-0.17409656902750695,0.3088576166707182,-0.06143952819266065,0.1854624614208515,0.08683544078675905,-0.14350395139741293,0.23081608540779763,-0.10224409918414272,-0.21336435876743834,0.2693945950698291,-0.03660976048897993,0.25404465103308627,0.12016106455096777,-0.03799187975544826,0.25292536442577424,0.12147271752000498,6.306066779870889e-14,0.49756818547994003,1.5248003152207608,0.000005885457717648934
0.05872751886535833,0.18613931005748205,-0.8893302245973759,0.34988097072739394,0.1673143165534008,0.32636424964734073,0.41847157397527307,0.21852713789985304,-0.7428059554700838,-0.08065368356783068,0.12246394389771853,-0.801483139701451,0.0761751244099305,0.7711875342069925,-0.3326259199943302,0.5833836431889878,-0.14216823455108205,0.6612919018251356,-0.44845384180116116,-0.21139300743885794,0.655082765227341,-0.019713336686339657,-0.20616998943616013,0.8274697603745075,2.6645352591003757e-15,0.08553549648271425,1.5257175948495714,0.0009377876479100774
-0.08312976597909781,0.08433616500425586,-0.6806215101231843,0.2623063540733676,0.08981012252494494,0.22947626278967284,0.2887664981840344,0.14157989941823526,-0.5337484540635339,-0.11424474215650723,0.06469252616794026,-0.6624658869632714,0.15032725361723515,0.5299367099931205,-0.2927549999276981,0.3317940936316995,-0.16630354608681647,0.5421797914511575,-0.36339245546520843,-0.3658938626884428,0.39599770202102386,0.0715921780509852,-0.14592827700785127,0.6536274571204899,2.6645352591003757e-15,0.07235261010416168,1.527670983898657,0.0006258671746271186
-0.22424566741707314,0.1337597930278977,-0.7980429963956404,0.23161902662206552,0.04422691074709293,0.2902416015318107,0.23723052713405884,0.11753480947382686,-0.6710125880735662,-0.29448471002597354,0.09879079304108333,-0.7512595318587275,-0.03953215929093391,0.6226090229433728,-0.328895002461641,0.3872727162545343,-0.24221375959756344,0.6195687581706443,-0.5413442125175719,-0.3463642968227379,0.5879376109907183,-0.015260691350532662,-0.2436728033743875,0.7979713153635303,2.6645352591003757e-15,0.07558919065938514,1.5286053199499072,0.0010497685052226146
-0.06678963122093175,0.167823568617952,-0.8453663221906302,0.21646376927425895,0.17766768653676296,0.12370836966717216,0.376964118510235,0.15182385832120554,-0.6412566406057605,-0.1263872731849039,0.1307500202843018,-0.7967267630155281,-0.047577616903240735,0.6218281296522605,-0.3054361018485182,0.4624312785271687,-0.22229967004123566,0.5263648537393399,-0.4829294177712235,-0.29066117113372847,0.6100574800676426,-0.3481494018099517,-0.2630751469864968,0.6986445229301707,1.7763568394002505e-15,0.23961566857521405,1.5299203825534413,0.0007233505770745347
-0.15313428138437774,0.080845079671761,-0.8649545920281085,0.24123022342724304,0.17815311913993137,0.29047378632046356,0.10682960299614887,0.08721988521692228,-0.7579595618482026,-0.29600946680523543,0.0043407286027435585,-0.7523466031052815,0.07402305255112174,0.723565223504415,-0.21789970101528816,0.4107742619868675,-0.3260582957308589,0.7847732624861622,-0.6096093399569023,-0.5450973722762268,0.7067106625186316,-0.2270076213126034,-0.3421907675814975,0.9915898480143034,1.7763568394002505e-15,0.12150720041714327,1.5324899982799731,0.0008904782781371672
-0.260169845537707,0.12933809986158865,-0.832643991902248,0.20075819969383182,0.18057272596600693,0.2582875880220118,0.2955898659108125,0.12234347146486936,-0.6495346540810923,-0.3156510822966788,0.088604547238726,-0.7789367801571223,-0.1744267000520695,0.6716407840396506,-0.24686108243012012,0.520247537500331,-0.2244456775479069,0.7433102982891499,-0.5445432012162001,-0.4383608339927288,0.8610202747985618,-0.2950085212090599,-0.33292953915267837,1.01113336270051,3.410605131648481e-13,0.21913633406222066,1.5338909640236875,0.001004117399791244
0.12103856783111486,0.11202218838896842,-0.9316328250278262,0.34805743020731744,0.045366400256116296,0.2498201287844002,0.27959210828514924,0.10723314152911279,-0.8758595350608973,-0.0005028608584116467,0.06291788178143023,-0.8680458915591728,-0.037524141572004996,0.6793171120607712,-0.3995632212290935,0.4933302560742459,-0.16747197648032025,0.47663598203272256,-0.3971009929566207,-0.23001758903199093,0.4142737708506376,0.06433254938935812,-0.14998500033542372,0.6347719747463755,3.552713678800501e-15,-0.027704766042009023,1.5360912773628261,0.00006325384712041613
-0.11247589170709962,-0.027393684832271815,-0.8904570619554354,0.10743378240839255,0.18415559012131427,0.313845363686243,0.17586654045586392,0.010767071586965818,-0.7546410604170978,-0.1569933987436076,-0.061988679222005565,-0.8549060731039699,0.10936716651098106,0.7378210259490922,-0.26574462846922303,0.5297640288749379,-0.22345032205578438,0.7840278348132058,-0.5492198795869762,-0.439883076548718,0.8564673665545794,-0.3896533603874144,-0.3350619428177849,0.9873731636827205,6.394884621840902e-14,0.2482156047162721,1.5372386566880405,0.0010081488618018327
0.3803559949276964,-0.0017290846887053814,-0.16773401347195496,0.10980296316896031,-0.09564916347677858,-0.17465092765383758,-0.009746281413757728,-0.1370520868020926,-0.17752877257806668,0.3075002795186892,-0.061138401968727885,0.18875104415151608,0.08692553549371136,-0.14242631797118796,0.23375322023576264,-0.1016895841395193,-0.21185220856491563,0.27213390853253117,-0.035245805333838275,0.2524049603302924,0.12018337355406188,-0.038462034777468554,0.24974542625977084,0.12333187350447031,1.5365486660812167e-13,0.4942478115577579,1.5376004900110967,0.00001886276379180495
-0.136788402048479,0.13072176235077806,-0.7494354084436954,0.23467025028033328,0.03737643667402142,0.3388180933664208,0.21655729017636352,0.07917760942831106,-0.6514686879320746,-0.17197247305835228,0.11281478016044096,-0.7249208977171671,-0.14081354674187438,0.6387990666579388,-0.16182002056467543,0.4686645809611099,-0.3174472532301145,0.6390853478157668,-0.4624784919586694,-0.4193553906269781,0.6979737543934228,-0.13490597449892885,-0.3086319859800164,0.8887932220282082,3.552713678800501e-15,0.12261032232751194,1.5392436408023826,0.0008548459843858927
0.0037662923398743505,0.11007194400643636,-0.8193753303071187,0.257417168301928,0.032302516088344425,0.39608018458451244,0.2672463562410283,0.08907284022621352,-0.7235156693216925,-0.0927545137579333,0.05295857957880237,-0.772244895226321,-0.12897706578290422,0.6569464046456135,-0.25672329420840845,0.42712931597378956,-0.2393568779919941,0.6850165551361698,-0.5006008780814529,-0.40823224946767944,0.5843238520591898,-0.06966307205097513,-0.25248372847174627,0.8508849742416436,2.6645352591003757e-15,0.03377035706232492,1.5399089198177227,0.000222170792330964
-0.199784883082674,0.0646850413099449,-0.7252112237825844,0.15315160848579268,0.0811361905364083,0.16982693460668552,0.16760919792405182,0.11392322927444845,-0.5786447109413531,-0.2569092433549378,0.02946837694874792,-0.6815202024609006,0.045168998295071525,0.5236429953746635,-0.2772812692589268,0.302533631325971,-0.27490609875611327,0.5072444593745797,-0.47880547928203904,-0.38860943013805826,0.49223389330782513,-0.16374719602784119,-0.24125349081903472,0.6935299147094761,1.7763568394002505e-15,0.14348039979982008,1.5419540834445364,0.00024815650607329956
-0.07075383344848268,0.019005407790532322,-0.8532994948125318,0.20653513777246876,0.16019480541515269,0.32682852927409045,0.2474891178815471,0.11564966524973899,-0.7149109709096254,-0.23056163738543603,-0.09998134452044703,-0.7191286893841151,-0.22802339984698647,0.598722865223695,-0.3035115738111996,0.4904026292751245,-0.12017072765564787,0.7400772902610634,-0.4885065013832657,-0.44180598148180733,0.768295119369011,-0.21454889583088185,-0.2776176087903221,0.9453707358681409,1.7763568394002505e-15,0.11333927658558378,1.5449055596255303,0.0004931406093148138
-0.060347998699387284,0.08615917598660547,-0.8235910336328438,0.19858630619314196,0.03309687877476388,0.37486416781864057,0.23354381374554428,0.07797287284409633,-0.7226134263266839,-0.1290613894952387,0.05456065352377025,-0.7807390421480511,-0.15903267197359358,0.668101465608306,-0.24667776422090767,0.48581490164457175,-0.2513578462544616,0.6496866773384514,-0.4995965647905917,-0.31044187990048927,0.7198338877435627,-0.1760130639902882,-0.2836824372908629,0.8600180079681065,1.7763568394002505e-15,0.09963177970628882,1.546431888587083,0.0006273680177155516
-0.029217978445378358,0.10811813637570634,-0.8663736585831252,0.22820184137292737,0.14407912550369803,0.23480292056774474,0.2631320183479479,0.07677756440526541,-0.7437555440639566,-0.051955096381317664,0.09889550897377361,-0.849285606201745,-0.07593091791237645,0.7155597545928634,-0.22188622792772078,0.48803810054317787,-0.27805258784459197,0.6323289047161544,-0.51624722418921,-0.28715083442305533,0.7395223117826553,-0.3660804043021881,-0.25168225441730163,0.8404195528812417,1.0658141036401503e-14,0.18756612682480664,1.5483530959994292,0.0007127023747355267
-0.10181760053253658,0.043971012838086694,-0.7254265230320889,0.15638493775654522,0.05440014131406638,0.34832413149807023,0.1967949684274307,0.07992966831628485,-0.6004522846576942,-0.14230516686234887,0.023187291519737196,-0.7016484450444638,-0.20436986090815956,0.573408627097797,-0.23761439467189333,0.3099147064805669,-0.16185109050649946,0.6656835210600803,-0.5322772179757707,-0.3492589841384362,0.5868077707807494,-0.15351838143030352,-0.20711369102503976,0.8056608810051358,4.440892098500626e-15,0.06624644302537681,1.5501755812762865,0.0008121377508593146
-0.08517438634117383,0.15382878669882843,-0.8363605575827857,0.21440097821380216,0.17916716905828703,0.1171857209604295,0.3683878523390205,0.12711102422759687,-0.6372334659294006,-0.12241230730412239,0.13491953346313612,-0.8055559857959442,-0.03985798839775793,0.6224977019064769,-0.3120733241808879,0.45558769071442284,-0.2150611785766632,0.553359562926453,-0.48477583368617816,-0.2816250159205986,0.6335589496419638,-0.33656492502482493,-0.25674610500434214,0.7230283851089507,2.6645352591003757e-15,0.24674083107503242,1.5521359464831594,0.001128387511573446
0.015112426130082854,0.10179979725599832,-0.92021699240364,0.3171483421880142,-0.01288507483319128,0.38284936175207224,0.37053993271787955,0.08072594553980303,-0.7782174293379626,-0.11845193822519784,0.048685613691048124,-0.85001457061495,-0.0771448048180241,0.6718765864932965,-0.32264339133208014,0.47292818633883693,-0.27745506403544595,0.7536124309192296,-0.5614360082690183,-0.4397959855319728,0.6343071730247158,-0.08373742664403991,-0.31826132237106647,0.9082097159953317,3.552713678800501e-15,0.053754003055672815,1.5543726559714004,0.001388786168688902
-0.21644660776705682,0.12467116567568082,-0.7796217715485679,0.2317554862257087,0.034056224607091,0.30931708849422457,0.22340876500612916,0.1079100740849291,-0.6670452717626076,-0.28394615585619215,0.09098029143640037,-0.7354229908246055,-0.04817474209214059,0.6154602968040095,-0.32496433320899776,0.40219331100324474,-0.23010593461894766,0.6276869378196205,-0.5052290184703632,-0.35169132982751894,0.6094156219070701,-0.00007668890730792091,-0.23819176321833505,0.806544207325021,3.552713678800501e-15,0.07828301882657619,1.5562641365992247,0.0011334880373327972
-0.13262838934008359,0.04934074011164609,-0.9514653125949568,0.26176447445691503,0.1098157624743498,0.3309439345351069,0.34702555107464267,0.10520850178702502,-0.7715434401102608,-0.2327064095170168,-0.012797606296245096,-0.8776694045106596,-0.12963751145370805,0.6784692128507159,-0.3776566732174807,0.5209036889734251,-0.2458599375505267,0.7800305612714636,-0.5797542074658267,-0.4319616349400168,0.7894476520282525,-0.16298704462119853,-0.2963228568622294,1.0032873260910058,3.552713678800501e-15,0.11763075677546209,1.557572247688571,0.0005618717559683203
-0.18789712600029906,0.0849636677280726,-0.8218739363886616,0.23004142572494404,0.15682508331367107,0.18031667700227474,0.29778874386233234,0.2016643887838596,-0.6256359551302676,-0.2802127782583664,0.011945861759911178,-0.7382959524826762,-0.04168875770470926,0.5889241108081245,-0.331793797807776,0.43827859443763456,-0.18014395237960182,0.6517680074838869,-0.49310106141037585,-0.4351967631358797,0.6369108614887977,-0.10885250644935135,-0.32140145622124866,0.815477319213178,8.881784197001252e-16,0.14768954931385533,1.5587303666279366,0.0004765983595411429
0.006707276111909062,0.17593089605238085,-0.8177214383929758,0.3265224023713824,0.038693121798845515,0.33814698506379304,0.20801364388846316,0.1848822694713109,-0.752584442442215,-0.1320911604717857,0.08523884039215479,-0.7419479925995548,-0.07688993933306904,0.6834678152011227,-0.2547469457967863,0.4735240445643267,-0.1870000565261277,0.6047578161318109,-0.4078923695120207,-0.3876516710625793,0.519292842501276,0.06671249534434923,-0.24467334987977285,0.7569112021924681,1.7763568394002505e-15,-0.003503356891477275,1.5597439859729674,0.0001384791676537174
-0.11661704485818927,0.11886879287234804,-0.8632873330937758,0.2928780281020731,0.011967150069626082,0.30689744464350965,0.3138987667085037,-0.035195877180613434,-0.736850753525592,-0.20713801699259107,0.10866197891412961,-0.7951394664340765,-0.009370940759347657,0.6563542606128254,-0.32343788560539266,0.4858420187840799,-0.3718455331383315,0.6941854936445414,-0.5346808568570857,-0.2266214879954475,0.8095514876858145,-0.19601398101568268,-0.19720245439798637,0.9674617750077147,1.7763568394002505e-15,0.14486743239651198,1.5631509783943043,0.0013653099237268176
-0.24221632915537702,0.10811924036715928,-0.7764100609267578,0.23407603836512292,0.16019509880622645,0.19301714183203508,0.30247767700362765,0.19953023783085236,-0.5922864903887034,-0.34831686982152427,0.028113858635766317,-0.6856487088035735,0.06914564324068534,0.5556312693575258,-0.3808266685194971,0.38343200878842953,-0.16765663307585424,0.68450731067252,-0.5230829106738452,-0.3926322004653642,0.6235193959456719,-0.027476432176008578,-0.24891957516092375,0.8263152045734532,1.7763568394002505e-15,0.1099274337458083,1.5646230873494884,0.000839471784875432
-0.07713801488209503,0.08646185784550116,-0.8894505476245814,0.23752099642092903,0.14345829172590652,0.24383750035111024,0.27286278807615727,0.10644170337322226,-0.7506142000360378,-0.13876926804111403,0.05279370113409004,-0.8395747099577765,-0.10393210109644274,0.6967636704517015,-0.27697862367261905,0.5117714182288027,-0.27784439220319024,0.6507372952832828,-0.5074711541387494,-0.31792543387957134,0.7703283696802649,-0.2978361477731859,-0.2650329174509381,0.8906908028297637,3.552713678800501e-15,0.16578563957958684,1.5659862646468683,0.0008603806604876201
-0.1714441670408421,0.010366240880447894,-0.738008554276485,0.190639628575627,0.13146715826090374,0.2462107429908031,0.30566948041092507,0.15291459415958134,-0.5035529646726046,-0.27446126575740204,-0.08161265998949534,-0.630315206100299,-0.116848152536523,0.5071396816188941,-0.21303458945444895,0.4323088229141002,-0.17709450976613336,0.7776077056306229,-0.509577363391275,-0.5085612599220279,0.8007728853943825,-0.2770314188505748,-0.4480916030080113,0.9152414614959915,1.7763568394002505e-15,0.22364379792330666,1.5690195042266668,0.001019203684416358
-0.004693285302727406,0.06537077059775347,-0.7454084949138385,0.2579938855218139,0.07542849448668251,0.38210366246855576,0.2389449272368045,0.09058567607621754,-0.654698766353249,-0.021427926746564067,0.05448002333081151,-0.7351842386526234,-0.1532454477637942,0.627483642683521,-0.1793965950597825,0.48205333549781026,-0.21848700007443986,0.6870906674827889,-0.373736596821637,-0.45499241233178356,0.6444311881837782,-0.038946309055593265,-0.26621539204665073,0.8732601752851686,4.440892098500626e-15,0.07356037873462505,1.5702546288489392,0.0005656507952236617
-0.0929561449811102,0.09247738387219914,-0.8182325338731057,0.2366317108417215,0.08102227450686267,0.30764268337811546,0.1790048305774186,0.09665223231737557,-0.7356169428964797,-0.12530507103514654,0.0763039285353273,-0.79348481179228,-0.19912239154762795,0.6703504180014016,-0.2103904221186747,0.5073698170873903,-0.26005650853826057,0.6167106311140202,-0.43929473051348394,-0.3323717335593642,0.7385957264929242,-0.16180699866440312,-0.26016056874729093,0.8749584636849135,3.552713678800501e-15,0.10703815066381886,1.5719326382675463,0.0007640046356176765
0.022298718825666485,0.1873092323257005,-0.7929769806910231,0.31542270443334774,0.024350801688815725,0.3539274147223854,0.22530490274224851,0.156907193504836,-0.7380448288402565,-0.10344671331157329,0.11992551083557793,-0.7310672638258708,-0.044907869823491195,0.6823659105009855,-0.24135711987529423,0.47004152268705257,-0.23825334113811608,0.5950825219470166,-0.3930862777556685,-0.38086378039931296,0.525666780522659,0.04514756086367665,-0.2388521374267435,0.7693784489724937,2.6645352591003757e-15,0.012313825154201824,1.5744954295489735,0.000792471578377052
-0.1405261975477039,0.12456656359656412,-0.8972245430224771,0.2859229306801326,0.1066534037559209,0.15272722423539195,0.42767479699187755,0.09079090677727521,-0.7125143261291184,-0.2606038013157855,0.0541815220695906,-0.7853303535204338,-0.10057998291716433,0.5558777859792436,-0.3966231623269465,0.594020915601332,-0.2501737897976968,0.6154336088537372,-0.4386924977051268,-0.3470901696616184,0.7918491419916805,-0.2635446111095734,-0.3212851622502386,0.8696214642411941,4.440892098500626e-15,0.24037589992897884,1.5748826280322963,0.00035269464334357077
-0.1208320625197813,0.07319392273978045,-0.805063998428189,0.1864032094583976,0.12864195530358408,0.25370058198498524,0.2748478372502956,0.11758639662161009,-0.6535314740423392,-0.15431873665249815,0.04527497290879268,-0.7789176894306139,-0.15565726039583594,0.6073038694283778,-0.24183718925400322,0.479454002495384,-0.2582171391262811,0.6774021980700484,-0.4656964819555275,-0.4944289545848968,0.690211168668597,-0.15493248212991317,-0.4041582213127338,0.8510244293750738,1.2434497875801753e-14,0.15631033191712493,1.5765022584569461,0.0007356790431722949
-0.08755746733186895,0.09705828330418716,-0.837473271872806,0.2636828870077414,0.1097148735416351,0.23365385698340568,0.27649217584186675,0.11032507372884497,-0.6943242743124641,-0.12252645388308721,0.0815026434201131,-0.8077496788342471,-0.11640021811927616,0.6682277068083159,-0.21558531509215614,0.5057589000933882,-0.24160563970111373,0.6664044257987216,-0.4845168094729574,-0.3232252316292024,0.780540636834736,-0.298725375205873,-0.27564058884088294,0.888261129815619,1.0658141036401503e-14,0.1893445115191771,1.5771485598305417,0.00032764325328956393
-0.03590657359163212,0.10960795080497017,-0.9274677788121458,0.303621051777938,0.012079476190968745,0.3797006335237423,0.21403537265581546,0.08329082535538018,-0.8534177155935235,-0.17338582784308054,0.07179783229395204,-0.8354412139419454,-0.2325897945503254,0.7173947441174299,-0.2745420134666527,0.5296658017114508,-0.2643277175722156,0.711121778594171,-0.5254781099635503,-0.3306341976474304,0.7717582239303491,-0.12911411231494735,-0.2528879983033705,0.9542651506069919,1.7763568394002505e-15,0.04352002444684468,1.5794480815828649,0.0013838997759578107
-0.17270896560519794,0.156147872495113,-0.9952790272978471,0.2696021439828176,0.19141836089131312,0.10159201149955825,0.23170530681534854,0.15966274908979067,-0.8571567589167156,-0.2336962725799467,0.1314231864959352,-0.934449168874763,-0.10036846119461071,0.7800998239832244,-0.358184299995311,0.5316716668355672,-0.19179733447575906,0.580102334570474,-0.5263628963679375,-0.1621513235598786,0.7960888394192392,-0.36074326547904695,-0.16763878504340143,0.8588412357752145,3.552713678800501e-15,0.20668123842816188,1.5816109471562605,0.00037584039628710833
-0.032630269261195485,0.07772560339687441,-0.9166348204761057,0.20603001735827262,0.04904282329831673,0.2214605274074214,0.2152542954914551,0.042536353612141926,-0.8360660309218354,-0.12022448562239015,0.04803992050929031,-0.8486551926584679,-0.1346334926681942,0.6547803465241933,-0.27332074459465505,0.5763095041948395,-0.36069233762912006,0.5441986335713856,-0.4170244617498956,-0.34490694691640494,0.7880871792965373,-0.36493837416539204,-0.3469908711615547,0.8091125166221201,4.440892098500626e-15,0.19607885642109113,1.5834575827008779,0.0014570683688610241
-0.037091732921760656,0.13138330103214627,-0.9054387869372302,0.21701505966699428,0.1609199701614044,0.2810206126476441,0.22421518345056834,0.15450503919111125,-0.7938413428832124,-0.13824673697008744,0.06946456265867272,-0.8341476350819677,-0.021103754898394743,0.7656818911835538,-0.2623140804747694,0.5385350612813868,-0.23854781614964374,0.6859837045651322,-0.47988298830834586,-0.41808869009299465,0.7393789857761774,-0.266377425610473,-0.33380453549497285,0.885281859162915,2.6645352591003757e-15,0.17064496966953213,1.5850284082909474,0.001998943289406224
-0.024146340025661187,0.05211909312369947,-0.7951851053121647,0.2374652478419815,0.08327571935493479,0.33686391325553006,0.3439183806579206,0.042260046092932914,-0.6535938230059887,-0.06590591697882697,0.02371033519450013,-0.7770657316908762,-0.02149059799792308,0.5793206762146769,-0.38025273489666095,0.3710568225662627,-0.1544573407013591,0.6828360217039653,-0.4512695937193308,-0.38710612932606536,0.5280415015853284,-0.0037993496288377068,-0.16306740311158316,0.7990762475329795,2.1316282072803006e-14,0.061645591358035295,1.5859353532890383,0.00016721997447359811
-0.17045439198402992,0.07593671333763112,-0.7711040696661742,0.23839995371780076,0.20803360984537675,0.1579596051874394,0.3116560032672626,0.12910967320284136,-0.5968417671215361,-0.22363782950306807,0.0278022383725485,-0.7110013239128792,0.0012731270840547898,0.6008010590501918,-0.2377030618147799,0.5254656442603094,-0.264242499345539,0.6969221282094192,-0.45092849203275565,-0.44242478100704086,0.7895507609084451,-0.17569562451762336,-0.42328382274737497,0.883647917740942,1.7763568394002505e-15,0.22140062845026107,1.5871932126398551,0.0002854420852205326
-0.09437915191961613,0.013403293545576008,-0.8125259479794568,0.1949712717806193,0.2127686469665794,0.1270515028457498,0.12021085159767933,0.014773735072972747,-0.7266216305233694,-0.12419763338482179,-0.006307333250699658,-0.783748339197381,0.004587869696552807,0.6494096764407283,-0.2628693456568652,0.41640861701409665,-0.24896746251589325,0.6081146918693765,-0.49002542820611944,-0.2894046509450239,0.6943180696246861,-0.3203637856093219,-0.22038321543526757,0.8069218163922652,7.993605777301127e-15,0.19067628476874113,1.588175119539316,0.00037847448587300677
-0.14941343422826334,0.05793759175368484,-0.7595147800053214,0.21216496702254228,0.17214612360680268,0.28438742746691426,0.16311277867224339,0.05995433570637392,-0.6750594441893837,-0.2107323511396535,0.022294776697856726,-0.7065438289367021,-0.14908143413119773,0.6482566511865956,-0.24674345918289572,0.48997460375393453,-0.17713095293634254,0.6845561410865711,-0.44126631248001275,-0.31472454775751474,0.783632457260435,-0.11691791908120071,-0.22897684525508238,0.9147283730515832,1.7763568394002505e-15,0.12405461050935862,1.5894539405089396,0.0009800697957137515
0.015810239879375198,0.05825661254156425,-0.8326712476213525,0.2766122404305752,0.045977499988789514,0.27419552118180845,0.25911905480050834,0.018124024221370258,-0.7395159884502797,-0.08915751789897071,0.035274219806026665,-0.7592734773475992,-0.028052075494706,0.639916025319541,-0.23606223242148192,0.48390146134054446,-0.3225472726962526,0.6624757197707534,-0.4770091803236437,-0.31893222669277654,0.7322685490295157,-0.26554806490932487,-0.26860656312440817,0.8639135364675042,1.7763568394002505e-15,0.1403746888715843,1.5904445864556975,0.001382154197718886
-0.09043322700044436,0.13027552007473236,-0.8737428633814023,0.2399497495088578,0.19737256016148869,0.04247727735412154,0.3691368314948671,0.13482138368756277,-0.6621317151831558,-0.1546087757879707,0.10381364224616721,-0.8158227726033912,0.025627792639421387,0.6022845763472431,-0.36222532785145584,0.44580857662628676,-0.20452635340198153,0.5523498918024046,-0.4763325853905009,-0.311124685476271,0.6114645028747695,-0.34410290830753465,-0.2581229437946758,0.7078079393809842,1.7763568394002505e-15,0.264177691466438,1.592301305829887,0.00010490023477962683
-0.06341322956038917,0.19544427111828497,-0.8432283278480814,0.10333774718208559,0.2144831532255182,0.3503674746121913,0.2457634956932153,0.238198016452805,-0.6891966687710367,-0.0825142894264085,0.1830223707601821,-0.8322458591297196,-0.2900606274467939,0.7664318667772818,-0.2438554261663639,0.37590506572243326,-0.14992275108881037,0.7543263751773266,-0.5927353170031635,-0.36984169336818395,0.704959548886581,-0.34347540055858283,-0.2510447956786446,0.8993902383563203,2.6645352591003757e-15,0.13046841438635182,1.5965252149595188,0.0005649757743423263
-0.02104553753677353,0.10333706746771851,-0.8310057913410842,0.22244329082455405,0.1199623176495314,0.2952950574682195,0.23851996963656236,0.09433724289827061,-0.732629583690092,-0.06610221630206661,0.08432102668454451,-0.7982868637984141,-0.16698488372340048,0.6895514469288812,-0.21866700833330377,0.49907420919147544,-0.2769709723713905,0.6654001603248053,-0.4662020710743517,-0.2974724280964245,0.7942049118022048,-0.3200946137078476,-0.2393218748184633,0.8953840424784637,2.6645352591003757e-15,0.15321283264259886,1.5998353771595732,0.0005014840883167887
-0.15016142158536724,0.1840050235219418,-0.7124574947258291,0.14091782806135913,0.1727454721147978,0.196838367900539,0.23233083644347144,0.12405044021196313,-0.5754321116295096,-0.18505854588178178,0.16346231376583892,-0.6841740980654599,-0.05209702484237039,0.6411965831805402,-0.220702720514088,0.40038957292977967,-0.23085505534914802,0.5732300909941486,-0.46197883329003486,-0.1954941387389131,0.7409071384910269,-0.388571518005281,-0.17400170791546776,0.7889864454873194,3.552713678800501e-15,0.2624371880764241,1.6010796464501307,0.000051288314879915545
-0.10834333349638776,0.04840486841446178,-0.8804553784312474,0.2025716159175226,-0.004260884068839493,0.38619248401452966,0.22905907621063365,0.008833979288132881,-0.7583290822159485,-0.15661828209962764,0.034076642785455136,-0.854612850097315,-0.08242969136719556,0.6741135884966033,-0.33186615672387404,0.3442786204894146,-0.3400473308935783,0.7452359314482357,-0.6368833628321466,-0.3419099005725584,0.6890213126383965,-0.17708577453499502,-0.23879589656576417,0.9341793445752412,2.6645352591003757e-15,0.06402485286729291,1.6025535675823979,0.00008641437597205495
-0.23076309885075752,0.09557569752663717,-0.7503395362680104,0.18303339029143348,0.15935630429610945,0.2458868730162691,0.242613673834733,0.18028506896118182,-0.5978916464636361,-0.2738155406990207,0.07031936700855765,-0.7192256583434475,-0.031407871044636805,0.6051988471508485,-0.34950169399166736,0.3384531000651964,-0.15765758710946828,0.6842337425604441,-0.5273198514303009,-0.3319342271825317,0.6168282618833844,-0.002480383697122767,-0.21040279386770633,0.8062307936338842,3.552713678800501e-15,0.08271124897057175,1.603128126190883,0.00046131125960573996
-0.06127596336130493,0.1237357831762351,-0.8793157486731328,0.20944345440841006,0.163840213189023,0.25422654684611545,0.1963684114653797,0.09609239721445306,-0.7952097780806018,-0.11282185628203875,0.09243812775523141,-0.840518406893835,-0.11742072850644464,0.7406867150807083,-0.2573126719874082,0.5451356931632159,-0.25352639013888284,0.6429788661585083,-0.44486785093665265,-0.32846356258022447,0.7961936025163893,-0.3048403740943654,-0.269433939785568,0.8906132600439852,3.552713678800501e-15,0.18121295074633043,1.603793051332543,0.000741780956260991
-0.07954435169784323,0.165019964036582,-0.8260592539545044,0.20905087765707445,0.13107392504155208,0.2693261483392722,0.23833316509242802,0.18295941895691617,-0.7065654583611987,-0.16961565817051205,0.11806682384776293,-0.7597851103044402,-0.16672827376675595,0.6844339059035758,-0.24876828482177174,0.47429507488843975,-0.23855927670977314,0.6238615541740955,-0.46739323876723005,-0.31046883543626175,0.7317770324872508,-0.26813417681381807,-0.24796762750409357,0.8505415857717982,1.7763568394002505e-15,0.14743106572091733,1.6056777410629162,0.0009535876722551529
-0.056084399427540475,0.15696948488936052,-0.7818530182000939,0.19386530572573582,0.05465680733395214,0.4592579472935657,0.18146745038955683,0.16420441551966974,-0.6857252537072493,-0.08179428954236129,0.14086748229484197,-0.7713691873227859,-0.06248969241267053,0.7606025596196246,-0.18548069042325654,0.3457434275789807,-0.273333824636181,0.7580993347034879,-0.550809019863427,-0.4282277550087728,0.6105703768123265,-0.0797820264159134,-0.26670453725007054,0.9049306858362217,1.2434497875801753e-14,0.0402214216957733,1.606260045988412,0.0002835555936977295
-0.09012959800022209,0.03160128642453646,-0.7968037777129674,0.19434294048074854,0.08323141179220254,0.22778219488208457,0.2859601449261219,0.06714894113212706,-0.6619501775359096,-0.13403957657365342,0.00920076472181803,-0.763792010441082,-0.1576749845642699,0.5381458472023165,-0.3247626477572343,0.47081408219895104,-0.21690835586471488,0.5980675608841418,-0.4093008014517547,-0.3618134242017574,0.671557079025692,-0.17822105807269908,-0.276614076021759,0.7958110666427325,1.7763568394002505e-15,0.16344818793050875,1.6079157171420237,0.0010421286635987992
-0.09582764542905092,0.015060704687012502,-0.801589514903736,0.153862163372584,0.04024299922822385,0.3269903251006091,0.15669161982250554,0.023485958799480823,-0.7049590782113434,-0.11523507725299949,0.005713871230310591,-0.7896545042169457,-0.17185589289820274,0.6237899121356888,-0.2516121859857692,0.357215036118778,-0.30537644574993417,0.6785263260846923,-0.5595418640716262,-0.3562036630005503,0.6855130207186743,-0.23014903005141774,-0.27827739441230365,0.862163819352671,6.217248937900877e-15,0.08752916000519118,1.6090732663238305,0.00030281438077778874
-0.1638494197297382,0.0871035293891101,-0.8531546933451933,0.2017751274202455,0.08381045541720016,0.334736940027173,0.2233090716573401,0.09937802894940509,-0.7170860112616879,-0.20242865089195874,0.06609223859727652,-0.8287765487004416,-0.09197724006967578,0.6971178451010046,-0.31023481066572745,0.4110380531899609,-0.22424740516534789,0.750615874690699,-0.5564862679587611,-0.40176137391084754,0.720054334448203,-0.1591320256644336,-0.25183107559293627,0.9376627884809177,1.7763568394002505e-15,0.12033422275139542,1.611940545276852,0.0007591201756347978
-0.1318701885784924,0.1635120663763417,-0.7327722247392069,0.2542634308512408,0.010940901613127519,0.3962066890700719,0.1835525496646585,0.11489500917142666,-0.6395117413869508,-0.19971428167285857,0.14389492291765693,-0.6955663494734748,0.16184576353661656,0.6719409362099118,-0.22278846458264637,0.3098685014283919,-0.3576595062546546,0.7416763253447722,-0.5989987902614299,-0.2338314886145398,0.6830468093833669,-0.021602821234530473,-0.29383909814340353,0.881057619377143,2.6645352591003757e-15,0.028574317499212548,1.6137228003111703,0.00024298128382502213
-0.10995102496192993,0.22687193201613115,-0.7731300582225982,0.13952947391471338,0.202231215172268,0.2975117071621713,0.14697563342748507,0.3142509415881916,-0.6372452338914798,-0.3884731220980615,-0.00047163638409300864,-0.5947219697636194,-0.00406699787044835,0.6508789199281422,-0.3550056298098432,0.3024793844418091,-0.04085979104772178,0.7103892668307487,-0.502039056823261,-0.442057599228355,0.576401489798848,-0.19857513431673485,-0.25171119060810687,0.7972777553104922,2.6645352591003757e-15,0.07888831239383343,1.616239904692867,0.0020111333326279183
-0.1495482914325806,0.08748327791132521,-0.8091796304335838,0.25838395013669596,0.20542392517886196,0.17704895511917407,0.2568511333494691,0.18053391787708786,-0.6570325646714298,-0.18923293976334432,0.04380838766000138,-0.7632969276834705,-0.054194909095803726,0.6555088560016266,-0.22252459664306612,0.5795019485106652,-0.23595006484651,0.6748636335429606,-0.36507423473232864,-0.4866207469824442,0.7909849376047364,-0.1632505934070862,-0.39517063842031347,0.9086327669210659,2.6645352591003757e-15,0.21642480311139556,1.618446803564667,0.00029507804845035467
-0.018274764879262665,0.0249044768784146,-0.9514904163969766,0.20936081497009107,0.041485256481970385,0.3044729735904495,0.28985703044329714,0.013518459930531445,-0.8422218379034669,-0.12398144014808762,-0.017268213834275487,-0.8841142592371729,-0.23009559208608815,0.6185482079230474,-0.4175380623619255,0.5113056162547925,-0.25848092673223705,0.6652444193435981,-0.5129756971111494,-0.2638044385204735,0.7746376657617856,-0.27749570390164596,-0.233499919106885,0.8827007314586343,1.7763568394002505e-15,0.11396371802957192,1.6200475210071852,0.0004261632897842452
0.0027564469695098813,0.04829857497805966,-0.8427916199672227,0.2502558575021139,0.007034813139719415,0.30860751853701973,0.373801269624362,0.033481807855711275,-0.6957733882187953,-0.14051194174147782,0.0027607820905395574,-0.7518375108595655,-0.1367003133290137,0.548152936440222,-0.35002346372342824,0.4648855566032918,-0.2911038995276618,0.6998725194272467,-0.5163660631495145,-0.2541613213567718,0.7584722689259414,-0.2491985529863222,-0.2784627456868773,0.865730564606361,1.7763568394002505e-15,0.11970601207859112,1.621168777013667,0.0005224808375523119
-0.05197599944970407,0.15701871640248766,-0.8006529529893586,0.17733513429819245,-0.07248861966984735,0.3310916269228077,0.2194049155335479,0.14220013094411818,-0.6939866329821083,-0.11809146109875546,0.1287706973290186,-0.7710582916540404,-0.11929421325881562,0.6293696812577452,-0.224353705841114,0.3253694068930993,-0.3941086220537165,0.5964468414786666,-0.5506247854807725,-0.4340431469816548,0.5296777787264708,-0.1632248688702024,-0.371845470017607,0.7553945558298237,1.7763568394002505e-15,0.05088126198145143,1.623533225847938,0.001284942939300282
0.03347264154483268,0.20982603699733435,-0.8699830865538111,0.17729769061182651,0.04410852707460908,0.4435438915934232,0.2528481362080954,0.26460464859203076,-0.7526890683902183,-0.016313735755652224,0.17657054646608816,-0.8491948018763396,-0.3275922914844296,0.7179210991693395,-0.22088962206565263,0.42912335571212157,-0.2624668035795191,0.7548548803891438,-0.5107123778642907,-0.5537465080125071,0.6158146820610388,-0.16737190991238893,-0.387566636635392,0.8869126760502473,1.7763568394002505e-15,0.0431998810412739,1.6255003996340827,0.00021491340345341137
-0.2059873038171613,0.1655890039964911,-0.8123674068683274,0.1971790305076338,0.012740503255857695,0.20652605157574117,0.42128866473769977,0.00395789847804677,-0.6172013082268902,-0.263780486827558,0.15192858177852636,-0.7726173810187097,0.13393803574593813,0.49378234065673243,-0.44565332855500933,0.40213879665311664,-0.36321223118860896,0.6367456810007732,-0.5321742215948534,-0.24149176701634947,0.7215435070334371,-0.2255714747051809,-0.23249897891245894,0.8542831294933765,2.6645352591003757e-15,0.23523914806234994,1.6271034820339603,0.0012308715175764844
-0.07064519197696718,0.106194665681477,-0.8740785012119434,0.188212765835216,0.13381151832581856,0.26412467067699946,0.19753181523370061,0.1010022706247333,-0.7777083478845955,-0.09691594725096991,0.09363494418868193,-0.8555490640731538,-0.09534586747807339,0.7322266711136961,-0.26164884305767483,0.5060727004072441,-0.28407739403483284,0.6559162395147539,-0.469822489589511,-0.35939699060051067,0.765739973869374,-0.2818241212965668,-0.3019392396733311,0.8786127439978034,1.3322676295501878e-14,0.1729187913264998,1.6279922589736013,0.0008416427676194816
-0.2043286995269265,0.1665153635653939,-0.7845600376228524,0.18646024893369312,0.1871101650531189,0.20738747419933584,0.2803153464777524,0.20832937505211518,-0.6045517777659869,-0.3017826724072611,0.1023954083997067,-0.7134216646227481,0.004185452585428482,0.6196414776207981,-0.35000586563506136,0.34675588159927717,-0.17445861840984536,0.7030121117051804,-0.5295999082945142,-0.39882221656867956,0.6284085025413076,-0.14305276779460033,-0.23803878444629067,0.8456456116323459,1.7763568394002505e-15,0.13914559544813954,1.630821645238867,0.0011371143602111446
-0.01751693012749818,0.07951105640644236,-0.8744071116183579,0.23971451136333827,0.025177259040978582,0.2923118948993453,0.2225645542118393,0.026446543464132517,-0.7957119790685394,-0.10332959081791473,0.06367295785979099,-0.8156980478847509,-0.12268768064255221,0.6691964781767474,-0.2752819761868823,0.4693468316068171,-0.3774076413786348,0.649987926745595,-0.4923714767487049,-0.270846971320787,0.7868312612929258,-0.29706833554249396,-0.2388642611712449,0.8943269348072633,3.552713678800501e-15,0.12181822001594501,1.6321629078442532,0.0003212461735941947
-0.06445914392144099,0.1277555372103044,-0.9084659913023487,0.27072504906771183,0.021013786249679332,0.34742933544607085,0.27313972279746046,0.05751321220414911,-0.8098374186300099,-0.16111038318512372,0.10629209393407744,-0.8456602134578067,-0.13577170025337754,0.7107423074243533,-0.32089489824163303,0.49368402264345396,-0.3417556979543628,0.7276793618256387,-0.5434467189979942,-0.29090144025997733,0.8082507754595417,-0.18391981549745218,-0.27457986077241225,0.9591828245204774,4.440892098500626e-15,0.09181285680803318,1.6345548331023685,0.000991567267551269
-0.093929822637737,0.17445316282546475,-0.824046741659737,0.24457569255042758,0.08409109373355256,0.2812946937399832,0.24545159193626426,0.23222086071348116,-0.7023472447897448,-0.1092464898555706,0.16525612952240026,-0.8148934139535462,-0.10852259779236703,0.6994271264920899,-0.30108269169270335,0.4293717195070263,-0.22456500534940346,0.5786017374469948,-0.4309878039685918,-0.3219951797417685,0.5792393795911169,-0.03986144017244173,-0.20766702945582438,0.7709034814311517,7.460698725481052e-13,0.07410502076200964,1.637343961653033,0.00010871734367636973
-0.20993089174731075,0.07742709609177466,-0.7730906327972124,0.14418055401856966,0.0010432186749708115,0.3376476440106461,0.30601068889052097,0.10763443662420734,-0.6297121787147616,-0.22423513204781167,0.06612789024078919,-0.7629835950588356,-0.10916778743270367,0.5857943005940954,-0.29537757424170125,0.5747435728233559,-0.3076977164409601,0.629299030848763,-0.3492676300375501,-0.4510970996627371,0.8225161030301764,-0.18912189666234686,-0.3801460504005275,0.9106735646343385,1.5631940186722204e-13,0.251595656102234,1.6383175426477492,0.00011970268159619432
-0.027490897794315686,0.051595398349956835,-0.9343241974545389,0.1844972855013144,0.06124336957967972,0.2856215344002437,0.2569864337399037,0.026878482363997567,-0.8273187166889403,-0.15748665346030735,0.01885757158862221,-0.853823694150108,-0.17258474659884493,0.648907999631412,-0.4031394347870262,0.4624908378057713,-0.2608329442538305,0.6688497043784306,-0.5268499158545589,-0.27189806009870626,0.7567693021737621,-0.33254389518492067,-0.20351163136170827,0.8745921790508272,4.085620730620576e-14,0.13501348749736763,1.6409869112561561,0.0011253442033195918
-0.037680883775976226,0.11659879787336028,-0.8331870871343138,0.17635691506099688,0.14764619851584293,0.2812886018231626,0.26576369541970457,0.14612711628646177,-0.6972868957827744,-0.09473015331467288,0.07174949123548444,-0.7950830459360989,-0.016172546899548695,0.7041752918932166,-0.24501800352271424,0.48273844207495015,-0.31556216595611175,0.6982131658047781,-0.4803869506608327,-0.4113758581521426,0.7567535928593992,-0.30200318829588496,-0.3481235610239192,0.8796639657951405,3.552713678800501e-15,0.185938904590401,1.6431332365049294,0.0004867957200468611
-0.10373988073300684,0.22405921229403408,-0.8395309296296715,0.22623364278226885,0.1182052194997281,0.3425940270728524,0.41201319517413343,0.20174807899268657,-0.6249480951236753,-0.19058812166439018,0.1944527925756057,-0.8018180122910677,0.15015401149150276,0.6776398958361043,-0.41064511088918815,0.2561652009270377,-0.17277004781462751,0.7963517905947465,-0.6744879011083735,-0.19911065383652088,0.590958505384489,-0.06691312193521193,-0.1902895117910304,0.8610112544845387,3.552713678800501e-15,0.05245239216158027,1.644208102458871,0.0005345841937419777
-0.10461104440445289,0.20136895200617108,-0.8305982617815935,0.23033464971993814,0.13341478730658082,0.33939881147539447,0.41614139380179643,0.20142415664751717,-0.61557098522329,-0.1681387511757756,0.1802443564454078,-0.8012093018220493,0.1417046035815,0.6768772060734256,-0.4076319937937268,0.28294882667907695,-0.17341001524360944,0.7855880473288711,-0.6384611093569994,-0.20708028253307764,0.6062566134620451,-0.05854856371747927,-0.1644419203442972,0.8701615483988102,1.7763568394002505e-15,0.06537470013460392,1.6458342351319166,0.0009312159511111322
-0.12183929087070633,0.27886991498687935,-0.9276065108915518,0.20952083996120213,0.2183293338170319,0.3427299839350476,0.07995067876742501,0.2614540243713185,-0.8789776977342393,-0.3062814576039141,0.18542712929853392,-0.8124018460302116,-0.271660298749018,0.8527438138553813,-0.37019525903917433,0.4286287951899604,-0.06647720646402563,0.6720638188642851,-0.5479361906454212,-0.1921906151200275,0.7088961846499557,-0.13259290207881508,-0.06880007533476583,0.8914137404900877,2.6645352591003757e-15,0.01646786337002608,1.646775422111841,0.00025430667502404554
-0.15574819079709595,0.14422971573964488,-0.7821330983025564,0.217063340838341,0.12260042694096558,0.21874504405679962,0.3033839001568282,0.19201031832955479,-0.6040219452671476,-0.1898813848290435,0.12183427100695973,-0.7546908459726077,-0.16535784331292244,0.6120344038105487,-0.26197259576219245,0.4367261125488008,-0.18831197007958872,0.7018905987681656,-0.4822211708121547,-0.3857947476301355,0.7362584976549027,-0.23043333381552134,-0.3249102596831532,0.8618464581561133,5.329070518200751e-15,0.19572480541331208,1.6486223644231948,0.0005157179529020061
-0.11608163637818,0.12645780678778437,-0.78987428285969,0.18451124226056032,0.1641977776515828,0.2345054333320209,0.28732137854588663,0.22163346690997185,-0.6219475758682519,-0.23575183492171042,0.030003592004679745,-0.6879447712346539,-0.0807542050451102,0.6068937787734223,-0.3135648718730975,0.4947687234504775,-0.17955689580181927,0.6546220289707004,-0.4108094791168634,-0.34804798493361266,0.770257853080731,-0.2675494738148971,-0.28391409753430885,0.8565172450458096,1.7763568394002505e-15,0.21032542066213136,1.6513396074635753,0.00026194670755951417
-0.07346087101767337,0.05262424410275091,-0.8390807613437368,0.21317681853757653,-0.0006582307010550686,0.29137013840478876,0.23027341854850153,0.0412138589550736,-0.7268039526716636,-0.11260594690551246,0.036972945359362984,-0.8148193245671265,-0.09125351456740383,0.6268901079510948,-0.27456027143896955,0.4027862909575998,-0.36197473779736944,0.6871728000826245,-0.540649867429335,-0.3657095905008252,0.7173226940510875,-0.23228998146417548,-0.32744091852570417,0.8711598034469688,5.329070518200751e-15,0.1153903938479372,1.6548948109396528,0.0006731062034050628
-0.14627928415425018,0.11038696049256203,-0.7954945613974247,0.1743582354807567,0.17013640875875538,0.21827864840450698,0.2939978968702955,0.15787975499041917,-0.6311948305966372,-0.1857851082397158,0.0817162762391344,-0.764157929823399,-0.12747734110094408,0.6187260191569335,-0.3075384227043033,0.4489448373044622,-0.22659449563761389,0.6896619654782978,-0.46552855037585833,-0.3898828598803709,0.7409776803234247,-0.22028333520137341,-0.3042864515935806,0.8745854025068419,7.105427357601002e-15,0.1889854821531579,1.6579587465686982,0.0004949394230716077
0.14870318156717793,0.08858487180110802,-0.9027034845479358,0.3513738696093222,-0.010951713468223297,0.2853317697495794,0.3978335683550743,0.028887942278767377,-0.8001712026933783,0.04251694313234346,0.07840423786634323,-0.8478862943013368,0.11799401273424658,0.6669758908556,-0.3671356470865446,0.4627909720724288,-0.33041603301343814,0.6593749230590426,-0.45869276818668464,-0.22920129520520113,0.623696702444936,-0.1283300472907402,-0.18662077301600294,0.8193216922043848,8.881784197001252e-16,0.07666567597906301,1.6593966372518936,0.000644701975448271
-0.11334791071029261,0.1993900530677709,-0.829533995468411,0.2182985202878103,0.11845763042657582,0.3507879054703745,0.4116729568666571,0.21684370229662076,-0.6069498088762167,-0.17080382198855013,0.17781758857777705,-0.8040641438250062,0.13535130356520023,0.6704129020058179,-0.4120239050245518,0.2635661158499195,-0.18015575355511484,0.7792614507259592,-0.6378465935662926,-0.21774703491011266,0.6022298921947064,-0.07791897633373877,-0.14202063340865018,0.8738446682072515,6.217248937900877e-15,0.06836662350945616,1.6626614733427536,0.0004657192785650092
0.09254138377726535,0.12300993001028908,-0.7876927813557458,0.2365378292329635,0.06782079607645514,0.3320849323133544,0.43779527312530603,0.13302797062854527,-0.6197959734574495,-0.16171907130620122,-0.005720629660086187,-0.6646656686694266,-0.04965740436619296,0.5024325482799056,-0.3967610490497368,0.39771119754760365,-0.1621772038416675,0.7384221973809111,-0.49701470808902853,-0.30906124702768933,0.6549114683742687,-0.22778155891689678,-0.2308516709695057,0.824515737666514,1.7763568394002505e-15,0.09772864939210586,1.6640054019427197,0.0005919300945500394
-0.01645838887192934,0.08389846884866702,-0.8396240787825854,0.2325870109403665,0.10037337702348471,0.2576631676619447,0.2819303833983999,0.10903305060416617,-0.7189816751129386,-0.09080247606242699,0.052424200192368146,-0.7961587808388311,-0.008547647309713583,0.6444150034071408,-0.3487761859390713,0.425463566272299,-0.21974961562303894,0.660183444275573,-0.4598938383379684,-0.34406214730872814,0.62256624921895,-0.12621890616014167,-0.24923546264565752,0.8030419883153272,4.440892098500626e-15,0.10952009274518644,1.6651682219366941,0.0009840606803207844
0.009121069937038635,0.05607079767431522,-0.3278392859823729,0.08377357740069455,0.012176296292904915,0.18688584104615982,0.11658616641243336,0.06793814997193774,-0.2801949915243481,-0.09417342769638001,0.0018992817808391336,-0.28581910651011205,-0.030186231271826854,0.2506558103943344,-0.14818874107018087,0.1356424514251402,-0.06956344272243867,0.3263126966004036,-0.22374235372250031,-0.16937761822319036,0.25528172120959947,-0.04254019726015676,-0.09913670751425344,0.3637392104157321,2.6645352591003757e-15,-2.2202149510971084e-15,1.6664932044072236,0.0043144476114130685
-0.19164556972944471,0.080067561521189,-0.7674869682535355,0.21980525048998775,-0.006319770894320957,0.2833664253034457,0.04691500423111989,0.03081984921169026,-0.7238508965185272,-0.20017568071787104,0.07814903836887452,-0.7613254438790655,-0.04440059601684561,0.6379257168072018,-0.2637861818003432,0.3899544194993695,-0.356139016827151,0.5864687519460765,-0.4412488080073142,-0.32521841735233725,0.6776512801455804,-0.05443643178605265,-0.24357900986526385,0.829145407668644,2.398081733190338e-14,0.08273692901925311,1.669672315988147,0.00014907250646473182
-0.2937869701714259,0.13736406668635234,-0.8432801461871463,0.1621520136751236,0.03204583050051777,0.3583246585324584,0.17982240235159322,0.15261680607015599,-0.7265583610429522,-0.3341400688283899,0.10972780883533928,-0.8178671863272999,-0.12011843418342884,0.6911189891785252,-0.33528902704195157,0.4567593148676322,-0.2909450345932658,0.7268446909850109,-0.50363544164625,-0.49664021114869694,0.7667173720325028,-0.09892564979989447,-0.34356529584494766,0.95228482760531,4.440892098500626e-15,0.14472038148451058,1.672511053119388,0.0007305896697802326
-0.011856240636222771,0.11553739016570796,-0.8998163480751123,0.18389394458665495,0.13876365677995234,0.26812395938218275,0.25640837923382404,0.12903218422977375,-0.7890148697009653,-0.0900267920376369,0.06754379581483777,-0.855051110148259,-0.08080228394809091,0.7162189777070441,-0.35682894636944174,0.4415164032953708,-0.21929782807595874,0.6987822243693111,-0.5228785513775304,-0.3375797961278116,0.6933192538274583,-0.23542621599927302,-0.29441373760600864,0.8351037999389778,1.7763568394002505e-15,0.1279985437097348,1.6737646658944518,0.0007516099645540283
-0.11325511456263572,0.25184676604290035,-0.8316317827685868,0.22081331648602626,0.12139822875530601,0.33412041139548654,0.4106522184795034,0.2159745011968664,-0.6260292763540295,-0.18883997747773623,0.22384503265227831,-0.7990435053682081,0.12435680075957167,0.6868208325293639,-0.4093464889705105,0.2750389522682452,-0.18894900054424943,0.7912213772624817,-0.6425060260250116,-0.24278639832595036,0.6060663994510371,-0.07206216376774703,-0.1975091730234171,0.8691656572886131,5.329070518200751e-15,0.07083991304391,1.6777411371714364,0.0010851220270265353
0.005456697035968842,0.22130116751730003,-0.8798024757732529,0.13419113591297802,-0.0008976021084371648,0.49987004961437553,0.2832460034280369,0.2769654324221491,-0.7548979472090397,-0.2589033998600756,0.021425242234259664,-0.7927879858566131,-0.1338639952276275,0.6626050229255317,-0.43343222841531315,0.39402336382706143,-0.15454965544143323,0.7714493646057743,-0.5096501576193603,-0.49470661748356365,0.6161134700759503,-0.11397953751242243,-0.31305499833467,0.8661233173205987,1.7763568394002505e-15,0.020756796548054804,1.6795793675415795,0.0009772184507766258
-0.1552355776451428,0.07255348320461943,-0.7658479615638422,0.21111533322751164,0.11268966547946101,0.27379683720094944,0.1854646923319419,0.09064654464718827,-0.6667622826349432,-0.17953453254589985,0.058153294409553205,-0.7457039139219296,-0.12847004270924842,0.6434467546091606,-0.2395186300064002,0.4906041258696399,-0.2618495392589612,0.7025336047265013,-0.4144387654882044,-0.3649947848717525,0.8266211141640462,-0.1849448054073713,-0.28015553539269183,0.942079202505827,4.440892098500626e-15,0.17008772418218324,1.6824642688013633,0.0006794258178682767
-0.16397355610268904,0.13185829781092748,-0.8042671666479413,0.22234037651316282,0.09116115380867569,0.284074285387192,0.3138456422110377,0.23770630501058507,-0.6278214160096295,-0.3062916765173334,0.04351077913427332,-0.7113468970377366,0.016164777254356104,0.5709199156638419,-0.41097419440382366,0.4043947270511931,-0.19147122935608135,0.6989938244545139,-0.46165782133498456,-0.4101279357947786,0.6604898942372409,-0.07847748058313138,-0.23592312431869028,0.8570084883711133,2.6645352591003757e-15,0.11377322654344015,1.6831719857264533,0.0008948888195639047
-0.19045864018449837,0.08073329830109853,-0.766221821457646,0.2087161173588657,-0.003847314954956671,0.2808514161308925,0.06180125777084948,0.030893761903045942,-0.7188347329644613,-0.19728977092917524,0.07883819980284539,-0.761505169420681,-0.06424806938243963,0.6281889960000512,-0.2755679463658687,0.37694034130904414,-0.3521862968078137,0.5898391869926262,-0.4492406050102555,-0.31939929943106254,0.6732695440307742,-0.06058378753858069,-0.2464784033233104,0.8208815362925828,1.1546319456101628e-14,0.07954004279955285,1.6842796647562253,0.00021158847997291305
-0.020764479395749127,0.1132819065654453,-0.8304895214944816,0.20260209129828533,0.0932801920542192,0.288048898096472,0.28340572935219954,0.09598462967055862,-0.7172689644424229,-0.052413609337833726,0.09361079434281022,-0.8156967279172203,-0.07649574426117675,0.6494059350853639,-0.3488215338070229,0.39363830422000606,-0.23215072259571753,0.6732355414447542,-0.4627326953357006,-0.3809720566863895,0.6042169922895568,-0.13323174940694532,-0.2394945327429951,0.8153653177309107,2.6645352591003757e-15,0.10274055360814317,1.686602932346681,0.0005064982337011009
-0.1475222076865926,0.08096736476032995,-0.8073444315538385,0.19577934908819997,0.08237409698373054,0.2844060750042892,0.19617569167684026,0.11057586235407207,-0.7035634416553023,-0.19187803379328472,0.05860219211683911,-0.7774675372124741,-0.17370167216571053,0.6111759458149312,-0.31592916801530746,0.43236513943918203,-0.2502403915793053,0.6687334126429152,-0.415112547227663,-0.46197966728279893,0.6760277592802206,-0.09688696597077613,-0.2758781130668698,0.868119133713349,6.217248937900877e-15,0.11347517183545291,1.6888452746121794,0.0003506589616478583
-0.026034376360549154,0.035719874274222185,-0.8373298707701532,0.17147341069906216,0.13697256333747806,0.27936182550312694,0.11330497214315656,0.0606580076688131,-0.784022572238046,-0.1615181365249206,-0.018674969282017694,-0.754317348916308,-0.24915670115126692,0.6170471674850181,-0.3712251393963839,0.3635493985704357,-0.06083080313723842,0.669736540609955,-0.4682313635278209,-0.3063643311171174,0.6528223892068034,-0.1907426293261011,-0.13981479072056574,0.8184018053193969,2.6645352591003757e-15,0.05530911689695004,1.6910248142128779,0.00046898620134119747
-0.02785212800456857,0.18949517325197,-0.8808133428497958,0.21186281683312524,0.1801261818397938,0.22912508641083687,0.18582505912257194,0.17531065113341823,-0.8081726896848507,-0.15138373342058617,0.0917023470422934,-0.8133430056898144,-0.03207514304870101,0.7292108664621739,-0.35513813924675663,0.40206666007555003,-0.21864784866302603,0.6579775075620724,-0.4781086624447475,-0.4074551399903632,0.591996034193476,-0.17247417218402084,-0.2565838906760608,0.8068202137658432,1.7763568394002505e-15,0.09498424448677308,1.6944951185006603,0.0005336243473539402
-0.06944343369216555,0.08641590715894983,-0.8434899614090098,0.2040283738095013,0.0903662448068523,0.29029981200216065,0.20693469982868556,0.04264909847275064,-0.7598268363336075,-0.10890809216524755,0.07197574980815596,-0.8163874141002103,-0.18054876474942402,0.6701793495268136,-0.2860929461025196,0.481160463289206,-0.30685518231069614,0.7152915288604303,-0.4756170023375617,-0.2985470928224884,0.8495904954121049,-0.2911690472756139,-0.2634174413503064,0.940047346902704,7.105427357601002e-15,0.150882730649946,1.6973602182143057,0.001212952361732538
-0.13162666812775373,0.15713236726232874,-0.7883356297255757,0.15163097533073558,0.18559751312130976,0.23135474151484836,0.25277791345829703,0.22851366245230248,-0.6331454177980512,-0.25214795318873096,0.043993941260589337,-0.691935273117805,-0.048155633716835504,0.6325878400183188,-0.32554004605513326,0.4600201189333984,-0.17487111899295052,0.6884142977663256,-0.4246092195278585,-0.3882959616724669,0.7615837476328126,-0.2775432853912721,-0.3045986530797945,0.8624524507695148,2.6645352591003757e-15,0.21470299915881752,1.6997010270369524,0.0006397699052259814
0.02635380653572215,0.07556523175835382,-0.7954523856761356,0.27364386374650307,0.07344958951771552,0.3404021458769853,0.38928120458735743,0.08694887312663732,-0.6587114316932414,0.007485191622060121,0.06653195789144281,-0.7874582737341425,0.015553310763218262,0.5905038071302242,-0.4032280348742972,0.3998637002149116,-0.16265500288549492,0.7024624179581301,-0.39452350781018763,-0.3632914753133801,0.5588771166311046,0.04908773509714695,-0.1735860679414889,0.8018234625385368,2.6645352591003757e-14,0.05914636547239441,1.700895241459976,0.0003382611228249957
0.16254001104828064,0.12576984405958117,-0.766928840380563,0.1729770460240562,0.0525500143569966,0.39319121223531156,0.23702156579479328,0.1391880316213768,-0.7243897291643502,-0.06498301421072204,-0.014046916399264297,-0.6821059545215951,-0.15603906230056852,0.6029367991798937,-0.27171173365213586,0.34927978415374666,-0.24167800033495285,0.7539526189012454,-0.45581552360957267,-0.5166684618885511,0.5903104488512206,-0.22938127474525136,-0.3458903974754385,0.8229304974759086,5.329070518200751e-15,0.02677707948303963,1.702063432800055,0.0001131253746297084
0.0006169063964612975,0.1884350348868871,-0.7771219432921365,0.19571223169727558,-0.00975641451831498,0.3228675440562609,0.28568810262213196,0.1763566435240315,-0.6559138991807969,-0.1974382700382543,0.10571643217191401,-0.6968884278895002,0.00499746458084455,0.5959760203701953,-0.2952379661863435,0.30980458853870413,-0.3521684364496422,0.6757544371857657,-0.5396598022530423,-0.46267359605745256,0.5272054640490498,-0.13203746764838034,-0.3997261222162846,0.7578995266277551,1.7763568394002505e-15,0.044656527164479085,1.7042562108665065,0.00037633865452190373
-0.09869209827446059,0.05588946260550193,-0.8382789075480683,0.2309581716293109,0.015525338847385656,0.38317471080226223,0.21981150386390616,0.06509969481894372,-0.7628967488411277,-0.13683172831376522,0.038224065973120204,-0.8131595652531507,-0.2763412706458441,0.5978822632980089,-0.3341001251191195,0.5441991264668415,-0.24676696004827856,0.6923571976082831,-0.383055823319153,-0.3574565308130281,0.8140038904416955,-0.07000776097429669,-0.2720512206995551,0.9308682185519325,4.440892098500626e-15,0.09015660981338773,1.7058071116451488,0.0009258793595375979
-0.15711961165526653,0.11360342019711084,-0.7875448558146314,0.18326148559166697,0.13921594823065245,0.2142729061744453,0.27391907799220805,0.16043788967153483,-0.6304269865859016,-0.18009400992011584,0.09906797735336711,-0.7700461435330983,-0.13479000488293716,0.6197536974064078,-0.29791782316320575,0.42043036844002274,-0.22038278622551694,0.7230597287927866,-0.48756664948657996,-0.38571424697656426,0.7521713973425247,-0.1976110171378432,-0.3457817669801442,0.8668225208194027,1.3322676295501878e-14,0.1822303066062965,1.7071338388205346,0.0005652428581779361
0.07411245062362239,0.21734411223575223,-0.8570419046344974,0.25747752247067907,-0.009675760523475645,0.36408708619992614,0.1710409096121242,0.21046694773528035,-0.8243071546486507,-0.16445511187307563,0.135780246667309,-0.7322525100633787,-0.12795224670391486,0.7358501316917243,-0.2517517801535824,0.4442906778801994,-0.36366663167387936,0.655430248759985,-0.4847101903189663,-0.2819015093205534,0.7351400497818792,-0.20057386544879865,-0.26769203097607447,0.8699846738652361,1.7763568394002505e-15,0.007732766848788043,1.7082363044962197,0.00007037825769754475
0.12195663360933572,0.11923854513575682,-0.8764104683269632,0.31958648117108,0.10318795505083216,0.3090318097369029,0.2899101680102476,0.13135919373697033,-0.8012778220648102,-0.03333578592479464,0.06378710503412337,-0.7997070195627518,0.16208224154345555,0.7282302495373232,-0.36453946560566974,0.4154611548709819,-0.26957671446493414,0.7158166400442789,-0.5031928971594781,-0.19344405888591712,0.6521388104549718,-0.10627592548863153,-0.19535932330916156,0.8411984447809927,2.6645352591003757e-15,0.03263621227284091,1.7107159869130188,0.00022713960582085034
0.05219780910951005,0.049695671296052464,-0.8914590355279046,0.3199935873462476,0.007640742087718397,0.3138404311531257,0.34354052057077666,-0.003272888039031129,-0.7997989953409999,-0.037720212580833114,0.029720857657540536,-0.8390962434162582,0.005563655701411201,0.6398427813110005,-0.4043890305254664,0.5044035158141262,-0.33582517321621,0.7056186934818696,-0.43802887335599583,-0.18875646054601689,0.7712056147666503,-0.11304664357988488,-0.21248503513779873,0.8947533531496689,2.6645352591003757e-15,0.07948080956002856,1.7129075944475216,0.0006103991892215861
-0.12787522007790827,0.08760627389461895,-0.7450250147317861,0.1894702887852205,0.19173495786463263,0.07733943300559792,0.287052987868633,0.162991291147731,-0.5807591961484464,-0.14472361430081224,0.07602167937137602,-0.7309282383333562,0.04173141390225347,0.5487294593732925,-0.3289470086165534,0.3769587699993464,-0.26152942288262243,0.5966849986950548,-0.3975345875677818,-0.42089985765151244,0.5678387701866138,-0.09730070935998392,-0.3042210807602428,0.7328839510762319,6.217248937900877e-15,0.17478147505206376,1.7164193142801105,0.00003086251149531988
-0.13232716013823423,0.2633858696066397,-0.7878169756680113,0.20264736580910342,0.20850521704922645,0.25538379471532907,0.2719551520436199,0.323286547360175,-0.6463019236576424,-0.17903480599731283,0.2317317534780345,-0.7544853056438382,-0.19213638521913284,0.7207193414504677,-0.29763156607007146,0.46161305742389847,-0.1287181728027151,0.6633825786725789,-0.4134871994795941,-0.27795649820920343,0.7353402794718183,-0.1793555148343204,-0.19188497676613556,0.8594986816285415,4.440892098500626e-15,0.1631813500439551,1.7180770894290922,0.000690545859611289
-0.16566952448808325,0.039309023104415815,-0.7484327306418994,0.1777462177499636,0.1057990385547843,0.2777380829612729,0.1722965948218043,0.0044937117516769135,-0.6518003898558601,-0.18981149027653005,0.026082315816462292,-0.7300371643891826,-0.10542704711550777,0.6124118574632785,-0.25813494818625876,0.42840577076706143,-0.3161544849039251,0.7690152263297191,-0.47745669411819425,-0.3555535240014801,0.8733700128194809,-0.25374006936041815,-0.2738380004893472,0.9911929039355124,3.552713678800501e-15,0.17865185229687822,1.7222249467911899,0.0005776388093483485
-0.12595416615872485,0.10385924409902907,-0.8008997220172698,0.16104287762600455,0.11402920394900282,0.2414048932779147,0.2563832871788066,0.150395299959907,-0.655364324321355,-0.20358678828286778,0.04566268304216985,-0.7468815626669659,-0.09693417504557023,0.6093686240191498,-0.3280366009881507,0.4272604276834918,-0.19165359042190308,0.7242623576046854,-0.4691028602712711,-0.3968322793585952,0.7536772798966838,-0.23101318206392688,-0.34777161486096186,0.8591326156756631,3.552713678800501e-15,0.19230881130410263,1.7231496033717468,0.0005372628816452226
-0.14881455882175929,0.09751995122379302,-0.7384416257776509,0.26005095915521154,0.06768638083574743,0.2460177574841788,0.3927942447608153,0.16234275156762523,-0.5630478184536767,-0.17327074682200042,0.08232367916991395,-0.7187541876990526,-0.08339294300963834,0.5339029559952426,-0.31370355458214444,0.5176412269831127,-0.2849832106272629,0.722207238664865,-0.3726203552553151,-0.411993832295825,0.8111485127093987,-0.12141629349302452,-0.34010966534330894,0.9236022198896507,3.552713678800501e-15,0.21259712002036377,1.7248776509179409,0.00036623279601742946
-0.0638806733205958,0.08837814099041484,-0.7804227809482697,0.14235636239042238,0.04347914723774719,0.39657765666407097,0.1546128623655536,0.08647913623559973,-0.6965363676649243,-0.07883788863606898,0.08210483860052582,-0.7736686853554616,-0.12180771246152984,0.6812438392634484,-0.2541741073353401,0.30702686658172507,-0.30263054085562435,0.7592540244004979,-0.5432777241656763,-0.41760371369763916,0.6750497628716992,-0.18286767617256788,-0.27100915411645293,0.9052096132442857,6.217248937900877e-15,0.06794054411788619,1.7286861432586793,0.000365525037406637
-0.058330307090154715,0.1115928580345328,-0.8811508574302866,0.17897763509874054,0.14313678421264123,0.26018147016462695,0.20494230850432957,0.09644684988393405,-0.7859352212689079,-0.16829139062049414,0.07065550230625606,-0.8145547570014777,-0.09849423625326847,0.6963533496157476,-0.3647150786587198,0.4033358205857718,-0.2509405249705273,0.7339212061599174,-0.5385894857839029,-0.3313313004795702,0.7478202607261907,-0.2673159042710042,-0.2593585107436645,0.8941673881364474,2.6645352591003757e-15,0.12532366113658586,1.7302297755605474,0.002431627080160621
-0.018861561903256496,0.09721554163553466,-0.8393520281624604,0.15197760074175318,0.04822565992970246,0.35524234932468796,0.20044038919508952,0.1312921868768022,-0.7498795537820947,-0.23186129031535122,0.0031708421422478625,-0.7208166358654445,-0.25634128446735965,0.5954947125165865,-0.35506239034534653,0.3839407463850715,-0.24302172568301944,0.7404397998781481,-0.5540992485971007,-0.2954736390518133,0.7781973261887666,-0.28219003121662234,-0.293281066408983,0.8810649433054466,2.6645352591003757e-15,0.058472955335750004,1.7318823418004798,0.00022182254217609218
0.05881037340563461,0.09380428675143422,-0.8611497213992658,0.23152439258031765,0.15216952391654728,0.2823881594459534,0.3180171354707174,0.19273352227048154,-0.7300618409283499,0.011770615674351543,0.06073811313629288,-0.8351900810626469,-0.09304533887370806,0.6689904955756264,-0.3803372177561348,0.44112454657975564,-0.1744707343051326,0.7019988058118851,-0.4115993188700386,-0.3697043351480023,0.641208782896084,-0.12338441854112953,-0.21639286156713314,0.8333041998578704,1.7763568394002505e-15,0.08997908933369896,1.734130273244911,0.000010438546039832335
-0.0864965328605702,0.0883977185783905,-0.8229359172058013,0.18597355014151476,0.19385703536687254,0.19274517450992845,0.19526281525438802,0.17184173191762403,-0.7012421365094377,-0.167987321657265,0.014206093114616812,-0.7521998276569828,-0.11087503618478946,0.6450487441522211,-0.30694539975497404,0.46593595104386826,-0.16478675844592489,0.7156461094014888,-0.3974713319116353,-0.44082369514932324,0.7568791345336987,-0.23594105642487068,-0.3335407865719932,0.872864361371042,1.7763568394002505e-15,0.1909024759667976,1.7353285684475712,0.001970964106323353
-0.08007240483541682,0.08277047532501913,-0.8185835027926864,0.1981669911248878,0.1893985604555175,0.19320575135292878,0.19635966427459467,0.15349114706688075,-0.7048056670431043,-0.17446043224623212,0.007891333007178676,-0.7378763834427993,-0.12068656244787415,0.6307698867282083,-0.30792963315609584,0.46608176175801913,-0.17317636544454834,0.7156908637436012,-0.39155999186934937,-0.4354386940380688,0.7618500332593645,-0.23795645106289076,-0.31590218086857325,0.8819270747463587,1.7763568394002505e-15,0.18310066496468477,1.7378980621655853,0.0002358068699080009
0.031085749178795048,0.01845375530346503,-0.9216803556658548,0.3150817397596455,-0.04071960479716264,0.2937062051821772,0.29836567531718544,-0.03312598583694971,-0.8333152537799887,-0.09787413904836675,0.0018035323664205368,-0.8504321466528075,0.048753332297427183,0.6096499770680839,-0.4566699306533334,0.43434263988737604,-0.3114563084766606,0.7126514485733835,-0.4862165842488171,-0.219546351117848,0.7080363170051334,-0.10239176424876247,-0.17727498865388736,0.8797025054174371,2.6645352591003757e-15,0.05855085365569327,1.7427276443837154,0.0008693051747164667
-0.05660362999798333,0.1593708294647814,-0.8051693644931748,0.14153939967111845,0.05691752649412673,0.3262505420303103,0.08510558538874427,0.19058949894723545,-0.7446841262417333,-0.0982526199308923,0.1332610408687998,-0.7857685934756024,-0.21110776320058774,0.6930068812553462,-0.25748027685759517,0.32385711380606974,-0.27010952472995925,0.629370438028559,-0.4816597871737016,-0.40545505455194364,0.5794134185262506,-0.15446056369885874,-0.27157821228992096,0.7843854191899847,3.552713678800501e-15,0.03363411782278155,1.743836284575806,0.00013530691721341933
-0.08098938890400526,0.12409839551890668,-0.892507690759969,0.16710896653693175,0.1563124707607549,0.2439601048770372,0.1458646105277088,0.15946284917804485,-0.8055958083112744,-0.11834910684871015,0.10104460645425771,-0.8667201377333525,-0.07614218421782659,0.7652202373259442,-0.30364044833549736,0.4788390431357117,-0.3025160133362858,0.6932509130943324,-0.48396778750171643,-0.3295190996145121,0.8138946907653505,-0.27444381993934513,-0.34547856126883086,0.874113106175405,3.552713678800501e-15,0.1634286348624147,1.7465960453790703,0.00023799060022166283
0.01702682763059041,0.014354930082267372,-0.72326737530934,0.16035649622480147,0.21048893693061602,0.1746081004269297,0.24100971431472865,0.09009355952117032,-0.6177808358139503,-0.021872819777009278,-0.029472438931454823,-0.6859640913332099,-0.05682736375609117,0.5657916104254685,-0.27010613431391617,0.47720863560378646,-0.1720013260122949,0.6945396096544371,-0.3059647780862481,-0.41753836282129525,0.7346265907139705,-0.20266670313525895,-0.3336158980646811,0.8203273053537243,5.950795411990839e-13,0.21028137043229564,1.7498257135171884,0.001158309390125733
-0.1566535843633054,0.05676824408227753,-0.7442589514629075,0.21936157564224248,0.12831703793667926,0.2585811381051078,0.20274742380582733,0.09648121466853968,-0.6208058376779704,-0.2336246518794815,0.015998216047341973,-0.6843985965364691,0.04446475949578775,0.6032914898943778,-0.2957567460371589,0.38471999188271316,-0.30166781594263503,0.7856226625477079,-0.49031424465638557,-0.35935661300161875,0.8190358647511192,-0.18524059617803856,-0.2426659285268905,0.9764336504140868,3.552713678800501e-15,0.14784273384419216,1.7507417408539965,0.0006359568689638837
-0.0552960107817668,0.10815828611161585,-0.9087610877650987,0.2399299484294716,0.12060224325283267,0.12840854376268854,0.2930826859451985,0.1597129765025124,-0.7603441132733649,-0.2315455183075595,0.007809527568317352,-0.7740531196116358,0.004659477580396687,0.5955325078005151,-0.40404424762152014,0.48404907846193407,-0.2767240762432803,0.6772931840281532,-0.4542865422982517,-0.44390783789029353,0.7315185196798865,-0.2742392665224818,-0.42740388067521734,0.8056018274604094,2.6645352591003757e-15,0.20274226442875723,1.75320205035561,0.00027105532474114025
0.11980317954374785,0.17682334862301285,-0.8965703749366677,0.2576389531390437,0.17059750021290657,0.25488146516235927,0.36276993434894456,0.2065367380997143,-0.7772277068208576,-0.02554863268519444,0.09795764962877201,-0.8171613233385029,-0.0499557165421275,0.7129837587713516,-0.3549022690595232,0.4954647530005249,-0.23766439360261088,0.7474573123683188,-0.4513900003942112,-0.3801170261171687,0.7282045262964285,-0.2622408316071554,-0.3263484120616628,0.8492586165443425,4.440892098500626e-15,0.13924810643362728,1.7546467631050695,0.0009337723347927786
-0.06336318399337662,0.13825057220953835,-0.743678772907338,0.09180930381627644,0.19295376751191068,0.2267325290357515,0.17009375194220733,0.2045516731098864,-0.6126830344058105,-0.11586882515432263,0.08504465020663303,-0.7095390773428635,-0.11602046717133284,0.6487272861875375,-0.20742987827928108,0.30855562814458815,-0.26737707121210363,0.7324842935125475,-0.5282758500653331,-0.47706530974608496,0.6544916544750818,-0.26618915555585143,-0.4423577071254465,0.7774456891651843,2.6645352591003757e-15,0.15772223393651208,1.7557080105764926,0.0005065819090717161
0.00984015356501747,0.009983273604347788,-0.7199740604911068,0.16375381835355501,0.20458242763794482,0.17527404992771423,0.23968798934242538,0.09558117624746225,-0.6110379268860608,-0.02124351654700055,-0.027727906201016787,-0.6891954704358007,-0.05961943689610663,0.5611475065211434,-0.26948611040019627,0.4745652118275612,-0.18648229877302758,0.6897492845612747,-0.30399406212124974,-0.4156585986425204,0.7332007914365045,-0.19533861166012,-0.32586808859711286,0.8233089534159517,3.552713678800501e-15,0.2044251557953167,1.756980096777165,0.0004756601961442403
-0.06006584608799526,-0.010609753945839144,-0.8194501280186174,0.26390426211582463,0.1674510085340847,0.19286675258507055,0.4125693366384358,0.12275845760730772,-0.6256407635491026,-0.11047783142180626,-0.0425798957766021,-0.7730472605016165,-0.03264581671071944,0.5536598624584567,-0.39225165263858225,0.54357949967759,-0.19336175698819658,0.7999893975363206,-0.392980485483406,-0.3006828938481918,0.9167726160025391,-0.2732983868766123,-0.23730169630975176,0.9861311434926081,2.6645352591003757e-15,0.2483803086060328,1.7595822808732366,0.00007692123752079682
0.03945586562941206,0.026328451238448174,-0.9014390804193799,0.2634489651278374,-0.050969591795663564,0.3283522878772535,0.3011083321764729,-0.010271230108062985,-0.8117900777881691,-0.07637123632728951,0.011519900244445077,-0.847425766117537,0.034312558638138146,0.5996653411015326,-0.46715983356908786,0.36391879396723553,-0.31743928070952154,0.7016944800844065,-0.5300205662063743,-0.18514242294886735,0.6477221685078945,-0.07116629416255503,-0.26044421110530225,0.8098800284538419,8.881784197001252e-16,0.006767591421714431,1.7631343210029018,0.0011071349632205915
-0.16874987844336678,0.08922723893981666,-0.8793470072518099,0.19415327225847823,0.00019651891609868995,0.27594256360885483,0.1556781536367262,0.10735873876369764,-0.7889569314354561,-0.20435627335525308,0.057147513636657925,-0.8605400331247552,-0.05166341203458819,0.6512416004607158,-0.34689308506292565,0.47601236507207856,-0.3409650139898409,0.6893701265169703,-0.3942068438804188,-0.6180290740688896,0.6656574229569489,-0.06582177973143599,-0.44027187182564026,0.8642605995035809,2.6645352591003757e-15,0.14765310808161067,1.7646152712975607,0.0005538146874616303
-0.182285219855679,0.15974197437085846,-0.8079936730229902,0.1840242883536073,0.15460770307472277,0.24012954626423436,0.2672596069981577,0.20851785494531933,-0.6545434448929268,-0.23513505593977202,0.13878496182147834,-0.7785311058070606,0.07299809949297383,0.6377766815968805,-0.4423924213274908,0.2570218632010515,-0.1663166787652385,0.7181212978762249,-0.58609957529062,-0.19258033868171906,0.6272730827738409,-0.055407539058313575,-0.1652928626178335,0.8067734286194383,3.552713678800501e-15,0.06534021921454823,1.7655165316596737,0.00025676560479961994
0.050742915752896516,0.13426593190066585,-0.8849996489262836,0.23505419001962496,0.1435884683823407,0.26330663686911954,0.2985454772788922,0.10379874721130847,-0.7968961513306863,-0.05916634118952356,0.0926758852931272,-0.8264248023870462,0.05543310731083216,0.7078158748272895,-0.4102526379876819,0.48907906093889525,-0.2500179229041729,0.6961616539691947,-0.4088335327036904,-0.27705072600807773,0.7378341696140954,-0.2183369105599596,-0.18703208611851835,0.8657189862320998,1.7763568394002505e-15,0.1531404787520519,1.771105433956202,0.0006290981166031746
-0.00021863460653319118,0.09744789569492651,-0.881342333969834,0.1836335427323335,0.07391970064263163,0.3281386431034314,0.2414286595576174,0.09815050691159186,-0.7832959247461458,-0.1374295619807743,0.040166932309571135,-0.8130280022635977,-0.12673205162809803,0.6678106184699689,-0.3836771884954379,0.3782265664022731,-0.2247019101427128,0.7923097135944902,-0.5426988417293056,-0.37402553452979587,0.7450738325486422,-0.27029816914007715,-0.2615699235911821,0.917460535239836,1.7763568394002505e-15,0.10198109352784995,1.772387983196299,0.0029706435750177715
-0.15492744707104977,0.11353139268924513,-0.7803763113620299,0.11250392927272408,0.14039707276202767,0.2871467837994504,0.2783785833732907,0.31612988404304854,-0.5947801401359023,-0.2997938702428417,-0.016301554025857205,-0.6944881091815334,-0.10335752018674074,0.4653459266609954,-0.4975518275393593,0.3102614721221314,0.005106989515197057,0.6939824836826709,-0.36249508104015704,-0.44235021358706755,0.5975400972811147,-0.07633524016377607,-0.1855314498490382,0.7830924920277734,1.7763568394002505e-15,0.11291290170483208,1.7739331589302048,0.00013453503910403354
0.013056266279131543,0.21357322585796532,-0.8610733364765155,0.17066003340401306,0.17055579739099808,0.27477772246496784,0.3034489737849348,0.24075176871148316,-0.737006001510927,-0.057369289062479914,0.17190768009808044,-0.8218418581126723,-0.2386033078129572,0.6897223803059926,-0.33676152070411647,0.4661647185563083,-0.19577394587225244,0.7392587454142141,-0.44983446672368604,-0.38191612387626156,0.7621308343371114,-0.29653254856634753,-0.32317414195464106,0.8621076231597934,3.552713678800501e-15,0.1597684751077414,1.7749221493293532,0.0010570975305613651
-0.16225020733595244,0.17572647817558026,-0.6931363727891907,0.11997236961050199,0.11122342582540887,0.24728009882278973,0.31046567557845733,0.20701837385037283,-0.49533525240160187,-0.23858921052040408,0.11607171357708412,-0.642460945095901,-0.030464737068570606,0.5657722816741345,-0.25815214031992406,0.37527540670953985,-0.2860625997278597,0.7514125755770396,-0.4877284060757019,-0.4167133228491464,0.7964211360730031,-0.3420953515214467,-0.39549018216726883,0.8682755382007473,2.6645352591003757e-15,0.2656553537998537,1.778942956517919,0.0003419634378139917
0.0011192824596773952,0.08255706453857072,-0.3540886007795733,0.08601459349828275,0.006681632620028924,0.20046994794887352,0.11503103865669881,0.07824607665759052,-0.31832985131017527,-0.08932604043989288,0.03269040889337267,-0.32093980466698063,-0.05351266237665107,0.2782013189810963,-0.17167531558487809,0.16189692551823778,-0.096361701495747,0.3382169711776069,-0.22020763663524842,-0.1601924552812231,0.2973125911864676,-0.03216084942094309,-0.11044517850344737,0.38810624868108506,1.7763568394002505e-15,-3.5209125567350877e-16,1.780027085367712,5.109986633554099e-13
-0.15383518896525825,0.13183314661216639,-0.7896041134276377,0.16934692807126533,0.16055649491286927,0.21491779022956997,0.2628424328065132,0.17977756568817635,-0.6477937805316446,-0.18477588508454393,0.10859238935664156,-0.7679985256328871,-0.10259156751709156,0.6321296045394865,-0.3419172849673401,0.41229301945902097,-0.22099780134790442,0.734724207493815,-0.45555211956796565,-0.3937906862687643,0.7475884022230161,-0.15875092897739942,-0.3140199871022978,0.879034187846973,7.105427357601002e-15,0.1713697828987802,1.7827428890024066,0.0005465316460628757
-0.010960883852750812,0.06967775071757791,-0.8177705759845587,0.1092184245157821,-0.051566502052065255,0.36548685884544585,0.1889896524873791,0.10911809348048344,-0.7305874700002227,-0.18751505059665816,-0.02949738039010673,-0.745550698869515,-0.29481980806100483,0.4915491723485992,-0.4008738387128334,0.288413603275469,-0.2687170294460487,0.6895213920664196,-0.5370794164028805,-0.4146260054125631,0.6244363426626759,-0.2213405201857643,-0.311135176800377,0.7978960971132533,4.440892098500626e-15,0.006258026679060344,1.787461820024886,0.00004469598608379913
-0.13534867468591597,0.13720795312273465,-0.7838389461471491,0.17693766943588105,0.17285139302294533,0.20085360487504675,0.2680764601881352,0.19269011293631624,-0.644082982568169,-0.18254102463944513,0.09848411941813094,-0.7497988368385893,-0.08160750451292834,0.6233970996526509,-0.3446588307131028,0.42290953551257493,-0.2300513937696521,0.71440938200962,-0.43476806864900197,-0.38292054580453316,0.7413142630682358,-0.15657422047496908,-0.3120208558868129,0.8627113359595941,3.552713678800501e-15,0.17069042338881327,1.7912514195895664,0.0004476487742153746
0.05512236047384216,0.005100255042492398,-0.8973803459350745,0.15956268446973654,0.10337417683230891,0.21761466526054085,0.19529504736190292,0.00838118272004598,-0.8408421582578006,-0.08058108004121982,-0.0639082207561213,-0.8250942615503727,-0.08984696590946833,0.6031132855761456,-0.466942649261895,0.3587241441131596,-0.22748318968009842,0.6814797949588163,-0.5287089152840767,-0.24410164714272847,0.6766645873965599,-0.2855744106265425,-0.2459352901015047,0.7767251003049676,3.552713678800501e-15,0.08293167974241891,1.792952913158661,0.00003748776123787386
-0.10376303194715736,0.11015900197870883,-0.7823800117708154,0.14068761977060754,0.09874091056413413,0.28749635434616133,0.205552543402352,0.14804535034727548,-0.6578471866545841,-0.16369650833646854,0.07629393778644285,-0.7458886069539165,-0.027798867368855697,0.6661762782362142,-0.2866936938726416,0.43247339708943416,-0.16757157368540895,0.78960732410911,-0.4197908865582929,-0.44266761157623336,0.7994596312680227,-0.2670234635654742,-0.35220923059172415,0.9073841668044087,5.329070518200751e-15,0.23960571428512353,1.7945247108790914,0.00015428581253001163
0.04419066629038052,0.09879410061347248,-0.8721008830959329,0.20339729330950065,0.12862326741392163,0.2524237516729449,0.25098982685429905,0.1422824045454256,-0.7722860915987352,-0.021954200383659618,0.05750094930507093,-0.8390383598644662,-0.03590237188250191,0.6887858243097578,-0.38135018439037055,0.36324243122109556,-0.2282584873212728,0.7205658412854287,-0.5002151004513516,-0.3443351708697879,0.6457102237249169,-0.20303068187400022,-0.2524959682039829,0.8226511958853752,3.552713678800501e-15,0.09112406053885737,1.7956475457653498,0.0005135595122987938
-0.023661335428549653,0.11708288853353169,-0.93285913115366,0.14342122103720795,0.1287047873902089,0.2587317042720842,0.18194338668606927,0.15244229041502794,-0.8512404568974453,-0.2162267742121362,0.0016172262558733902,-0.816937411402848,-0.22869026624693486,0.6494847350163476,-0.45543579004988705,0.417956073393096,-0.19589744747620635,0.7188872503303753,-0.5215303859489638,-0.29200771137316905,0.7862631344493743,-0.33865115758496456,-0.2562711750358572,0.8701044579798491,3.552713678800501e-15,0.1049130793525934,1.7979246150814485,0.0006350508795653867
-0.007000561187497009,0.0033358144252159634,-0.7898372730724129,0.18065968697957024,0.1294983518854677,0.17720704769624152,0.1566016229956011,0.034685270579781616,-0.7229890117720266,-0.03808690664702909,-0.02302712444087294,-0.7657446463617809,0.0024702227817460388,0.6092680356464287,-0.3009077137842313,0.4789372771643416,-0.22481775904960752,0.6881390764186834,-0.3473832132324826,-0.3969542667427389,0.7547342757021407,-0.2377685157356695,-0.3497222368097002,0.8198470118314524,1.7763568394002505e-15,0.22193835696703876,1.8009746146298076,0.0006567955563751511
0.016144040766014157,0.07297223652037886,-0.8685446100297065,0.2030550386826641,0.052841250035051225,0.31757963582380094,0.18919981189588153,0.06660471188684,-0.8085775255294828,-0.19251085717112912,-0.006887177734161349,-0.7556180134702409,-0.14214144157943026,0.6180908302299044,-0.3883924942019372,0.4104790714420644,-0.26593713205843206,0.7657895119201256,-0.5009954261819943,-0.359642118914375,0.7750049041131635,-0.23923442006839046,-0.2875084703418694,0.9094211584172868,1.7763568394002505e-15,0.07127805812211259,1.8030040266518272,0.0013257306070236956
-0.19040263687024284,0.17576127273234327,-0.7714297502347475,0.13551776921987135,0.13047360590068768,0.22843257553300175,0.26072642087216946,0.3456960074865651,-0.5835513201039433,-0.35890403156153905,0.006732244573226972,-0.6648665561573316,-0.06279462275931302,0.47404147434578486,-0.47795050520258814,0.305736368770934,-0.07153778980509894,0.7022994045564485,-0.4089000470943821,-0.4728667893562834,0.6021738904823202,-0.0862249259577078,-0.2920701200434738,0.7711513755979197,1.7763568394002505e-15,0.11400047393268216,1.8061391075762707,0.0010731175747031674
-0.023582057848075617,0.11994001860702733,-0.9343512566900922,0.14880473882373849,0.11361019459462747,0.26058684518789266,0.18136978200212506,0.15024367218025697,-0.8539340746187484,-0.22261381109785602,0.0143604633348694,-0.8157382702184451,-0.23471332832327804,0.6523718088745377,-0.44606858717524656,0.4271920681349869,-0.18436866764040374,0.7325847109057056,-0.5147592684264666,-0.3042543238788693,0.802624291299925,-0.3474011122303224,-0.27216694735220504,0.8788159704937383,7.993605777301127e-15,0.11824419390647692,1.806951577880987,0.0023012942058005855
-0.07442188250908835,0.1489655385911419,-0.7435252225069005,0.13625765067340342,0.03829459292746413,0.3530219910271568,0.2658505725754995,0.1948550009241294,-0.5968161568113874,-0.09230384882654794,0.13860101867985405,-0.7367484786148708,-0.13854935209242664,0.6028277088599091,-0.30017852843054527,0.28816705937459486,-0.2632340374135076,0.745948756500462,-0.45344575063299514,-0.5199866209181919,0.5821443208359859,-0.10888921353747036,-0.3284317524570365,0.8300606508049599,1.687538997430238e-14,0.09094735235791354,1.8114818656060465,0.000015749341735102823
-0.04060909602700616,0.13676784279977325,-0.8789032147698717,0.19019058651450635,0.05059141091340718,0.3503410040304916,0.2606572532861125,0.13173383819556952,-0.7776305036806309,-0.22447778837545657,0.037529228054034657,-0.7890443760890046,-0.16390850949988753,0.6206940465205864,-0.4300947172022524,0.3868662628117389,-0.2634921283153458,0.7955473714425898,-0.539880093064231,-0.37487878145047476,0.7736285315039888,-0.21421540791381097,-0.28110945810735904,0.9383870017927881,2.6645352591003757e-15,0.07173154408340619,1.8132017035548462,0.0003326430276327196
-0.0566727298209753,0.18751798129897373,-0.8934261743158387,0.20327503503062813,0.0690127400858172,0.30476075789336604,0.26739391503069937,0.17973701916916318,-0.7849710924946403,-0.11540954577986669,0.1510024238065664,-0.8652013715333075,-0.06801081802140065,0.7265392404969485,-0.3619430579935775,0.4391850467040599,-0.3648591971626624,0.7315700311111437,-0.4788244624708771,-0.43255454111591063,0.7493485806468976,-0.2037517998281022,-0.3300691737733215,0.9179460513109207,1.7763568394002505e-15,0.130139637858105,1.8161577433662166,0.0005177547824708511
-0.0514730613700283,0.09760769632826638,-0.6958125125377882,0.19333774732784106,0.1357568488600477,0.29707806911265006,0.20215275665972646,0.10182613984770608,-0.6125357932054176,-0.1901849790491624,0.04553977700734198,-0.6048364875435308,-0.0754244170230389,0.5834455573379501,-0.2933039900031896,0.40579450679938783,-0.16129452667937305,0.7608307771013985,-0.39464886501693863,-0.28791023145058753,0.8017704326076956,-0.20049351705891255,-0.19359663196448618,0.9109458141709141,2.6645352591003757e-15,0.14596340940635844,1.817049779425352,0.0024526440860102553
-0.12771197989612454,0.17126580092428978,-0.8861542445922052,0.18958669666861616,0.17955270497693282,0.15878602002188064,0.09815660668078857,0.1594359630613809,-0.8169028629138502,-0.15889609971290547,0.15228981606549455,-0.8649114916673325,-0.03463008257511607,0.7495544590230141,-0.30869199662760466,0.4131744219527529,-0.3462938550837847,0.6937504532796793,-0.47922380130883463,-0.4612004488168228,0.7218976003953896,-0.23325351255791996,-0.361777714908376,0.8751243503378955,1.7763568394002505e-15,0.16254494265034322,1.8215579920530327,0.0005931588551305018
-0.0965474948734831,0.20985498143897555,-0.7993584409834501,0.09440307258980166,0.0821838903789524,0.44484302265371634,0.24590484006582602,0.2802016430267321,-0.6514243865807143,-0.15413220401194577,0.1652733347440528,-0.7789811622405006,-0.19264517727740474,0.7164656933539252,-0.3205127246451737,0.3178379986282715,-0.22928919557911515,0.8545641753167623,-0.5516006412200966,-0.47527907075438647,0.7180934081733028,-0.13081921386537185,-0.3564594181482759,0.9267408193031593,3.552713678800501e-15,0.07487564740335184,1.8233434197111207,0.0006635596888111999
-0.028988411407486946,0.11663778460405068,-0.732286750599508,0.17614088712066064,0.04296416145498655,0.4079881120294394,0.29817825861457103,0.16751634105246532,-0.6039000239836831,-0.1243852655976472,0.06954183397695961,-0.6952959014059105,-0.09950155287407245,0.5522673621815855,-0.385739481153336,0.2937135551755894,-0.1604798769882001,0.7507431873598609,-0.45752068093863524,-0.3422240985959736,0.627477741124649,-0.05776499951614712,-0.18038997936550275,0.8364436708196987,1.7763568394002505e-15,0.03331140122063654,1.8278503580499765,0.0015876480047988598
-0.1437311605059784,0.12998194049143008,-0.7780405762015017,0.115771441637911,0.12133888013519341,0.3098365929653169,0.2781208753374756,0.3190425852869028,-0.5982061649353981,-0.28049382847600607,-0.02068773475198147,-0.7061830842570687,-0.13032619402897508,0.44574558745306286,-0.5062568448043637,0.2787676313816822,-0.020621114836997946,0.7327419662834238,-0.3555272293735199,-0.4940374079891571,0.5901398330884156,-0.05225425443635011,-0.21205604228504005,0.7965516245266735,1.7763568394002505e-15,0.08393901336288884,1.831441488304127,0.0008555324715778574
-0.036552786771249623,0.13939902908342922,-0.876896069397405,0.1829868143045214,0.06181326461374748,0.3444936990633231,0.25183330482013644,0.1115683390840646,-0.7836856154344097,-0.2340789943603394,0.07265617091241774,-0.7786631205873498,-0.1582719672192993,0.6272870285955369,-0.429440614055123,0.39336706137193933,-0.26653106199719917,0.7960634047088649,-0.509106964369129,-0.4015334366764941,0.7751362964850416,-0.22440481750545352,-0.2698568210781781,0.9458953867574966,1.7763568394002505e-15,0.09064427381904935,1.8331150385165373,0.00023548897790521612
-0.14770444946787697,0.2258376564685954,-0.6806664863371029,0.2359257260832804,0.1285345038787555,0.2456860158633263,0.21662386676351295,0.25609349796521835,-0.5834055011856191,-0.17405625867796545,0.2090401894687804,-0.6627380712623254,0.0211330560643436,0.6703441912043693,-0.24608530805811885,0.41686131312937524,-0.29802068142592325,0.6496437924406213,-0.3691653335956225,-0.2977218739489308,0.7314539590301977,-0.037952181911830245,-0.2737281056282499,0.832620992913386,5.329070518200751e-15,0.12885565887721792,1.8356564297111324,0.00016193541799589347
-0.07223252951743797,0.07825949428171784,-0.6784520412658104,0.1518317354183963,-0.008377576710712493,0.37723899998385096,0.15169553974111943,0.07637501723627474,-0.6057718887037238,-0.07999625680041417,0.0747424539195432,-0.6749874251644348,-0.09063910042675885,0.5825314472947938,-0.22739815570221833,0.3063024387726503,-0.3393751047065878,0.720858677027425,-0.44205561894483786,-0.42399378861410697,0.675623533593191,-0.11273853106654595,-0.3053556431965358,0.8583054578840101,1.4210854715202004e-14,0.0733084112128503,1.8392401849976752,0.0002911059835296952
-0.000752431097831031,0.018446742308377492,-0.5280723697778967,0.10238400939973992,0.19410049767654108,0.12576292174082934,0.13507520078138896,0.06056534252428493,-0.46730502695619547,-0.023466884041885752,-0.011093171082314543,-0.5035232218788687,-0.04947682866516971,0.4478000135502323,-0.17319481904881773,0.34470707343226675,-0.18812045722354176,0.5843400550712332,-0.2628315663990851,-0.33223164099460134,0.619027265551097,-0.16440402862915174,-0.29773348986130926,0.668228626744624,7.105427357601002e-15,0.20125964977878003,1.843129191638882,0.0005459516968887786
-0.057452287856090856,0.16494211819340954,-0.7268194304606957,0.1372712438353087,0.08350438484367605,0.2921049865378042,0.36152906262625006,0.29126354518388464,-0.510830634628437,-0.07479339273073562,0.15305414723720304,-0.7201404254995617,-0.08780165839868204,0.5578873091283113,-0.36412040556614766,0.28789137450706187,-0.21736557315519814,0.7173771694662927,-0.4486761814688455,-0.4244592399544761,0.5732505354982121,-0.09126908610948296,-0.31296637863205196,0.7681592159492473,1.509903313490213e-14,0.11572648212638557,1.845645426635508,0.00012574906177233159
-0.04288907261159535,0.22378615959310805,-0.8117312791348436,0.24853837832094577,0.13523232927879808,0.25372998501362776,0.2352434401105004,0.20420998814333421,-0.7470409895872641,-0.06861552827539186,0.20810766693550095,-0.7970265877486509,-0.07723207060012383,0.7247237519273609,-0.3221772087892608,0.5117185244220028,-0.2732798563024624,0.6443712757852084,-0.33181769479543416,-0.3027843527414759,0.7459655586515653,-0.07552218497132006,-0.2662304058976389,0.8416251345173638,1.0658141036401503e-14,0.12683234294479886,1.8463263873536429,0.0003695903918126171
-0.0878419569232211,0.18370282957217215,-0.7498625455463032,0.14001353922220797,-0.016945623729944976,0.3687490756962725,0.3059670469284404,0.17414875859954007,-0.6104955491607921,-0.11805786814287968,0.17002013250940132,-0.7397399789306183,-0.11692251270450682,0.5841282842224761,-0.3557602554554316,0.2776691168581496,-0.3062138786060369,0.72803503245937,-0.4931419437991119,-0.4605147478986705,0.5893926284347148,-0.09172331891228783,-0.3303943064577439,0.8151814302059336,4.440892098500626e-15,0.07735787906982737,1.8490059367415197,0.000289477285879941
-0.06623816717754455,0.16274813654272785,-0.8905408447717108,0.3003842019498874,0.10162105133199499,0.21070095022597285,0.3014628916717877,0.21014672892055666,-0.785306198405076,-0.07440761246979719,0.15828072158385723,-0.8849217207589151,-0.01991329926611365,0.713750678648543,-0.39063958058481524,0.5753448167035398,-0.31864204474289703,0.6489782645367688,-0.29969189430873333,-0.35346874828881786,0.7807948186300399,-0.06790319211531287,-0.2750803728855172,0.8885620768441468,1.4210854715202004e-13,0.16485355798094417,1.8526086349095952,0.00001838563435860755
0.027318625412748737,0.18160296899941963,-0.8893870724419696,0.2031927299149222,0.1689203772438916,0.24934486219403804,0.23556462078655385,0.20673242960308486,-0.8086053282826436,-0.0584526205177824,0.11853362563834921,-0.8423655070262551,-0.08522869554698664,0.7384989683115302,-0.3752527135331245,0.47253129381106557,-0.25061954948298026,0.7269923995850449,-0.4234138828426618,-0.35880616424146616,0.7584037480206306,-0.2164341922745811,-0.30590565227452693,0.8650924834342686,3.8191672047105385e-14,0.12867324355150492,1.8567388337824975,0.001015593345525469
-0.17110223660230403,0.16082297271366144,-0.7916464148181944,0.10956387496116012,0.07359386268728714,0.28576991537293334,0.22190115219064388,0.1857760210776338,-0.6692421336326771,-0.24436574292118782,0.11034942092172446,-0.7518289185721405,-0.0247722607432757,0.6345766975063406,-0.37317903180289336,0.41239176125170646,-0.2579954121608776,0.7275772331612193,-0.44982163649452567,-0.37318341085547835,0.789296013840874,-0.21346178259163964,-0.3451203239697358,0.8738637732014708,2.6645352591003757e-15,0.2028770604958575,1.8591794812351286,0.00034194642948636616
-0.1348972098034204,0.09217406812184793,-0.8625703432846988,0.23567728568698157,0.02797203939533044,0.24433361044639473,0.13378007021413257,0.13854444914684413,-0.7810491222630926,-0.20017161290386457,0.03400250584512556,-0.8233796860467587,-0.05033149284454039,0.6391618601950753,-0.35353387515595464,0.46093684918915667,-0.33653273561010555,0.7347315025513083,-0.3845932044418247,-0.598043474425985,0.7024678020035189,-0.025573541309803164,-0.44698146219083446,0.8758619258206245,3.552713678800501e-15,0.11212559462648394,1.863424627510526,0.0007529471769529127
-0.015981224448217157,0.1713378142819961,-0.7666271219346652,0.21462065677033423,0.022272823954769344,0.2743308485665435,0.2408589268644225,0.18328954491464258,-0.6860863365071939,-0.1624542426118588,0.10227898149830433,-0.7000923432478071,-0.08411004686349068,0.5532163811529821,-0.3954694695514778,0.3607239512363343,-0.23362316560550844,0.5991434053725253,-0.36721693739804034,-0.348980961546142,0.5618076836572963,-0.04817347286940308,-0.23015144373995033,0.724209433131637,3.552713678800501e-15,0.04213620821388738,1.8673014334347937,0.00024192733351758393
0.035542884913946166,0.20077534380275822,-0.8711821398132692,0.2076571844748994,0.18133692674657334,0.20444912836121248,0.2785073838048849,0.23493165438722627,-0.7709649282866856,-0.023811069184932806,0.15633978434876913,-0.8358475551636949,-0.09543317531607971,0.7198057532535298,-0.3516391769336534,0.5002120065396949,-0.2799435694906114,0.6901873484629505,-0.38403850648870286,-0.3425381536564587,0.7790908717167851,-0.2689235431544126,-0.3267142238886308,0.8323600477647202,3.552713678800501e-15,0.17456774696630636,1.871362965676749,0.0008187165238222451
-0.09123924430785098,0.24952121569686758,-0.8574984194767482,0.04071467962280195,0.037636688055193504,0.43572952378035956,0.2325898461713011,0.3089381590045458,-0.7043630204318033,-0.13739195026192047,0.21764912523788396,-0.8444964005885262,-0.1106899778890775,0.7897877684052936,-0.338863527867929,0.3216750428562549,-0.2598120324506137,0.8236212074622596,-0.5580328260560027,-0.4729534715720602,0.7166225935131202,-0.25318989963595717,-0.36760462340663513,0.9061557327422745,2.6645352591003757e-15,0.1381788305422215,1.8759101336710682,0.0008427789324398681
-0.12083736673296397,0.10370516313815756,-0.7591379232048221,0.12013626912830923,0.08317414428659077,0.30516366996751215,0.250909560238759,0.24452475596282758,-0.5871206615668304,-0.14508747731604762,0.08562648176771717,-0.7473244182809816,-0.15112777758781476,0.5716232244173054,-0.3621303438129452,0.30557838352947675,-0.22567106427452865,0.7536208673517019,-0.435371261972479,-0.4842314083024214,0.6561108524160904,-0.12110651886818921,-0.30139366296295467,0.8515240903548454,6.217248937900877e-15,0.11690734573825207,1.8801995310912671,0.00005175157916362731
0.03429918858865161,-0.005129407129545434,-0.7606562401287336,0.16458476547700407,0.32206667683885287,0.07890870735181249,0.35653177197026314,0.14791187573429207,-0.5925514107381514,-0.025310795897004343,-0.0615148859553187,-0.695317517670431,-0.02130060997611882,0.5575876743189901,-0.38505644815660517,0.45639316013030223,-0.03698989678517141,0.8594857996523425,-0.3295768425037062,-0.37575697937902286,0.8807838144966162,-0.2803138206390291,-0.29750583155336424,0.9372214118955898,3.552713678800501e-15,0.27752921061454694,1.8833117238685422,0.0007322640539299671
-0.1866488659862986,0.17487143494794774,-0.7676151556470783,0.16034833557495243,0.15859911978464886,0.23235467637837093,0.29058920332122745,0.22934346414714796,-0.6231138799302074,-0.2257315339083479,0.13903643940813337,-0.7499957475225929,-0.005848636943127104,0.5900369283987805,-0.4362370512440167,0.2944467962502043,-0.18282895024206716,0.7753674895093249,-0.4294255634533721,-0.4844569919067273,0.6138228132281821,0.017967130788611847,-0.24331770110451312,0.8468563536453657,5.329070518200751e-15,0.09117594078436124,1.8855334956098733,0.0005461121993168463
-0.03852132275088742,0.12892998233399133,-0.8066447681320205,0.23178537275925654,0.09507778474456083,0.21885222792781867,0.241902949498425,0.12119578081314035,-0.7203637624621576,-0.05855443774562103,0.1188987492598595,-0.7930364268238832,-0.08950783824312811,0.6534096633650845,-0.29095641214761386,0.48977107298573824,-0.3463730368169838,0.7360639150568145,-0.3836939513279352,-0.34486049180046174,0.8696570341085872,-0.2573191508590323,-0.35399723841147873,0.9073013186622433,5.329070518200751e-15,0.19448413346322854,1.8899046976091316,0.0005362756714371522
-0.07782083587673096,0.25009042582804547,-0.8232191474456089,0.0663038665944041,-0.002321860120972791,0.4792850091979709,0.19818434809891228,0.3423344928340855,-0.6829815918773131,-0.12353873500710995,0.21608061758492056,-0.8110987564883997,-0.15533122621987283,0.7710693269839715,-0.31722360089661933,0.3274330235626952,-0.30738054776778545,0.7591758423862435,-0.5020601945212161,-0.45662256658925415,0.6899231770522647,-0.19391842356756453,-0.3157853779545418,0.8971580405372241,2.6645352591003757e-15,0.08338306597390967,1.892225708024212,0.00012908932278517552
-0.05239792607105276,0.15615358953434832,-0.8536903648196001,0.233179699314381,0.08271844935028344,0.25453973066160457,0.28010401590360196,0.20190178682967264,-0.7424482309560859,-0.06586161539303471,0.14773765053887922,-0.8470443372635155,-0.06035647285436174,0.6689551909566974,-0.38201220289508353,0.4337419757306005,-0.31813935580914504,0.7205559897337128,-0.4030214279214684,-0.4721405565704636,0.6674037900107151,-0.0017151388417142896,-0.3802431269601335,0.8310933756240406,7.993605777301127e-15,0.08991917530595119,1.9001610086389034,0.0003733955619764235
-0.1059524047295218,0.21102894064827077,-0.7470577932553917,0.15811243733923797,0.02595330067088296,0.30656598508573973,0.30536501563578355,0.2634957659991877,-0.5883739611077392,-0.15183975833187224,0.18667430285021175,-0.7285427315330734,-0.11511209366305479,0.5849770381992061,-0.3644699761392888,0.3040720489609798,-0.28359149476491474,0.7094038447472405,-0.4466640814565603,-0.45493604026598344,0.607236482180645,-0.0969030111646708,-0.32910811457521555,0.8006109650060579,2.6645352591003757e-15,0.10513774836739812,1.9081829574911453,0.0005909462796592004
-0.032875711937015564,0.15556287915245157,-0.8120574025339939,0.22467467361297347,0.09115371625859224,0.22655607226890417,0.2340315140252439,0.1339358849485229,-0.7403555997341094,-0.07180374580811723,0.12953509233921282,-0.7882035515233183,-0.10122388529187204,0.6554558373037183,-0.3121934568044244,0.5165977530877351,-0.3321392984108815,0.7160902614579675,-0.3381596521469572,-0.3607965587966156,0.8612211624868515,-0.24680452167193448,-0.3382600090100123,0.9058791928977052,6.217248937900877e-15,0.2011735802447856,1.9135894917473335,0.00020232543391405508
-0.022824249203444075,0.15765006656938302,-0.8110304542978689,0.21420679014465152,0.10663161149029572,0.2272965623117757,0.23438348814487722,0.14869867900320663,-0.734962446568063,-0.06044597429472318,0.13390382276999585,-0.7874573765042207,-0.08752252550849297,0.667598484168696,-0.30350899262321535,0.5132785519740672,-0.35179916913183024,0.7173074454860471,-0.34053472591931055,-0.3644886995416095,0.8684240759503368,-0.2682602676017626,-0.34654627933597,0.9051768175368404,4.440892098500626e-15,0.2058362718482444,1.9212037452494397,0.0007593956857797049
-0.16908322983321117,0.12683819083722653,-0.6691248743554089,0.15772980174537832,0.10175583931725986,0.24304239313940823,0.14683703544656457,0.18120929811697167,-0.5708246139709615,-0.1960138416391805,0.11015262065567351,-0.6511387271466835,-0.024771366946218176,0.5945669542422264,-0.2826953086387189,0.31853228680437745,-0.3054445343064862,0.682361452839625,-0.4056508605956751,-0.2801304237892732,0.7602593647916958,-0.15748695693155032,-0.21293753672397225,0.8656728205651478,2.6645352591003757e-15,0.14295408017467456,1.926760534935293,0.000041840185612564495
-0.11663323287638906,0.21690440572301362,-0.7465636213782771,0.15205368981703565,0.025645149289505606,0.2997563297442441,0.31749306351612233,0.25655880751434,-0.5878463349950735,-0.15475709055103443,0.19606244892949287,-0.7317787841986498,-0.11836523610812676,0.5732750914559449,-0.3845881637952487,0.29743359327716035,-0.2865308182135935,0.7178722650079311,-0.4455675180013684,-0.4629983403417257,0.6107999471536574,-0.09623900613020439,-0.33349958558179044,0.8042425395113536,3.552713678800501e-15,0.11402537786612969,1.9348890033228099,0.00039756660465261695
-0.19853878642514794,0.06631778267838352,-0.8126426138990345,0.18253778295721548,0.03470177891989929,0.1805873345694122,0.2581412044715359,0.08194316503865633,-0.681601527064835,-0.22825151792657827,0.05517491668403165,-0.7898139845746697,-0.11248259451548481,0.5506076489909428,-0.3984254844550007,0.42608614332230826,-0.31301587675117754,0.7968804773367213,-0.453805423381522,-0.3413231630732019,0.922153398034888,-0.28428077832320786,-0.3507839794364053,0.9666937991168649,3.552713678800501e-15,0.2420757483096218,1.9391140290963633,0.0002431341496008779
-0.06042748803055576,0.2538481978509902,-0.8081293269281187,0.04383798891848228,0.0104600223289416,0.4969220830976404,0.20410168632539724,0.2881546591491418,-0.7008107304367138,-0.13104354196455537,0.2007750859111253,-0.7921615243985834,-0.18449805524137275,0.7485603419211981,-0.3348385224631171,0.33143684744699237,-0.27449353256455006,0.8380548331352176,-0.4911486673799586,-0.49934396550477006,0.7409032040092516,-0.21603973500922824,-0.35445236987327816,0.9371082672864891,5.329070518200751e-15,0.10096221550950765,1.9446098489056625,0.0015406526461623853
-0.02310196657804466,0.15574394942834624,-0.8059971438037958,0.21689485222582708,0.09208071379408625,0.21968814333783518,0.22404230829731203,0.13580983506585612,-0.7375841093889843,-0.06124746179624922,0.13191173626120378,-0.782644637295649,-0.09515151441151974,0.6550138765714303,-0.30641591319960054,0.5031092952971665,-0.3544434634101205,0.7214187682860135,-0.33809605032254114,-0.35700161264799707,0.8747978071720123,-0.27629621220379685,-0.3421924205767771,0.9057506437186243,5.329070518200751e-15,0.2075985910198922,1.948768704586778,0.0004937698522627355
-0.034769386474734924,0.09856993296862801,-0.5551022837220448,0.0793511032000368,0.03451620301430568,0.39867538780892114,0.20086644444073593,0.11632227045400488,-0.4621174443574118,-0.04532115213543301,0.09111133832958515,-0.553094389386966,-0.11617358797107513,0.47253197918773376,-0.2615464472327193,0.17232777823324108,-0.16594235315430556,0.7055287826933685,-0.3410387965943421,-0.43230329260373285,0.5240056522468657,-0.047642434806970654,-0.19922840492524235,0.7492535656172978,9.769962616701378e-15,0.042332470715482406,1.9515576872514535,0.00004321779801652254
-0.03199477955045985,0.050604127303830494,-0.8382624565581275,0.261861074310603,0.10819848827436027,0.16044573420451583,0.24125381650768346,0.09110480920014571,-0.736562548689915,-0.1069406917615144,-0.0021541358862183103,-0.78275812957833,0.06533792901041345,0.6055201571838252,-0.3789981617855659,0.4693377585778185,-0.32363903039333264,0.8066090432659597,-0.3900667949584648,-0.3974515612434668,0.8744416838228148,-0.25255060204247415,-0.34135840234704506,0.9513329353531416,1.7763568394002505e-15,0.21024482435636266,1.9650352862092721,0.00033274129300174435
0.04485694199696922,0.1343928206117559,-0.8142906754460523,0.18407104724615198,0.0973785818810352,0.24150058851140407,0.2858443263708962,0.12947897776495498,-0.7238672560586875,0.01802714781074078,0.12673874160623289,-0.8014563977101252,-0.06086473008762754,0.6412670229579426,-0.36217318304194207,0.39734052710328827,-0.3396966430560743,0.7515414560968586,-0.4172212147677617,-0.39235217983551485,0.7517412930279894,-0.22850330026820562,-0.34810453776586536,0.853966365931348,5.3290705182007514e-14,0.14974191098866876,1.9814333172577598,0.00013489340213399136
-0.04386373768222974,0.2039853753237913,-0.7253662689617725,0.1204126544587445,0.08636013234110507,0.29741981906982046,0.3235641703873111,0.28990388652149834,-0.5556314072582775,-0.1096103631166593,0.14902578376403908,-0.7052374680658374,-0.10531656305508681,0.5563670580420456,-0.38886050409613626,0.2618213654166102,-0.22116787620856299,0.7694174200026972,-0.4427451974439434,-0.45724937496229956,0.6131138846584454,-0.0897797056514119,-0.35666705114253855,0.7883514894872534,1.7763568394002505e-15,0.09510282967244102,1.991586316201878,0.000499761677722655
-0.012974390759410618,0.17122058660367262,-0.7243295669983705,0.13582472813771168,-0.0022512175444785692,0.4284886285791584,0.2438446650876911,0.18006238810635505,-0.6378686609695742,-0.15388440342332635,0.10360862936486463,-0.6850312325740103,-0.12495810596616055,0.5437936656197914,-0.4114746078405115,0.24876974715120417,-0.20916842667962107,0.7601921121691501,-0.4516951012245089,-0.3684107464225704,0.6364901229085655,-0.07424243510572802,-0.23389875968083018,0.825469151629899,4.440892098500626e-15,-0.00018894298620029249,2.015652911775828,0.0013247875319318812
-0.0776697341683672,0.12864940831542887,-0.8635209203791802,0.15255682890490707,-0.05281872907279578,0.2161371856437111,0.24155172190011082,0.11617490825378538,-0.7782320534628719,-0.18359720427969836,0.10100504769559895,-0.808881054810311,-0.19241315593797684,0.5141224877001441,-0.5026540891360418,0.3575022925237248,-0.37551936061686153,0.626305253768267,-0.4118021175870907,-0.27545323736593824,0.7352633788273564,-0.2181965995111381,-0.28783310641592497,0.7912339869755511,3.552713678800501e-15,0.12040983913357275,2.0386001484367826,0.00036591596629707016
0.0038945975573435347,0.08396120197157622,-0.34932238089807555,0.07842218274041815,-0.0003841015659783319,0.18774676518087127,0.09921306578601805,0.0869480363930757,-0.3199617243723178,-0.07775178119871515,0.048777900381599175,-0.3225260105630643,-0.048110750200640304,0.2670638778625002,-0.1946976737121678,0.1402367937105877,-0.10099506552806424,0.3525522606006903,-0.19546618156584566,-0.16002785227722555,0.31660294815866047,-0.03158327560869788,-0.11396683083306583,0.3886780022378205,5.329070518200751e-15,-1.0302432720555273e-15,2.0621347627245488,0.004339538997715183
0.17110239712814398,0.2637361780932558,-0.024317493979060197,0.17110005955235666,0.2637375901372417,-0.024313144441539914,0.25753988091421864,-0.06602060017785626,-0.30693970985990643,-0.005559320772906423,-0.029823407506653025,-0.2174736897655578,-0.09391976603607065,-0.01766674709328485,-0.18742694408510133,0.2009841202021082,-0.14874136103543864,0.3174870674122288,0.0664229504583283,-0.124939188959098,0.32787419675426893,-0.14204925449171327,-0.08806282826283092,0.34396637911083955,2.7000623958883807e-13,0.49999388257498073,2.0891607277248387,1.246730283796951e-8
0.16111945067433706,0.2639834416843548,-0.029695914880787495,0.1602822683817795,0.2645682614956004,-0.028122091249033927,0.24454689881153266,-0.07076129835062313,-0.2990938286547286,-0.000989471850351381,-0.024529072309371583,-0.22083025489636623,-0.10109837666559604,-0.005657148891702399,-0.18889384988216346,0.18303720485825614,-0.1465514816282664,0.33016279246282454,0.0712143826225991,-0.12172187425915054,0.3394801352097057,-0.15456004695859477,-0.07149178680167458,0.3581691645883928,4.884981308350689e-14,0.49777567398690703,2.1230843258150407,0.0000028191761061940777
0.0048923889470184395,0.08440172563508627,-0.3475141559907348,0.07499726489573648,-0.003188614597873865,0.18294769051795143,0.09279426868808044,0.09040734374450264,-0.3204111250784374,-0.07297643308154746,0.055288285015018084,-0.3230200822401015,-0.04584416904849514,0.2622805511377011,-0.20359259803291097,0.13137635052796443,-0.10278447087553823,0.3578230186829954,-0.1852906808052609,-0.15969456633070692,0.32382752011665183,-0.031094338903552315,-0.11533308730622314,0.38901191866616497,5.009326287108706e-13,-2.8369708910901924e-13,2.2000000000003372,0.002396844639340172
0.016739887630935806,0.09096379367003302,-0.3664222487446418,0.053064844248009564,-0.00017607999659706536,0.20661621833540272,0.10812241081517977,0.09663963880324608,-0.33487404518178054,-0.06936627334182992,0.046562401892839694,-0.3495019775771417,-0.029077310331989806,0.2683412290494508,-0.234917680346051,0.10100009226857516,-0.10257641470133666,0.4010106761794388,-0.217590455072808,-0.17807271555647683,0.34139674966815375,-0.06378355375719608,-0.11878928957237828,0.4202709393370878,3.0020430585864233e-13,-1.5539227524946635e-13,2.3000000000002028,0.002994420342300779
0.02304686323266701,0.08855072760835901,-0.3655398104619696,0.04988723820625553,-0.005297468828309915,0.20389043529242823,0.10134156216350507,0.09625098750987315,-0.33856669616585405,-0.05328026293962595,0.05042029147418637,-0.3528030321221949,-0.028649804550049233,0.26259920903235373,-0.24299518239855245,0.09280276211813789,-0.11436401952733309,0.4125585496075552,-0.20303126102241206,-0.18878378707896531,0.35565170635225735,-0.06288146892525484,-0.1293170714065761,0.42752776957426986,2.6645352591003757e-15,-9.050628782458503e-15,2.508332825363003,0.004528073597352402
0.037934868720226195,0.11490208496369882,-0.41122205681772667,0.028315922468670488,-0.005663433791507902,0.21976188796931043,0.12288673661689495,0.13932201108489853,-0.3771780308542453,-0.04465333462819304,0.03190091919364587,-0.4109280917690724,-0.042803396380417226,0.26066736343936087,-0.3075523075406459,0.07619034791520045,-0.12084563353092023,0.47458208336807167,-0.2044827210045963,-0.2687798903608175,0.3864589436695606,-0.08520276756705275,-0.17975003428558173,0.4693354929626043,4.440892098500626e-15,-4.988798979341611e-16,2.717254735692245,1.0224390665803713e-13
0.013088897625014187,0.09887707271038954,-0.3861330249502563,0.03748066441244331,-0.008857853932439944,0.21120073610630405,0.07833464672112217,0.11497375010989037,-0.36437574748287294,-0.050714844268261866,0.05409832224260266,-0.38043682703094867,-0.043895689110006596,0.2619104051674828,-0.279083634620328,0.083324243485049,-0.12588458766071933,0.45203423302301815,-0.17539041879330639,-0.23292101703059506,0.39321589858762046,-0.053998475363442724,-0.1554718389560109,0.45964149308499935,3.552713678800501e-15,7.690198057863394e-15,2.947538136833951,0.004298077385867762
0.03875641120454372,0.11587340255148153,-0.40761991457668256,0.02005403717084005,-0.016604502789825767,0.20768757348950093,0.10326962026155583,0.14235217149271343,-0.37916014803043163,-0.032898888144580966,0.05576751999471904,-0.4096228710188496,-0.031178149812548087,0.2452710235931445,-0.32542411906917196,0.05042675012721277,-0.1331391704112316,0.47982754758866264,-0.17923814493733903,-0.2566264614847501,0.40711207594500565,-0.0810059798153019,-0.18114059630987794,0.4704577767310389,2.6645352591003757e-15,-1.6654085441409392e-15,3.3334814661390113,0.004256011577514562
0.02830058134841881,0.15301284058039402,-0.4578000487591934,0.01522788336068655,-0.025772758704295816,0.23039090161428058,0.08895569313922362,0.17803644498222573,-0.43568500352391076,-0.03436677225999417,0.10306625210040302,-0.4638476317914614,-0.027908171877559642,0.2665842917113084,-0.3925348221878697,0.0414691954706779,-0.158421205441162,0.5473839985517993,-0.1600332931748027,-0.26701979279893207,0.48827943062430296,-0.07096544065509532,-0.1987825744317522,0.5378491258461812,9.769962616701378e-15,2.0921098819834454e-14,4.382337341822689,0.0037244495256212513
0.012977174398891681,0.16424402898045598,-0.5095689775653225,0.005685571214701528,-0.04783168495302162,0.24874393812851786,0.069365096639975,0.1856013789656858,-0.49326686492502436,-0.039667973077196904,0.12486227825909892,-0.5162299464734449,-0.046872648061231224,0.26786467894947136,-0.45460327585502047,0.03464781627155058,-0.19241780108305698,0.6005453699273945,-0.1520573767008638,-0.2840046373237036,0.5544939211239075,-0.06937603554336899,-0.22572447975439525,0.5929728855517117,7.105427357601002e-15,-1.62126777795968e-14,5.408548859768145,0.003298142403708297
0.013668846967427602,0.17463139655417062,-0.5593188781484612,-0.009209539126034994,-0.04133129685343612,0.2671122070021754,0.06326673707489763,0.19904346373834894,-0.5439283506058912,-0.02656132548593602,0.1390283824309436,-0.5676552105560172,-0.02058045816854312,0.28478097381029754,-0.5095381647091859,0.0014685145433277855,-0.19470622920119665,0.6643181518713819,-0.1562898987548371,-0.29622523523948885,0.6145138021991842,-0.07714401382897602,-0.22567653134052898,0.6550734767672548,1.4210854715202004e-14,9.925562884311343e-15,6.501928917414819,0.003152419647577341
0.03730653914102478,0.20782935380489076,-0.6028151483608102,-0.0018006272811368603,-0.09053188809320714,0.3046791038120443,0.0876612685489528,0.22625968937453908,-0.5890939183799627,-0.012014970417340105,0.17580623655681904,-0.612688291237803,-0.010329342420062526,0.2918570047869559,-0.5630399819722233,0.011523376927420791,-0.2537828281890622,0.7040902520962019,-0.147503802010224,-0.3253143377654602,0.663741606364313,-0.07782588988528256,-0.2789452694647007,0.6940388461705097,7.105427357601002e-15,1.1710456766805695e-14,7.671157633647302,0.002655248003600961
0.03699950763832735,0.21907929118655695,-0.6344555930269601,-0.005187038965070165,-0.09998241377517346,0.31940689136387856,0.08145661298933729,0.23777410762601464,-0.6220874784274183,-0.012727586344269994,0.18411400551116894,-0.6458833842158315,0.002808714658836314,0.30042564537959027,-0.5970623052454079,0.005166199308646675,-0.27122373459444077,0.7454391313257883,-0.14415749955595866,-0.341854312771899,0.7068103745310618,-0.07873829377712967,-0.2981547644794187,0.7343610057551575,1.1546319456101628e-14,1.950739154608351e-14,8.571071346137774,0.002518359690718864
0.040690051994412925,0.23010718429039018,-0.6758576610705842,-0.013764955931247656,-0.10232533648414477,0.3225315503385774,0.07834448233881709,0.2447501324294687,-0.6667617980668987,-0.008261747550819314,0.19639702089343378,-0.6880170677032292,0.004357596634349742,0.3088413108255067,-0.642111511205258,-0.006637151742999535,-0.2826825294910864,0.776898068411808,-0.15047291823832706,-0.3456996758231503,0.74186706510135,-0.09188842127647172,-0.3066382739395455,0.7660626638557715,1.1546319456101628e-14,1.3452674263129669e-14,9.503601380167412,0.0024259995855457125
0.03555304942897987,0.2460944623347647,-0.7010204601567451,-0.010799355412387239,-0.1144450392523305,0.3501263666960603,0.07458797185177456,0.26030836451058326,-0.6920015132703613,-0.007368385360240317,0.21961827326762065,-0.7108627430677898,0.006233982243724723,0.3270116865813796,-0.6656323611518634,-0.004849168001440448,-0.3049901466285505,0.8160016196827534,-0.14349932932890994,-0.3624760384986173,0.7837819518968481,-0.0815789176416455,-0.3233411321929766,0.8076886220316801,1.7763568394002505e-14,8.649300902455782e-14,10.422204233128056,0.0021399591456465993
0.035510931297673534,0.2593155983896612,-0.7337492433401827,-0.01183688767020329,-0.1154512564787452,0.3673831557829716,0.08180537715347067,0.28120802063412265,-0.7214168492774095,-0.00226427187774653,0.23147935546702367,-0.7444631622732751,0.0024522123936876012,0.3249217618825231,-0.7063862563945342,-0.013816031497718914,-0.31283420307593074,0.87234069130732,-0.13632017491916895,-0.38319181687993475,0.8365249002691069,-0.07744708029338086,-0.3382798281054925,0.8615726002604317,1.3322676295501878e-14,2.7772757483730258e-14,11.635105139979396,0.0021352246505825434
0.034885928612447104,0.26968602556511656,-0.7741048421668723,-0.018584843372072224,-0.12885158504325714,0.3828660705134164,0.07145154276146634,0.28738040632520545,-0.7646696488660022,-0.0037141249588819166,0.24119817174762162,-0.7851914112756807,0.0038197136659762205,0.33851223449018136,-0.7458032930631819,-0.01657527525539738,-0.326416498857544,0.8905891623232339,-0.13444194959497963,-0.3943677702915951,0.8566667344264718,-0.08181151427896274,-0.3512554037940581,0.8799512980774707,1.9539925233402755e-14,-1.042300017061684e-15,12.517605249193046,0.0019530999574557085
0.032950758191393655,0.28597240979857286,-0.7995792072980865,-0.0186986360568157,-0.1309312906679769,0.395507921732384,0.07494530548678459,0.3051647872614098,-0.7894968053844741,-0.0012335420015868524,0.26156290526174875,-0.8100239888639188,0.010164554113951894,0.3520921242459547,-0.7727851612976995,-0.025710596318637403,-0.3447452097259204,0.9373491846712404,-0.13841133957825005,-0.40969111961768845,0.9042747998133416,-0.08268248190313662,-0.36582854324373704,0.9279940090177691,1.509903313490213e-14,6.966616376644683e-14,13.678409119516408,0.0019337809860458027
0.03189833825056786,0.2984585275539393,-0.8319691026701244,-0.021041378261874178,-0.12693701261430265,0.39661315803840014,0.07061958875248525,0.3227049949770342,-0.8212829005306945,0.009053048284902046,0.27570648069041775,-0.8426456721643775,0.002007482062570435,0.36546793733895416,-0.8063529884751429,-0.03235074420530009,-0.35536135484459147,0.9772152956001584,-0.12876755041194668,-0.4325635055138153,0.9404446785656373,-0.07844711321049248,-0.379623605624088,0.9670235122857297,1.7763568394002505e-14,1.6059715353780318e-14,14.836210888812822,0.0017234987666751918
0.0397998055728558,0.3057917617482268,-0.8589387825372594,-0.023716434563537107,-0.14348939500155058,0.4275175568214686,0.07237781599842068,0.3277392970910889,-0.8486425144930373,0.014031981001634082,0.2807855917394543,-0.8695299397055197,0.01590979848750312,0.3734848124534775,-0.8322560011267877,-0.03495647334691302,-0.36785172899369095,1.0041640945821753,-0.13188215231680192,-0.43897132508560677,0.9698310892380745,-0.0843556278770595,-0.39111570315267824,0.9939759721774261,8.881784197001252e-15,-1.004001388394397e-13,15.727374882269391,0.0016681092127357024
0.046772484115693555,0.32119451973983976,-0.8823536205666159,-0.022059817881577272,-0.1465518947262128,0.4258979178685926,0.07480563247750047,0.33974640428682973,-0.8745639121220684,0.014413876916406906,0.2893422976953141,-0.8963066599485123,0.02644818151586593,0.3795635409933363,-0.8601407977833492,-0.03282272925663712,-0.3851290477246731,1.0399164207384817,-0.127877865466152,-0.45243506722524124,1.007484362073024,-0.0877585519185555,-0.41162901449168626,1.0280597340501334,1.4210854715202004e-14,-1.7253684337967553e-13,16.823531551878514,0.0015661032046064883
0.042024366111785706,0.3294084236864971,-0.9145697736911376,-0.02883137412456477,-0.15361179123321625,0.45255935167604056,0.06354805648468076,0.3447945262278066,-0.9085778699795913,0.019098010937984456,0.30493294887427586,-0.9256253447475226,0.022116154200316103,0.4001348440730006,-0.887457101270413,-0.0411681130178221,-0.3930298237213151,1.065106056416314,-0.13052604296139908,-0.4617643183268316,1.032368542577995,-0.08764405931056404,-0.41560050037290375,1.0551038937928119,3.019806626980426e-14,2.7679910552753875e-13,17.808462121575644,0.001548125636147194
0.03587071252992733,0.3396374719726966,-0.9444176574960224,-0.025709305785790004,-0.15587065352809515,0.4560095033393087,0.07073346117293036,0.36248756191518383,-0.9337740456939382,0.015661213886633708,0.3212603851033686,-0.9526671591276601,0.017407281020285534,0.40418810386087733,-0.9191138347979408,-0.0413950863521256,-0.40876141736532756,1.0941337689679056,-0.12984381226954889,-0.47349411983179873,1.063104254486493,-0.08210916406519952,-0.4258631579944321,1.0864837812094659,2.842170943040401e-14,-1.0146106926098234e-13,18.891577621347956,0.0013532406421374002
0.0530528085206197,0.3553219601802936,-0.9640457913617131,-0.025666948467802656,-0.16490949618508138,0.4700760874047342,0.0807264639545662,0.3678116863809258,-0.9598327113800511,0.025560879431616154,0.3355889536823501,-0.9751472143821054,0.028092932066996885,0.4145239355960437,-0.9432046864268859,-0.042488263621370856,-0.4283963456053908,1.129958682454052,-0.13381248545181876,-0.48295004083134446,1.1023683838070453,-0.09372384584268169,-0.44416547009110147,1.1219170313019498,3.4638958368304884e-14,1.4877597811319003e-13,20.075728527109764,0.0011987901587311475
0.05175219275186226,0.3531461900742774,-0.982426952307236,-0.022799029615060588,-0.17377929989407467,0.48701258681601844,0.07824932178969957,0.3686340542055154,-0.9763953822318631,0.026448790214930303,0.33157488553909514,-0.9929666134503526,0.028187326766179722,0.4114967131650537,-0.9612673990508546,-0.038499652866330863,-0.431352819092517,1.153544342253933,-0.12833288731370138,-0.4871459947524139,1.1263479465441486,-0.08562482605844048,-0.4525821608761749,1.1438610436531331,3.108624468950438e-14,-1.1011615527481703e-13,20.77147961730413,0.0014092775985060204
0.04594071257527244,0.36476593572560917,-1.0102987832031702,-0.029276102684771807,-0.17823469232472838,0.49224103648172535,0.07101640005185296,0.37847079346795354,-1.0050702634681228,0.016940009679090533,0.34194204739510736,-1.0213257380975582,0.02192413530066375,0.41778426467806645,-0.9912557523580824,-0.04381622476527053,-0.4471139892046051,1.1844268625901635,-0.13016413855215886,-0.5018044935002776,1.1581532840993223,-0.09380389535139592,-0.46660468266935695,1.1753088460333807,2.6645352591003757e-14,-4.947343252723942e-13,21.965104847262495,0.001329444638937691
0.04244180606816461,0.3704329596890716,-1.037527531166288,-0.03089622095889174,-0.18399261221486818,0.50243276748003,0.07128015075152701,0.388205137998875,-1.0303326955521395,0.017344216719439316,0.34883492721412007,-1.047878574734216,0.021674104638212805,0.42214851039930235,-1.0189323011902467,-0.05060907323031588,-0.45197799114854714,1.2037630265603942,-0.13454120309715248,-0.5074225320900335,1.177369889000604,-0.09451234709463803,-0.4724120094428882,1.194533426566023,2.398081733190338e-14,1.6020711758966375e-13,22.859682061908533,0.0011272311034384455
0.05249629866971278,0.38709666491874584,-1.0526944097269901,-0.025376460927157073,-0.18313961935634185,0.5074537187576902,0.08173955323189594,0.40190832178875696,-1.0462150255049132,0.030023209849410117,0.3710689302303045,-1.061000494669428,0.03966033160339797,0.44506179876713914,-1.0307638735265447,-0.04985918634822891,-0.470870459105394,1.230433621293241,-0.13726933109760325,-0.5167528754413941,1.2067213403371115,-0.09233132088377172,-0.4836571257303459,1.2238372562033135,2.4868995751603507e-14,7.21800178205637e-14,23.858341384242483,0.0012934561842679838
0.053233854375676196,0.37688923741864855,-1.0788881135049209,-0.03495638472702828,-0.18737332738727883,0.5072102379470627,0.07486044788221614,0.3861647453292723,-1.0783691908722155,0.025819618452450323,0.35799368612365384,-1.091239151742609,0.034188931053309425,0.43163390863789475,-1.0624473069442986,-0.058278138084074005,-0.47512871892668473,1.2570981288859269,-0.14454624664943552,-0.5186291358052983,1.2350850959302078,-0.10830075420376098,-0.48903760629188864,1.2497596955634203,3.375077994860476e-14,-5.222248754770874e-13,24.86307768327458,0.0010530477908402259
0.049436249202682254,0.3892802735738216,-1.1054805879066067,-0.037232622439936504,-0.19771747548451807,0.535258981673819,0.08155111849442757,0.4053072563671354,-1.0972023459572302,0.025428105626895948,0.37432003405964087,-1.112177048670571,0.029851062234871814,0.437572734357309,-1.087308266362842,-0.06475872251673921,-0.49025571956762665,1.2907639611458492,-0.1507945541739067,-0.5290809032252174,1.2703368926993386,-0.10992421701366037,-0.49934809303149724,1.2853881179089204,3.197442310920451e-14,-3.968608255380755e-13,26.115832197422137,0.0007298034339227176
0.0470337029974101,0.3966546073691576,-1.122949582005738,-0.03916950344711071,-0.20127133410322298,0.5331804316988473,0.07179942754303482,0.40504371725017013,-1.1216724086565502,0.03024362791989448,0.3873968970046159,-1.1308023056968808,0.025461563528656708,0.4563782550395317,-1.103613731061082,-0.06700027264773842,-0.5093903885295086,1.3148210522062944,-0.15368378852282866,-0.5432203282218534,1.2962147122712844,-0.11098862732171906,-0.5168157896438622,1.310128321020177,3.552713678800501e-14,2.5776389343522025e-13,27.174610081628877,0.0011605583215170137
0.050555924929493574,0.40808918385305026,-1.1458113981748321,-0.04287369687344098,-0.2033723768579946,0.5474173833265938,0.07134014442570162,0.4157458740313274,-1.1454547106108628,0.02974596144927248,0.39600223754670133,-1.1551751029307726,0.03177676445819957,0.46574223743764964,-1.1276310896717379,-0.07050119142901702,-0.5136873862685511,1.3381813354961023,-0.15278870895376107,-0.5519185927932891,1.318160825663792,-0.1142936775293412,-0.523111452935177,1.3326740349117274,2.842170943040401e-14,4.2894969551534305e-13,28.214589705281274,0.0010857609035769653
0.053416054192756884,0.4137724149905372,-1.170545732198851,-0.04103236732626042,-0.2129063442340144,0.5642432847641318,0.07262158690800734,0.4232005506360669,-1.1684566278134425,0.03740099756177221,0.40220630404680113,-1.1783254899367708,0.026831359531814345,0.47092214025063045,-1.1518153380515923,-0.06963825771299705,-0.5209921496985463,1.3632606745821725,-0.1484643063032545,-0.5629511700573404,1.342209186634993,-0.11079850862784248,-0.5348473254023965,1.3562432704235285,6.039613253960852e-14,5.995570379557254e-13,29.289923826168625,0.0010262735507864335
0.058159161683538706,0.42352321116229713,-1.1904085755069906,-0.043459721212628005,-0.21553112432672597,0.5721091580878369,0.07828990702954178,0.4327676060527372,-1.1867851324356093,0.03611880784946308,0.4097116122791064,-1.1977576280069395,0.02930431886914975,0.47293119782420434,-1.1734618110918429,-0.06965953725362152,-0.5279733341785183,1.3808527686795682,-0.1508645998334808,-0.5632382814032375,1.3623004074525706,-0.1165069149997146,-0.5409745796008892,1.3737892384611397,3.6415315207705135e-14,1.0923533680216387e-13,30.157990627919318,0.0009364861911140705
0.05219302202935312,0.42420684702344175,-1.1993660031959716,-0.044834333227769065,-0.22056135352326592,0.587343893325817,0.07284535691615326,0.433681483120278,-1.2047093302981857,0.03297013316139678,0.41113197706877247,-1.2152366640511287,0.034209398503786285,0.4779926838227093,-1.1892727905039138,-0.07290457004804618,-0.5353344193508083,1.4022243190684243,-0.14930988255995684,-0.574830847147448,1.3824444693850981,-0.11577363116130425,-0.5452435216546033,1.3966206094053801,5.861977570020827e-14,2.5192142658903692e-14,31.030516045485406,0.0008394566231097917
0.058646679292938625,0.4358789551910134,-1.2229298616719377,-0.04440708164598955,-0.2229492148425765,0.5925125940148515,0.07548324464509493,0.4437248189331281,-1.2210000431518258,0.03597358953020242,0.42103448123215725,-1.2315281491566776,0.036214236096657956,0.4862939841137368,-1.2062469916876537,-0.07433932315039292,-0.5429505004452316,1.429901229804341,-0.1517184309076672,-0.5800671269847725,1.4109527466052945,-0.11766638000234478,-0.5579592536936453,1.4222477669486067,2.4868995751603507e-14,-6.394385089205523e-13,32.097805982599326,0.0007267970523311845
0.0549926135510331,0.4399944734955113,-1.238499895049557,-0.04694890767635595,-0.22046356281439433,0.5909957050847076,0.08004917121101654,0.4518000097674141,-1.2397119952791393,0.03938266379583309,0.4291214949006937,-1.2506723781684235,0.036250046068919774,0.4907228446084131,-1.2269085798470312,-0.08141136463174162,-0.5517257601681282,1.449346028433397,-0.15693460443756385,-0.5890071020221149,1.4302466580879623,-0.11890060529616837,-0.5628402877388441,1.4434100018143003,5.3290705182007514e-14,-4.4714769624237364e-13,33.06350658884622,0.00055211549641602
0.0573731231052657,0.4525965155011292,-1.260094396515499,-0.04083312329360533,-0.22793238354929346,0.5946881614688965,0.07193057002962287,0.4578111870188583,-1.2587644018850663,0.027150325302297953,0.4373354268696249,-1.2683136199461862,0.027987775455318574,0.4952319509471192,-1.2459776931774516,-0.06242275004283994,-0.5666159680998217,1.470287793449035,-0.14484097874021068,-0.5852237011974261,1.45883654975481,-0.11918656579127297,-0.5743214748169316,1.464955750800622,5.861977570020827e-14,-9.255833212575401e-13,34.067325864611455,0.0008696179892911933
0.039602364857188606,0.46018044180646844,-1.2749531000235157,-0.04359704430534446,-0.22097460672015456,0.6038493395063379,0.06855403015765374,0.47289490348571117,-1.2768270271068014,0.023677037862229623,0.45017859198949395,-1.2877720223444782,0.037623890910528715,0.5106398087267198,-1.263593817196675,-0.07827946558695888,-0.5663038618025915,1.4960505018224317,-0.14929255292074678,-0.6060143128222579,1.4767341466430077,-0.1081355901650445,-0.575115070615706,1.491575925691348,6.394884621840902e-14,-7.10101251525194e-14,35.16713931837539,0.0007580849646960452
0.04782274134155726,0.4736427962853485,-1.2994144422663314,-0.041288032116364774,-0.23044998461997912,0.6107317423011216,0.07042030211105596,0.486817605606007,-1.2935894955290834,0.022882475753677568,0.4559415659031491,-1.3074635600268176,0.03935775799831012,0.514433283003121,-1.2840990623055082,-0.06974177535947448,-0.5823804344642387,1.5166304201893355,-0.14468487420266565,-0.6123227474207946,1.501130336726539,-0.1128334613632077,-0.5911342328233835,1.511599710118027,8.348877145181177e-14,-1.0186968690487246e-12,36.24930638893905,0.0004746063167287275
0.046833647927496266,0.47884214142826026,-1.3187283426729177,-0.04550796181590217,-0.2342352252555124,0.6213253280092662,0.07380014028231406,0.4902061280327809,-1.3136058440007627,0.02279065850777027,0.4658843579448334,-1.3254119929292945,0.03966214506844248,0.5193062359634857,-1.3039097111676743,-0.08022992224856594,-0.5889593708875269,1.5406224822728658,-0.15615205399005172,-0.6151200822449373,1.5262782694937231,-0.11846187319232336,-0.5978777524094566,1.5356222006665605,2.993161274389422e-13,2.25985159809252e-13,37.348502073698064,0.0007799379165162522
0.05615757481763783,0.48100035119276896,-1.3325608105099485,-0.040578069568170456,-0.24177045576860168,0.6286673554086982,0.08167174407040916,0.4892596359121133,-1.3305369536732332,0.037766173258857776,0.4724495247337669,-1.339263440424796,0.029944125971734525,0.5207690381950472,-1.3207381060078647,-0.07369794137084384,-0.6035350657305301,1.5614614198591092,-0.15010275144204424,-0.6253197435818086,1.5488189814053266,-0.11557226275495373,-0.6108008586732524,1.5568959240199967,2.220446049250313e-14,2.5111698609081e-13,38.336622541864486,0.0007738235502154009
0.04218031006966998,0.4909527381067233,-1.3563528429687712,-0.04169613597445526,-0.23925861641427398,0.6316608688976022,0.07554696718020427,0.5011346154637721,-1.3524200931876496,0.02646788528802881,0.4841512071883601,-1.3615817448135872,0.045969876848885816,0.5359596475433224,-1.3403297588392937,-0.08241618891525203,-0.6083742082407613,1.579240090602682,-0.15608637345163506,-0.6339995234811682,1.56512997387668,-0.10984974368241934,-0.6128139909643346,1.576451252511854,7.815970093361102e-14,7.54190570197011e-13,39.409106551487326,0.0009098774534996036
0.06026432147429602,0.4968848529859918,-1.373079747767607,-0.04367441625824676,-0.24330091930307757,0.639999734874559,0.07608367378915228,0.5026898572163367,-1.3731671856334617,0.03818732291202673,0.48556425334725717,-1.381398137762841,0.03757720701044828,0.5406865421609515,-1.3601064614287415,-0.07573698707168852,-0.6148687407842697,1.6019976605109956,-0.14921648548261623,-0.6379345697374547,1.5891613030714102,-0.12054370052905128,-0.6230273954838572,1.596945301315641,6.306066779870889e-14,-1.6271118188798442e-13,40.49939996516079,0.0010322248711029077
0.058834154829013136,0.5013026141659096,-1.383278640472414,-0.04279928074684272,-0.25278123562337124,0.6539546935995283,0.08208674813871117,0.5063426149211913,-1.3832005814101125,0.04017096454244586,0.4950334014276034,-1.3897268074928042,0.03123003478976473,0.5404900182448672,-1.3723556830693184,-0.07853962627352776,-0.6274266567311221,1.6191825038319072,-0.15244139889514563,-0.646227793003742,1.6078352221772205,-0.12099804046210505,-0.6312587667115998,1.6158510455605446,3.552713678800501e-14,-1.5000054870268913e-12,41.30968333225546,0.0007326668609040513
0.059186013215400686,0.5105315092757766,-1.4022050145625513,-0.04604028122132061,-0.25556988404180725,0.6606162945064246,0.08341058938779294,0.5182837371621158,-1.397880043008553,0.03526337736121605,0.5012405399636092,-1.4068790693035162,0.033245726922701696,0.5434539820353066,-1.390520133220512,-0.08194922859480795,-0.634326930374631,1.6374563073142396,-0.15394069955811462,-0.6572142556123459,1.6246159485880542,-0.12249988107697354,-0.6429074810311185,1.632370424911545,2.6645352591003757e-14,8.356300725922198e-13,42.284755994891,0.0003919082299537217
0.060961236975622064,0.5187666118987206,-1.4145026173098225,-0.04533336742243102,-0.2542994353801014,0.6629559560848286,0.07934152751625763,0.5234922209573848,-1.4171140886900957,0.033790580625066235,0.5088041572090696,-1.4248411264737564,0.03922628334547816,0.5558044349915989,-1.4063561914122606,-0.07982588701914219,-0.641321834128704,1.6572693823043618,-0.1511912371637175,-0.6613337592121686,1.6457016974492402,-0.12510458561461302,-0.6460794131165254,1.6534462705051576,5.1514348342607263e-14,-2.646561217174206e-14,43.34200767809747,0.00043484405345270975
0.06191219802448622,0.5209027460802375,-1.4381773208383708,-0.047782910347907555,-0.26221577553821523,0.6695843303574162,0.08266498558731664,0.5290652619321008,-1.4342852947153752,0.032072593079317806,0.506579910181983,-1.4452703701954512,0.04180090417757732,0.5497165503777609,-1.4282226301157384,-0.08535288778855941,-0.6488867724068268,1.6786892720716184,-0.15339257946901552,-0.6760209155405084,1.6645438002499742,-0.12718068086924986,-0.6601451000452409,1.6725155156238551,9.681144774731365e-14,-2.5960341661437827e-13,44.433248468552065,0.0005404257636362321
0.058723437240306174,0.5284256562446781,-1.4560447146374316,-0.04381300994531779,-0.26304709906184276,0.680382326572235,0.08278888332585048,0.5370863028494127,-1.4570433536895344,0.035699083506955984,0.5172891727381516,-1.4668091416975166,0.037255215051600184,0.5592174020775988,-1.4506038156214538,-0.08081482796113078,-0.6523935985666754,1.7000104507844715,-0.14996388643932076,-0.6753244268352544,1.6875980695028474,-0.11985214449636027,-0.6626809494223633,1.6944492004608585,1.4210854715202004e-13,8.848809891519129e-13,45.642373005148286,0.0003242878002780797
0.05837705926499551,0.5374062896482572,-1.4781559731185316,-0.047199999778433914,-0.26905481513322954,0.6884971998234324,0.08548038716575747,0.544756361382186,-1.47867925871907,0.04121283417872226,0.5309633085151553,-1.48634869468956,0.036375211414429655,0.5705352583830178,-1.4711430188211037,-0.09102611698453285,-0.6691243897929383,1.7276929197460518,-0.15920678599241986,-0.6906622079556899,1.7155760952686219,-0.1260271016769323,-0.675716752908065,1.7236074428441583,6.750155989720952e-14,-4.2924132574285797e-13,47.149538406516946,0.00041180597262655433
0.06289014244013785,0.5416427264928585,-1.4987216750714811,-0.045901503840659164,-0.2784052756263418,0.7048145840579063,0.08349527038756462,0.5470352700541465,-1.4978387386323397,0.05063496547131782,0.5371218183077086,-1.503413809849647,0.033303264259443396,0.5796824546414634,-1.4875664240831266,-0.08838604538758241,-0.6747103196245064,1.7441874830945325,-0.15690925477143935,-0.6928742948832325,1.7334628348519472,-0.12755875374608083,-0.6802198066912502,1.7403276880162122,7.460698725481052e-14,-7.360227226828092e-13,48.13798643408348,0.00012559927115449448
0.052386951474508066,0.5503898106270116,-1.5151235357628074,-0.04222064757122905,-0.2707606586441971,0.7120552364569939,0.08224540907509126,0.5581878200578835,-1.5123127227681978,0.039893527243549665,0.5458522097637974,-1.5192392038585367,0.04122379966449655,0.5885022862255544,-1.5025980125115463,-0.08682420408152464,-0.675979064259294,1.770903156366333,-0.15333254377982755,-0.6977051814528188,1.7590492788647727,-0.1141945007665861,-0.6811580066883832,1.7678349034270375,4.796163466380676e-14,8.59186164363752e-14,49.33138472886614,0.00040910788614237554
0.06181053660030309,0.559777474674876,-1.53694935524393,-0.05015765903108029,-0.28389289011624075,0.7273376201134523,0.0842104556260972,0.5663139599629551,-1.5372940363444334,0.03844143454375546,0.5506071327808709,-1.5455549151262917,0.04581680952410293,0.5915029100598936,-1.5293947264936638,-0.09245438388463083,-0.6936037356427013,1.7922874535749977,-0.15661952625154535,-0.717427441053918,1.7796500485122493,-0.12826413069695825,-0.700845291393184,1.7879323974861692,4.973799150320701e-14,2.1953752583246957e-13,50.82520775109455,0.0004055911681154983
0.05940252142379989,0.5676352218616549,-1.5602346846880875,-0.04672878362652591,-0.28352615398278935,0.729243994807807,0.08712295403256078,0.5762101653555324,-1.5562155381037384,0.045922649121629966,0.5622650118815888,-1.56377310782476,0.04073358142919309,0.6006851198984107,-1.5490377615350555,-0.09320686261917514,-0.6998610860862992,1.8140777631045057,-0.15787263079333055,-0.7213210569588739,1.802305160403787,-0.12282310892027022,-0.7067523169439806,1.8101669333806132,5.950795411990839e-14,-5.479100141025977e-13,52.08585404421239,0.000505338047100004
