-0.05655385701343979,-0.04504255392293414,-0.2537499847101707,0.3572350078537909,0.12003696745880672,0.010198787463383027,-0.20304842464590384,0.08475266945598343,0.12831254716453197,-0.22730627241292453,0.12238852520378894,0.1396048695520548,-0.011514033505654438,-0.03910841964473845,-0.2515110146609951,0.06479708764164088,-0.20916112616181476,0.16863988728669785,-0.28816475643677614,0.02950962206483528,0.010720577859023911,0.282583493509324,0.16266357582581822,0.09995788008667031,8.881784197001252e-15,-2.767515561911051e-16,1.0000000000000007,0.00009153433783751328
-0.06186039290828669,-0.04262423888610722,-0.25236763104997667,0.35547417124763664,0.11857052822741647,0.012083914913461008,-0.20618643429306735,0.08319434732055098,0.1282178934501802,-0.23129162855893876,0.12513556347949842,0.13523813745413998,-0.013793513625028226,-0.03699877004626546,-0.24944928066928096,0.06888791785552978,-0.2075444607905749,0.17167053388870884,-0.2908750733677861,0.028892546249307923,0.01228909779631935,0.28080891586527806,0.16248775000143503,0.10234338173739893,3.552713678800501e-15,5.611412770596057e-17,1.012236396596169,1.8004443891298536e-12
-0.06571853106931713,-0.04834161335311234,-0.2473802322723331,0.3531823154217426,0.1177631000103259,0.015209912664751529,-0.21058793375317197,0.08365523651557731,0.12835944513208258,-0.23574707172347473,0.12133112283147655,0.1319801534040514,-0.005972861481217673,-0.039695033526559606,-0.24386328125168236,0.0673954204433205,-0.21063935356762853,0.1751764605161875,-0.29220941873132467,0.027152475626294796,0.012896124053853361,0.2871186380159199,0.15971148184888584,0.09319802915670475,6.217248937900877e-15,1.0792243477674136e-15,1.02404570688548,1.1776547717227048e-12
-0.5800040388634012,0.6312794562142053,0.618997990791274,-1.0192485317977593,0.44464398435191205,0.0015404613680226884,0.19286866496114471,-0.14544182670154068,0.9646223111626546,0.8867735661417467,0.298072175734523,-0.017498573579497145,-0.42079354181616285,-0.043272952852135095,-0.8725073941853292,0.30121490089585445,-0.48426505528462577,-0.016663344152144807,-0.42716107394008784,0.7388422473937676,0.9495191212873775,0.5384132284884117,0.4902105650744058,0.27245680858557686,1.7763568394002505e-15,-0.4169539380587883,1.0310814705680809,0.00005818640847614252
-0.06554064666014121,-0.0458640463394615,-0.2481020086691828,0.3565949557397363,0.1189523145686109,0.015895095420005327,-0.20365902059798024,0.08602875754671417,0.12814517598746417,-0.2328126363449817,0.12235877280178896,0.13311163896445258,-0.012653804030515468,-0.03905074524070176,-0.24574483409087883,0.07333358730669791,-0.20819851833845113,0.17368088706223636,-0.2888468534790665,0.027998066798708195,0.010893684101117476,0.28738233662338775,0.15880157838712605,0.10118138563034439,3.552713678800501e-15,-2.5832363173486164e-15,1.034121076997435,0.00041777278978156524
0.4220621306087784,-0.7273447831739855,0.21594135229047165,-0.7498183171863163,-0.0027140860659026792,-0.23325251609603465,0.6235024541087801,0.29718185399019137,0.167813671040574,0.7096070677554962,0.33202300780202976,0.363538800781622,0.11502706902289515,-0.7480351830244952,0.10168446556641456,0.29183293696877743,0.2150795815743558,-0.6742858066738221,0.8309539166078191,-0.3241588256608673,0.32076733002109037,-0.39897598267750667,0.4617832915331134,-0.06271488590729657,1.7763568394002505e-15,0.1801166522772812,1.0469095855334927,0.00015932012477195976
-0.11775519457356688,-0.44499615927749914,-0.8873321424801855,-0.6238309474588748,-1.0195103336010372,-0.15070660958961543,0.4379604339071041,0.6107870932447443,-0.6487048469769716,-0.5626792658043972,1.064406708740878,0.20899618442810677,-0.9188121558660017,-0.5744513235511047,0.7294355213649474,0.13374818045707054,0.7378890440557316,0.45387104798227074,0.06737699547060828,-0.049007602188141666,-1.1484496536067192,-0.3626450158080584,0.6045267004467155,-0.4276353227132254,1.7763568394002505e-15,-0.44539461008176395,1.0733078188549123,0.000016319744983507525
-0.7528218659166324,-0.5834293693852645,0.05247942117383987,-0.6147561769727137,0.7285269857449507,1.3964050033305528,-1.0365911881704601,1.3620081952309764,-0.42417142024444093,0.06944441044937733,0.4143792016279192,-0.6176132116027958,-0.731446459004427,-0.5858767345598846,0.6563441717676985,-1.0493565326894243,0.976853669509099,-0.5429637460521692,-0.884440123727643,-0.49027970759997935,-0.6471553893017862,-0.13055983165099824,0.9309252681406794,0.722568103699221,4.440892098500626e-15,-0.34523573370457655,1.0978535922695987,0.00001366124591666019
-0.5801429685682347,0.5741761033823163,0.8966762839440596,-1.2485916567544635,0.6926598019777054,0.19544636782155192,0.4864919276805126,1.2674898008757514,0.40804869765387397,0.8188501041414047,-0.013693198456069661,0.1192914261977196,-0.9265551013698454,0.5656444092182388,-0.8840509131249003,-0.08702919814734275,0.9082525295555209,-0.6237059174710475,-0.44079460593065606,0.5774978246788444,1.2858570242598755,0.5596831820210425,0.08006212669648972,0.48800697380940194,1.7763568394002505e-15,0.4938989381680534,1.125077846844824,0.0000672157407230833
-0.24823601480882476,0.3461442273152673,-0.008082086698418863,0.011433853575850158,-0.047009961888582634,-0.0504866284278552,-0.613820803275924,0.21003841331207365,0.15941401539263986,-0.579771668655741,0.1604113781943044,0.18939659712405799,0.17162615454521377,-0.2976576260758126,0.6329577412514747,-0.26426528588712606,-0.4489075191487843,0.5208932572249413,-0.09133859548819254,0.41697228049731105,-0.0875625684692382,0.0739650207331059,0.22586705932359247,0.6544578197355531,3.552713678800501e-15,-0.4701971245788291,1.1297177686506115,0.0006242010471834823
-0.08705620203976486,-0.028510113282829173,-0.2534486998304347,0.3674381412018704,0.09621686846899244,0.023405257293736232,-0.19240431105833863,0.04746745566199695,0.1269812978951134,-0.2374641331595272,0.09319435996556671,0.13167111712045668,-0.03975045010058509,-0.02382214059226014,-0.2526709191116498,0.1255680286621659,-0.23285726181914876,0.14803225951635507,-0.28559269994252684,0.009148115531644643,0.011243618561767256,0.29929128531409827,0.13707250018801162,0.11517192769775654,5.329070518200751e-15,3.9660252939478855e-15,1.1340565102200462,0.0005370357462972127
-0.5203220812167259,-0.6553029193485408,-0.4971698594040111,-0.5790757366772249,-0.5202379692293803,0.38013686232563876,-0.1111230529123465,-0.06337721110810268,-1.0027398238385288,-0.0702067574459861,0.05791334718058444,-0.7407397092147726,0.6318111431718479,0.2754841434112438,0.8487017032621456,0.0720057794957068,0.9002066005970139,0.3354963380908467,-0.6108867136079853,-0.8848490326805021,-0.21816727077448,0.8909613089126599,-0.33410066782404757,0.23130124159286136,2.6645352591003757e-15,-0.42134457256631674,1.1453026941503957,0.00006379688041349306
0.06447091581458418,0.21523719958231563,-0.24816221052169754,-0.05605832050410046,-0.01574377583993535,0.2549005189975708,0.10425269962485968,-0.00989872750339259,-0.24771189539324462,0.1262977700726774,0.002569190656602383,-0.2923128405486965,-0.1333056501094833,0.21888937939567246,-0.15301891467519252,0.17135600240139526,0.19804633351611925,0.1382914016592632,0.026878824685675394,0.3413068861165032,-0.20581460351335215,-0.06260288703500418,-0.16678840424362223,0.11101789693606089,7.105427357601002e-15,0.49999904684342533,1.1735763558947039,0.0007699236220935121
0.06599970331119692,0.22608268026228714,-0.24400657517676166,-0.07181959857110073,-0.011579702815753575,0.25626698022660704,0.10124073139139693,-0.008016479114788897,-0.23140701686628723,0.12707803219516337,0.0069017395287783515,-0.2844286261856536,-0.1274613772244659,0.2455193968468081,-0.15711670714509185,0.16408080777111822,0.2012876621202842,0.14335481916904735,0.025414256673650083,0.3527184611206224,-0.19646847416442123,-0.08521176339221295,-0.15659742336615223,0.11111928553542898,8.57980353430321e-13,0.4999901150641865,1.1757783069247951,0.0009593413972201223
0.07150592393707896,0.22960338084367787,-0.24678373394171635,-0.06696632876972153,-0.010734966026171267,0.25671660858213097,0.11330088598192783,-0.008137444319323148,-0.22822782517811852,0.13792891824739656,0.0033013666738595836,-0.28575222960257507,-0.11967685263848916,0.25120283918811515,-0.14144238989893704,0.1706129492990503,0.18417213864497683,0.14979713756739874,0.030828041641976656,0.3431047421106596,-0.20500901734621352,-0.07655475475801324,-0.16312108670206785,0.10283652817864168,2.6645352591003757e-15,-0.49999356787682514,1.1807027810556965,0.00035357513514829296
0.0745352688796195,0.22058857098211523,-0.2561553055849634,-0.07218750576251254,-0.008753969751859452,0.2575920633731904,0.110124112503846,-0.017523857623720454,-0.2272627024072861,0.13817169787341455,-0.005344843622121079,-0.28595649990664546,-0.11258643896031799,0.2548357166133326,-0.1429823715450684,0.17679847105304428,0.18130140034833456,0.14537552254411967,0.03331820470015563,0.33746519466812747,-0.20980121462587878,-0.07869825867155004,-0.15869572067857513,0.11305947308631588,2.6645352591003757e-15,-0.49999200687850487,1.1888815427787218,0.0005527955574911236
0.05473057133750449,0.2158547039545822,-0.24723926392245343,-0.05549853097329701,-0.03339437673612963,0.2628431628647231,0.10652955374134664,-0.017606177969311597,-0.22162180777792076,0.13714124152345034,0.0007907562176308702,-0.2781807396339144,-0.1331288639578702,0.2369158698467331,-0.1376258016883501,0.1748728138216813,0.1956705530820608,0.14332022156293453,0.0008381594580755203,0.33536154827607667,-0.19604807473701494,-0.08584217672254219,-0.16197269031010653,0.13306506352089228,5.329070518200751e-15,0.49999669393695956,1.1893949010825815,0.000855606445819512
0.06432046492803611,0.22728772197734806,-0.24739300546280688,-0.06810266100191331,-0.017401433526034786,0.2560764557411851,0.10381678581567293,-0.011369763692015382,-0.22633238991624258,0.13477081688982334,0.003297873442186495,-0.28764986950052657,-0.12365972474618026,0.24824454452247793,-0.16150683718882708,0.17620678767771894,0.1807752022816406,0.1456635851861117,0.02341524044986446,0.34316845593272344,-0.20630717570146614,-0.0884608463752344,-0.1581463210712006,0.11341131610349102,1.7763568394002505e-15,-0.4999933311623783,1.1990058279552809,0.0009869098570616194
0.058792248141840114,0.22007010322603493,-0.2540070904132923,-0.04609332920450729,-0.023262885567578648,0.26000848541483407,0.10390452953263325,-0.0167840046962413,-0.22833924010061446,0.13053129372880598,-0.00397842045381917,-0.2925365215359512,-0.12309003456291073,0.24409779433990872,-0.15401378604210425,0.17236997983598285,0.1868965686311516,0.14337396911132566,0.0148204228968583,0.33678302734497617,-0.20779717012051654,-0.0696496107323385,-0.17129303794233375,0.11319698970696469,2.6645352591003757e-15,0.49999334556730235,1.2002890013660645,0.00060355529391266
0.20160065122522347,0.6488799260520244,-0.7737965259831998,-0.17398967887225986,-0.063286842245567,0.7741586090918755,0.32664045383308776,-0.023724008997181786,-0.7260270453900607,0.39642500728785957,0.02464693106827894,-0.8917593379825028,-0.3936352305260394,0.6885200362176563,-0.47982855636825367,0.5178957988622683,0.5834277176913601,0.4491973070212458,0.05111896644918819,1.0413156468629874,-0.6194319100929335,-0.22480824307793884,-0.4950086602945303,0.3587131439801399,3.552713678800501e-15,-0.4869924854038471,1.2035561396458885,0.00004613120917058362
0.05239848676395998,0.22405883176674993,-0.2552665527851156,-0.07225383743262408,-0.02307038375491768,0.25369420046370067,0.09757314042429177,-0.004520815617062244,-0.23548770376723513,0.12763189103160905,0.01209579215283131,-0.2902639418911777,-0.13788139448012574,0.2407896028618146,-0.15498866520958213,0.1653480720328426,0.1959960099398574,0.1447665386291849,0.005104732577313615,0.345465885377049,-0.20612356041571006,-0.09227786663016539,-0.15455808315750127,0.12312060236227265,1.7763568394002505e-15,-0.49999072836287806,1.2059175555244286,0.0008826906314832933
0.045147782355098004,0.22761554228991737,-0.23756232888955855,-0.067132575694723,-0.023110875617676392,0.2599345853418844,0.10310832617320265,-0.018708496120489897,-0.21595970727324237,0.13805101795436137,0.0008712445997246046,-0.28449752582035365,-0.14384173303326622,0.2305778041098124,-0.16127596017311688,0.16359885950696632,0.16002676533296797,0.15647145390151562,0.009518140984268574,0.32174205005109324,-0.2210041081531353,-0.09627783675580265,-0.17354030585715785,0.10701106048927048,1.7763568394002505e-15,0.4999921769301864,1.2141159495273597,0.000564732064721014
0.053133079477874656,0.22879359070048186,-0.25101963664740246,-0.05412930270451788,-0.032236176894761576,0.2457137223133415,0.10341726310562009,-0.006311994320847769,-0.2436849371444305,0.13361943539543467,0.01519624778484588,-0.3030140939453468,-0.13799686338479317,0.23012455479932006,-0.1664705196907202,0.17038689756845327,0.17679888166133503,0.14272849586182787,0.013375070613344713,0.3384204293551834,-0.21639164615418854,-0.07815134819486841,-0.17216105237321525,0.10049155129941435,1.7763568394002505e-15,-0.4999932378472308,1.215473339735712,0.0013392313268675805
0.01882448604438137,0.026842406301010285,-0.1745174827880104,-0.1997764473158895,-0.1131383023277992,-0.29826934028981017,0.20715284754339103,0.3363030504277663,-0.2780095545752828,-0.005232163571210109,0.3483011736508541,-0.37210263469424326,-0.5933219727081056,0.566904573231413,-0.20836056345276877,-0.35663939047246507,0.38285167905527995,-0.7452490081476816,-0.006490842448650541,-0.06347561939160815,-0.10978129649843235,-0.541365388656121,0.5792590827336617,-0.156115733772796,3.552713678800501e-15,-0.28592120261142284,1.2161994645380607,0.0005269373372239857
0.06508509477229013,0.2128018910030458,-0.25197589017245353,-0.0668849627215898,-0.019878667237202594,0.26393472475276686,0.09548734515074196,-0.02302758954687233,-0.22685400114853257,0.12770862532082886,-0.004686151231169062,-0.2910243067140751,-0.12108618304651937,0.2382169931659392,-0.16940629998351678,0.17046017289538842,0.17988371028917166,0.15038422768652807,0.025405849752098593,0.33543380223982083,-0.20758157429930071,-0.06931784502376281,-0.16842396593873554,0.12591948723500498,2.6645352591003757e-15,0.4999944091853927,1.2238743386471047,0.0009328384960909203
0.06873453229186988,0.2165225761366478,-0.26006525051592244,-0.059640689418039135,-0.020598570259551884,0.25305613069842686,0.10876863027520754,-0.010970074622780861,-0.2398418868376369,0.13801001294215845,0.006473758510821214,-0.2986094436998454,-0.12246844987304503,0.23118135581767696,-0.17257566970713928,0.1824801488898102,0.1856653285815565,0.14450291139586977,0.026126959236014238,0.33834560409815967,-0.21797960958306264,-0.07239780323193257,-0.1570259541913025,0.1254210273072212,3.552713678800501e-15,-0.4999969492332873,1.2287399207095075,0.0012679058084033629
0.058253373810375736,0.23339180703169835,-0.2491439536336968,-0.06278524387178323,-0.01401211795754789,0.25543531655493623,0.09730096775274827,-0.012154642298265229,-0.2279474864803492,0.1363473493190339,0.010005257388514273,-0.2961439205078543,-0.12789962798573173,0.24813314539540116,-0.17770410750510032,0.1583092537074239,0.1791320672425232,0.15214398021935663,0.02211935261810102,0.33915692534274183,-0.2209739762186867,-0.07906025105457386,-0.1686745833963881,0.10271437386046166,4.440892098500626e-15,0.49999369497186824,1.2308067154495563,0.0009401648607104483
0.06530661761888398,0.23094992678118942,-0.251073318094138,-0.04991429736847698,-0.013863022890733536,0.2570588437262117,0.10639020572723845,-0.00479857973654952,-0.2285389851480592,0.13907584371705592,0.015783555764779057,-0.2951104980982254,-0.12092686453784868,0.24581316693377572,-0.18033374173442865,0.16933723581469498,0.19642765500324083,0.15207384128139978,0.025478807502495242,0.3485437839395325,-0.214776689493425,-0.07681686493630326,-0.15641289206682063,0.11819578850945983,1.509903313490213e-14,-0.4999972276344993,1.2352801472310202,0.001220518188300833
0.06049249850925611,0.21939803017531911,-0.2635988677181645,-0.04898483267877528,-0.0219753121955514,0.25394345318728834,0.09597399780314514,-0.010781455944258193,-0.2415060291484159,0.12328378600392727,0.003760591590483841,-0.30678704614024466,-0.122191537680428,0.24235967970135572,-0.17508006237499898,0.1535383124282392,0.1912775148102973,0.1510265708075134,0.02109366994075404,0.3410503880262085,-0.21792660952623566,-0.06695768035940787,-0.1745793613172822,0.10773983831313395,2.6645352591003757e-15,0.49999157143290707,1.2363499348413007,0.0008308147880524389
-0.6737910938327539,-0.12947797929305416,-0.26595372004906276,0.01663894876215782,-0.9634559533392648,0.4076517468197124,0.4406828485786499,0.12377596481314364,0.570845497615655,-0.28344143423946366,0.6811191737986475,0.7484529258686706,-0.6879189785001261,-0.403831835415209,-0.25743520859193486,-0.03483499949193384,0.4001888794794846,0.1299201743619789,-0.46186185109055866,0.6374718823010929,-0.20746691363656058,-0.11146626894705507,0.33382432761262504,1.058895984867726,6.217248937900877e-15,-0.3988877172077189,1.2417373443502544,0.0003860520590428818
0.04746219503595222,0.2183094256548654,-0.24531665668476463,-0.02676186244359039,-0.014746898623313442,0.27526696688542124,0.09654764243249504,-0.019453767735634456,-0.22469516499289607,0.12412860866264049,0.003189851321027817,-0.2953123578166721,-0.13559685909988872,0.22385672175388208,-0.1596644769077583,0.17685902240047846,0.18009708090036664,0.1567867171874422,0.014698216419890822,0.3255414490301678,-0.21946066310269882,-0.04642241370871227,-0.17532609154771175,0.13119730796322174,6.217248937900877e-15,0.4999918019854823,1.2483518272180514,0.0009630499167755618
0.04757011475143181,0.23354100197347602,-0.2528377360996351,-0.02814159940190371,-0.008177951058952122,0.2616143287445994,0.10254182516293564,-0.001698445760630996,-0.23161056530535012,0.132426508043291,0.01594447572851721,-0.3030084191053634,-0.1354183739006366,0.23638324989929246,-0.17389970744964697,0.16936573803363303,0.18964838564055625,0.15436352122212632,0.011775709739512473,0.3358337861089809,-0.23170850338829535,-0.06231424259857718,-0.16485844691221518,0.11604775460966382,2.6645352591003757e-15,-0.49999114618521234,1.2519588809019715,0.001051490334585301
0.4389636726784714,-0.6157477405197453,-0.20122530746091488,-0.04364220320387507,-0.46767235907397403,0.07438753283354586,0.6159096410766711,-0.3057553944290902,-0.5666535507843663,0.4278589847353301,-0.21207531212915698,-0.5341093652482091,-0.7460464279137335,-0.2931375531128077,-0.7180923266625867,-0.34335021413780653,0.3433555740869419,-0.48401218234152316,0.3449243196976587,-0.7837493299704607,-0.07447930883416705,-0.5405314382889909,-0.5134659353938689,-0.88353541096253,2.5579538487363607e-13,-0.3465742268010966,1.2543294444869777,0.0015306386913192566
0.06333993693478752,0.20915382345546654,-0.2656218978439424,-0.04937657867964726,-0.030695733516400245,0.26497894445433096,0.087930350859363,-0.02163449219610333,-0.23228239153415906,0.11961531823180153,-0.001667035625897826,-0.3021087817037554,-0.11184678521882623,0.2497721523988942,-0.16441592547478495,0.17652846308345954,0.1804322819116038,0.15296793783920332,0.02315425827230053,0.33737601207188467,-0.20817762435565976,-0.07223198751703867,-0.16636228284126858,0.13716998039446432,1.7763568394002505e-15,-0.49999644463038684,1.2611825992453272,0.0008801466965762043
0.056159990757591885,0.22944602943455106,-0.254786302830378,-0.05924868270840695,-0.0338734766488784,0.24823864760268377,0.11718578568347192,0.004033955130619653,-0.23443147044250517,0.15601205156069373,0.02808010223256185,-0.2975089695590039,-0.13354651456289598,0.2209057853509814,-0.19325440807149968,0.16061137783695892,0.18737445152175772,0.161511179352718,0.007113659992293054,0.3371470548390697,-0.22539760245024779,-0.07374987188409031,-0.16613292775184166,0.11982855724920932,1.7763568394002505e-15,0.4999948161041234,1.2670197600611848,0.00029438495198036955
0.05916629333711306,0.22215592994593156,-0.2519419627020772,-0.06061631599906754,-0.022473590944997665,0.2637222869803414,0.10142686219009858,-0.005658271500733713,-0.22826446029473926,0.136131391904262,0.011676881226306144,-0.2963622860266894,-0.12771625483617502,0.23218052399529746,-0.18047598908183266,0.16313372024124315,0.17726628314090082,0.16885574659077673,0.01743539495036251,0.333971421690261,-0.22079852747311068,-0.0734343222163175,-0.1665985331192564,0.13036079545933893,1.7763568394002505e-15,-0.499992517091135,1.2748957334714772,0.0005736164952575052
0.06337223589543141,0.23852867068343492,-0.2627778604256335,-0.05717788446748123,-0.00024822721071447425,0.2595697456854315,0.10496880304773483,-0.0008124745219420552,-0.22072710653806513,0.14289156605063724,0.01998511934109304,-0.3003410252866483,-0.11654298286468656,0.26051934204183064,-0.19545884263551963,0.1651521357388985,0.19627988630121906,0.15703658264964462,0.020176118598921346,0.3491805865347055,-0.2304438863470432,-0.07080445232713474,-0.14887348592311836,0.12390452259005422,2.6645352591003757e-15,-0.49999392188068315,1.2750302446806518,0.0005900852874892539
-0.058771646349882585,0.7678799629630285,-0.20886777985973157,-0.3731317342645917,-0.25460829807250346,0.06913046140553857,-0.08966239366521034,0.45433576436689266,0.03534949227655721,0.02241348980198537,0.7624384655841064,0.026056257301727292,-0.2981196515124133,0.5433170442002668,-0.6826211271294381,-0.4928268832313167,-0.10351746089312522,0.19084266646749115,-0.3093131067384313,0.5699927776400846,-0.6789020905833141,0.17548088944156137,-0.2711867758078574,-0.2137755825781704,6.217248937900877e-15,-0.1509315918203028,1.281154677759509,0.00003990531318589882
0.04531465978287787,0.24119182933397845,-0.2611388779993819,-0.05668994064837089,-0.025151531675343182,0.2569750058339306,0.10431872875286109,0.014031647255329165,-0.2381522213479211,0.1398809957732966,0.03731007626767495,-0.30514075819374664,-0.13802596981488974,0.24190196032071873,-0.16692255101522527,0.15358139502848045,0.18418502254250213,0.16949656720084758,0.00015682730182652816,0.34341734707588895,-0.22261840829887816,-0.05083080381759175,-0.1705392056682684,0.11608086761599172,3.552713678800501e-15,0.4999922637048931,1.2826672964802512,0.000715939893611471
-0.2555851505130142,0.2724112862645534,0.5965513482887074,0.20778249243043215,-0.36971884318709664,-0.2196129033825917,-0.47870577194340214,0.11356292772745899,-0.02600958045195793,-0.6839952380758626,-0.01861257162291959,0.4691327380261088,-0.12396418490114929,0.5602917278350732,0.4980081239380932,0.17964781558562945,-0.39175500826000637,-0.15102243817786346,-0.2045850279525055,0.30064155851002167,0.7033181809300532,-0.330474467974082,0.2117080632703787,-0.5030130952315078,5.329070518200751e-15,-0.26198320346881865,1.2997997709611855,0.0001333925986488577
-106.4296839897979,-98.52248315044012,110.38832917979515,80.34924979156551,130.52115400649708,246.52384746369694,-8.03641382009869,164.13945833943663,-100.25585106300201,119.28026634325992,-92.28913342120738,-97.10474967333703,-59.303550098968394,-64.91138716263879,230.35041471296526,-46.61431517821255,104.60725516235203,-91.32441112756229,-167.9281594217465,-128.63219962247362,-48.05364519116524,186.89391554649978,-13.22706508068397,-12.604033455358215,8.881784197001252e-16,0.49864667285033515,1.3042635999283654,0.0002711783081160297
-0.11807590576258081,-0.02542752537209121,-0.2474778138509644,0.3699965926949055,0.08576856146784836,0.05529057863692751,-0.1953508335248953,0.04393531283651444,0.11114781928260306,-0.26179872576384494,0.08789201244978631,0.10861596142792855,-0.06530605568676934,-0.023023531022595547,-0.24834568940898022,0.15906880287402755,-0.23615016697519903,0.1453055780690151,-0.29264558677617014,0.00995619235446618,-0.012875835803407681,0.3138793026223163,0.12671492223700564,0.12873511696027376,7.265299473147024e-13,-2.0023545863264797e-14,1.306928024470066,0.0006673006399443938
0.12353573418323563,-0.448310408122982,0.4498545229598535,-0.8793269745003155,-0.2837456077288574,-0.7877058335127668,0.2604977930025333,0.010831128562636612,-0.2664915284543519,0.291540663221012,0.21860736750617146,0.3632037267317549,0.37502391292520537,-0.8398478346296896,0.27689280598401594,-0.8980997164423317,-0.24913858672786524,-0.6780997781863287,0.08134469847763844,-0.5674819467073439,0.6260723661694833,0.2230297963707121,-0.13215469893365034,-1.0972437338389083,1.7763568394002505e-15,-0.2729571461500968,1.357623138847144,0.0002714941954301137
0.07563284788989219,0.6282976220423909,0.45212634965032394,0.2536702817497122,-0.813786678467324,0.2365033293196498,-0.215791392634429,0.21379099371419952,0.40690831539104233,-0.29952884728559226,0.480799302083699,0.621071687488918,0.4775948923201525,0.4754424536268696,0.08720936991069234,0.2585802528228412,-0.8008485718080929,0.29514329510084164,0.4972961262671228,0.6137313457067664,0.38440642947449827,-0.3453204237769738,-0.3441210198396267,-0.3734161776408569,1.5987211554602254e-14,-0.2017636893179059,1.3654623357558082,0.00008341449499450904
-0.14378118069814183,-0.004241830046814177,-0.24210504641313252,0.3698669464131488,0.0845291809160217,0.07000728565954922,-0.21537503161841737,0.02227256003195524,0.09779176394595938,-0.27802318093377687,0.07282236442051711,0.10691100775560043,-0.08539747796683944,-0.0005289447915293178,-0.24216907798817697,0.17797286850675267,-0.2520078620935797,0.14701737584637495,-0.3036497600047305,0.0026757199283603114,-0.015496466965314861,0.3322865280234853,0.10168073596673605,0.12628301993071636,2.6645352591003757e-15,-2.7521847774498797e-15,1.4165415243632007,0.0007946681344463972
-1.0480175992082716,-0.055247777429789445,0.040408028664868506,-0.4732839988702406,0.36152856348316803,0.5271203912649578,-1.1514428034075221,-0.18453775829805438,-0.3652011323563405,-0.7702494164605942,-0.004649381103788506,-0.5051714239849683,0.6699859028469419,0.40446065539834103,-0.9040211066721925,0.17664568118460053,1.0003526415133384,-1.030594977796715,-0.5444264614836668,0.20115450789630443,0.609466413855992,0.5980530343147263,-0.17472104141611083,-0.8209596444122125,1.1546319456101628e-14,-0.22402142474458986,1.4600229270563494,0.0004767406101573386
0.2775869715925349,-0.19789660568175604,0.6441638228692801,-0.04479600953059062,0.20610190730351022,0.4427773382220447,0.3234033844139046,-0.5243748424761758,0.5757548286164599,0.19412462334891292,-0.4783597632571023,0.36466395308540106,-0.20440042282985246,-0.18515579614327282,-0.6294647621353021,-0.6197043656063641,-0.36536891628100027,-0.3015565613674121,0.22672541925541526,0.19111585893681007,0.5965729176167831,0.1549831882142406,-0.25482010832292085,-0.6268543081576264,1.7763568394002505e-15,-0.2667085548827568,1.4959691055585618,0.0004125101950226543
0.49784286936480576,0.3571529318557927,-0.13200243054619615,0.5500114241284179,0.482771245242278,0.0729324553320366,0.1915274793001304,0.1527226112863014,-0.4532448517486573,-0.08332897658181396,0.3320689662166873,-0.08457214393358686,-0.4805714796332109,0.0010611030734059878,0.5324453786036616,-0.5354978464975987,0.6569794844521072,0.2747272370459408,0.5881446715662266,0.31597725581164104,-0.040091540568895266,-0.45574403781338463,-0.047680872487629644,0.499526571058728,6.217248937900877e-15,-0.23543992034620198,1.5734077047435804,0.001053434776515845
-0.1700402242051596,-0.0036711520078166297,-0.2387478377394951,0.3842851312769129,0.056004905459165914,0.07633976951875404,-0.22350893010440925,0.028323847873544583,0.08120715722295928,-0.29023387831060676,0.08363130541681073,0.09125307396305225,-0.11245855559382839,-0.004216481683404316,-0.23979572150430972,0.20781514424783104,-0.2523072361220319,0.15283701558144785,-0.31133768221645164,0.015036153358636796,-0.022245851378219397,0.345918101754535,0.08209065742430331,0.13779855968848873,5.329070518200751e-15,-4.136665697875646e-15,1.5855222208943842,0.000851131484277781
-0.5928844005880981,-0.09596686135910208,0.07625146557474957,0.22773413942276738,-0.1340325771628335,-0.35732168663601444,-0.3436375657112028,-0.18189917203013467,0.210296844408687,-0.4738405035574916,-0.24172012697412104,0.29295434741946647,-0.4826392674873491,0.15842493466197613,-0.011170737408304097,0.1408264705394963,-0.2715897568875572,-0.3783434565453076,-0.6690012886364864,-0.059614077491591706,0.0027439132449744593,0.3022769784579102,0.08214951676970546,0.009368947291841364,1.7763568394002505e-15,-0.34406777028136715,1.660325568210032,0.00032296790097464587
-0.1808950748485901,-0.003985751797299248,-0.2366813858582883,0.3888093913864593,0.06310491297317214,0.08175476641584874,-0.21759492621071164,0.023645949960285288,0.08693011766384863,-0.29989950739794413,0.07661123632219849,0.08207849293743502,-0.12327237746688842,-0.003972786323631772,-0.2400299145401887,0.22360795919422585,-0.24621076261130584,0.16309411594041198,-0.3161567044826643,0.00928073497866609,-0.024861722894024968,0.3565911390448366,0.08262120611471993,0.1345223033518859,6.217248937900877e-15,-6.033073511719349e-15,1.6720336996478704,0.0009132081345649137
-0.19775341214679074,0.0003296651842040511,-0.23421592639568176,0.39662293391097075,0.06638294063168601,0.10011675607885806,-0.21408625362583378,0.0492223592008517,0.0684609970293636,-0.30434399838644544,0.10706299974619188,0.06025454641876202,-0.1362237751090763,-0.004457895346815709,-0.2417554091772119,0.2373816527033472,-0.23708928860840287,0.1564477593946659,-0.31519271002939386,0.029482226933675287,-0.05615694418102373,0.3701566920303858,0.08599966208116876,0.142842243047973,7.105427357601002e-15,2.7172402555044315e-15,1.8129425484690223,0.0011710844067280026
-0.21268473758972867,0.0008400879538694515,-0.22969306896300817,0.4124367545102531,0.04409947226555803,0.10132929142592058,-0.2166398103288667,0.05183201627952467,0.06638820024603892,-0.3100638868612336,0.1077612296475062,0.051853869443539265,-0.14741305738543753,-0.0069360417735831,-0.23847756689475685,0.25911727767577647,-0.24230516324938933,0.16469508194622776,-0.32013892886513323,0.036005843385916586,-0.053043186907440566,0.38843957415965813,0.06827906564252353,0.14278738695177998,4.440892098500626e-15,2.007468868655988e-15,1.9547753619107018,0.0011753532307793412
-0.22504123132606862,0.005682170508146151,-0.2362361682387493,0.41218946165830755,0.029744371674166777,0.11019771364040977,-0.2128652250648628,0.04478448799377181,0.06292778043528054,-0.3225333144830952,0.10968369264927627,0.04254067475920749,-0.17728478878009504,-0.0013763511682635047,-0.2452475426150145,0.2637122237201693,-0.24535292746935283,0.16756527283675898,-0.3316355872948254,0.03484725600221205,-0.06278456500600774,0.3840000634158425,0.055454887349033755,0.15955724219662662,8.881784197001252e-15,-5.465467546892876e-15,2.0511898006326827,0.0011738019033327874
-0.24063686238433465,-0.002639163928571377,-0.2262076517247255,0.4222772707224463,0.028001173255949936,0.12022933116476356,-0.220373269792572,0.04153605553613653,0.054734586050258785,-0.3286826812375625,0.1054667808251694,0.04006718766305397,-0.1882878242720797,-0.011303061015888552,-0.23764392107003968,0.2819833745550323,-0.2517802349001106,0.17366831638404143,-0.3345198898887822,0.028758577211644456,-0.06892364277552016,0.4039108549480483,0.04661968757752068,0.1532893982123426,9.769962616701378e-15,-4.176259291933517e-15,2.1806608453280325,0.0013300365459965647
6.01423017728787,-1.3546811917497688,5.314267793353713,7.490402943499741,0.5593487831784344,1.6923529805094941,2.9943797178893057,-0.19877510309542212,8.192130248292383,1.2009696096321028,0.413861981744329,4.941071699978066,-7.430265717511339,0.030900695841893824,-8.518638097878853,-7.352327689637372,4.741889221776012,-6.880333579968677,7.684433347560826,-2.254257709763663,3.9202612112947524,-8.138098234169124,-3.6986444855301417,-6.31609820592791,3.552713678800501e-15,-0.37038597067028656,2.1851403756208145,0.0006611947944409021
0.23915021571662828,-0.054744017451551406,0.19209185434789966,0.28419704708584276,0.014627078680882139,0.05226747413019438,0.1118386355132466,0.0028619283873077346,0.31764298413305836,0.03654696825897002,0.032092837110366916,0.19618711415371012,-0.2787838197789695,0.031334710302155795,-0.3261872820059233,-0.28995481164369735,0.16941827351663719,-0.26115302577264043,0.2775191796242993,-0.07035287923650016,0.1799095439987875,-0.28601060302478704,-0.15468611226564502,-0.2430208758787997,6.217248937900877e-15,0.49999400580660686,2.2004419264497477,0.0007488759295224731
0.24448727271435627,-0.05707824623488747,0.18586322862346963,0.28802241106956156,0.0060109412467840104,0.05114250817817469,0.11350789671079217,0.0005641941335681602,0.3149123991227969,0.04218697118245252,0.027867147727801363,0.18864327509942094,-0.2842095718246834,0.0293847392816437,-0.32752282407864297,-0.2961850765935124,0.16970957789604924,-0.25773410918316964,0.28053250181364964,-0.07358079746059322,0.17243001183542148,-0.29250814262102676,-0.15251676746652676,-0.24525252077923546,3.552713678800501e-14,0.4999975152444987,2.2133485432386304,0.0001699535065876738
0.2462034571877505,-0.05336195259964006,0.18292636123266762,0.29061822032258217,0.0179608302278325,0.059438514294996594,0.11528963860149244,0.0022724341729086325,0.31748611509334623,0.04383522289548104,0.03151586551398174,0.18881814741692024,-0.28442107896697444,0.037076844103970885,-0.3294720064347531,-0.29991967279824516,0.17506241338900758,-0.2552541143047066,0.28045258841092824,-0.06872548393984054,0.17691466722877963,-0.30100713043158756,-0.14201681571174254,-0.2413947912805134,2.6645352591003757e-15,0.49999372411817666,2.238274821989716,0.00011549698778607401
0.24338508996538732,-0.0519077791170349,0.19962686762545412,0.28852436477822413,0.010953877701694283,0.059687998277034866,0.12099115379372258,0.009560750494023308,0.3227345939265966,0.04360215066900675,0.028592450312020866,0.20102861804289512,-0.2863160316909174,0.034609613097572836,-0.3189965152375082,-0.2962466842782058,0.16803175855956992,-0.2565282810178581,0.28490771054646047,-0.07153293373145087,0.179933605429857,-0.2931281733171279,-0.15332951487045376,-0.23761007016824173,1.3322676295501878e-14,-0.49999275894523576,2.2443371764565567,0.0008239730280718776
-0.24897945227810678,0.0034058126493219944,-0.22673424570399428,0.42070629460702136,0.031128383949680215,0.1304188457769169,-0.21756304319448638,0.05042341578800967,0.05987901292870137,-0.338982767685874,0.12004784449107826,0.03389047892730923,-0.20869744022525508,-0.004404803190540323,-0.23663280979577478,0.278160793428858,-0.2364915937566612,0.20169577690612858,-0.34557954359299586,0.03773946356291077,-0.06767072937314433,0.40344965867599175,0.05379242782647658,0.16021300797949847,1.7763568394002505e-15,-1.748487790416001e-15,2.2498539889655293,0.0012709619277492862
0.23886406366322124,-0.05289880988192903,0.19835620775197332,0.27453523356428383,0.01594310606357273,0.049839682625789576,0.11959850319080523,0.004666787853864442,0.32008310401643536,0.05423397998346011,0.027252718509546553,0.21179609284886927,-0.2960653325068475,0.027161786353399373,-0.3202912663895107,-0.301754040524276,0.15244502279361927,-0.27008244159633255,0.27891225899669536,-0.0705138711511575,0.18122075862191928,-0.306587593963991,-0.166888003645671,-0.23113008621456865,2.6645352591003757e-14,-0.4999971771650533,2.266351373685787,0.0008427763691155582
0.24113557946549377,-0.061880395854299615,0.1847399331064033,0.293322576675374,0.01177907143469651,0.06697299451104981,0.1190688372480063,-0.0035141359815491113,0.3189541900208397,0.03947558859683668,0.030415098380689527,0.18631100292323238,-0.29982401695840305,0.021107835544233067,-0.31851234412037743,-0.29682735445134,0.1588904275437165,-0.2723882270123429,0.28135246388291846,-0.07821378942740319,0.17935781138117607,-0.29983101787144323,-0.16420527204021065,-0.24126838772132575,7.993605777301127e-14,0.49999183450672147,2.2783675562879044,0.000194468849620978
0.24375999580030047,-0.054265143473382266,0.19015755820101693,0.28028294344813365,0.009682643726354074,0.04008547378961717,0.12297453749238278,-0.003673134254739258,0.31162313520155666,0.043005429858692844,0.029646834674607093,0.19780685181627455,-0.2946719963695334,0.03977931658525069,-0.33333464833256654,-0.3094173091429903,0.17314890700065036,-0.26314589294593355,0.2780117698497463,-0.07100990617713167,0.1739045621643183,-0.30312754000021064,-0.14320400903272903,-0.2573359703730394,4.085620730620576e-14,-0.49999190020286255,2.2961410498703927,0.00028950481695672595
-0.25322796928865837,0.0022339987667515855,-0.22858066825799334,0.4390983813648112,0.014492708601665094,0.13584199834254282,-0.22517433198479167,0.04423172604639614,0.04814943145938058,-0.3421988235288132,0.11144205943606343,0.025901591315388103,-0.213241770757566,-0.005556298936493836,-0.23745265253196685,0.30674219843509803,-0.2402693241326594,0.20667469821807108,-0.3467227354944832,0.036434916675580895,-0.06853774243972971,0.42048092064806875,0.041946586959027116,0.16920031169349067,9.769962616701378e-15,-7.1945836583883e-15,2.400112909852088,0.0011345328652789264
-0.2671130011960386,-0.0067693995012602015,-0.21831132445352633,0.44571126383704407,0.01527233093747538,0.13936349505316625,-0.23476657659432884,0.0568877254054006,0.03518618109609904,-0.3425383462064129,0.12366040057787205,0.01873627265454808,-0.21725038007095307,-0.019876470766555833,-0.2295849293014947,0.3164515622059716,-0.2389594188940473,0.2065074500738603,-0.3460002627375714,0.04148339910005236,-0.07917545830371141,0.42946226249554215,0.03955474398292131,0.1697822786410619,8.881784197001252e-15,-7.735069216554696e-15,2.488261060097171,0.0011909650334017256
-0.2898645237677098,0.0043959971887422115,-0.2109065849331033,0.4609428286253296,0.008402186442938577,0.1414502516316169,-0.2444800771667128,0.062461538010726805,0.03894653959417956,-0.3578181812315314,0.12221301875319339,0.01561391782460654,-0.23403991472822824,-0.011084507642226024,-0.22568268059144939,0.3409678268986641,-0.2396620038789965,0.2042070777708709,-0.3598784144245845,0.04933716938040487,-0.07553201949416055,0.44670063612995325,0.02864872366231276,0.1712823329313039,7.105427357601002e-15,-1.2902455302563631e-14,2.7026740880367117,0.00131838776099841
-0.29708332735814863,0.006310422251639326,-0.20844777530595443,0.4640214230372199,0.008548352909878432,0.15009648716151314,-0.24986595793792848,0.057227358156322905,0.043461073827245254,-0.3676360443036808,0.11532314847751118,0.017778314043086416,-0.24372013372448093,-0.007291898787797833,-0.22308037551157903,0.3492570504697544,-0.23722871388078198,0.21266446819236506,-0.3680673737044389,0.046883378846233524,-0.07067370895740926,0.45033394248821196,0.028407443435207107,0.17867211155004484,5.719869022868806e-13,1.2360072775637301e-13,2.78672436278551,0.0011925195894979968
-0.3026228718635146,0.0026983595017664804,-0.2122041339253595,0.4720593511039447,-0.007579261917134662,0.15620727815525812,-0.25086627898070585,0.04489604055039034,0.03555426471849087,-0.3731555591286152,0.10753456338323458,0.015352840307964622,-0.2595915610180361,-0.00852151293558938,-0.22527759060371969,0.3599778640593672,-0.2490473629789577,0.21639411987687204,-0.37293107688519306,0.038785174860259564,-0.07558782074213377,0.45844599896401833,0.011326044836497014,0.18501313000903039,5.329070518200751e-15,2.0346672595909456e-14,2.8974946125270806,0.0011764638682737016
-0.31372332953622384,0.00501078692434174,-0.2016842244010984,0.4882286353745179,-0.009789895451007233,0.16433815691324574,-0.25018372329216226,0.0511957971280232,0.035453866537612955,-0.37487171921486,0.114640436793823,0.011963777819480994,-0.26610436230740303,-0.010184380154905219,-0.21838375618667796,0.38312213478220397,-0.24925988169620453,0.21310756734704256,-0.37396457493346397,0.04273862140722248,-0.07945076334187144,0.4764016266369082,0.0078088339003172125,0.1907239281753927,1.0658141036401503e-14,1.448138668811326e-14,3.0600993638660774,0.0012336261669126725
-0.31965686465623816,0.011356774906666766,-0.21058004785910825,0.49819239537096066,-0.00817679963500892,0.17732767744652614,-0.2565836346878934,0.041894143980761155,0.025225975615313312,-0.388157415625494,0.11048995095554999,0.009227347833196451,-0.28885966692418513,0.003066287372413107,-0.22196825035806458,0.4022725326356174,-0.2375256312151179,0.22667687677497111,-0.38521415952350674,0.040232251965921575,-0.08176779791555962,0.4830196883425094,0.012525700803313571,0.20995927452702895,5.329070518200751e-15,-1.2064734250469668e-14,3.231805660951005,0.0010930043125568455
-0.3286554244306128,0.015253508935082304,-0.2062161114112059,0.4997978281586893,-0.010583333618609728,0.19332667520879826,-0.26869262952786616,0.043425034247960306,0.0276513011973471,-0.3979252098536416,0.1052249063962642,0.006253947381234014,-0.2887753838093463,0.0044112850544086625,-0.22019367076868288,0.4056419169923238,-0.24358406777369424,0.23546017297159383,-0.3916333716575856,0.042723899329785514,-0.08324763718832477,0.4875608709432685,0.004275448548702197,0.219446721279302,1.5987211554602254e-14,-1.9021608956986653e-15,3.343052137001849,0.0010461770621886122
-0.3312799549399339,0.0236962521012565,-0.20984654816345305,0.5066847230929352,-0.0036681477475798583,0.19047434975321217,-0.25749816667909087,0.04216568421727497,0.03648514168115908,-0.4026818129342808,0.10230261312699204,0.0027982555512686158,-0.2938492215394612,0.015414416125755184,-0.22496606411703954,0.41385342567441874,-0.23708977855494387,0.2362461064190289,-0.39657571701229455,0.043991126653551565,-0.081777382559624,0.49583752380076074,0.007878892104167742,0.21377590982803177,8.881784197001252e-15,-8.578531327867923e-15,3.4151841318516514,0.0011080512616486223
-0.3380318892817677,0.02723754619030791,-0.22146971904445062,0.5171527063050745,-0.003632083876262398,0.19942448989892364,-0.2693750348669089,0.03836559577426651,0.018794061316933702,-0.4124818682267432,0.09835517827329304,-0.012621311068523803,-0.30328704606825685,0.019974712501864722,-0.2349463737652071,0.42948898057977003,-0.2335365438762902,0.24375439841513633,-0.40390087868456404,0.043139675010553644,-0.09550732371318225,0.5073154591161314,0.006384916561077692,0.21996310501132532,1.865174681370263e-14,-2.1796055172513634e-14,3.6022277413973383,0.0011310090615549138
-0.33768043424277217,0.030055896182147962,-0.2243437567522004,0.5190631856507099,0.002362233986564143,0.21188687822853966,-0.269075178759094,0.04006544860458178,0.020139387121477312,-0.41619815270634447,0.09375931411747852,-0.01859673784227925,-0.3005740190103568,0.02318122865336541,-0.238386539533706,0.4372834568938362,-0.22482280738184723,0.2477843275730779,-0.40513550322217445,0.04392755244245665,-0.09891633771097633,0.5059242892701996,0.01331321126242325,0.23821951475262898,4.796163466380676e-14,1.521970649541157e-14,3.6678776990729234,0.0011122281550732416
-0.34116647545178336,0.026151421395560127,-0.22308958494725495,0.5299513759366737,-0.002352935990070901,0.21531915045999794,-0.2705871849185151,0.0404378177172875,0.01884197666037029,-0.4172536297316598,0.09212566110896508,-0.022702935075615608,-0.3022285020827009,0.01784124399779579,-0.23788178269534732,0.4515574412177826,-0.22346385076167138,0.2505820538121851,-0.4062700421740281,0.04324728412071882,-0.09974400422696582,0.5172688118843508,0.0132682517149862,0.24119654118166634,3.552713678800501e-15,-1.7192896773028047e-14,3.777069439045221,0.0010069261766912224
-0.3523645944868936,0.0341383417783705,-0.22449713212180214,0.5464663607629797,-0.01792517508286779,0.21826720108161168,-0.2719835929880098,0.03622613983170592,0.017996497528793568,-0.425851269425457,0.09056411617936355,-0.02811244124120864,-0.315586856126415,0.026786416151985706,-0.24011215097959465,0.4674563684083353,-0.2368677077745599,0.2541236878173995,-0.41567340728468527,0.04507474172841908,-0.10186918860267764,0.5356772019211077,-0.008559505316905122,0.2411167323278719,7.993605777301127e-15,2.5420756462185738e-14,3.9994728150420618,0.0010652687290964163
-0.35560353205178924,0.014158635942871142,-0.22149620658535957,0.5548934072041065,-0.023943956969781133,0.2268571536079693,-0.28049906900637755,0.028118576324037456,0.008876999412162459,-0.426822643354405,0.08204857871019876,-0.02910890462453908,-0.32047223598172575,0.006210674733938056,-0.23596452206045565,0.47996787464513685,-0.23772207291491168,0.2642192084592598,-0.4156990659277921,0.03200020093950219,-0.10466627737247435,0.5428707225129176,-0.011636387927183757,0.25214998455433674,9.769962616701378e-15,-1.8189246070231667e-14,4.095854091202193,0.0010565244460405323
-0.356715886761493,0.02063352617443427,-0.22292685265933537,0.5553407310949178,-0.023400332781566148,0.23538683773746713,-0.2772003785589731,0.020628116710166705,0.013131684864619969,-0.4317084171497103,0.07436031973102525,-0.02852235462597292,-0.3233529362092436,0.014676307153412914,-0.23738679018948217,0.48117262857995646,-0.24290096597085606,0.2685195786230556,-0.41905128068572356,0.029288714418580792,-0.10485225448114027,0.5466241412124986,-0.01594420669817671,0.2533238129522173,1.4210854715202004e-14,6.50265481206551e-15,4.14659876651856,0.0010818189147324382
-0.37636519846829863,0.011037239096013535,-0.2250801909297434,0.566036579914185,-0.02416283884193185,0.23153845901181996,-0.2915963049260504,0.022552161947119845,0.004050117618170087,-0.4460974064705561,0.07362894637619623,-0.03815091193479651,-0.3431771779558258,0.0035922507820928835,-0.24011307746224178,0.4989547166248021,-0.23134202243005453,0.2657534907410179,-0.43396038678346505,0.027297558326437293,-0.11079337779817339,0.5541403743049227,-0.0103809028175423,0.2569292977696098,7.105427357601002e-15,1.8168819388241015e-15,4.364004705421017,0.0010232514668173378
-0.3857254402859917,0.011820464615692697,-0.2307086652499718,0.5711686691897807,-0.027192049166672064,0.2293237973267498,-0.2944904631225115,0.0218044076201178,-0.0012349691169746214,-0.454291902407838,0.0759240541848654,-0.04564696901577651,-0.35645564269354585,0.0051370633717865485,-0.244813303758003,0.5010056824758973,-0.23266473784641936,0.2735407183719056,-0.44337333329007367,0.026915488232552475,-0.11585257809222249,0.5624179387790543,-0.01537978725433892,0.24828347281202506,2.398081733190338e-14,-2.5042264056054385e-14,4.488769395874942,0.0010704066687688054
-0.3865556676452312,0.013050088280235296,-0.224585665917257,0.5756273461634144,-0.02688736578599077,0.24494636457281255,-0.2966932943814968,0.02435547667644936,0.0002416883923854452,-0.4545367888820583,0.07285440692022913,-0.04363233886969812,-0.3522754940168013,0.004957570809397522,-0.2411711904226729,0.5125992413373033,-0.23417476117766942,0.269944102908675,-0.4404194931644942,0.028326291149448277,-0.1181087495307139,0.5659227752778244,-0.015301246276927626,0.2656440803615489,1.509903313490213e-14,-1.1208370651064432e-14,4.562984306220423,0.0009581869131854139
-0.3947159542808676,0.015588478865107946,-0.2315177267030992,0.5842925001490655,-0.031051052646791692,0.24040127487813856,-0.29644266289127097,0.019935578818024893,0.0016177815471886282,-0.4634863003199421,0.07277732517155538,-0.05077079421651685,-0.36598414466063844,0.009124515488109854,-0.24595609327710907,0.5147690838202552,-0.23297708019993046,0.2879212255591382,-0.4525901620880462,0.027638058667473018,-0.11618197827027638,0.5757268413485513,-0.022882626768107678,0.2588579608982056,1.0658141036401503e-14,-7.71395155846916e-15,4.710582964647505,0.0009735572835568814
-0.40071204410953104,0.017214635028216557,-0.22888662243406674,0.587403529027564,-0.02670003930758679,0.2494278924255963,-0.29532604110131366,0.024250800154311348,0.0013505947529524145,-0.46861382896973386,0.07761992864406869,-0.049185897777816304,-0.3750219887219069,0.011248622430893246,-0.24288634006861265,0.5210328217351,-0.2272224889791906,0.2913734353575148,-0.45633827236918034,0.030685568213091874,-0.1184136695551547,0.5792009696747863,-0.016719742529871053,0.26711411731734,2.842170943040401e-14,-7.998400447562067e-16,4.802879103360135,0.0010018991174067082
-0.4066290943375388,0.016733940927869746,-0.22969074397756836,0.598919082541195,-0.037413480422120525,0.25213538315851564,-0.28945222451373587,0.027932101651778216,0.0008765927157383489,-0.46943156111619355,0.08561229753944131,-0.05825838842530893,-0.37934229385228224,0.008151263079119387,-0.2457729117337411,0.5309507461906677,-0.23381779419195486,0.2955894604340976,-0.4579818074498943,0.036306262334151324,-0.12559270242517956,0.5914209638493181,-0.027529369635040962,0.26876770803612104,1.865174681370263e-14,-1.803182016390747e-14,4.959273195174596,0.0010269131345053565
-0.4066057708086541,0.018551080354440343,-0.23328872176868765,0.6108938671372154,-0.03283593794259799,0.24753668926009517,-0.2984393191711584,0.022337013156880463,-0.0028274540927351864,-0.47292815331963767,0.07345526510688598,-0.05766758119021276,-0.38073393773357805,0.012635882705470482,-0.2474538273357462,0.5457519395047011,-0.22624417692234602,0.2956037196291753,-0.461913346203729,0.031280544015324575,-0.12001882133560032,0.6024660799292656,-0.02314198141279839,0.26624561255676044,8.881784197001252e-15,-1.8383539893649092e-14,5.0560063154068775,0.0009411350323439883
-0.4129923995333648,0.010625655328590047,-0.2342377176206754,0.6165986390173658,-0.03497428592181865,0.25566114501711684,-0.3076948690280457,0.026829740128680977,-0.005091200483530413,-0.47914796631968487,0.0731358474591262,-0.06264896832836844,-0.3880290537336866,0.004121931264162604,-0.24713864653998996,0.5537463701144364,-0.21378844279807546,0.3089392571059077,-0.4690737853643321,0.031425104996172834,-0.11873560212415124,0.6037831999224997,-0.01562975369796526,0.2840427933309722,1.4210854715202004e-14,0,5.190950044719859,0.0008288941069883434
-0.41756264441644264,0.012378868910233145,-0.23530300874279744,0.6219135843366979,-0.038380088497142716,0.2593406796459106,-0.3098221311626426,0.027364663122921976,-0.006110641097847593,-0.4834722642375132,0.07559461025060789,-0.06440062886868074,-0.3951592223086158,0.006260752206627977,-0.24708755412044145,0.558597251556278,-0.21259551007413657,0.31597814122979906,-0.4741156398178414,0.03302771836520961,-0.11863787560722268,0.6086461510498756,-0.017851910725404575,0.28893326395977553,6.217248937900877e-15,3.306174401699688e-14,5.294110507917135,0.0007654914297784872
-0.4241972530761815,0.020656382245417847,-0.24155465258961129,0.6262452239410896,-0.04189191684754422,0.26234932747616235,-0.3333271448008645,0.030347633715189625,-0.024451522559556415,-0.4881042010499494,0.072579633010906,-0.07743754486281931,-0.3899989437728895,0.012441603765840312,-0.2579014911875905,0.5666284889163791,-0.2291443791094649,0.30009367218429833,-0.47544850304961883,0.03787477991854057,-0.1361150634082069,0.617106253051224,-0.031240487098487205,0.2826043768305604,1.5987211554602254e-14,-2.8244757253386572e-14,5.427331338304738,0.0007978796679368336
-0.4306553352153937,0.024092713867648274,-0.24570418104162672,0.6322217641865758,-0.038526939627449526,0.2656300883602437,-0.34476494474435215,0.02945573995104079,-0.03241368606424856,-0.4955828231709656,0.07070875951251332,-0.0815502787212843,-0.3979110315829133,0.01733434168596887,-0.2609201281812677,0.5735546328885649,-0.22612191494087946,0.30452487725228755,-0.4826533053022328,0.03725560343154163,-0.13963296196063438,0.6238949750382551,-0.03092662446255274,0.2837956082716353,7.993605777301127e-15,-8.5544621023454e-14,5.563302864472837,0.0008010491888017559
-0.44469341257118694,0.02714593863001978,-0.2328682286050728,0.6404394844077589,-0.057299910956482694,0.27310068942732496,-0.3589874119787228,0.027742020076329487,-0.03269263731639002,-0.5065026886034466,0.07425382790236006,-0.0659363523727667,-0.4185524960611887,0.021146273014347437,-0.24598902844936774,0.5838269880840831,-0.2421305005377659,0.30408499449314635,-0.4930603546810997,0.03858669468541895,-0.13088309781927016,0.6320350132388897,-0.04905071396058257,0.2924128709407013,1.7763568394002505e-14,-5.665266871523107e-14,5.74156821863182,0.0007238548426371837
-0.4483277908865969,0.02734222903559136,-0.23721699019455714,0.6449443713467327,-0.056918870970789355,0.27584302797767923,-0.35281305646362954,0.027468972967006698,-0.029256635352817566,-0.5103405482486445,0.07823544155184911,-0.0722551964225537,-0.4255304613307303,0.022148693127886494,-0.24934786955115276,0.5813280767042509,-0.23960475518618926,0.3256892278672794,-0.49917460602640285,0.0386584849319211,-0.13135360710246408,0.6401560019676872,-0.05138033645812875,0.2868762436014618,2.5757174171303632e-14,1.1840707558083373e-14,5.843923961248057,0.0007171294614332094
-0.4490281007028254,0.03383463529202884,-0.24284895744082968,0.6502592166229233,-0.06465488446262115,0.27992314984649724,-0.35205148476996806,0.02486683156340551,-0.031208101457786158,-0.5135266450518797,0.07728772430946,-0.07628349637360277,-0.4292088653485995,0.030149874106577903,-0.25345958549286796,0.5882752994975206,-0.24204175101608055,0.3266467997151343,-0.5027535643764046,0.039994605609530345,-0.132967521386596,0.6422566754526613,-0.056631943937734686,0.29812985580722107,2.220446049250313e-14,1.2756155083999906e-13,5.949371161992447,0.0006699155623648566
-0.4624540468062097,0.024623178663837047,-0.24426270144588186,0.6590940672111645,-0.04988260544646298,0.2767340546798803,-0.3634814428114335,0.028527032628127533,-0.030957432688405027,-0.5241940847321265,0.07226600419863068,-0.08481429303145444,-0.43745034275373806,0.01880573938248464,-0.25722714333714514,0.5986648983651219,-0.2219994662810472,0.333508370907192,-0.5140184008734273,0.039313157480652755,-0.13449345961896778,0.6524297220654708,-0.04038800781146049,0.2922816655304949,1.6964207816272392e-13,1.7361218246114385e-13,6.126384017544747,0.0007127688588261117
-0.4637146554560707,0.021949082251301603,-0.24402215271734687,0.6615189525615659,-0.058153317935957544,0.28171199105594574,-0.3673260605890002,0.02389757757180414,-0.03500844126534758,-0.5254403602837686,0.06521785803575952,-0.0850918603589648,-0.4374687506368237,0.016158935671498398,-0.25767135652182543,0.6050869554020164,-0.23292041751042533,0.3258813749756838,-0.5136856002045713,0.03407519798188151,-0.13834590364854665,0.6531307123501635,-0.04969039994954776,0.30086129571503556,1.7763568394002505e-14,-1.2816269804707794e-13,6.181456269531973,0.0006970872598669733
-0.4632185137320751,0.028002757212974884,-0.2445481409601653,0.6777064087882431,-0.056875745365199806,0.27882003379938725,-0.37122694165054515,0.031361483929236045,-0.03503074349554555,-0.5236001375518371,0.07076000422030135,-0.08839217779408788,-0.4351336988795345,0.021921772712619976,-0.25825003253234113,0.6171407567004967,-0.22780796514178964,0.3362845775690991,-0.5140236448292793,0.04133588821054641,-0.13471891042675613,0.6719227858592408,-0.04979120807417402,0.2924795156593446,2.7533531010703882e-14,4.9556538670195005e-14,6.320221142339816,0.0007127186014380304
-0.47367622874939136,0.022261441227292938,-0.2472207772476051,0.6918244931745381,-0.052706492203445476,0.27118690344898017,-0.38957885789001945,0.04147139202965824,-0.04649190547756365,-0.5316774582737525,0.07875010141039397,-0.09175568212681981,-0.45113780210343735,0.016183700652185926,-0.2571623915956446,0.6300285990414958,-0.20379446067286394,0.34732647581981696,-0.524150141757262,0.04724596299732285,-0.13291024157811568,0.6801239925121816,-0.0394138150932702,0.2993229174625473,2.930988785010413e-14,-8.108783301822718e-14,6.521198831520395,0.000549895880449668
-0.4803113786834937,0.020378536289182056,-0.24544174094855,0.6920592792381451,-0.062200838632289375,0.2797877466274949,-0.3870807502580126,0.03991907724620051,-0.04703726972229546,-0.5357393505723863,0.08227073833294969,-0.09379256622817742,-0.4583506029886295,0.013496800832730893,-0.25630319825463954,0.631534113883095,-0.21525893328858833,0.348061333480983,-0.5277433283463436,0.04639114109428387,-0.13843049650300285,0.6820041153114389,-0.04759308919141971,0.30439542812095643,1.509903313490213e-14,2.993454245285544e-14,6.616598490119796,0.0006268892781306755
-0.48032636930387956,0.02235746945095141,-0.24698577204475577,0.7032732740959632,-0.05881359400058942,0.2816943711839604,-0.3973689099980854,0.03709205408625669,-0.05223991718191577,-0.5369603106598996,0.07540989772594782,-0.0950027580584275,-0.4561337764379246,0.015911981611345938,-0.2580094180705965,0.643211582514657,-0.2162344938270338,0.3501512531225398,-0.5281731916615954,0.043908775145492414,-0.1393139189233624,0.6950848731752529,-0.05020438085068354,0.30129569263590583,1.7763568394002505e-14,3.880019044251138e-14,6.73698402771286,0.0006007507475531912
-0.48889217171685406,0.02718480275575,-0.2453815783033482,0.7105536592698549,-0.06698776246956217,0.2894595864849065,-0.3978170193172212,0.04316307729265185,-0.05302438208282288,-0.5424228430050653,0.08394954380927801,-0.09805075486965163,-0.46448519100273195,0.019715842898345343,-0.25764812716161184,0.651066335089699,-0.22432982074768462,0.3525185303265223,-0.5335389279422659,0.05025468592672427,-0.14392802108430733,0.7047110035354658,-0.057227592242324425,0.30417309558135175,3.4638958368304884e-14,8.453920774328853e-15,6.9223771725615055,0.0005218402877362336
-0.48780847306536057,0.025496842079386513,-0.2475965389522155,0.7201386190699374,-0.06291882911747937,0.29222186738689016,-0.4046377838033455,0.04214830470360694,-0.05215510198157097,-0.5429935383690757,0.07652069534288738,-0.10141444603612104,-0.46024341980860956,0.01785676957117954,-0.2598666588343096,0.6611871241979511,-0.21489082236681697,0.360562702791528,-0.5347756116500354,0.048916967988226714,-0.14092180577837726,0.711551109320536,-0.05296392454761873,0.3130070863764506,2.4868995751603507e-14,4.19194769936277e-14,7.024689896486496,0.0005399306861528786
-0.5029010907962753,0.019874094707088577,-0.2531369121808689,0.7176487378599823,-0.07394386984880238,0.28805188841647467,-0.3806911537258949,0.03640464328347899,-0.04396340325438833,-0.5572182043381537,0.07687354124354483,-0.10560522607622497,-0.48479198282349967,0.013798453530979075,-0.26418835208179664,0.6636082998471642,-0.2135459271880707,0.3497658676818695,-0.5495534797916689,0.04598211027210923,-0.14563161236936806,0.7024295371071335,-0.05340665887100067,0.3257829816021807,9.769962616701378e-15,-4.8217145881227125e-14,7.15635741210481,0.0005222891981964437
-0.5094993092580358,0.009103757443629311,-0.25201803173837,0.7287902068815503,-0.06251547472736786,0.28899074616712694,-0.3907628218932444,0.037244474863999406,-0.05544407588675084,-0.5596153842363605,0.08098668059373254,-0.11116432856940504,-0.4928038601685381,0.00213613091178285,-0.2620944469434665,0.6750218976132504,-0.19878478665203583,0.3573229603407133,-0.5525128591472711,0.04203977271025502,-0.1517415723923904,0.7170756300069979,-0.03963607356594228,0.3186166923519738,2.7533531010703882e-14,-9.971682630776125e-14,7.313338003902696,0.0005909909733614871
-0.515038643124226,0.022603563470409312,-0.254101322341811,0.7274804302022139,-0.06472673630483798,0.29629785113893947,-0.3880944286637707,0.03257647544129381,-0.051974045403861246,-0.5681886505301834,0.07803730215386451,-0.10846318918647854,-0.49863613245275185,0.017098538212855563,-0.2651389243778704,0.6775079427686702,-0.21172969063242403,0.34851405804816854,-0.5585923050427579,0.04339205286119542,-0.15497789857462999,0.71471963798253,-0.05006679598959698,0.3273414875074293,2.4868995751603507e-14,-9.0949425203733e-15,7.405194078320386,0.0005822243369124095
-0.5167199815333224,0.013781368972786203,-0.2557932284655531,0.7377097883680922,-0.059472079789404796,0.28838110643187087,-0.40816338182453016,0.035095877032672335,-0.06265302495589302,-0.568515168250887,0.07524558494352558,-0.11252267664403247,-0.4996798185665825,0.007899821562518814,-0.2656214988804271,0.6866782022557695,-0.19741575851496257,0.35267723039278154,-0.5606722153624423,0.04046450333966163,-0.15330273323938953,0.7234679650921477,-0.04133298664940773,0.3235536459129192,4.440892098500626e-15,-7.530639799920677e-14,7.489852112470764,0.000535344555285212
-0.5192200340229884,0.01775722840319691,-0.2662758230347529,0.737691857634989,-0.06418613696196201,0.2986711791166342,-0.40980962976905716,0.04196556320157842,-0.07348077441939126,-0.5701784140476998,0.07951196287934266,-0.12927501036156092,-0.49747381020450954,0.009633952084130046,-0.2787622438333211,0.6860834503705125,-0.20630757909162534,0.3568572920629911,-0.5610179250267457,0.04657293309380714,-0.17114258488615774,0.7259705865026111,-0.048015561206354675,0.3270201118015398,6.217248937900877e-15,-1.0563961905591745e-16,7.612136784252717,0.0005815724639524055
-0.5265653816893673,0.020537510943421277,-0.2661292105348753,0.7407712704444992,-0.05955116429679831,0.3006285932432126,-0.4174132183643948,0.043596923701213486,-0.08004591313084411,-0.5756893063844312,0.08310656538783918,-0.13163892339770153,-0.5039617777788655,0.011579569112109141,-0.27961032440355327,0.6914815364099678,-0.207144857017566,0.35189338173048007,-0.5650640694850072,0.04845656833043431,-0.17806248845213632,0.7310507034052666,-0.046599253391302976,0.32415215203975617,2.1405099914773018e-13,6.39995182595193e-13,7.722122078651749,0.0005844001367095665
-0.5321447620675571,0.02779159450295446,-0.26078842469221836,0.7526723655639823,-0.06310567191089067,0.30148763560943875,-0.4237647072163052,0.03956806277786047,-0.06197409925891158,-0.5851460710583943,0.07384627379437811,-0.12033700378741446,-0.5112868513614368,0.021836367542837187,-0.2726520797042027,0.7028299370762344,-0.20044033027393796,0.36244385893536646,-0.5771800841052422,0.04921060879877363,-0.15616696636451005,0.7395438377611603,-0.04777652720345656,0.3338661536931453,8.881784197001252e-15,2.585276358312858e-14,7.893592978947714,0.00045137050322237147
-0.5313674860209567,0.026157405937748273,-0.2657748341003586,0.7620192663643783,-0.0690074320345462,0.3028977267638937,-0.4237775462418711,0.037405038919116756,-0.06940571407564071,-0.5854212814605596,0.07559983177136513,-0.12222973727029188,-0.51719964049421,0.0220741799484535,-0.27389874150239707,0.7103563141178488,-0.19864927332786678,0.3711701637251982,-0.5782568333299306,0.0473250200234423,-0.15758725356550043,0.7473615294752857,-0.05139162127454501,0.3390473230188974,1.1546319456101628e-14,-8.869290902685459e-14,8.013790135046156,0.0004077233423516065
-0.5390246144361802,0.03537406156590563,-0.272064388169175,0.7675551775811046,-0.07570751983108752,0.30208064727155665,-0.40781669255488223,0.03723116248001734,-0.06541747247287856,-0.5917327196624557,0.08097552602376325,-0.13152454743770234,-0.524223347332239,0.031082073105296284,-0.28209117653238136,0.7108744963718059,-0.21303495410254036,0.3758659603836536,-0.5849475330197047,0.05215261447976013,-0.16663784851273217,0.7605159788411967,-0.06799594532991607,0.319532468723769,1.234568003383174e-13,3.3151681426827927e-13,8.189339739218262,0.0005319527667886341
-0.545199058829175,0.027513455785716776,-0.27047047783491773,0.7757087214244028,-0.08054636364651425,0.299088029337734,-0.4110975353859541,0.03873605006463015,-0.06971913665213347,-0.5948957508184176,0.08539817435389178,-0.1314956844823276,-0.5339070671226317,0.023352945414736013,-0.2783510523507343,0.7201256615296431,-0.20734175109794492,0.37632562629306454,-0.5891380698602973,0.05187600508753264,-0.16628600172188526,0.7674515961021383,-0.06475923126430355,0.32103449287919816,2.4868995751603507e-14,-7.529893714200984e-14,8.315494626920968,0.00044552658316589813
-0.5497018552213009,0.03695477019667629,-0.27456014031768716,0.7728423603832086,-0.07221759911333121,0.3063223628911574,-0.42005709022477195,0.04229710661227711,-0.07451083277784627,-0.6007437970106395,0.08549279105448375,-0.1369169708426024,-0.5344279679914802,0.031793521872348865,-0.2850354898699244,0.7200946709927507,-0.20898597593503423,0.37163622111991196,-0.5927636649504767,0.05648366438728471,-0.17488517252254426,0.7637359267226972,-0.062446063116563776,0.3288416879950608,1.7497114868092467e-13,1.4092569589062549e-13,8.385438962841173,0.0004057428116697486
-0.5542934657846109,0.03141374999145721,-0.27230482497825975,0.7858223486998981,-0.07952874326194757,0.30858446920881705,-0.42803434124544487,0.04429063029629143,-0.07287915911458712,-0.6038860653392639,0.08437449404228353,-0.13712521594617202,-0.539231162680356,0.02611217797282635,-0.2821209760140165,0.7283541947485185,-0.20644993394924993,0.3904052821676809,-0.5977436026565687,0.057192422475043116,-0.16900371919237153,0.780009514282081,-0.06947868491386291,0.32382068624944194,1.4210854715202004e-14,-2.4530202303940826e-13,8.57635788105405,0.0003951282405583809
-0.5542190631993551,0.03285403968435691,-0.2737351272368795,0.7885913146252399,-0.07886151555212725,0.30909661895872576,-0.4240706684180676,0.04322837363006955,-0.0714024712994711,-0.603943937206956,0.08334008047404165,-0.13922841258268334,-0.5388518186948166,0.02744443722525054,-0.28395038410596096,0.7305043119010124,-0.20730283120047482,0.3919232812950482,-0.5982975394023251,0.05530537033589976,-0.16994963224706117,0.7827561351059826,-0.072165501795621,0.32378918220788094,4.3520742565306136e-14,4.13676780649732e-14,8.615188879473349,0.00041464963446175116
-0.5606356133164613,0.03227236090198934,-0.2766423950935163,0.7874779663387033,-0.07542419173436575,0.3189946541147011,-0.4316277717619069,0.044877114377222624,-0.07363361601393943,-0.6108998167030251,0.08428027016685327,-0.143856446245964,-0.5453917820232735,0.026859450432242988,-0.28657255796625225,0.728600676846541,-0.20023147353631202,0.4047664859160247,-0.6053306568854154,0.0568239683380354,-0.17299107108287862,0.7818416517910277,-0.06829449207934578,0.33300028414587857,1.5987211554602254e-14,2.2206331323851657e-13,8.729595240622734,0.00045140528466385135
-0.5629174946054971,0.02887784358462113,-0.2736675688629627,0.8033800352651562,-0.07344169785819983,0.31898266475605447,-0.42393893679816624,0.04583961530279387,-0.075277272066811,-0.6100236620311404,0.08700970392015467,-0.1442175592540632,-0.5482660721396881,0.022718595419053567,-0.28407595907178657,0.748877097321961,-0.19854251867434827,0.3965727527424079,-0.6035915268244326,0.056989418889757976,-0.17688381537874204,0.7978941228218768,-0.06152850682203735,0.3335602308937692,1.4210854715202004e-14,1.8127056684747174e-13,8.906867314642025,0.0004796626286520527
-0.5701502485440276,0.025421562187995288,-0.27245441305844464,0.8060359689439046,-0.07182776329122569,0.31944195360567684,-0.42750573120717217,0.045073401811258185,-0.07817117128327278,-0.6146840427649298,0.08713400288267231,-0.1473475105443877,-0.5537488812310363,0.01775523655543407,-0.2845566676127719,0.7522989953240773,-0.20127610649300529,0.3943839268836686,-0.6073494623275428,0.055651094672878,-0.18279811243129107,0.8008027374511696,-0.06405943736970841,0.3328628594302389,2.842170943040401e-14,-1.8748419885411014e-13,9.006440193035216,0.0004866685470580304
-0.5715020171746832,0.029951436051280637,-0.27389513050491643,0.8096939975028955,-0.0748795460298067,0.32673252934689206,-0.4297443556020732,0.047801555749923424,-0.07936802138213397,-0.6166553747566689,0.08850209453374983,-0.14879546919044156,-0.5548559962059809,0.022341502408277016,-0.28614715028826554,0.7585474841688564,-0.20376147028420807,0.39405669759000916,-0.6090147317108617,0.05822014663621795,-0.18437260510600934,0.8030954284594817,-0.06336150681397854,0.34385161221757227,1.509903313490213e-14,-1.3173166830260178e-13,9.109661301810982,0.0004907444188714422
-0.5798539139398479,0.030292427366374747,-0.27675092974375104,0.8163347647968887,-0.07838389401269973,0.3359138848077695,-0.45030977875339034,0.04565630964846086,-0.08464341019106579,-0.6259656809334685,0.08156111115521099,-0.15298220083488215,-0.5607274150381649,0.02269837619871701,-0.2898319883468847,0.7662744252722842,-0.2077655902120559,0.4008933668690736,-0.6184188626791228,0.054886055680320976,-0.18606107360492447,0.809258292557698,-0.06894986756382562,0.353674766730526,2.042810365310288e-14,5.229722510880958e-14,9.339311564314574,0.0004665646428831955
-0.5815590238291795,0.029749592753684828,-0.27616742760714474,0.8171761392853999,-0.07878610065256557,0.33936034327338294,-0.4526964258314681,0.04722164267073913,-0.08575398862675596,-0.6271577186757588,0.0824991099407289,-0.1536152324011117,-0.5619344092060128,0.021903909710457026,-0.2895733241386152,0.766994678172342,-0.20845101264387278,0.4040234680125938,-0.6192586844486306,0.056115041054821665,-0.18731725643761202,0.8112298799790781,-0.06914898001183817,0.35452189534919987,2.220446049250313e-14,-1.6691175686910808e-13,9.38163776648187,0.0004973366890323115
-0.5881310991499175,0.033183849115189616,-0.27320567786108074,0.8245778670884593,-0.08829697170489277,0.33524812241601126,-0.47702586607530567,0.04536113245601522,-0.09458325532207802,-0.6352311327190635,0.08915145619078042,-0.14180400623836825,-0.5789867012653319,0.029768092567673588,-0.279049475082306,0.771484446747469,-0.20573687848724848,0.4129526418668262,-0.6289818857902071,0.05749138164055133,-0.17540482952530487,0.8162853125570887,-0.07652407958307234,0.35678315876149,1.5987211554602254e-14,1.4499241458323332e-13,9.515304689088175,0.0003319984423375812
-0.5931812911697649,0.03701643291684471,-0.2719847003124697,0.832172590312667,-0.0903973662677507,0.3407786535972808,-0.48120321525887266,0.04704440899793317,-0.09383222191752645,-0.6396493370392651,0.0893260457446539,-0.14253105500294835,-0.5819281388332337,0.03273185938422386,-0.27927072106304385,0.7803056059486263,-0.21150482506581122,0.4137474442341539,-0.6327908937665443,0.060101031096612766,-0.1767181859939798,0.8271212600474755,-0.07923876619277329,0.35471307778681505,3.4638958368304884e-14,1.1902924993937239e-13,9.686009453158023,0.0002922538723378285
-0.6050729742722606,0.03550303177988517,-0.278005013228176,0.8279544353056526,-0.0888737584016198,0.33484303759107825,-0.4743198369868228,0.051688272610095315,-0.0916481923779336,-0.649753836342763,0.09010306972147002,-0.15287600826615552,-0.591541832221306,0.0299100684817287,-0.28758962153790607,0.7730981607312997,-0.20963068129936496,0.4149306666968889,-0.6432232390925456,0.06275477833336326,-0.18484845095661193,0.8250188729078655,-0.08300968000458457,0.34285108978750384,4.1744385725905886e-14,2.3074777632142863e-13,9.772042075420952,0.0004013953331417216
-0.6065314298789237,0.03475735566857834,-0.27966018924700986,0.8354165444469294,-0.09550849445269347,0.3370585099414827,-0.4776779137053899,0.05070056414117129,-0.09393443921563487,-0.6502939879351926,0.09249982733629646,-0.1560143223477315,-0.5941800455179238,0.029437821821410148,-0.28827817460585403,0.7814951157142319,-0.20885267987809217,0.41760718512873657,-0.6452419736161474,0.06298722348565773,-0.18489832720413085,0.8301918701742,-0.08394456906024764,0.3516082086456122,1.7763568394002505e-14,2.2024202627443997e-13,9.900256094433551,0.00035352107481983455
-0.6041213363653156,0.03722828158200411,-0.27791335459409144,0.8430320470546147,-0.0920361087220083,0.3517412409951814,-0.4867525610048494,0.049489618542459875,-0.09676186228712996,-0.6498521241289779,0.08810788745628033,-0.15332409141616815,-0.5907502429362865,0.032054249690166105,-0.2867301393502069,0.7906770366041386,-0.2113309803491639,0.4259901781710277,-0.6432901207289293,0.060736142496034866,-0.18464908356631834,0.8365767934905489,-0.08446001842609663,0.3681076737852413,4.5297099404706387e-13,6.239452264361686e-13,10.023406939799067,0.0003510888189689517
-0.6119114112823358,0.03617959782254672,-0.2788391412085422,0.8494496595232407,-0.09201485635279524,0.3607223337734535,-0.4933006401155699,0.04744884049367201,-0.09993348077000833,-0.6569843639723948,0.08685734631764622,-0.15663177466860517,-0.5979571606274074,0.031164556666780557,-0.2883674128826775,0.7985356603191067,-0.21402981023645903,0.4307427163074769,-0.6497900346700347,0.058957793798733234,-0.18933801797933275,0.8456589303378155,-0.08480782601706009,0.3707685555919784,1.6076029396572267e-13,8.429427571905294e-13,10.237725770251357,0.0003515698484708059
-0.6200845892272284,0.032523562475546164,-0.2793873892784912,0.8581104787435472,-0.0955598247726592,0.3482427432598305,-0.494769438258697,0.05256298069689842,-0.09526345454899349,-0.6631894859602137,0.08609744888883279,-0.1595664411443201,-0.6052447294363653,0.026380439610023343,-0.2893134774826996,0.8038845214412504,-0.20533942715612555,0.43344667746098764,-0.6580093484595573,0.06274005593693228,-0.18518457488622134,0.8540386752333755,-0.08821139536470744,0.35929309921483016,5.595524044110789e-14,2.8781115796885806e-13,10.377272744815638,0.00034487380750701686
-0.6165708732707135,0.037218838075562144,-0.28392083682902114,0.8598429911538922,-0.09946226992788838,0.35327387492751855,-0.4762893681357929,0.04708895170649736,-0.08873105789028947,-0.6618271784056406,0.08478199092423769,-0.16181136555297304,-0.6031825703666057,0.03193318993896053,-0.2937034571883805,0.8063346557300961,-0.21050798294026157,0.4346334592497631,-0.6564760627258059,0.06301424375327437,-0.1871266397424364,0.8553867504759554,-0.09083609489351001,0.365376958408922,4.085620730620576e-14,5.845960849055158e-14,10.413989459156467,0.00033599066202471834
-0.6204960335922546,0.04018642326866041,-0.28606870098520704,0.8656279762226449,-0.0965175147848786,0.3564974095397919,-0.47925286376158194,0.04767001082770978,-0.09404430516962708,-0.6658476447047937,0.08759549540390811,-0.1634359167710973,-0.6088493964982095,0.03586010235036763,-0.29490229630147613,0.8125636750496606,-0.21016586053294609,0.435989199310498,-0.65991870621185,0.06348666599410198,-0.1913405932449522,0.8614312839513153,-0.09061243719113816,0.3674299985736849,1.0480505352461478e-13,2.7774766301240907e-13,10.555816638363485,0.0003091265374074582
-0.6232519215715201,0.0368756650080479,-0.2887759614534123,0.8740988291851085,-0.09528060610643166,0.35867756302546505,-0.49144940563141715,0.042152010810375326,-0.10168986779586743,-0.6701502145623006,0.08086097241139112,-0.1635983718148532,-0.6136603681559499,0.03358466845922733,-0.2957717459643825,0.8238947218043341,-0.20658313478014123,0.43453176350662276,-0.6636365178105298,0.05800845839821058,-0.19231742854429623,0.8669399788272482,-0.08621207735926477,0.37703955289277835,5.417888360170764e-14,-3.396206274306653e-13,10.709954178686447,0.0002766977052981381
-0.630417786828295,0.03544130233529925,-0.2872868851847763,0.8781505699860034,-0.10255908142527353,0.360450661627723,-0.48983630123525884,0.04805483747042767,-0.09847216580354005,-0.6739579716627261,0.08608384117696606,-0.16791301771689743,-0.6185989630868248,0.030579991858419003,-0.29618568200879336,0.8264837430124791,-0.21017960935323038,0.43971955963164766,-0.668558685733196,0.06209620487419014,-0.19407305466382227,0.8715349023525637,-0.093441090825563,0.37776936502300673,1.865174681370263e-14,-4.244406560362237e-13,10.853148504555506,0.00032338887878828674
-0.6391985917735217,0.03598249866525413,-0.28857917729729676,0.8720970575358692,-0.0968395048129526,0.3612703697037461,-0.4963141605045632,0.04734132942476891,-0.10322400827907978,-0.683031887234273,0.08896914712273397,-0.16744274803708856,-0.6299079918242406,0.03185090018800713,-0.2958645703665745,0.8238496743780096,-0.2049899400911522,0.4331481979357185,-0.676327150757217,0.06338716617288256,-0.19778155178020387,0.8653049587432111,-0.08234668285668832,0.379913386602255,1.1546319456101628e-14,1.6881146668848293e-13,10.890016235978091,0.00027824729263464944
-0.6443569478180106,0.04281486225661651,-0.2895471008117779,0.8814112213541734,-0.10114055676532552,0.3647797537142799,-0.4942890004877976,0.052549216642540024,-0.09784807949491921,-0.6873060844561408,0.09032157398038435,-0.1720023119852501,-0.6315391645357384,0.037350163903690725,-0.2997557379290923,0.8325814781957291,-0.21080806299600877,0.43639385186061247,-0.6812025932447903,0.06879398814792488,-0.1989367326956911,0.8759662664935868,-0.08960852793528185,0.3799219144084719,4.556355293061642e-13,1.3667346072686855e-13,11.102999716817889,0.00034010456889929804
-0.6469757878331236,0.04217022609817467,-0.28966116413063997,0.8872400936879888,-0.10587433783563154,0.36832028288387225,-0.4945200051953702,0.045120157819511876,-0.10075863261435279,-0.6912662615942681,0.08562463180651031,-0.16868135844456542,-0.6369297741923206,0.0383208895396682,-0.2981219742348305,0.8415709927488741,-0.2193681503302442,0.4310624283052771,-0.6837376520596882,0.06309658779647333,-0.20031853381213371,0.8805956051354302,-0.09421848502790062,0.3863488019011667,4.1744385725905886e-14,-4.921257059848032e-13,11.229067237956162,0.0002972973926381956
-0.6452684252799431,0.0428114018408874,-0.30042992746661346,0.8928853847106029,-0.11006107786445296,0.3628309693053901,-0.4988570806500252,0.0415462673075641,-0.10648449629974802,-0.6923388368053139,0.08253158266463431,-0.17559369440199027,-0.6386571905691237,0.04068196055719656,-0.30564412195494467,0.841133440237858,-0.21251669754149322,0.44500649529623404,-0.6871545586764771,0.06134722091093789,-0.20016522089679994,0.8878060390654116,-0.10098449557421789,0.3766014675949856,3.2862601528904634e-14,1.2717130739379412e-14,11.313158569697636,0.00020232775568169894
-0.6532921358586828,0.04158465964099748,-0.29893531087968017,0.8947565152852092,-0.10323087818631276,0.3659817369190131,-0.5027158634921016,0.045725007509156784,-0.10707075581424279,-0.6979008381924721,0.08621105778885932,-0.1786273915922541,-0.6446996041029401,0.038308373958680676,-0.3059024887190773,0.8432991399570519,-0.2085463117837468,0.44711428696970446,-0.6925754354562574,0.06294855426879697,-0.2040778805669303,0.8914895086248715,-0.09663833233113925,0.37495542312892044,2.6645352591003757e-14,1.0988532835122957e-13,11.434039539434112,0.00029087372233257345
-0.6547160202653479,0.042816370984686394,-0.3001776271211832,0.9034825203149338,-0.10794513482949535,0.3710560670462079,-0.5055471266724745,0.04395856618692278,-0.10676783186116978,-0.6997503123440469,0.08508048670533938,-0.18005862679326523,-0.6468132385587421,0.04004078442263905,-0.3065051370669803,0.8519214950433026,-0.20923516998869757,0.4538513468331264,-0.6955271757515049,0.061590035211330205,-0.20253248983068145,0.8997217656562908,-0.10008132441313342,0.38145185958270494,2.842170943040401e-14,-1.579465326800292e-13,11.601679033185023,0.0002991995611459297
-0.6614132713361363,0.045712326541139894,-0.3006675321319409,0.9051167963952375,-0.10164977494419392,0.38389534039903783,-0.5158879317839954,0.04108352167241361,-0.11097586602651002,-0.7083781326707653,0.07903936557213415,-0.17946139436805217,-0.652873699464204,0.043320782011884953,-0.30756344486185366,0.8579353128990439,-0.21358464718713874,0.45264451432087366,-0.7015303774849008,0.05862860622690049,-0.2072157005938547,0.901235585652356,-0.09503742848003027,0.39412226797434136,2.220446049250313e-14,-2.9303246351368654e-13,11.773188902033137,0.0002794507378882489
-0.6630101763648767,0.04099366102506029,-0.30266084762774836,0.9090556440377184,-0.11206275683353843,0.37336815300676124,-0.5110212782677609,0.04254167578410808,-0.10884141385265704,-0.7078720972394154,0.07958226718525449,-0.18385639171752893,-0.6534434629426077,0.037747790972346915,-0.310424970757229,0.8600405168703188,-0.21562046218352385,0.4494228006757322,-0.7026777458022784,0.05984748915304695,-0.20720792525053647,0.9029174322244666,-0.10340391683936105,0.38954464949030004,1.5987211554602254e-14,3.446662038103996e-13,11.804095718997596,0.00029944747852045557
-0.662886675313145,0.0478796278888061,-0.30711506104630426,0.9106934263362828,-0.11057185826949209,0.38639098710064385,-0.5173446541711313,0.04374646888052672,-0.11378153283341606,-0.7097690454480894,0.08258626825150371,-0.18724194903014882,-0.6541743795069278,0.04526986125952059,-0.3139752555968835,0.862215972951657,-0.21396401452904099,0.4594813092463873,-0.7040738144377965,0.06415133723922047,-0.21090252838864784,0.9030489428363951,-0.10138724892883452,0.4057793212504237,2.398081733190338e-14,1.4862061808194655e-13,11.925661651911179,0.00023175129492921642
-0.6701174128341698,0.04346851552651626,-0.30486616305451497,0.917576482680727,-0.11238090629640567,0.37940741034403375,-0.5141132366937367,0.04071317067979813,-0.11069576201569442,-0.7150143337955339,0.08136551039309285,-0.186337693463029,-0.6620333450560457,0.04103236061037362,-0.31167417373107076,0.8683659175136761,-0.2153073493682718,0.4564279117830925,-0.710066153436533,0.059790429158958644,-0.20970050358080292,0.911627979107726,-0.10592663681951331,0.39464826012405513,8.43769498715119e-14,7.53860672535119e-13,12.049996961565308,0.0002132439443159664
-0.6742333684526188,0.04625943352038689,-0.3060247745726429,0.9213083803495289,-0.1130047651999249,0.38354812853159365,-0.5213451217420587,0.0429844904364747,-0.11464815866109898,-0.7190453990046718,0.08151413804832608,-0.18837426966777926,-0.6647551679298205,0.04309466261177701,-0.31393554192622075,0.8752714501611689,-0.2188762548151176,0.4514374676040792,-0.7127638541503181,0.06316397879545478,-0.21388658500622967,0.9134369851903804,-0.10473927378006305,0.4036387576797872,3.6415315207705135e-14,-2.552972124385695e-13,12.182849597952792,0.00022937441316848482
-0.6807894572573885,0.04113554485139122,-0.302907871864747,0.9248356445415306,-0.10808952732528274,0.3875488394146975,-0.5250408826081041,0.04546444185880793,-0.11242376853902399,-0.7224611302622763,0.08218157416734517,-0.19158450701919427,-0.6679353905921223,0.03582217529811628,-0.313679536279457,0.876908440148631,-0.21614361582149957,0.4600643241930307,-0.7166171446538875,0.06257945436261475,-0.21591482290186623,0.9214640999324222,-0.10420441004504667,0.3962194506175321,2.815525590449397e-13,2.2494966243264986e-12,12.304498769939261,0.0002678071736408353
-0.6847703289723212,0.041062498130096464,-0.3008816855403725,0.9304728652262787,-0.10814657060720613,0.3947681959195306,-0.5296283500588775,0.04636405097875605,-0.11389129309162345,-0.7254931591345517,0.08444250362882295,-0.19129078156279403,-0.6721561006099265,0.03639692007481684,-0.31171214660223856,0.8824950646649339,-0.2178935260264644,0.4665360833799862,-0.7197061971368662,0.061788481184250656,-0.21659761342345002,0.9289863260172876,-0.10588745968040116,0.3986938294317005,1.0125233984581428e-13,-6.235800925854202e-13,12.457355464826454,0.000240815775893949
-0.6902072512706202,0.04541797410848492,-0.3051124836651126,0.9345323689733114,-0.10826846986958581,0.3990356933568955,-0.5278835604174592,0.04445372538349215,-0.11184327610043146,-0.7332691099037199,0.08136487957797649,-0.1925577173505413,-0.6789389399731095,0.0415196764690393,-0.31494959384074234,0.8884324693463369,-0.21609465531439612,0.467374589208441,-0.726889249183424,0.063520975699319,-0.21740726761530244,0.9304421582668215,-0.10345871459397502,0.4095053789735301,3.552713678800501e-14,3.728285354195448e-13,12.63349506279073,0.0002831982533588325
-0.6912566926863198,0.04831244013513938,-0.31090385012169797,0.9512066363966215,-0.12265226875345746,0.3895171877608306,-0.538129583744178,0.04762509498095507,-0.11652156152048433,-0.7363948808014588,0.08457476015256883,-0.19216698603911198,-0.6863018001440159,0.0466686204987045,-0.3149164952844534,0.9015144956766415,-0.203463540231935,0.4772027634358282,-0.7329207896012142,0.06913805118131369,-0.20882673223657658,0.938974820169546,-0.11153003235120384,0.42089228850902005,2.3092638912203256e-14,1.6929651651620257e-13,12.868248585613658,0.00011576598979962591
-0.6996504328764408,0.042009920169770114,-0.312733079671614,0.9665673743808353,-0.12252967917641953,0.39287116972034997,-0.545778072674719,0.04537999187814937,-0.11735327148128534,-0.7438606176767979,0.07838128774008121,-0.19663968100919615,-0.6942201044708375,0.0402191021627302,-0.31707449972060214,0.9170071585013556,-0.1960078754784035,0.48476752492628317,-0.7416390840535966,0.0636966788640126,-0.20919050005763856,0.9553505118824709,-0.10945202436317199,0.422352778354825,2.220446049250313e-14,-1.5767764692808746e-13,13.203802290758555,0.00011903404790071084
-0.7642319173523107,0.04989911758327883,-0.3353666904395792,1.034693011272555,-0.12827395162170707,0.43161520545880716,-0.571873875344102,0.04693063992046123,-0.13121808865958168,-0.8057469484307607,0.08373295291851435,-0.22777741939123547,-0.7606115111690596,0.04862449783889818,-0.3388620205884806,0.9857274716541098,-0.19253140044844017,0.5257476378210467,-0.8042884302913424,0.0693114769056926,-0.23749372717061545,1.0309983083081058,-0.12249240876586921,0.4415825992493028,5.950795411990839e-14,-7.619036170675405e-13,15.423779051736371,0.00011080143948783291
-0.7610800239223292,0.05061823640513652,-0.3302626901187681,1.0378776810421149,-0.13169287980948952,0.44409157989902787,-0.581729898361562,0.0467322635635664,-0.13191121835269032,-0.8029766217843731,0.08086972951029354,-0.22333584778378376,-0.7555965593883816,0.048885029655694,-0.3353526313513042,0.9890672684757955,-0.20599090922050753,0.5332041781570986,-0.8001768915751263,0.06861981419624989,-0.23572383370123484,1.0358994483014907,-0.12994768402087334,0.4490946746112861,1.545430450278218e-13,-1.2553082001042238e-13,15.475532707539355,0.0001034763582903925
-0.7766578460778487,0.0481935819345901,-0.32844399064038177,1.046899753801002,-0.12379628766729125,0.44553654923639363,-0.5824940770992074,0.046523023998785,-0.13041053869044703,-0.8160257831835342,0.08605110596453339,-0.22426914148565677,-0.7718571336504529,0.04604148488620493,-0.3332653045830046,0.999505553848251,-0.19720021446181896,0.5336287313052659,-0.8129232986512852,0.07066886053883777,-0.2385879268670697,1.0446598314496405,-0.12132342693594583,0.4513601962141758,1.4921397450962104e-13,4.1106639429104476e-13,15.814444934580628,0.00011217501162128257
-0.8019390385714413,0.05191234422020654,-0.3272570668433386,1.069054819310051,-0.13689532563436735,0.45070962957768784,-0.6112664454141743,0.05534057506412383,-0.13842540608459453,-0.8375111992289479,0.09290032928847372,-0.22877852631502105,-0.7956168020200775,0.04867379273955094,-0.3337274435489182,1.0268125369027843,-0.2103176731527072,0.5267212358499941,-0.8346066572133832,0.07625392522989619,-0.24339481824053166,1.0608339996962486,-0.12590618285930152,0.47312539397206615,3.9968028886505635e-14,4.0653822053995517e-13,16.56441394208659,0.00018696362143482822
-0.8067797268418739,0.049142319280437566,-0.3303975582788439,1.0787127982477362,-0.1388343767134014,0.4551423559078769,-0.6118693002503671,0.0561676000597028,-0.1422210105242148,-0.8423065041136447,0.09375144351469082,-0.23139644696512102,-0.8024228868070313,0.046830266948834014,-0.3349432110605527,1.0354670770748446,-0.20566808362573755,0.5357599667055644,-0.8393632713737844,0.07681725669336456,-0.24615089971944695,1.070858008900763,-0.12692606431453818,0.47682039532606657,3.6504133049675147e-13,-5.219637112066295e-13,16.828388905881244,0.00011074317781297893
-0.8088434772139302,0.05204259183594993,-0.33296658164833404,1.0833643615463762,-0.14072412828212072,0.45695700670587186,-0.6138297690318211,0.05564768233155376,-0.1410009929907152,-0.8448836596941101,0.09312337574769076,-0.23405148231094217,-0.8040023721393882,0.04967245415672659,-0.33794883473987347,1.0403751565317667,-0.20528683966377256,0.5377808119197993,-0.8426909261200721,0.07800809963704587,-0.24605996367132368,1.076889884810147,-0.12680165641276336,0.4757810922416745,3.6415315207705135e-14,3.8730068659916696e-14,16.965322580898004,0.00013584465112936438
-0.8114451797740058,0.05335718518609812,-0.32747116225298384,1.0878980085596819,-0.13491025737415405,0.4663818066142586,-0.6148284682448859,0.06194516282052121,-0.14203270508719554,-0.8455898717822953,0.09596845506172755,-0.23245789298533617,-0.8040049607611887,0.049047382649575054,-0.3353588457270819,1.046617967052598,-0.2130564207200757,0.5377847955921611,-0.8408416335120716,0.08144299640960448,-0.2508784999519987,1.081456865689741,-0.1264156095958008,0.4838018524847452,5.1514348342607263e-14,5.768183906341356e-13,17.090520323169997,0.00017187063788629448
-0.8077141356192559,0.05346336482968856,-0.33700653605465036,1.0898038232975158,-0.13324035884839794,0.468140931988923,-0.6137646737809044,0.05132862674850168,-0.14374409176095146,-0.8455791930007928,0.08745826013835208,-0.23727877446545606,-0.8019773769802383,0.05110272438471835,-0.3429107415053715,1.046271026083986,-0.20762005849896092,0.546625431866235,-0.8418989772344808,0.07493813581045597,-0.25187931635250277,1.0866618625254316,-0.12712942783600506,0.47692627038905633,6.918909889463976e-13,-2.833098343202353e-13,17.133550170703536,0.00010724222040900667
-0.8182844380551437,0.05589205601334226,-0.3315188686054032,1.0932276991566878,-0.13966348387569896,0.47091288555176336,-0.6199038099644578,0.05900885679210846,-0.14252355983472695,-0.8532342169131216,0.09678066417177106,-0.23534764979661155,-0.8120632738703011,0.05238537183679072,-0.3381325918224935,1.0513400459295463,-0.21337492278668244,0.5451288137463934,-0.8493262818957469,0.08221244187112581,-0.2515745408560954,1.0884580644070978,-0.12961307410231912,0.4846808862327705,5.1514348342607263e-14,1.3135932702289512e-12,17.342317808213902,0.00010863798316171798
-0.8167951000648958,0.05280950944626254,-0.3378684337360828,1.0979027242856476,-0.13353800827543044,0.46741453576461767,-0.6212723603925702,0.049491476386428916,-0.14892828454244017,-0.8544794232463404,0.08773379137528431,-0.23704899379789313,-0.8130901426992472,0.05124364020814432,-0.3418254934707876,1.056030782418777,-0.20869096014581248,0.5426666258597324,-0.8505262310729235,0.07149306093731352,-0.25390383214919926,1.0939058582965067,-0.12588498204371187,0.47863577468663193,4.440892098500626e-14,4.444315404467638e-13,17.39525666440985,0.00012889368770267637
-0.8205381805593134,0.055013630327355144,-0.3382473080009678,1.1037024648609894,-0.14088131008874707,0.47004330583660964,-0.6234815213607536,0.05442195859680068,-0.1458171475698051,-0.8567451779796438,0.09147303841629817,-0.2408354987179277,-0.8147772131971326,0.0523763766285595,-0.34427145204560805,1.0609591734665411,-0.2100773102905439,0.5486136071249366,-0.853742965889754,0.07873388686994169,-0.25386555080529516,1.0988022084972857,-0.13196320214183538,0.48383158189427206,5.364597654988756e-13,5.499276165663888e-13,17.57660720550206,0.00011674201569877027
-0.8199340374081135,0.05196585359723476,-0.3346570406778827,1.1092836173830802,-0.13892588836009706,0.47276671364723677,-0.6171447419906194,0.056508500847332714,-0.14678429711975408,-0.8535582804786519,0.09485386123315458,-0.24121715675888317,-0.8132946027819588,0.04839182569773766,-0.3419506982027839,1.0684095553526802,-0.21382333084757424,0.5447902394505569,-0.8497823681211786,0.07819411949650781,-0.25772587939284186,1.103386378472117,-0.12967610504442167,0.4890276198748847,6.572520305780927e-14,-7.066069845534344e-13,17.639493932888037,0.00011260403543488983
-0.8264872524388965,0.055801082854317216,-0.33528883995914716,1.1085973490594665,-0.13721799580057867,0.48221763873113793,-0.6185512334348202,0.055403858769850316,-0.1478716866887773,-0.8610342061754137,0.09602215841176888,-0.24045876872909222,-0.8205945101325943,0.05263708814727688,-0.342036664586705,1.0689907223594917,-0.21973315319791661,0.547908095406763,-0.8556746490252618,0.07827417888811056,-0.2614557366842583,1.1039167483007006,-0.13065458191611698,0.4948354497644462,4.529709940470639e-14,-6.335419123891917e-14,17.79785806197003,0.00019530085463835442
-0.8314993961967709,0.05078055632955835,-0.3316660187060312,1.1132190825263018,-0.1386827595419124,0.47998908837964893,-0.6116966200312821,0.053965516502596796,-0.14384829729386345,-0.8639720377733984,0.09582446558339053,-0.23960185812890775,-0.8255515009585295,0.04715757025472774,-0.3388298646310539,1.0747533331102097,-0.2204046275639416,0.5439815568686689,-0.8589971603964737,0.07497912614643114,-0.26083017876280146,1.1081328296346287,-0.13015563618145387,0.49414836793623845,6.750155989720952e-14,-4.61521338340888e-13,17.903697032568473,0.00021161351418765
-0.8414170830260864,0.052149864772151944,-0.34236908927080795,1.130114232710328,-0.14454267761669137,0.47768877179578584,-0.623805567871048,0.05641506489802057,-0.1515497090039556,-0.8733808750883325,0.09774831495659977,-0.2517489446822732,-0.8360585016050608,0.048941936428399786,-0.34860880612591255,1.089370003033538,-0.21402398752752866,0.5517837185436445,-0.8709359077244133,0.07842145121057394,-0.26576392665171683,1.1277569254991762,-0.13423742992851798,0.48572039685849433,5.5067062021407764e-14,-2.563783935831313e-13,18.391249581788962,0.00014645343750172387
-0.8420373350919252,0.053802538333516246,-0.33941622614278705,1.1301077616961288,-0.13776355804643842,0.48771913460590244,-0.6290139658985292,0.055738492250116345,-0.15164538163123384,-0.8754094150704947,0.0941113222715242,-0.24734649253108565,-0.8356122441224793,0.050247935569373986,-0.34688447154347063,1.0904120322077122,-0.21776058301887352,0.5556026120797126,-0.8702234565461401,0.07829562472017643,-0.2670113681895677,1.12647148990352,-0.1327308180745146,0.49754988685762996,5.5067062021407764e-14,-4.3334620261423677e-13,18.43866828806821,0.00011442884221028149
-0.8480162942442736,0.054170351683982584,-0.344585160133251,1.1395228382028717,-0.1450145366791411,0.4877883397639145,-0.6280285284643662,0.05584796239321127,-0.15322606534916003,-0.8819463482785226,0.09349288807036035,-0.25123869996315673,-0.8428529415215471,0.051377584980021346,-0.35065849804180355,1.0999065149565819,-0.21912493493605145,0.5573163743969994,-0.877366582645085,0.07862484173578776,-0.26908066783185186,1.1352435607243456,-0.1365522059103641,0.5000009996966591,3.552713678800501e-14,1.759817623159314e-12,18.729521286552124,0.0001093908081004334
-0.8557645420954567,0.054809397934124385,-0.34661984044025157,1.147909285897937,-0.1457644252506327,0.48938956102247944,-0.6355349908871882,0.05438214664937492,-0.15704188768432575,-0.8885365576127289,0.09696855437845117,-0.2549127761956019,-0.8513147811654528,0.05199745370303672,-0.3519222282908674,1.1075293202086676,-0.2180009258898595,0.5617819543149027,-0.8848263161201755,0.0781972959350569,-0.27193479701176054,1.143451654818351,-0.13971263645690138,0.501516836539377,7.549516567451064e-14,9.98053775690675e-14,19.013180118112007,0.0001253442011062232
-0.8582876326953162,0.05107618931512816,-0.3468852017750115,1.150489795986758,-0.1471198962131273,0.48901079353256305,-0.6388305919340549,0.05383326894259023,-0.15703684128362527,-0.8903324256521117,0.09599311648260968,-0.2564510174526064,-0.8539046293010526,0.048219732621413276,-0.3520347239749091,1.109730748405902,-0.21316771847720037,0.5647851680164964,-0.8874604577668064,0.07774332085969088,-0.27100531792105276,1.1468894045735198,-0.1381871771855522,0.49973774398730747,8.704148513061227e-14,-5.252465774414401e-13,19.091049002305436,0.00017202590536248864
-0.8604759215589646,0.05326134794390422,-0.34869932793894,1.15199098651013,-0.1483451527614711,0.491812494233069,-0.636790274981485,0.0579240127167475,-0.15786107369017152,-0.8924520961625602,0.09638555836042237,-0.25904472261601885,-0.8549665449264551,0.049575824523234766,-0.35521456754742053,1.1120297677462718,-0.2182266308901453,0.5636666780328854,-0.8886272435926813,0.08065587167802359,-0.27512635058312046,1.1488871696696243,-0.1394468311628654,0.5013305517269502,8.171241461241152e-14,-3.1339861564542225e-13,19.186703668841414,0.00012821109119994217
-0.8626163892572545,0.05423417544263448,-0.34771082434437656,1.1590579635690348,-0.15061632465696362,0.4943465931830206,-0.6421079738635058,0.054206687585136,-0.15836147689670127,-0.8946992078932379,0.09441361001384739,-0.25813507354343607,-0.8566978030020911,0.0506918099301106,-0.3547769884379357,1.119600434885182,-0.22503275088228997,0.5637343011447543,-0.8906929460557005,0.07799225965815036,-0.2750215382050563,1.1557083008375937,-0.14468193131536192,0.503817395155882,5.240252676230739e-14,-3.1232133174649904e-13,19.35092324365495,0.0002183295112554482
-0.8657608181116463,0.05367412307592662,-0.34927257011450746,1.1606422334351698,-0.14719769098828892,0.4946768800620064,-0.6420459053728004,0.05490922523453698,-0.1586639991002983,-0.8979039451683921,0.0952890594155787,-0.2594537347250898,-0.8604080600473674,0.050302959594350764,-0.35568182217050565,1.1201854713406418,-0.21844067680632667,0.5679084113603756,-0.8938173000905386,0.07981051002160003,-0.2761096996571705,1.1573215791182156,-0.14242564411837594,0.5037822660204402,1.1812772982011666e-13,-1.8592993617280664e-12,19.43380310445811,0.00017139050309509274
-0.8712187660995458,0.05573095648040029,-0.35211665888767607,1.168744870398353,-0.15542854020905764,0.49375925553968386,-0.635710396960122,0.05441159940917402,-0.15572400725416477,-0.9040784271629548,0.09783972076618887,-0.2598213092854853,-0.8682398805894532,0.05391386378714011,-0.3557873691105944,1.1283934937609221,-0.21640638228615966,0.5702398250927752,-0.9010798827168565,0.08198696947697141,-0.2739962167670941,1.1630814786949466,-0.1451411936063664,0.5099579367334445,7.993605777301127e-14,5.311312062690667e-13,19.684730277604032,0.00010865831154973106
-0.8747409285851211,0.054487740105536316,-0.3531594614707234,1.173150214696183,-0.15716928728090054,0.49885246870891986,-0.6386730218048218,0.05256808295277154,-0.1568005628397883,-0.906855468380432,0.09871698319079941,-0.2624264977145079,-0.8721828676288716,0.052917064297729126,-0.3563432440236267,1.1339025375418494,-0.21624237613668523,0.5732126283826404,-0.9048775925106637,0.08014986095336928,-0.27486435991171126,1.1690442187685506,-0.1428819424063661,0.512146599669845,7.105427357601002e-14,-1.6882911631479649e-12,19.85704713160015,0.00011060295893651026
-0.8829943980467453,0.05449588220918195,-0.34663287329276055,1.1737150719320835,-0.15071013288274165,0.5067748481344517,-0.6389345609342103,0.055281374514788525,-0.1537428946068413,-0.9121742097823456,0.10137541036016802,-0.26197086587875185,-0.877762621633423,0.05019779592534382,-0.35340390632919977,1.135722897185788,-0.2227619416608978,0.5736604099657822,-0.9087215536841585,0.08003700563168466,-0.27907949173483854,1.1693886238681146,-0.14246025110959787,0.519168433186875,1.1812772982011666e-13,-1.6188542026459883e-12,19.999269459633506,0.00012624786606998777
-0.8909512450026336,0.05244717426848598,-0.34891643925012206,1.184019813919856,-0.15372170976860808,0.5116000299212363,-0.6475235785027937,0.054694840779368294,-0.15815831599488836,-0.9195854046150214,0.10050491793789924,-0.26536235390209334,-0.8857751451400248,0.04832911184226764,-0.3556824625318825,1.145933907078867,-0.22460242256308846,0.5791755715432804,-0.9158092852707944,0.07993048854556824,-0.2829644298762044,1.1802037964255736,-0.14608186591233735,0.5226199008693216,7.993605777301127e-14,3.990830993418541e-13,20.35171122418889,0.00027015390114810283
-0.895105605792115,0.05233518366763462,-0.355720365775273,1.193500545412163,-0.1577125554479218,0.5117926299701827,-0.6547871069407751,0.05577942239385489,-0.16121771960946019,-0.92550725850834,0.09618274531413515,-0.2696364690813447,-0.8904404549457415,0.04915344259004835,-0.3615712758902961,1.1543334784891592,-0.21965176080525134,0.5851662466088983,-0.92251894920369,0.08063312343757116,-0.28331165287199833,1.1882489486626562,-0.1484825526627994,0.5266575604967966,1.5187850976872141e-13,1.2485455550178426e-13,20.634676316817274,0.00014025616974009436
-0.8968174939276691,0.0511421324223373,-0.3572084604359512,1.2005825216556452,-0.16307096956046893,0.5177133329339809,-0.6558180209100624,0.05390124047115962,-0.16181699465872815,-0.927510687086046,0.09408678006142618,-0.2708937037753263,-0.8924867458377633,0.04813025804218855,-0.3626213441993119,1.1619360781085746,-0.22364336796009948,0.5899209048463325,-0.9247409872406678,0.07874506168110168,-0.2839002746244521,1.1963102426141143,-0.15163478315575804,0.5307029326819016,1.021405182655144e-13,1.803293171699167e-13,20.84057214076427,0.00011072456789872545
-0.9069636385262007,0.053848143727478245,-0.3523792821016753,1.2125864296048094,-0.16467599271379235,0.5242662370037906,-0.6545542338466733,0.056337685647752773,-0.165024549564683,-0.9327666875479147,0.10864342453757818,-0.27325458475960435,-0.9033839505516795,0.05080091537989185,-0.35751679909377954,1.1759803636264554,-0.23147350454554794,0.5891452513459191,-0.9303224336685789,0.0819885230112841,-0.28982094886425375,1.210725425456111,-0.15317333485504103,0.5315404711573324,5.3290705182007514e-14,1.2818511285859483e-14,21.233817986369477,0.00013182247221201182
-0.9107407492077565,0.05414213099301359,-0.3610048996557975,1.2185539723051613,-0.1649285751571398,0.5255450963415143,-0.6712304820776419,0.05349192800785424,-0.16678795019998874,-0.9413830658737425,0.09422583424506802,-0.27541813676998106,-0.9060446243851982,0.05108741541000939,-0.3669272219675365,1.180294332198693,-0.22730163047418112,0.5965817729425151,-0.9380904753579907,0.08072523502702206,-0.289082342586635,1.2145080909879233,-0.15624660647572677,0.5373837409891754,1.2256862191861728e-13,-1.545963914765425e-12,21.470259259378974,0.00012885049319793213
-0.9822341996265153,0.06056227728699575,-0.3827034611280571,1.311136463523989,-0.18014102687273764,0.5675612349321195,-0.7109137911703579,0.05252261738336196,-0.18181550421537976,-1.0109919477682552,0.0999702537586622,-0.30163346885650705,-0.980422610630285,0.05936559026878614,-0.3852703204413243,1.2759167487055738,-0.22989967770941355,0.6363870753528263,-1.009647877165028,0.08283581651522008,-0.31134689154654094,1.3043712445490845,-0.1676077353946454,0.5870282044152929,8.08242361927114e-14,-2.1335801998801965e-12,24.881154861636595,0.00010454260600697762
-1.012725400269863,0.06251759940049299,-0.38624438930871247,1.3536309958314903,-0.1882958767133626,0.5913008266110241,-0.7308269734415962,0.05609505738719946,-0.18521588836390993,-1.0394803645860744,0.10054954189899551,-0.3102146314710186,-1.0087459688076197,0.05938468458310317,-0.3920207178579319,1.3212595583757873,-0.24236326638046557,0.6518664179492107,-1.0365272158356809,0.08859452229494749,-0.32215127130082527,1.3476973976926383,-0.17505512724971445,0.6090368145650478,7.016609515630989e-14,4.863954160664425e-13,26.471664224196395,0.00012939030024857622
