0.0002,1,4.440892098500626e-15,5.551115123125783e-16,1,0.000001659168185313476,2.0555285933805083e-7,1.2043631431746708e-7,0.0001,0.26759652336128326,0.2494000810516341,-0.0002,0.21308260523952305,-0.7244868043797181,0.00007058823529411765,0.3599998766814276,-0.7190650951914203,-0.0000411764705882353,1.0000001532634568,0,-0.00014042553191489363,0.5365063509461097,-0.8027945491468366,-0.0002,0.036506350946109656,0.06323085463760211,0.0000926829268292683,0.6868891137233581,0.14787972900668525,0.0002
0.0004,1,2.6645352591003757e-15,8.881784197001252e-16,1,0.0000033159820100729743,8.222021117419026e-7,4.817428813781376e-7,0.0002,0.26760486587242777,0.2494033743628067,-0.0004,0.2130761914495815,-0.7244828371022788,0.0001411764705882353,0.35999950673088876,-0.719066426549238,-0.0000823529411764706,1.0000006130522354,0,-0.00028085106382978725,0.5365063509461097,-0.8027945491468366,-0.0004,0.036506350946109656,0.06323085463760211,0.0001853658536585366,0.6868891137233581,0.14787972900668525,0.0004
0.0006000000000000001,1,5.329070518200751e-15,8.95090418262362e-16,1,0.0000049680873764932475,0.0000018499197585990507,0.000001083912535804945,0.00030000000000000003,0.2676187703467005,0.24940886302428533,-0.0006000000000000001,0.21306550180921316,-0.7244762247134239,0.00021176470588235298,0.3599988901638314,-0.7190686455068532,-0.0001235294117647059,1.0000013793615372,0,-0.0004212765957446809,0.5365063509461097,-0.8027945491468366,-0.0006000000000000001,0.036506350946109656,0.06323085463760211,0.0002780487804878049,0.6868891137233581,0.14787972900668525,0.0006000000000000001
0.0008,1,2.6645352591003757e-15,4.965068306494546e-16,1,0.000006613130712109234,0.000003288659164022532,0.0000019269333687971063,0.0004,0.2676382372177169,0.24941654675036068,-0.0008,0.21305053633266385,-0.7244669668234066,0.0002823529411764706,0.35999802700607203,-0.7190717521061877,-0.0001647058823529412,1.0000024521833912,0,-0.0005617021276595745,0.5365063509461097,-0.8027945491468366,-0.0008,0.036506350946109656,0.06323085463760211,0.0003707317073170732,0.6868891137233581,0.14787972900668525,0.0008
0.001,1,2.6645352591003757e-15,1.355199909595506e-15,1,0.000008248759232180839,0.000005138355046936781,0.0000030107887005693553,0.0005,0.2676632670926825,0.24942642514102598,-0.001,0.21303129503980794,-0.7244550628864969,0.00035294117647058826,0.35999691729370503,-0.7190757464059305,-0.00020588235294117645,1.0000038315066375,0,-0.0007021276595744682,0.5365063509461097,-0.8027945491468366,-0.001,0.036506350946109656,0.06323085463760211,0.0004634146341463415,0.6868891137233581,0.14787972900668525,0.001
0.0012000000000000001,1,3.552713678800501e-15,5.661048867003677e-16,1,0.000009872621201542123,0.0000073989235229510765,0.000004335457126906535,0.0006000000000000001,0.2676938607525218,0.24943849768197895,-0.0012000000000000001,0.2130077779560556,-0.724440512200871,0.00042352941176470595,0.3599955610731729,-0.7190806284816004,-0.0002470588235294118,1.0000055173169653,0,-0.0008425531914893618,0.5365063509461097,-0.8027945491468366,-0.0012000000000000001,0.036506350946109656,0.06323085463760211,0.0005560975609756098,0.6868891137233581,0.14787972900668525,0.0012000000000000001
0.0014,1,7.105427357601002e-15,4.440892098500626e-16,1,0.000011482366195968913,0.0000100702621235152,0.00000590091251738878,0.0007,0.2677300191520657,0.24945276374461095,-0.0014,0.21297998511224417,-0.7244233139084876,0.0004941176470588236,0.35999395840124776,-0.7190863984255701,-0.00028823529411764703,1.0000075095969203,0,-0.0009829787234042554,0.5365063509461097,-0.8027945491468366,-0.0014,0.036506350946109656,0.06323085463760211,0.000648780487804878,0.6868891137233581,0.14787972900668525,0.0014
0.0016,1,3.552713678800501e-15,4.710277376051326e-16,1,0.000013075645362824424,0.000013152249835298571,0.000007707124045726215,0.0008,0.2677717434202687,0.24946922258599719,-0.0016,0.2129479165445134,-0.7244034669949365,0.0005647058823529412,0.35999210934504144,-0.7190930563471095,-0.0003294117647058824,1.0000098083259332,0,-0.001123404255319149,0.5365063509461097,-0.8027945491468366,-0.0016,0.036506350946109656,0.06323085463760211,0.0007414634146341464,0.6868891137233581,0.14787972900668525,0.0016
0.0018000000000000002,1,3.552713678800501e-15,7.771561172376096e-16,1,0.000014650111680851262,0.000016644747144884652,0.000009754056219706974,0.0009000000000000001,0.2678190348604627,0.24948787334888442,-0.0018000000000000002,0.21291157229415267,-0.7243809702892567,0.0006352941176470589,0.35999001398202246,-0.7191006023724429,-0.00037058823529411767,1.0000124134803525,0,-0.0012638297872340427,0.5365063509461097,-0.8027945491468366,-0.0018000000000000002,0.036506350946109656,0.06323085463760211,0.0008341463414634147,0.6868891137233581,0.14787972900668525,0.0018000000000000002
0.002,1,3.552713678800501e-15,6.661338147750939e-16,1,0.000016203420219076675,0.000020547596079606134,0.000012041668896808743,0.001,0.26787189495066827,0.24950871506167546,-0.002,0.21287095240742282,-0.7243558224637289,0.0007058823529411765,0.3599876723999991,-0.7191090366447941,-0.0004117647058823529,1.0000153250334647,0,-0.0014042553191489363,0.5365063509461097,-0.8027945491468366,-0.002,0.036506350946109656,0.06323085463760211,0.000926829268292683,0.6868891137233581,0.14787972900668525,0.002
0.0022,1,5.329070518200751e-15,4.965068306494546e-16,1,0.000017733228394402438,0.00002486062027871787,0.000014569917349135384,0.0011,0.267930325343908,0.24953174663841488,-0.0022,0.2128260569353628,-0.7243280220336366,0.0007764705882352943,0.3599850846971809,-0.7191183593244767,-0.00045294117647058825,1.0000185429555568,0,-0.00154468085106383,0.5365063509461097,-0.8027945491468366,-0.0022,0.036506350946109656,0.06323085463760211,0.0010195121951219513,0.6868891137233581,0.14787972900668525,0.0022
0.0024000000000000002,1,8.881784197001252e-15,1.1102230246251565e-16,1,0.000019237196228095217,0.00002958362504402008,0.000017338752277455857,0.0012000000000000001,0.2679943278686233,0.24955696687877665,-0.0024000000000000002,0.21277688593354388,-0.7242975673569895,0.0008470588235294119,0.3599822509821619,-0.7191285705889615,-0.0004941176470588236,1.0000220672139346,0,-0.0016851063829787236,0.5365063509461097,-0.8027945491468366,-0.0024000000000000002,0.036506350946109656,0.06323085463760211,0.0011121951219512196,0.6868891137233581,0.14787972900668525,0.0024000000000000002
0.0026000000000000003,1,1.0658141036401503e-14,2.482534153247273e-16,1,0.00002071298660108162,0.00003471639740407032,0.000020348119853078006,0.0013000000000000002,0.2680639045290387,0.24958437446802037,-0.0026000000000000003,0.21272343946187555,-0.7242644566342643,0.0009176470588235295,0.3599791713739109,-0.7191396706329353,-0.0005352941176470588,1.0000258977729812,0,-0.0018255319148936173,0.5365063509461097,-0.8027945491468366,-0.0026000000000000003,0.036506350946109656,0.06323085463760211,0.001204878048780488,0.6868891137233581,0.14787972900668525,0.0026000000000000003
0.0028,1,1.2434497875801753e-14,1.066334393690002e-15,1,0.00002215826550705851,0.000040258706206981775,0.00002359796178988114,0.0014,0.2681390575056959,0.24961396797700822,-0.0028,0.21266571758425545,-0.7242286879080271,0.0009882352941176472,0.35997584600185584,-0.7191516596684436,-0.0005764705882352941,1.0000300345942073,0,-0.0019659574468085107,0.5365063509461097,-0.8027945491468366,-0.0028,0.036506350946109656,0.06323085463760211,0.001297560975609756,0.6868891137233581,0.14787972900668525,0.0028
0.003,1,1.509903313490213e-14,1.217454592664719e-15,1,0.0000235707023048389,0.000046210302185489345,0.000027088215371296144,0.0015,0.2682197891558773,0.2496457458621387,-0.003,0.21260372036835765,-0.7241902590626365,0.0010588235294117648,0.3599722750058332,-0.719164537924939,-0.0006176470588235294,1.0000344776363075,0,-0.0021063829787234044,0.5365063509461097,-0.8027945491468366,-0.003,0.036506350946109656,0.06323085463760211,0.0013902439024390245,0.6868891137233581,0.14787972900668525,0.003
0.0032,1,2.042810365310288e-14,1.7702748954631059e-15,1,0.000024947969968084466,0.0000525709180569378,0.00003081881352434204,0.0016,0.26830610201420074,0.2496797064653496,-0.0032,0.21253744788525825,-0.724149167823826,0.0011294117647058825,0.3599684585361603,-0.7191783056494273,-0.0006588235294117648,1.0000392268552205,0,-0.002246808510638298,0.5365063509461097,-0.8027945491468366,-0.0032,0.036506350946109656,0.06323085463760211,0.0014829268292682928,0.6868891137233581,0.14787972900668525,0.0032
0.0034000000000000002,1,2.6645352591003757e-14,2.494915946531976e-15,1,0.000026287745333790377,0.00005934026860504437,0.00003478968486100212,0.0017000000000000001,0.26839799879316617,0.2497158480140669,-0.0034000000000000002,0.21246690020913292,-0.7241054117583213,0.0012000000000000001,0.3599643967536119,-0.7191929631065533,-0.0007,1.0000442822041908,0,-0.0023872340425531917,0.5365063509461097,-0.8027945491468366,-0.0034000000000000002,0.036506350946109656,0.06323085463760211,0.0015756097560975612,0.6868891137233581,0.14787972900668525,0.0034000000000000002
0.0036000000000000003,1,3.375077994860476e-14,3.2695078472649235e-15,1,0.000027587709348106118,0.00006651805079632467,0.00003900075376471416,0.0018000000000000002,0.268495482383803,0.2497541686211885,-0.0036000000000000003,0.21239207741686592,-0.724058988273381,0.0012705882352941178,0.35996008982948374,-0.7192085105787501,-0.0007411764705882353,1.0000496436338437,0,-0.0025276595744680853,0.5365063509461097,-0.8027945491468366,-0.0036000000000000003,0.036506350946109656,0.06323085463760211,0.0016682926829268295,0.6868891137233581,0.14787972900668525,0.0036000000000000003
0.0038,1,4.1744385725905886e-14,5.36049202688126e-15,1,0.00002884554731037673,0.00007410394387439781,0.000043451940438442515,0.0019,0.268598555856321,0.2497946662850408,-0.0038,0.2123129795876733,-0.7240098946163398,0.0013411764705882354,0.3599555379455997,-0.7192249483663616,-0.0007823529411764706,1.0000553110922534,0,-0.002668085106382979,0.5365063509461097,-0.8027945491468366,-0.0038,0.036506350946109656,0.06323085463760211,0.0017609756097560977,0.6868891137233581,0.14787972900668525,0.0038
0.004,1,5.3290705182007514e-14,4.86633687656182e-15,1,0.000030058949114991863,0.00008209760947493806,0.00004814316097962967,0.002,0.2687072224608126,0.24983733888933551,-0.004,0.21222960680271127,-0.7239581278741222,0.001411764705882353,0.3599507412943057,-0.7192422767877618,-0.0008235294117647058,1.0000612845250194,0,-0.0028085106382978726,0.5365063509461097,-0.8027945491468366,-0.004,0.036506350946109656,0.06323085463760211,0.001853658536585366,0.6868891137233581,0.14787972900668525,0.004
0.004200000000000001,1,6.306066779870889e-14,6.49859921987218e-15,1,0.000031225609490006994,0.0000904986917587933,0.00005307432748063576,0.0021000000000000003,0.26882148562800884,0.24988218420314393,-0.004200000000000001,0.21214195914460654,-0.7239036849726904,0.001482352941176471,0.3599457000785708,-0.7192604961795471,-0.0008647058823529413,1.000067563875362,0,-0.0029489361702127663,0.5365063509461097,-0.8027945491468366,-0.004200000000000001,0.036506350946109656,0.06323085463760211,0.0019463414634146344,0.6868891137233581,0.14787972900668525,0.004200000000000001
0.0044,1,7.549516567451064e-14,7.484747839595928e-15,1,0.0000323432282342614,0.00009930681751933618,0.000058245348074400475,0.0022,0.2689413489700499,0.24992919988083453,-0.0044,0.21205003669703712,-0.7238465626765175,0.0015529411764705885,0.35994041451194814,-0.7192796068966509,-0.0009058823529411765,1.0000741490841933,0,-0.00308936170212766,0.5365063509461097,-0.8027945491468366,-0.0044,0.036506350946109656,0.06323085463760211,0.0020390243902439027,0.6868891137233581,0.14787972900668525,0.0044
0.0046,1,9.059419880941277e-14,1.0623970030305294e-14,1,0.000033409510450943577,0.00010852159632740345,0.00006365612704149927,0.0023,0.2690668162813397,0.24997838346204104,-0.0046,0.2119538395442238,-0.7237867575879786,0.001623529411764706,0.3599348848186409,-0.719299609312532,-0.0009470588235294117,1.0000810400902163,0,-0.003229787234042553,0.5365063509461097,-0.8027945491468366,-0.0046,0.036506350946109656,0.06323085463760211,0.0021317073170731707,0.6868891137233581,0.14787972900668525,0.0046
0.0048000000000000004,1,3.552713678800501e-15,9.485749680535094e-16,1,0.00003442216677912593,0.00011814262065189137,0.00006930656487073335,0.0024000000000000002,0.26919789153938467,0.25002973237159076,-0.0048000000000000004,0.21185336777046118,-0.7237242661467558,0.0016941176470588238,0.35992911123349164,-0.7193205038193098,-0.0009882352941176472,1.0000882368300095,0,-0.0033702127659574472,0.5365063509461097,-0.8027945491468366,-0.0048000000000000004,0.036506350946109656,0.06323085463760211,0.002224390243902439,0.6868891137233581,0.14787972900668525,0.0048000000000000004
0.005,1,3.552713678800501e-15,3.510833468576701e-16,1,0.00003537891362104975,0.0001281694660448207,0.00007519655841454943,0.0025,0.269334578905753,0.25008324391948444,-0.005,0.21174862145954124,-0.7236590846291716,0.0017647058823529412,0.359923094002105,-0.7193422908280296,-0.0010294117647058824,1.000095739238156,0,-0.0035106382978723405,0.5365063509461097,-0.8027945491468366,-0.005,0.036506350946109656,0.06323085463760211,0.0023170731707317076,0.6868891137233581,0.14787972900668525,0.005
0.005200000000000001,1,5.329070518200751e-15,1.807312143953211e-15,1,0.00003627747336817918,0.00013860169124022537,0.00008132600090669551,0.0026000000000000003,0.2694768827269858,0.2501389153008011,-0.005200000000000001,0.21163960069425858,-0.723591209147526,0.001835294117647059,0.35991683338077785,-0.7193649707687448,-0.0010705882352941177,1.0001035472473088,0,-0.0036510638297872345,0.5365063509461097,-0.8027945491468366,-0.005200000000000001,0.036506350946109656,0.06323085463760211,0.002409756097560976,0.6868891137233581,0.14787972900668525,0.005200000000000001
0.0054,1,2.6645352591003757e-15,2.0014830212433605e-15,1,0.00003711557462245186,0.00014943883834506432,0.00008769478211384243,0.0027,0.2696248075356185,0.250196743595656,-0.0054,0.2115263055558055,-0.7235206356493792,0.0019058823529411767,0.3599103296366097,-0.7193885440907836,-0.001111764705882353,1.0001116607883276,0,-0.0037914893617021278,0.5365063509461097,-0.8027945491468366,-0.0054,0.036506350946109656,0.06323085463760211,0.002502439024390244,0.6868891137233581,0.14787972900668525,0.0054
0.0056,1,5.329070518200751e-15,9.883479487474064e-16,1,0.00003789095241523179,0.00016068043298802663,0.00009430278842051386,0.0028,0.26977835805122385,0.2502567257691293,-0.0056,0.2114087361231921,-0.7234473599168207,0.0019764705882352944,0.3599035830475016,-0.7194130112629251,-0.0011529411764705881,1.000120079790377,0,-0.003931914893617021,0.5365063509461097,-0.8027945491468366,-0.0056,0.036506350946109656,0.06323085463760211,0.002595121951219512,0.6868891137233581,0.14787972900668525,0.0056
0.0058000000000000005,1,1.7763568394002505e-15,1.0053497077208614e-15,1,0.000038601348422548224,0.000172325984486138,0.00010114990293174443,0.0029000000000000002,0.2699375391814901,0.25031885867119086,-0.0058000000000000005,0.21128689247262805,-0.7233713775656987,0.0020470588235294122,0.35989659390219947,-0.7194383727736131,-0.0011941176470588236,1.0001288041810439,0,-0.004072340425531915,0.5365063509461097,-0.8027945491468366,-0.0058000000000000005,0.036506350946109656,0.06323085463760211,0.002687804878048781,0.6868891137233581,0.14787972900668525,0.0058000000000000005
0.006,1,2.6645352591003757e-15,2.482534153247273e-16,1,0.000039244511176208254,0.0001843749860358437,0.00010823600561431947,0.003,0.2701023560233737,0.25038313903664305,-0.006,0.2111607746768576,-0.7232926840447947,0.0021176470588235297,0.3598893625003798,-0.7194646291312038,-0.0012352941176470588,1.0001378338864728,0,-0.004212765957446809,0.5365063509461097,-0.8027945491468366,-0.006,0.036506350946109656,0.06323085463760211,0.002780487804878049,0.6868891137233581,0.14787972900668525,0.006
0.006200000000000001,1,3.552713678800501e-15,8.95090418262362e-16,1,0.00003981819627288306,0.00019682691486618,0.00011556097337129783,0.0031000000000000003,0.27027281386423585,0.2504495634850119,-0.006200000000000001,0.21103038280454253,-0.7232112746350283,0.0021882352941176475,0.3598818891526133,-0.7194917808641466,-0.0012764705882352943,1.0001471688314683,0,-0.004353191489361702,0.5365063509461097,-0.8027945491468366,-0.006200000000000001,0.036506350946109656,0.06323085463760211,0.0028731707317073175,0.6868891137233581,0.14787972900668525,0.006200000000000001
0.0064,1,5.329070518200751e-15,1.047382306668854e-15,1,0.0000403201665774706,0.0002096812324474392,0.00012312468019504575,0.0032,0.2704489181830996,0.2505181285204889,-0.0064,0.2108957169195295,-0.7231271444485514,0.002258823529411765,0.35987417418048256,-0.719519828521265,-0.0013176470588235295,1.000156808939645,0,-0.004493617021276596,0.5365063509461097,-0.8027945491468366,-0.0064,0.036506350946109656,0.06323085463760211,0.0029658536585365856,0.6868891137233581,0.14787972900668525,0.0064
0.0066,1,2.6645352591003757e-15,6.473657049138937e-16,1,0.00004074819242412862,0.00022293738467195603,0.00013092699727626988,0.0033,0.27063067465188034,0.25058883053182335,-0.0066,0.2107567770801772,-0.7230402884278745,0.0023294117647058824,0.3598662179165926,-0.7195487726719786,-0.0013588235294117645,1.000166754133552,0,-0.00463404255319149,0.5365063509461097,-0.8027945491468366,-0.0066,0.036506350946109656,0.06323085463760211,0.0030585365853658536,0.6868891137233581,0.14787972900668525,0.0066
0.0068000000000000005,1,1.7763568394002505e-15,3.510833468576701e-16,1,0.00004110005181264026,0.00023659480205219264,0.0001389677931312955,0.0034000000000000002,0.2708180891367335,0.25066166579224003,-0.0068000000000000005,0.2106135633385918,-0.7229507013449121,0.0024000000000000002,0.35985802070461814,-0.7195786139065617,-0.0014,1.000177004334809,0,-0.004774468085106383,0.5365063509461097,-0.8027945491468366,-0.0068000000000000005,0.036506350946109656,0.06323085463760211,0.0031512195121951225,0.6868891137233581,0.14787972900668525,0.0068000000000000005
0.007,1,3.552713678800501e-15,4.965068306494546e-16,1,0.00004137353060095926,0.0002506528999206681,0.00014724693373290718,0.0035,0.27101116769937317,0.2507366304593291,-0.007,0.2104660757398967,-0.7228583778000316,0.0024705882352941176,0.35984958289936375,-0.7196093528364055,-0.0014411764705882352,1.0001875594642506,0,-0.004914893617021277,0.5365063509461097,-0.8027945491468366,-0.007,0.036506350946109656,0.06323085463760211,0.0032439024390243905,0.6868891137233581,0.14787972900668525,0.007
0.007200000000000001,1,7.105427357601002e-15,5.661048867003677e-16,1,0.000041566422693450217,0.000265111078645645,0.00015576428265152932,0.0036000000000000003,0.27120991659849913,0.2508137205749445,-0.007200000000000001,0.2103143143214394,-0.7227633122210384,0.0025411764705882355,0.35984090486681214,-0.7196409900942894,-0.0014823529411764707,1.000198419442075,0,-0.005055319148936171,0.5365063509461097,-0.8027945491468366,-0.007200000000000001,0.036506350946109656,0.06323085463760211,0.003336585365853659,0.6868891137233581,0.14787972900668525,0.007200000000000001
0.0074,1,2.6645352591003757e-15,1.1322097734007353e-15,1,0.00004167653022506294,0.0002799687238410649,0.00016451970119547168,0.0037,0.2714143422912212,0.2508929320650878,-0.0074,0.21015827911200666,-0.7226654988621521,0.0026117647058823534,0.3598319869841801,-0.7196735263346579,-0.001523529411764706,1.000209584187996,0,-0.005195744680851064,0.5365063509461097,-0.8027945491468366,-0.0074,0.036506350946109656,0.06323085463760211,0.003429268292682927,0.6868891137233581,0.14787972900668525,0.0074
0.0076,1,3.552713678800501e-15,5.661048867003677e-16,1,0.00004170166374119639,0.000295225206578052,0.00017351304853476966,0.0038,0.2716244514345864,0.2509742607397937,-0.0076,0.2099979701309787,-0.7225649318029234,0.002682352941176471,0.35982282963995216,-0.7197069622339006,-0.0015647058823529411,1.0002210536213851,0,-0.005336170212765958,0.5365063509461097,-0.8027945491468366,-0.0076,0.036506350946109656,0.06323085463760211,0.0035219512195121955,0.6868891137233581,0.14787972900668525,0.0076
0.0078000000000000005,1,1.7763568394002505e-15,8.005932084973443e-16,1,0.00004163964237273533,0.0003108798836213022,0.0001827441818705809,0.0039000000000000003,0.2718402508870966,0.2510577022930023,-0.0078000000000000005,0.20983338738749707,-0.7224616049471315,0.0027529411764705886,0.35981343323396775,-0.719741298490661,-0.0016058823529411766,1.0002328276614434,0,-0.005476595744680852,0.5365063509461097,-0.8027945491468366,-0.0078000000000000005,0.036506350946109656,0.06323085463760211,0.003614634146341464,0.6868891137233581,0.14787972900668525,0.0078000000000000005
0.008,1,7.105427357601002e-15,1.0053497077208614e-15,1,0.0000414882940072615,0.00032693209764815464,0.00019221295656691035,0.004,0.27206174771030406,0.2511432523024223,-0.008,0.2096645308796006,-0.7223555120216492,0.002823529411764706,0.3598037981774472,-0.719776535826121,-0.0016470588235294116,1.0002449062273575,0,-0.005617021276595745,0.5365063509461097,-0.8027945491468366,-0.008,0.036506350946109656,0.06323085463760211,0.003707317073170732,0.6868891137233581,0.14787972900668525,0.008
0.0082,1,5.329070518200751e-15,5.551115123125783e-16,1,0.0000412454554547388,0.00034338117749356506,0.0002019192263227851,0.0041,0.2722889491704531,0.25123090622939903,-0.0082,0.20949140059331925,-0.7222466465752511,0.002894117647058824,0.35979392489308537,-0.7198126749843331,-0.001688235294117647,1.0002572892384716,0,-0.005757446808510639,0.5365063509461097,-0.8027945491468366,-0.0082,0.036506350946109656,0.06323085463760211,0.0038000000000000004,0.6868891137233581,0.14787972900668525,0.0082
0.008400000000000001,1,2.6645352591003757e-15,1.1102230246251565e-16,1,0.00004090897260938751,0.00036022643838093485,0.00021186284331217687,0.004200000000000001,0.2725218627401826,0.2513206594187655,-0.008400000000000001,0.2093139965017605,-0.7221350019774022,0.002964705882352942,0.3597838138150802,-0.7198497167325247,-0.0017294117647058825,1.0002699766144505,0,-0.0058978723404255326,0.5365063509461097,-0.8027945491468366,-0.008400000000000001,0.036506350946109656,0.06323085463760211,0.003892682926829269,0.6868891137233581,0.14787972900668525,0.008400000000000001
0.0086,1,2.6645352591003757e-15,4.710277376051326e-16,1,0.000040476700606218836,0.0003774671821708351,0.00022204365835212689,0.0043,0.2727604961002437,0.25141250709868457,-0.0086,0.20913231856418002,-0.7220205714170085,0.003035294117647059,0.35977346538921506,-0.7198876618614336,-0.0017705882352941175,1.0002829682754595,0,-0.006038297872340425,0.5365063509461097,-0.8027945491468366,-0.0086,0.036506350946109656,0.06323085463760211,0.0039853658536585365,0.6868891137233581,0.14787972900668525,0.0086
0.0088,1,2.6645352591003757e-15,5.9787339602818175e-16,1,0.00003994650397276956,0.00039510269761457823,0.00023246152107344917,0.0044,0.2730048571413043,0.25150644438049075,-0.0088,0.2089463667250093,-0.7219033479011168,0.003105882352941177,0.35976288007292395,-0.7199265111856478,-0.001811764705882353,1.0002962641423443,0,-0.00617872340425532,0.5365063509461097,-0.8027945491468366,-0.0088,0.036506350946109656,0.06323085463760211,0.004078048780487805,0.6868891137233581,0.14787972900668525,0.0088
0.009000000000000001,1,8.881784197001252e-15,1.0053497077208614e-15,1,0.00003931625677634512,0.00041313226060130413,0.00024311628007552346,0.0045000000000000005,0.273254953965785,0.25160246625851534,-0.009000000000000001,0.2087561409128824,-0.7217833242535934,0.0031764705882352945,0.3597520583353368,-0.7199662655439392,-0.0018529411764705885,1.0003098641368087,0,-0.0063191489361702135,0.5365063509461097,-0.8027945491468366,-0.009000000000000001,0.036506350946109656,0.06323085463760211,0.004170731707317074,0.6868891137233581,0.14787972900668525,0.009000000000000001
0.0092,1,4.440892098500626e-15,1.1102230246251565e-15,1,0.000038583842765419456,0.0004315551344267623,0.0002540077831139092,0.0046,0.273510794889742,0.25170056760990833,-0.0092,0.20856164103962307,-0.7216604931137508,0.003247058823529412,0.35974100065738096,-0.7200069257996343,-0.0018941176470588235,1.0003237681816082,0,-0.006459574468085106,0.5365063509461097,-0.8027945491468366,-0.0092,0.036506350946109656,0.06323085463760211,0.0042634146341463414,0.6868891137233581,0.14787972900668525,0.0092
0.0094,1,5.329070518200751e-15,6.280369834735101e-16,1,0.00003774715550682712,0.0004503705700487468,0.00026513587725606505,0.0047,0.2737723884448427,0.251800743194454,-0.0094,0.2083628669992068,-0.7215348469349335,0.0033176470588235298,0.35972970753181327,-0.7200484928409627,-0.0019352941176470587,1.0003379762007303,0,-0.0066,0.5365063509461097,-0.8027945491468366,-0.0094,0.036506350946109656,0.06323085463760211,0.00435609756097561,0.6868891137233581,0.14787972900668525,0.0094
0.009600000000000001,1,5.329070518200751e-15,6.004449063730082e-16,1,0.00003680409851704502,0.00046957780636796366,0.0002765004090857841,0.0048000000000000004,0.27403974338032194,0.2519029876543655,-0.009600000000000001,0.20815981866672345,-0.7214063779830767,0.0033882352941176476,0.3597181794633275,-0.7200909675814404,-0.0019764705882352944,1.0003524881196044,0,-0.0067404255319148945,0.5365063509461097,-0.8027945491468366,-0.009600000000000001,0.036506350946109656,0.06323085463760211,0.004448780487804878,0.6868891137233581,0.14787972900668525,0.009600000000000001
0.0098,1,5.329070518200751e-15,1.3653937842860002e-15,1,0.0000357525853885904,0.0004891760704949474,0.00028810122486881126,0.0049,0.2743128686650698,0.2520072955140864,-0.0098,0.20795249589728135,-0.721275078335205,0.0034588235294117646,0.35970641696861183,-0.7201343509602485,-0.0020176470588235294,1.0003673038652894,0,-0.006880851063829787,0.5365063509461097,-0.8027945491468366,-0.0098,0.036506350946109656,0.06323085463760211,0.004541463414634146,0.6868891137233581,0.14787972900668525,0.0098
0.01,1,7.105427357601002e-15,5.661048867003677e-16,1,0.00003459053991164056,0.0005091645780256618,0.00029993817073462384,0.005,0.27459177348971486,0.2521136611800614,-0.01,0.20774089852493133,-0.7211409398779162,0.0035294117647058825,0.35969442057640183,-0.7201786439426056,-0.002058823529411765,1.0003824233666752,0,-0.007021276595744681,0.5365063509461097,-0.8027945491468366,-0.01,0.036506350946109656,0.06323085463760211,0.004634146341463415,0.6868891137233581,0.14787972900668525,0.01
0.0102,1,3.552713678800501e-15,7.108895957933346e-16,1,0.000033315896188430434,0.0005295425333399513,0.0003120110928910669,0.0051,0.27487646726881143,0.25222207894052845,-0.0102,0.20752502636150327,-0.7210039543057761,0.0036000000000000003,0.3596821908276203,-0.7202238475202065,-0.0021,1.0003978465547017,0,-0.0071617021276595754,0.5365063509461097,-0.8027945491468366,-0.0102,0.036506350946109656,0.06323085463760211,0.004726829268292683,0.6868891137233581,0.14787972900668525,0.0102
0.010400000000000001,1,2.6645352591003757e-15,5.551115123125783e-16,1,0.0000319265987452649,0.0005503091298691747,0.000324319837784468,0.005200000000000001,0.2751669596430257,0.25233254296525304,-0.010400000000000001,0.2073048791955125,-0.7208641131197393,0.003670588235294118,0.35966972827537297,-0.7202699627115772,-0.0021411764705882353,1.0004135733625534,0,-0.007302127659574469,0.5365063509461097,-0.8027945491468366,-0.010400000000000001,0.036506350946109656,0.06323085463760211,0.004819512195121952,0.6868891137233581,0.14787972900668525,0.010400000000000001
0.0106,1,3.552713678800501e-15,4.440892098500626e-16,1,0.00003042060263544961,0.000571463550410862,0.00033686425233066177,0.0053,0.2754632604814529,0.25244504730530876,-0.0106,0.20708045679093048,-0.7207214076254437,0.0037411764705882356,0.3596570334851118,-0.7203169905625442,-0.0021823529411764703,1.0004296037258904,0,-0.007442553191489362,0.5365063509461097,-0.8027945491468366,-0.0106,0.036506350946109656,0.06323085463760211,0.004912195121951219,0.6868891137233581,0.14787972900668525,0.0106
0.0108,1,4.440892098500626e-15,4.0029660424867215e-16,1,0.00002879587353998709,0.0005930049674075646,0.0003496441840884488,0.0054,0.27576537988391026,0.25255958589279015,-0.0108,0.20685175888604201,-0.7205758289315395,0.0038117647058823535,0.35964410703465577,-0.7203649321466192,-0.002223529411764706,1.0004459375830541,0,-0.0075829787234042555,0.5365063509461097,-0.8027945491468366,-0.0108,0.036506350946109656,0.06323085463760211,0.005004878048780488,0.6868891137233581,0.14787972900668525,0.0108
0.011000000000000001,1,6.217248937900877e-15,2.220446049250313e-16,1,0.000027050387860272247,0.0006149325432595518,0.0003626594814792969,0.0055000000000000005,0.276073328183365,0.2526761525405572,-0.011000000000000001,0.20661878519218935,-0.72042736794791,0.0038823529411764713,0.35963094951430963,-0.7204137885654598,-0.0022647058823529412,1.0004625748752958,0,-0.00772340425531915,0.5365063509461097,-0.8027945491468366,-0.011000000000000001,0.036506350946109656,0.06323085463760211,0.005097560975609757,0.6868891137233581,0.14787972900668525,0.011000000000000001
0.0112,1,2.6645352591003757e-15,8.455206652451151e-16,1,0.000025182132806192964,0.0006372454306280721,0.00037590999399422646,0.0056,0.2763871159483666,0.25279474094194376,-0.0112,0.2063815353925465,-0.7202760153838826,0.003952941176470589,0.35961756152694974,-0.7204635609493082,-0.0023058823529411763,1.0004795155470059,0,-0.007863829787234043,0.5365063509461097,-0.8027945491468366,-0.0112,0.036506350946109656,0.06323085463760211,0.005190243902439024,0.6868891137233581,0.14787972900668525,0.0112
0.0114,1,4.440892098500626e-15,2.220446049250313e-16,1,0.000023189106478585258,0.0006599427727424296,0.00038939557239596305,0.0057,0.27670675398557737,0.2529153446704607,-0.0114,0.206140009140846,-0.720121761746377,0.004023529411764706,0.3596039436880962,-0.7205142504574407,-0.0023470588235294117,1.0004967595459373,0,-0.008004255319148936,0.5365063509461097,-0.8027945491468366,-0.0114,0.036506350946109656,0.06323085463760211,0.005282926829268293,0.6868891137233581,0.14787972900668525,0.0114
0.011600000000000001,1,7.993605777301127e-15,7.850462293418876e-16,1,0.000021069317945732162,0.0006830237037146811,0.00040311606893650106,0.0058000000000000005,0.2770322533423398,0.2530379571794819,-0.011600000000000001,0.20589420606009676,-0.7199645973380158,0.0040941176470588245,0.3595900966260053,-0.72056585827863,-0.002388235294117647,1.0005143068234423,0,-0.00814468085106383,0.5365063509461097,-0.8027945491468366,-0.011600000000000001,0.036506350946109656,0.06323085463760211,0.005375609756097562,0.6868891137233581,0.14787972900668525,0.011600000000000001
0.0118,1,3.552713678800501e-15,1.887379141862766e-15,1,0.00001882078731319205,0.0007064873488704943,0.0004170713375969957,0.0059,0.27736362530931674,0.25316257180192697,-0.0118,0.205644125741255,-0.719804512255166,0.004164705882352941,0.3595760209818018,-0.72061838563164,-0.002429411764705882,1.0005321573347221,0,-0.008285106382978724,0.5365063509461097,-0.8027945491468366,-0.0118,0.036506350946109656,0.06323085463760211,0.005468292682926829,0.6868891137233581,0.14787972900668525,0.0118
0.012,1,7.105427357601002e-15,1.887379141862766e-15,1,0.000016441545789367827,0.0007303328250534602,0.00043126123427801675,0.006,0.27770088142321503,0.25328918174992104,-0.012,0.20538976774188042,-0.7196414963859478,0.004235294117647059,0.3595617174095282,-0.7206718337656877,-0.0024705882352941176,1.0005503110390537,0,-0.008425531914893617,0.5365063509461097,-0.8027945491468366,-0.012,0.036506350946109656,0.06323085463760211,0.005560975609756098,0.6868891137233581,0.14787972900668525,0.012
0.0122,1,3.552713678800501e-15,4.965068306494546e-16,1,0.00001392963574456623,0.0007545592409596944,0.0004456856170368298,0.0061,0.2780440334695254,0.2534177801144298,-0.0122,0.20513113158480067,-0.7194755394082026,0.004305882352941177,0.35954718657624785,-0.7207262039609348,-0.002511764705882353,1.0005687679000412,0,-0.008565957446808511,0.5365063509461097,-0.8027945491468366,-0.0122,0.036506350946109656,0.06323085463760211,0.005653658536585366,0.6868891137233581,0.14787972900668525,0.0122
0.012400000000000001,1,2.6645352591003757e-15,4.965068306494546e-16,1,0.000011283110762775788,0.0007791656974747916,0.0004603443463300062,0.006200000000000001,0.2783930934853971,0.2535483598649133,-0.012400000000000001,0.20486821675667533,-0.7193066307873643,0.004376470588235295,0.35953242916218076,-0.7207814975290169,-0.0025529411764705886,1.000587527885874,0,-0.008706382978723405,0.5365063509461097,-0.8027945491468366,-0.012400000000000001,0.036506350946109656,0.06323085463760211,0.005746341463414635,0.6868891137233581,0.14787972900668525,0.012400000000000001
0.0126,1,3.552713678800501e-15,1.0053497077208614e-15,1,0.000008500035689550629,0.0008041512880010527,0.0004752372852311652,0.0063,0.27874807376251987,0.2536809138489269,-0.0126,0.20460102270660846,-0.7191347597743248,0.0044470588235294125,0.3595174458607734,-0.720837715813537,-0.0025941176470588236,1.000606590969574,0,-0.008846808510638298,0.5365063509461097,-0.8027945491468366,-0.0126,0.036506350946109656,0.06323085463760211,0.005839024390243903,0.6868891137233581,0.14787972900668525,0.0126
0.0128,1,8.881784197001252e-16,6.753223014464258e-16,1,0.0000055784866728106545,0.0008295150987956157,0.0004903642996684096,0.0064,0.27910898685010105,0.25381543479172336,-0.0128,0.20432954884470722,-0.7189599154032286,0.00451764705882353,0.3595022373788067,-0.7208948601905909,-0.002635294117647059,1.000625957129255,0,-0.008987234042553192,0.5365063509461097,-0.8027945491468366,-0.0128,0.036506350946109656,0.06323085463760211,0.005931707317073171,0.6868891137233581,0.14787972900668525,0.0128
0.013000000000000001,1,3.552713678800501e-15,3.510833468576701e-16,1,0.000002516551197074886,0.0008552562093214056,0.0005057252586773,0.006500000000000001,0.27947584555793015,0.2539519152958472,-0.013000000000000001,0.20405379454059167,-0.7187820864891913,0.004588235294117648,0.35948680443652264,-0.720952932069317,-0.002676470588235294,1.0006456263483912,0,-0.009127659574468086,0.5365063509461097,-0.8027945491468366,-0.013000000000000001,0.036506350946109656,0.06323085463760211,0.00602439024390244,0.6868891137233581,0.14787972900668525,0.013000000000000001
0.0132,1,8.881784197001252e-16,5.551115123125783e-16,0,6.876718872838007e-7,0.0008813736925836073,0.0005213200346287124,0.0066,0.27984866295948146,0.25409034784069295,-0.0132,0.20377375912191686,-0.718601261625993,0.004658823529411765,0.3594711477677177,-0.7210119328924315,-0.002717647058823529,1.0006655986160777,0,-0.00926808510638298,0.5365063509461097,-0.8027945491468366,-0.0132,0.036506350946109656,0.06323085463760211,0.006117073170731707,0.6868891137233581,0.14787972900668525,0.0132
0.0134,1,4.440892098500626e-15,3.1401849173675503e-16,0,0.000004036072341410872,0.0009078666154850213,0.0005371485034828417,0.0067,0.28022745239511626,0.25423072478205777,-0.0134,0.20348944187285073,-0.7184174291836966,0.004729411764705883,0.3594552681198499,-0.7210718641367834,-0.0027588235294117645,1.000685873927303,0,-0.009408510638297873,0.5365063509461097,-0.8027945491468366,-0.0134,0.036506350946109656,0.06323085463760211,0.006209756097560976,0.6868891137233581,0.14787972900668525,0.0134
0.013600000000000001,1,3.552713678800501e-15,5.661048867003677e-16,0,0.000007530528522048479,0.0009347340391824329,0.0005532105450478826,0.0068000000000000005,0.2806122274753469,0.25437303835167563,-0.013600000000000001,0.20320084203251546,-0.7182305773062018,0.0048000000000000004,0.3594391662541769,-0.7211327273139353,-0.0028,1.0007064522832312,0,-0.009548936170212767,0.5365063509461097,-0.8027945491468366,-0.013600000000000001,0.036506350946109656,0.06323085463760211,0.006302439024390245,0.6868891137233581,0.14787972900668525,0.013600000000000001
0.013800000000000002,1,3.552713678800501e-15,2.482534153247273e-16,0,0.000011172907370598558,0.000961975019436657,0.0005695060432190128,0.006900000000000001,0.28100300208419055,0.2545172806567294,-0.013800000000000002,0.2029079587934203,-0.7180406939087539,0.004870588235294119,0.3594228429458409,-0.7211945239707277,-0.0028411764705882354,1.0007273336914693,0,-0.00968936170212766,0.5365063509461097,-0.8027945491468366,-0.013800000000000002,0.036506350946109656,0.06323085463760211,0.006395121951219513,0.6868891137233581,0.14787972900668525,0.013800000000000002
0.014,1,4.440892098500626e-15,6.473657049138937e-16,0,0.000014965064409911303,0.0009895886069813853,0.0005860348862514943,0.007,0.28139979038258606,0.2546634436793476,-0.014,0.20261079129984869,-0.7178477666753719,0.004941176470588235,0.35940629898402404,-0.7212572556898872,-0.0028823529411764704,1.0007485181663631,0,-0.009829787234042554,0.5365063509461097,-0.8027945491468366,-0.014,0.036506350946109656,0.06323085463760211,0.006487804878048781,0.6868891137233581,0.14787972900668525,0.014
0.0142,1,4.440892098500626e-15,4.577566798522237e-16,0,0.000018908843745660636,0.0010175738478832876,0.0006027969670120634,0.0071,0.28180260681190467,0.25481151927607404,-0.0142,0.2023093386462368,-0.717651783056233,0.005011764705882354,0.35938953517203337,-0.7213209240906111,-0.002923529411764706,1.0007700057292763,0,-0.009970212765957448,0.5365063509461097,-0.8027945491468366,-0.0142,0.036506350946109656,0.06323085463760211,0.006580487804878049,0.6868891137233581,0.14787972900668525,0.0142
0.014400000000000001,1,3.552713678800501e-15,7.216449660063518e-16,0,0.000023006078075846352,0.0010459297839177345,0.0006197921832614393,0.007200000000000001,0.28221146609753295,0.2549614991773316,-0.014400000000000001,0.20200359987550198,-0.7174527302649706,0.005082352941176471,0.359372552327466,-0.7213855308292021,-0.0029647058823529414,1.000791796408893,0,-0.010110638297872341,0.5365063509461097,-0.8027945491468366,-0.014400000000000001,0.036506350946109656,0.06323085463760211,0.006673170731707318,0.6868891137233581,0.14787972900668525,0.014400000000000001
0.0146,1,1.7763568394002505e-15,4.0029660424867215e-16,0,0.000027258588704668018,0.0010746554529289108,0.0006370204378977848,0.0073,0.2826263832525487,0.25511337498684544,-0.0146,0.20169357397735976,-0.717250595275924,0.0051529411764705884,0.35935535128229906,-0.7214510775996781,-0.0030058823529411764,1.0008138902415011,0,-0.010251063829787235,0.5365063509461097,-0.8027945491468366,-0.0146,0.036506350946109656,0.06323085463760211,0.006765853658536586,0.6868891137233581,0.14787972900668525,0.0146
0.0148,1,2.6645352591003757e-15,8.082545620880531e-16,0,0.00003166818556458157,0.001103749889218708,0.0006544816392574056,0.0074,0.2830473735814887,0.25526713818106855,-0.0148,0.20137925988658956,-0.7170453648213003,0.005223529411764707,0.3593379328830489,-0.7215175661344266,-0.003047058823529412,1.0008362872713048,0,-0.010391489361702129,0.5365063509461097,-0.8027945491468366,-0.0148,0.036506350946109656,0.06323085463760211,0.006858536585365854,0.6868891137233581,0.14787972900668525,0.0148
0.015000000000000001,1,3.552713678800501e-15,8.95090418262362e-16,0,0.00003623666724311117,0.0011332121239195027,0.0006721757013807907,0.007500000000000001,0.28347445268416493,0.25542278010855757,-0.015000000000000001,0.2010606564813107,-0.7168370253882944,0.005294117647058824,0.3593202979908905,-0.7215849982048452,-0.0030882352941176473,1.0008589875507283,0,-0.010531914893617022,0.5365063509461097,-0.8027945491468366,-0.015000000000000001,0.036506350946109656,0.06323085463760211,0.006951219512195123,0.6868891137233581,0.14787972900668525,0.015000000000000001
0.0152,1,5.329070518200751e-15,1.1102230246251565e-15,0,0.000040965821016932586,0.0011630411853761112,0.0006901025442883745,0.0076,0.28390763645962935,0.25558029198934806,-0.0152,0.20073776258118328,-0.7166255632161102,0.005364705882352942,0.3593024474817893,-0.7216533756220097,-0.0031294117647058823,1.0008819911407214,0,-0.010672340425531916,0.5365063509461097,-0.8027945491468366,-0.0152,0.036506350946109656,0.06323085463760211,0.007043902439024391,0.6868891137233581,0.14787972900668525,0.0152
0.0154,1,1.7763568394002505e-15,7.108895957933346e-16,0,0.00004585742289236616,0.0011932360995341772,0.0007082620942760323,0.0077,0.284346941110185,0.2557396649142982,-0.0154,0.20041057694559772,-0.7164109642929184,0.005435294117647059,0.35928438224665465,-0.721722700237357,-0.0031705882352941177,1.000905298111078,0,-0.01081276595744681,0.5365063509461097,-0.8027945491468366,-0.0154,0.036506350946109656,0.06323085463760211,0.007136585365853659,0.6868891137233581,0.14787972900668525,0.0154
0.015600000000000001,1,1.7763568394002505e-15,4.577566798522237e-16,0,0.00005091323765196565,0.001223795890332284,0.0007266542842013755,0.0078000000000000005,0.28479238314552346,0.2559008898444086,-0.015600000000000001,0.2000790982718333,-0.7161932143527396,0.005505882352941177,0.35926610319147184,-0.7217929739433734,-0.003211764705882353,1.0009289085407551,0,-0.010953191489361703,0.5365063509461097,-0.8027945491468366,-0.015600000000000001,0.036506350946109656,0.06323085463760211,0.007229268292682928,0.6868891137233581,0.14787972900668525,0.015600000000000001
0.0158,1,2.6645352591003757e-15,5.9787339602818175e-16,0,0.000056135018907845386,0.0012547195800925264,0.0007452790537792683,0.0079,0.2852439793869289,0.2560639576101173,-0.0158,0.19974332519318064,-0.7159722988722504,0.005576470588235295,0.35924761123745913,-0.7218641986743051,-0.0032529411764705882,1.0009528225181987,0,-0.011093617021276597,0.5365063509461097,-0.8027945491468366,-0.0158,0.036506350946109656,0.06323085463760211,0.007321951219512196,0.6868891137233581,0.14787972900668525,0.0158
0.016,1,6.217248937900877e-15,4.0029660424867215e-16,0,0.00006152450916070884,0.0012860061899173142,0.0007641363498738543,0.008,0.2857017469716031,0.25622885891056446,-0.016,0.19940325627703992,-0.7157482030675152,0.005647058823529412,0.35922890732119356,-0.7219363764068651,-0.0032941176470588232,1.0009770401416689,0,-0.01123404255319149,0.5365063509461097,-0.8027945491468366,-0.016,0.036506350946109656,0.06323085463760211,0.007414634146341464,0.6868891137233581,0.14787972900668525,0.016
0.0162,1,5.329070518200751e-15,5.551115123125783e-16,0,0.00006708343986694309,0.0013176547400958823,0.0007832261268155377,0.0081,0.2861657033570837,0.25639558431284365,-0.0162,0.19905889002296603,-0.7155209118906196,0.0057176470588235296,0.35920999239479795,-0.7220095091609869,-0.0033352941176470587,1.0010015615195818,0,-0.011374468085106382,0.5365063509461097,-0.8027945491468366,-0.0162,0.036506350946109656,0.06323085463760211,0.007507317073170732,0.6868891137233581,0.14787972900668525,0.0162
0.0164,1,1.7763568394002505e-15,5.551115123125783e-16,0,0.00006855805352337467,0.0013496642504973965,0.0008025483466858349,0.0082,0.28663586632576565,0.25656412425120845,-0.0164,0.1987102248607065,-0.7152904100262482,0.005788235294117648,0.359190867426056,-0.7220835990005515,-0.003376470588235294,1.001026386770837,0,-0.011514893617021278,0.5365063509461097,-0.8027945491468366,-0.0164,0.036506350946109656,0.06323085463760211,0.007600000000000001,0.6868891137233581,0.14787972900668525,0.0164
0.0166,1,4.440892098500626e-15,5.661048867003677e-16,0,0.000059245713334112807,0.001382033740988749,0.0008221029796465759,0.0083,0.28711225398954876,0.256734469026272,-0.0166,0.19835725914816313,-0.7150566818881398,0.005858823529411765,0.3591715333986046,-0.7221586480341717,-0.003417647058823529,1.0010515160251718,0,-0.01165531914893617,0.5365063509461097,-0.8027945491468366,-0.0166,0.036506350946109656,0.06323085463760211,0.007692682926829269,0.6868891137233581,0.14787972900668525,0.0166
0.016800000000000002,1,3.552713678800501e-15,7.108895957933346e-16,0,0.00004957963336903815,0.001414762231842018,0.0008418900042507664,0.008400000000000001,0.287594884794542,0.2569066088041518,-0.016800000000000002,0.19799999116937897,-0.7148197116155011,0.005929411764705884,0.3591519913120782,-0.7222346584159556,-0.003458823529411765,1.0010769494235083,0,-0.011795744680851065,0.5365063509461097,-0.8027945491468366,-0.016800000000000002,0.036506350946109656,0.06323085463760211,0.007785365853658538,0.6868891137233581,0.14787972900668525,0.016800000000000002
0.017,1,7.993605777301127e-15,2.482534153247273e-16,0,0.000039556373616826345,0.0014478487441459795,0.0008619094077552189,0.0085,0.28808377752595077,0.2570805336156111,-0.017,0.19763841913242225,-0.7145794830692872,0.006000000000000001,0.35913224218227546,-0.7223116323463086,-0.0035,1.0011026871183015,0,-0.011936170212765959,0.5365063509461097,-0.8027945491468366,-0.017,0.036506350946109656,0.06323085463760211,0.007878048780487807,0.6868891137233581,0.14787972900668525,0.017
0.0172,1,3.552713678800501e-15,2.220446049250313e-16,0,0.000029172515733797873,0.0014812923002330697,0.0008821611864610029,0.0086,0.2885789513130272,0.25725623335515513,-0.0172,0.19727254116727647,-0.7143359798284136,0.006070588235294118,0.35911228704134557,-0.7223895720727501,-0.003541176470588235,1.0011287292739124,0,-0.01207659574468085,0.5365063509461097,-0.8027945491468366,-0.0172,0.036506350946109656,0.06323085463760211,0.007970731707317073,0.6868891137233581,0.14787972900668525,0.0172
0.017400000000000002,1,3.552713678800501e-15,6.004449063730082e-16,0,0.000018424662879402924,0.001515091924091438,0.0009026453460251014,0.008700000000000001,0.28908042563416186,0.257433697780097,-0.017400000000000002,0.19690235532367567,-0.7140891851858693,0.006141176470588237,0.35909212693793624,-0.7224684798907299,-0.003582352941176471,1.0011550760669594,0,-0.012217021276595746,0.5365063509461097,-0.8027945491468366,-0.017400000000000002,0.036506350946109656,0.06323085463760211,0.008063414634146343,0.6868891137233581,0.14787972900668525,0.017400000000000002
0.0176,1,8.881784197001252e-15,1.2262814116578437e-15,0,0.000007309439538480434,0.001549246641793322,0.0009233619018020361,0.0088,0.2895882203220855,0.25761291650959234,-0.0176,0.1965278595689085,-0.7138390821447349,0.006211764705882354,0.3590717629373777,-0.7225483581444753,-0.003623529411764706,1.0011817276866946,0,-0.01235744680851064,0.5365063509461097,-0.8027945491468366,-0.0176,0.036506350946109656,0.06323085463760211,0.00815609756097561,0.6868891137233581,0.14787972900668525,0.0176
0.0178,1,3.552713678800501e-15,6.280369834735101e-16,0,0.000004176508670570091,0.0015837554819358088,0.0009443108792006049,0.0089,0.2901023555692045,0.2577938790236508,-0.0178,0.19614905178556216,-0.7135856534140832,0.006282352941176471,0.35905119612190006,-0.7226292092278725,-0.003664705882352941,1.0012086843353933,0,-0.012497872340425532,0.5365063509461097,-0.8027945491468366,-0.0178,0.036506350946109656,0.06323085463760211,0.008248780487804879,0.6868891137233581,0.14787972900668525,0.0178
0.018000000000000002,1,7.105427357601002e-15,4.0029660424867215e-16,0,0.000016036515193422273,0.0016186174760480956,0.0009654923139824648,0.009000000000000001,0.2906228519330698,0.2579765746620905,-0.018000000000000002,0.19576592976925797,-0.7133288814048114,0.006352941176470589,0.35903042759073756,-0.7227110355853075,-0.003705882352941177,1.0012359462287077,0,-0.012638297872340427,0.5365063509461097,-0.8027945491468366,-0.018000000000000002,0.036506350946109656,0.06323085463760211,0.008341463414634149,0.6868891137233581,0.14787972900668525,0.018000000000000002
0.0182,1,5.329070518200751e-15,0,0,0.0000282738927589409,0.001653831659059695,0.0009869062526726077,0.0091,0.2911497303419456,0.2581609926234851,-0.0182,0.19537849122630893,-0.7130687482253272,0.006423529411764706,0.3590094584604178,-0.7227938397126118,-0.003747058823529412,1.00126351359609,0,-0.01277872340425532,0.5365063509461097,-0.8027945491468366,-0.0182,0.036506350946109656,0.06323085463760211,0.008434146341463415,0.6868891137233581,0.14787972900668525,0.0182
0.0184,1,5.329070518200751e-15,4.0029660424867215e-16,0,0.00004089193360151273,0.0016893970697151876,0.0010085527528613451,0.0092,0.2916830121005636,0.25834712196405313,-0.0184,0.19498673377135753,-0.7128052356771596,0.006494117647058824,0.35898828986487463,-0.7228776241579431,-0.003788235294117647,1.00129138668116,0,-0.012919148936170213,0.5365063509461097,-0.8027945491468366,-0.0184,0.036506350946109656,0.06323085463760211,0.008526829268292683,0.6868891137233581,0.14787972900668525,0.0184
0.018600000000000002,1,2.6645352591003757e-15,7.108895957933346e-16,0,0.00005389390970111292,0.0017253127510313486,0.0010304318835941497,0.009300000000000001,0.2922227188959678,0.25853495159651807,-0.018600000000000002,0.19459065492496383,-0.7125383252504418,0.006564705882352942,0.3589669229556801,-0.7229623915227364,-0.0038294117647058824,1.0013195657421208,0,-0.013059574468085108,0.5365063509461097,-0.8027945491468366,-0.018600000000000002,0.036506350946109656,0.06323085463760211,0.008619512195121953,0.6868891137233581,0.14787972900668525,0.018600000000000002
0.0188,1,1.7763568394002505e-15,0,0,0.000067283073035517,0.0017615777507474588,0.0010525437257327191,0.0094,0.2927688728035469,0.25872447028894036,-0.0188,0.19419025211112573,-0.7122679981192703,0.0066352941176470595,0.3589453589022624,-0.7230481444626728,-0.0038705882352941174,1.0013480510521662,0,-0.0132,0.5365063509461097,-0.8027945491468366,-0.0188,0.036506350946109656,0.06323085463760211,0.00871219512195122,0.6868891137233581,0.14787972900668525,0.0188
0.019,1,1.7763568394002505e-15,8.671119018262736e-16,0,0.00008106265584050203,0.0017981911217659402,0.0010748883723141788,0.0095,0.29332149629316495,0.258915666663484,-0.019,0.19378552265479998,-0.7119942351369802,0.006705882352941177,0.3589235988920687,-0.7231348856886302,-0.0039117647058823524,1.0013768428998848,0,-0.013340425531914894,0.5365063509461097,-0.8027945491468366,-0.019,0.036506350946109656,0.06323085463760211,0.008804878048780489,0.6868891137233581,0.14787972900668525,0.019
0.019200000000000002,1,8.881784197001252e-16,4.965068306494546e-16,0,0.00009523587088834124,0.0018351519226211515,0.001097465928945762,0.009600000000000001,0.29388061223549083,0.2591085291951734,-0.019200000000000002,0.19337646377931797,-0.7117170168312561,0.006776470588235295,0.3589016441308186,-0.7232226179677059,-0.003952941176470589,1.0014059415896948,0,-0.013480851063829789,0.5365063509461097,-0.8027945491468366,-0.019200000000000002,0.036506350946109656,0.06323085463760211,0.008897560975609757,0.6868891137233581,0.14787972900668525,0.019200000000000002
0.0194,1,2.6645352591003757e-15,8.671119018262736e-16,0,0.00010980591177475018,0.0018724592179334076,0.0011202765141750694,0.0097,0.29444624390845675,0.2593030462105871,-0.0194,0.192963072603788,-0.7114363233991462,0.006847058823529413,0.3588794958427011,-0.7233113441242279,-0.003994117647058823,1.0014353474422604,0,-0.013621276595744681,0.5365063509461097,-0.8027945491468366,-0.0194,0.036506350946109656,0.06323085463760211,0.008990243902439025,0.6868891137233581,0.14787972900668525,0.0194
0.0196,1,2.6645352591003757e-15,6.661338147750939e-16,0,0.00012223728269250675,0.0019101120788757408,0.0011433202598893613,0.0098,0.29501841500386744,0.2594992058865125,-0.0196,0.19254534614044755,-0.7111521347019475,0.006917647058823529,0.3588571552705937,-0.7234010670407909,-0.004035294117647059,1.0014650607949378,0,-0.013761702127659575,0.5365063509461097,-0.8027945491468366,-0.0196,0.036506350946109656,0.06323085463760211,0.009082926829268293,0.6868891137233581,0.14787972900668525,0.0196
0.0198,1,2.6645352591003757e-15,1.0053497077208614e-15,0,0.00012252133731493518,0.0019481095836427157,0.0011665973117035182,0.0099,0.29559714963421246,0.2596969962485668,-0.0198,0.19212328129193001,-0.710864430259937,0.006988235294117648,0.35883462367630303,-0.7234917896593365,-0.004076470588235294,1.00149508200221,0,-0.01390212765957447,0.5365063509461097,-0.8027945491468366,-0.0198,0.036506350946109656,0.06323085463760211,0.009175609756097563,0.6868891137233581,0.14787972900668525,0.0198
0.02,1,3.552713678800501e-15,4.0029660424867215e-16,0,0.00012277685357293814,0.001986450817926964,0.0011901078293684718,0.01,0.2961824723396233,0.2598964051697629,-0.02,0.19169687484850245,-0.7105731892469841,0.007058823529411765,0.3588119023407906,-0.7235835149822356,-0.00411764705882353,1.0015254114361416,0,-0.014042553191489362,0.5365063509461097,-0.8027945491468366,-0.02,0.036506350946109656,0.06323085463760211,0.00926829268292683,0.6868891137233581,0.14787972900668525,0.02
0.020200000000000003,1,7.105427357601002e-15,1.3732700395566711e-15,0,0.00012300357515117986,0.0020251348753897148,0.0012138519871740092,0.010100000000000001,0.2967744080949833,0.26009742036902245,-0.020200000000000003,0.19126612348526298,-0.7102783904850343,0.007129411764705884,0.3587889925643928,-0.7236762460733915,-0.004158823529411765,1.001556049486832,0,-0.014182978723404257,0.5365063509461097,-0.8027945491468366,-0.020200000000000003,0.036506350946109656,0.06323085463760211,0.009360975609756099,0.6868891137233581,0.14787972900668525,0.020200000000000003
0.0204,1,3.552713678800501e-15,1.0235750533041808e-15,0,0.00012320124611893822,0.0020641608581557272,0.001237829974375974,0.0102,0.29737298231727244,0.2603000294096624,-0.0204,0.19083102375922736,-0.7099800124384081,0.007200000000000001,0.3587658956671039,-0.7237699860594028,-0.0042,1.001586996562893,0,-0.014323404255319151,0.5365063509461097,-0.8027945491468366,-0.0204,0.036506350946109656,0.06323085463760211,0.009453658536585367,0.6868891137233581,0.14787972900668525,0.0204
0.0206,1,3.552713678800501e-15,5.661048867003677e-16,0,0.00012336961090599868,0.0021035278772881436,0.0012620419956038103,0.0103,0.2979782208730503,0.26050421969780546,-0.0206,0.1903915721064144,-0.7096780332079992,0.007270588235294118,0.35874261298877663,-0.7238647381307011,-0.004241176470588235,1.0016182530919078,0,-0.014463829787234043,0.5365063509461097,-0.8027945491468366,-0.0206,0.036506350946109656,0.06323085463760211,0.009546341463414635,0.6868891137233581,0.14787972900668525,0.0206
0.020800000000000003,1,5.329070518200751e-15,1.5700924586837752e-16,0,0.00012350841427730025,0.0021432350532916873,0.001286488271306342,0.010400000000000001,0.298590150086159,0.2607099784807624,-0.020800000000000003,0.18994776483882272,-0.7093724305252771,0.007341176470588236,0.35871914588941717,-0.7239605055427648,-0.004282352941176471,1.0016498195209282,0,-0.014604255319148938,0.5365063509461097,-0.8027945491468366,-0.020800000000000003,0.036506350946109656,0.06323085463760211,0.009639024390243904,0.6868891137233581,0.14787972900668525,0.020800000000000003
0.021,1,1.7763568394002505e-15,2.220446049250313e-16,0,0.00012361740130697156,0.0021832815166068845,0.0013111690381840291,0.0105,0.2992087967455989,0.2609172928453429,-0.021,0.1894995981413807,-0.7090631817461633,0.007411764705882354,0.35869549574942633,-0.7240572916173262,-0.004323529411764706,1.0016816963169606,0,-0.014744680851063832,0.5365063509461097,-0.8027945491468366,-0.021,0.036506350946109656,0.06323085463760211,0.009731707317073172,0.6868891137233581,0.14787972900668525,0.021
0.0212,1,2.6645352591003757e-15,7.108895957933346e-16,0,0.00012369631735143242,0.0022236664081106434,0.0013360845496298921,0.0106,0.2998341881136487,0.26112614971613074,-0.0212,0.18904706806879376,-0.7087502638447197,0.007482352941176471,0.3586716639698679,-0.7241550997436227,-0.004364705882352941,1.0017138839674655,0,-0.014885106382978724,0.5365063509461097,-0.8027945491468366,-0.0212,0.036506350946109656,0.06323085463760211,0.009824390243902439,0.6868891137233581,0.14787972900668525,0.0212
0.021400000000000002,1,7.993605777301127e-15,1.6910413304902302e-15,0,0.00012374490802158955,0.0022643888796260252,0.0013612350761863978,0.010700000000000001,0.3004663519341349,0.2613365358536805,-0.021400000000000002,0.18859017054236948,-0.7084336534066934,0.0075529411764705895,0.35864765197274096,-0.724253933379669,-0.004405882352941177,1.0017463829808697,0,-0.01502553191489362,0.5365063509461097,-0.8027945491468366,-0.021400000000000002,0.036506350946109656,0.06323085463760211,0.009917073170731708,0.6868891137233581,0.14787972900668525,0.021400000000000002
0.0216,1,3.552713678800501e-15,5.551115123125783e-16,0,0.00012376291915390845,0.00230544809444714,0.0013866209060285537,0.0108,0.30110531644097066,0.261548437852683,-0.0216,0.18812890134672555,-0.7081133266228594,0.007623529411764707,0.3586234612012889,-0.7243537960535801,-0.004447058823529412,1.0017791938870986,0,-0.015165957446808511,0.5365063509461097,-0.8027945491468366,-0.0216,0.036506350946109656,0.06323085463760211,0.010009756097560977,0.6868891137233581,0.14787972900668525,0.0216
0.0218,1,8.881784197001252e-15,8.082545620880531e-16,0,0.00012375009678113372,0.0023468432278374164,0.0014122423453932751,0.0109,0.3017511103668984,0.26176184214004244,-0.0218,0.18766325612646564,-0.7077892592822179,0.007694117647058824,0.3585990931202231,-0.7244546913648776,-0.004488235294117647,1.0018123172380808,0,-0.015306382978723405,0.5365063509461097,-0.8027945491468366,-0.0218,0.036506350946109656,0.06323085463760211,0.010102439024390245,0.6868891137233581,0.14787972900668525,0.0218
0.022000000000000002,1,3.552713678800501e-15,5.661048867003677e-16,0,0.0001237061871013884,0.0023885734675723243,0.0014380997190890754,0.011000000000000001,0.30240376295247734,0.261976734972925,-0.022000000000000002,0.18719323038273428,-0.7074614267649638,0.007764705882352943,0.35857454921608173,-0.7245566229858965,-0.0045294117647058825,1.0018457536083092,0,-0.0154468085106383,0.5365063509461097,-0.8027945491468366,-0.022000000000000002,0.036506350946109656,0.06323085463760211,0.010195121951219514,0.6868891137233581,0.14787972900668525,0.022000000000000002
0.0222,1,3.552713678800501e-15,1.1102230246251565e-16,0,0.000123630936446643,0.0024306380144714147,0.001464193370988066,0.0111,0.3030633039552556,0.26219310243670974,-0.0222,0.18671881946976152,-0.7071298040353167,0.00783529411764706,0.35854983099750176,-0.724659594663165,-0.004570588235294118,1.0018795035953916,0,-0.015587234042553192,0.5365063509461097,-0.8027945491468366,-0.0222,0.036506350946109656,0.06323085463760211,0.01028780487804878,0.6868891137233581,0.14787972900668525,0.0222
0.0224,1,4.440892098500626e-15,1.1430445635548515e-15,0,0.0001235240912503,0.002473036082926715,0.0014905236645036144,0.0112,0.3037297636592738,0.2624109304429042,-0.0224,0.18624001859125436,-0.7067943656341077,0.007905882352941178,0.35852493999552704,-0.7247636102188508,-0.0046117647058823525,1.0019135678206026,0,-0.015727659574468086,0.5365063509461097,-0.8027945491468366,-0.0224,0.036506350946109656,0.06323085463760211,0.010380487804878049,0.6868891137233581,0.14787972900668525,0.0224
0.022600000000000002,1,8.881784197001252e-15,2.482534153247273e-16,0,0.00012338539801348176,0.002515766901458471,0.0015170909831208402,0.011300000000000001,0.3044031728847399,0.2626302047269724,-0.022600000000000002,0.18575682279676406,-0.7064550856711949,0.007976470588235295,0.3584998777639382,-0.7248686735522353,-0.004652941176470589,1.0019479469294696,0,-0.01586808510638298,0.5365063509461097,-0.8027945491468366,-0.022600000000000002,0.036506350946109656,0.06323085463760211,0.010473170731707318,0.6868891137233581,0.14787972900668525,0.022600000000000002
0.0228,1,5.329070518200751e-15,7.021666937153402e-16,0,0.0001232146032705798,0.0025588297132590593,0.0015438957308952766,0.0114,0.30508356299802947,0.26285091084610473,-0.0228,0.18526922697793274,-0.7061119378176529,0.008047058823529412,0.3584746458795597,-0.7249747886412182,-0.0046941176470588234,1.001982641592348,0,-0.016008510638297873,0.5365063509461097,-0.8027945491468366,-0.0228,0.036506350946109656,0.06323085463760211,0.010565853658536586,0.6868891137233581,0.14787972900668525,0.0228
0.023,1,3.552713678800501e-15,1.336885555457667e-15,0,0.0001230114535535494,0.0026022237767568557,0.0015709383329964564,0.0115,0.30577096592191366,0.2630730341769114,-0.023,0.18477722586467227,-0.7057648952977528,0.00811764705882353,0.3584492459426033,-0.7250819595438693,-0.004735294117647059,1.0020176525050255,0,-0.016148936170212767,0.5365063509461097,-0.8027945491468366,-0.023,0.036506350946109656,0.06323085463760211,0.010658536585365854,0.6868891137233581,0.14787972900668525,0.023
0.023200000000000002,1,3.552713678800501e-15,6.661338147750939e-16,0,0.00012277569535523486,0.0026459483661806426,0.0015982192362393008,0.011600000000000001,0.30646541414609646,0.26329655991304796,-0.023200000000000002,0.1842808140212324,-0.7054139308807096,0.008188235294117649,0.3584236795770123,-0.7251901904000182,-0.004776470588235294,1.002052980389331,0,-0.01628936170212766,0.5365063509461097,-0.8027945491468366,-0.023200000000000002,0.036506350946109656,0.06323085463760211,0.010751219512195124,0.6868891137233581,0.14787972900668525,0.023200000000000002
0.0234,1,7.105427357601002e-15,8.671119018262736e-16,0,0.0001225070750915759,0.002690002772134504,0.0016257389096404039,0.0117,0.3071669407380224,0.2635214730627568,-0.0234,0.1837799858421937,-0.7050590168722083,0.008258823529411765,0.35839794843080486,-0.7252994854328787,-0.004817647058823529,1.0020886259937574,0,-0.016429787234042554,0.5365063509461097,-0.8027945491468366,-0.0234,0.036506350946109656,0.06323085463760211,0.01084390243902439,0.6868891137233581,0.14787972900668525,0.0234
0.0236,1,4.440892098500626e-15,4.0029660424867215e-16,0,0.00012220533906264784,0.0027343863021835795,0.0016534978449844755,0.0118,0.3078755793539681,0.2637477584463315,-0.0236,0.18327473554837054,-0.7047001251056979,0.008329411764705882,0.35837205417644247,-0.725409848950718,-0.004858823529411764,1.0021245900941063,0,-0.016570212765957448,0.5365063509461097,-0.8027945491468366,-0.0236,0.036506350946109656,0.06323085463760211,0.010936585365853659,0.6868891137233581,0.14787972900668525,0.0236
0.0238,1,2.6645352591003757e-15,4.0029660424867215e-16,0,0.00012187023341269955,0.002779098281436954,0.0016814965573880198,0.0119,0.30859136425050504,0.2639754006935113,-0.0238,0.18276505718256827,-0.7043372269334074,0.008400000000000001,0.3583459985111885,-0.725521285348573,-0.0049,1.0021608734941276,0,-0.01671063829787234,0.5365063509461097,-0.8027945491468366,-0.0238,0.036506350946109656,0.06323085463760211,0.011029268292682928,0.6868891137233581,0.14787972900668525,0.0238
0.024,1,4.440892098500626e-15,1.5700924586837752e-16,0,0.00012150150408887866,0.002824138053150769,0.0017097355858912595,0.012,0.30931433029621297,0.26420438424077425,-0.024,0.18225094460528715,-0.7039702932171412,0.008470588235294119,0.35831978315748725,-0.7256337991100039,-0.004941176470588235,1.0021974770261919,0,-0.016851063829787235,0.5365063509461097,-0.8027945491468366,-0.024,0.036506350946109656,0.06323085463760211,0.011121951219512196,0.6868891137233581,0.14787972900668525,0.024
0.024200000000000003,1,1.7763568394002505e-15,5.551115123125783e-16,0,0.00012109889679872606,0.002869504979339586,0.0017382154940681922,0.012100000000000001,0.3100445129837613,0.26443469332856234,-0.024200000000000003,0.18173239149028636,-0.703599294318788,0.008541176470588236,0.35829340986336944,-0.7257473948089075,-0.004982352941176471,1.002234401551974,0,-0.01699148936170213,0.5365063509461097,-0.8027945491468366,-0.024200000000000003,0.036506350946109656,0.06323085463760211,0.011214634146341466,0.6868891137233581,0.14787972900668525,0.024200000000000003
0.0244,1,2.6645352591003757e-15,5.661048867003677e-16,0,0.0001206621569666599,0.0029151984413864295,0.0017669368706266088,0.0122,0.31078194844230955,0.2646663119983962,-0.0244,0.18120939132006242,-0.7032242000905763,0.008611764705882353,0.3582668804028233,-0.7258620771113546,-0.005023529411764706,1.0022716479631453,0,-0.017131914893617022,0.5365063509461097,-0.8027945491468366,-0.0244,0.036506350946109656,0.06323085463760211,0.011307317073170732,0.6868891137233581,0.14787972900668525,0.0244
0.0246,1,1.7763568394002505e-15,2.482534153247273e-16,0,0.00012019102968894596,0.0029612178406744232,0.0017959003300431168,0.0123,0.31152667345029983,0.26489922408992084,-0.0246,0.18068193738117322,-0.7028449798650195,0.008682352941176471,0.3582401965762274,-0.7259778507775079,-0.005064705882352941,1.0023092171820873,0,-0.017272340425531916,0.5365063509461097,-0.8027945491468366,-0.0246,0.036506350946109656,0.06323085463760211,0.0114,0.6868891137233581,0.14787972900668525,0.0246
0.024800000000000003,1,8.881784197001252e-16,7.947987303456223e-16,0,0.00011968525968750891,0.0030075625992228706,0.0018251065132067752,0.012400000000000001,0.31227872544856966,0.26513341323783757,-0.024800000000000003,0.180150022759483,-0.7024616024445957,0.00875294117647059,0.35821336021075945,-0.7260947206635662,-0.005105882352941177,1.0023471101626247,0,-0.01741276595744681,0.5365063509461097,-0.8027945491468366,-0.024800000000000003,0.036506350946109656,0.06323085463760211,0.01149268292682927,0.6868891137233581,0.14787972900668525,0.024800000000000003
0.025,1,3.552713678800501e-15,6.753223014464258e-16,0,0.00011914459126245022,0.0030542321603309413,0.0018545560880683402,0.0125,0.3130381425538788,0.2653688628687449,-0.025,0.17961364033525373,-0.7020740360911096,0.008823529411764707,0.3581863731608236,-0.7262126917237718,-0.005147058823529412,1.0023853278907657,0,-0.017553191489361703,0.5365063509461097,-0.8027945491468366,-0.025,0.036506350946109656,0.06323085463760211,0.011585365853658538,0.6868891137233581,0.14787972900668525,0.025
0.0252,1,3.552713678800501e-15,8.400361489980554e-16,0,0.00011856876824298108,0.0031012259892443483,0.0018842497503278495,0.0126,0.3138049635728111,0.26560555619788256,-0.0252,0.1790727827781182,-0.7016822485147405,0.008894117647058825,0.35815923730852,-0.7263317690124849,-0.005188235294117647,1.0024238713854792,0,-0.017693617021276597,0.5365063509461097,-0.8027945491468366,-0.0252,0.036506350946109656,0.06323085463760211,0.011678048780487806,0.6868891137233581,0.14787972900668525,0.0252
0.025400000000000002,1,1.7763568394002505e-15,9.155133597044475e-16,0,0.0001179575339372298,0.0031485435738180375,0.001914188224111885,0.012700000000000001,0.3145792280161031,0.2658434762257609,-0.025400000000000002,0.17852744254190908,-0.7012862068627663,0.008964705882352942,0.35813195456407604,-0.7264519576862942,-0.005229411764705883,1.0024627416994674,0,-0.01783404255319149,0.5365063509461097,-0.8027945491468366,-0.025400000000000002,0.036506350946109656,0.06323085463760211,0.011770731707317074,0.6868891137233581,0.14787972900668525,0.025400000000000002
0.0256,1,6.217248937900877e-15,4.0029660424867215e-16,0,0.0001173106310806179,0.003196184425193077,0.0019443722626751871,0.0128,0.3153609761133507,0.2660826057346774,-0.0256,0.17797761185938957,-0.7008858777079784,0.00903529411764706,0.3581045268663014,-0.7265732630061841,-0.005270588235294118,1.0025019399199713,0,-0.017974468085106384,0.5365063509461097,-0.8027945491468366,-0.0256,0.036506350946109656,0.06323085463760211,0.011863414634146342,0.6868891137233581,0.14787972900668525,0.0256
0.0258,1,4.440892098500626e-15,3.510833468576701e-16,0,0.00011662780178228601,0.0032441480785047644,0.001974802649141974,0.0129,0.31615024882823456,0.26632292728514934,-0.0258,0.1774232827367491,-0.7004812270366759,0.009105882352941177,0.35807695618312396,-0.7266956903398127,-0.005311764705882353,1.0025414671696014,0,-0.018114893617021278,0.5365063509461097,-0.8027945491468366,-0.0258,0.036506350946109656,0.06323085463760211,0.01195609756097561,0.6868891137233581,0.14787972900668525,0.0258
0.026000000000000002,1,3.552713678800501e-15,8.082545620880531e-16,0,0.00011590878747067332,0.0032924340935754325,0.002005480197232603,0.013000000000000001,0.3169470878740819,0.2665644232121802,-0.026000000000000002,0.176864446948074,-0.7000722202364005,0.009176470588235296,0.3580492445120266,-0.7268192451637765,-0.005352941176470588,1.0025813246071769,0,-0.01825531914893617,0.5365063509461097,-0.8027945491468366,-0.026000000000000002,0.036506350946109656,0.06323085463760211,0.01204878048780488,0.6868891137233581,0.14787972900668525,0.026000000000000002
0.0262,1,5.329070518200751e-15,8.455206652451151e-16,0,0.00011515332883705959,0.0033410420556390158,0.002036405752026517,0.0131,0.3177515357300211,0.266807075621456,-0.0262,0.1763010960295472,-0.6996588220832042,0.009247058823529412,0.35802139388058657,-0.7269439330660067,-0.0053941176470588235,1.002621513428592,0,-0.018395744680851065,0.5365063509461097,-0.8027945491468366,-0.0262,0.036506350946109656,0.06323085463760211,0.012141463414634148,0.6868891137233581,0.14787972900668525,0.0262
0.0264,1,6.217248937900877e-15,4.577566798522237e-16,0,0.00011436116577757762,0.0033899715760782752,0.0020675801907483245,0.0132,0.3185636356575393,0.2670508663853837,-0.0264,0.17573322127355376,-0.6992409967285805,0.00931764705882353,0.35799340634699733,-0.7270697597482045,-0.005435294117647058,1.002662034867709,0,-0.01853617021276596,0.5365063509461097,-0.8027945491468366,-0.0264,0.036506350946109656,0.06323085463760211,0.012234146341463414,0.6868891137233581,0.14787972900668525,0.0264
0.026600000000000002,1,1.7763568394002505e-15,4.0029660424867215e-16,0,0.00011353203733371974,0.003439222293167391,0.0020990044235623204,0.013300000000000001,0.3193834317175793,0.26729577713901354,-0.026600000000000002,0.17516081372259587,-0.6988187076859783,0.009388235294117649,0.35796528400060457,-0.7271967310283541,-0.0054764705882352945,1.002702890197269,0,-0.018676595744680852,0.5365063509461097,-0.8027945491468366,-0.026600000000000002,0.036506350946109656,0.06323085463760211,0.012326829268292684,0.6868891137233581,0.14787972900668525,0.026600000000000002
0.0268,1,1.7763568394002505e-15,2.220446049250313e-16,0,0.00011266568163102631,0.003488793872835951,0.0021306793943908268,0.0134,0.32021096878815347,0.2675417892758185,-0.0268,0.17458386416304578,-0.698391917816904,0.009458823529411766,0.3579370289624472,-0.7273248528433006,-0.005517647058823529,1.002744080729827,0,-0.018817021276595746,0.5365063509461097,-0.8027945491468366,-0.0268,0.036506350946109656,0.06323085463760211,0.012419512195121952,0.6868891137233581,0.14787972900668525,0.0268
0.027,1,1.7763568394002505e-15,6.661338147750939e-16,0,0.00011176183581584602,0.003538686009454758,0.002162606081769778,0.0135,0.3210462925825216,0.26778888394335204,-0.027,0.174002363118683,-0.6979605893165646,0.009529411764705883,0.3579086433858605,-0.7274541312514341,-0.0055588235294117645,1.0027856078187203,0,-0.01895744680851064,0.5365063509461097,-0.8027945491468366,-0.027,0.036506350946109656,0.06323085463760211,0.01251219512195122,0.6868891137233581,0.14787972900668525,0.027
0.027200000000000002,1,7.105427357601002e-15,2.482534153247273e-16,0,0.00011082023599062002,0.003588898426623695,0.002194785499705041,0.013600000000000001,0.321889449667885,0.26803704203873563,-0.027200000000000002,0.17341630084410695,-0.6975246836991115,0.009600000000000001,0.3578801294570304,-0.7275845724354103,-0.0056,1.0028274728590552,0,-0.019097872340425533,0.5365063509461097,-0.8027945491468366,-0.027200000000000002,0.036506350946109656,0.06323085463760211,0.01260487804878049,0.6868891137233581,0.14787972900668525,0.027200000000000002
0.0274,1,2.6645352591003757e-15,5.9787339602818175e-16,0,0.00010984061714704115,0.0036394308779863944,0.0022272186985622944,0.0137,0.3227404874847183,0.2682862442040152,-0.0274,0.1728256673178953,-0.6970841617823692,0.009670588235294118,0.35785148939561,-0.7277161827049891,-0.005641176470588235,1.0028696772887216,0,-0.019238297872340427,0.5365063509461097,-0.8027945491468366,-0.0274,0.036506350946109656,0.06323085463760211,0.012697560975609756,0.6868891137233581,0.14787972900668525,0.0274
0.027600000000000003,1,3.552713678800501e-15,8.082545620880531e-16,0,0.00010882271309723578,0.0036902831480649175,0.002259906765987227,0.013800000000000002,0.3235994543667079,0.26853647082136517,-0.027600000000000003,0.1722304522355714,-0.6966389836720918,0.009741176470588237,0.3578227254553491,-0.7278489684999506,-0.005682352941176471,1.0029122225894422,0,-0.01937872340425532,0.5365063509461097,-0.8027945491468366,-0.027600000000000003,0.036506350946109656,0.06323085463760211,0.012790243902439026,0.6868891137233581,0.14787972900668525,0.027600000000000003
0.027800000000000002,1,1.7763568394002505e-15,4.0029660424867215e-16,0,0.00010776625640303967,0.0037414550531084537,0.0022928508278497557,0.013900000000000001,0.3244663995612814,0.26878770200811797,-0.027800000000000002,0.17163064500238293,-0.6961891087457276,0.009811764705882355,0.3577938399247413,-0.7279829363931,-0.005723529411764706,1.0029551102878516,0,-0.019519148936170214,0.5365063509461097,-0.8027945491468366,-0.027800000000000002,0.036506350946109656,0.06323085463760211,0.012882926829268294,0.6868891137233581,0.14787972900668525,0.027800000000000002
0.028,1,2.6645352591003757e-15,5.661048867003677e-16,0,0.000106670978303296,0.0037929464419572123,0.002326052049198662,0.014,0.32534137325084483,0.26903991761163265,-0.028,0.17102623472584028,-0.6957344956356534,0.00988235294117647,0.3577648351276589,-0.7281180930933527,-0.005764705882352941,1.0029983419565913,0,-0.019659574468085108,0.5365063509461097,-0.8027945491468366,-0.028,0.036506350946109656,0.06323085463760211,0.012975609756097562,0.6868891137233581,0.14787972900668525,0.028
0.028200000000000003,1,5.329070518200751e-15,3.510833468576701e-16,0,0.00010553660863878594,0.003844757196936687,0.0023595116352647405,0.014100000000000001,0.32622442657467193,0.269293097203991,-0.028200000000000003,0.1704172102080379,-0.6952751022118637,0.00995294117647059,0.35773571342404836,-0.7282544454489353,-0.005805882352941177,1.0030419192154574,0,-0.0198,0.5365063509461097,-0.8027945491468366,-0.028200000000000003,0.036506350946109656,0.06323085463760211,0.013068292682926832,0.6868891137233581,0.14787972900668525,0.028200000000000003
0.0284,1,3.552713678800501e-15,4.0029660424867215e-16,0,0.00010436287577504064,0.003896887234768197,0.002393230832488537,0.0142,0.3271156116515131,0.2695472200765143,-0.0284,0.16980355993772556,-0.6948108855640931,0.010023529411764707,0.357706477210643,-0.7283920004506845,-0.005847058823529412,1.0030858437325738,0,-0.019940425531914895,0.5365063509461097,-0.8027945491468366,-0.0284,0.036506350946109656,0.06323085463760211,0.013160975609756098,0.6868891137233581,0.14787972900668525,0.0284
0.0286,1,4.440892098500626e-15,5.9787339602818175e-16,0,0.00010314950652275168,0.0039493365075060115,0.0024272109295777828,0.0143,0.328014981602977,0.2698022652341,-0.0286,0.16918527208212156,-0.6943418019833365,0.010094117647058825,0.3576771289216862,-0.7285307652354528,-0.005888235294117647,1.003130117225598,0,-0.02008085106382979,0.5365063509461097,-0.8027945491468366,-0.0286,0.036506350946109656,0.06323085463760211,0.013253658536585366,0.6868891137233581,0.14787972900668525,0.0286
0.028800000000000003,1,6.217248937900877e-15,3.510833468576701e-16,0,0.00010189622605616077,0.004002105003482506,0.0024614532585764174,0.014400000000000001,0.3289225905776204,0.27005821138933866,-0.028800000000000003,0.16856233447851462,-0.6938678069428014,0.010164705882352942,0.357647671029642,-0.7286707470895948,-0.005929411764705883,1.0031747414629602,0,-0.020221276595744683,0.5365063509461097,-0.8027945491468366,-0.028800000000000003,0.036506350946109656,0.06323085463760211,0.013346341463414636,0.6868891137233581,0.14787972900668525,0.028800000000000003
0.029,1,3.552713678800501e-15,8.881784197001252e-16,0,0.00010060275782834918,0.004055192748305498,0.0024959591960130685,0.0145,0.329838493775883,0.2703150369564626,-0.029,0.16793473462554423,-0.6933888550781714,0.01023529411764706,0.35761810604602023,-0.7288119534526197,-0.005970588235294117,1.003219718265159,0,-0.020361702127659576,0.5365063509461097,-0.8027945491468366,-0.029,0.036506350946109656,0.06323085463760211,0.013439024390243904,0.6868891137233581,0.14787972900668525,0.029
0.0292,1,2.6645352591003757e-15,1.5700924586837752e-16,0,0.00009926882348459403,0.004108599805850886,0.002530730164028133,0.0146,0.33076274747588164,0.2705727200450672,-0.0292,0.16730245967420335,-0.6929049001672227,0.010305882352941177,0.35758843652213335,-0.7289543919209228,-0.006011764705882353,1.003265049506067,0,-0.02050212765957447,0.5365063509461097,-0.8027945491468366,-0.0292,0.036506350946109656,0.06323085463760211,0.013531707317073172,0.6868891137233581,0.14787972900668525,0.0292
0.029400000000000003,1,5.329070518200751e-15,4.0029660424867215e-16,0,0.00009789414277268794,0.004162326279303094,0.002565767631580503,0.014700000000000001,0.331695409059994,0.2708312384536082,-0.029400000000000003,0.16666549641860381,-0.692415895108783,0.010376470588235296,0.3575586650499232,-0.7290980702516456,-0.006052941176470588,1.003310737114307,0,-0.020642553191489364,0.5365063509461097,-0.8027945491468366,-0.029400000000000003,0.036506350946109656,0.06323085463760211,0.01362439024390244,0.6868891137233581,0.14787972900668525,0.029400000000000003
0.0296,1,4.440892098500626e-15,6.473657049138937e-16,0,0.00009647843345057931,0.004216372312216195,0.0026010731156716426,0.0148,0.3326365370424247,0.27109056966268713,-0.0296,0.16602383128636866,-0.6919217919009196,0.010447058823529413,0.35752879426281875,-0.7292429963666837,-0.006094117647058824,1.003356783074654,0,-0.020782978723404257,0.5365063509461097,-0.8027945491468366,-0.0296,0.036506350946109656,0.06323085463760211,0.013717073170731708,0.6868891137233581,0.14787972900668525,0.0296
0.0298,1,2.6645352591003757e-15,6.280369834735101e-16,0,0.00009502141119122699,0.004270738089602386,0.002636648182611538,0.0149,0.3335861910976789,0.2713506908280916,-0.0298,0.16537745032874596,-0.6914225416184157,0.010517647058823531,0.3574988268366021,-0.7293891783568116,-0.006135294117647058,1.0034031894294875,0,-0.02092340425531915,0.5365063509461097,-0.8027945491468366,-0.0298,0.036506350946109656,0.06323085463760211,0.013809756097560976,0.6868891137233581,0.14787972900668525,0.0298
0.030000000000000002,1,6.217248937900877e-15,5.551115123125783e-16,0,0.00009352278948448888,0.004325423839050717,0.00267249444931982,0.015000000000000001,0.3345444320900296,0.2716115787735879,-0.030000000000000002,0.16472633921038562,-0.6909180943894561,0.010588235294117648,0.3574687654902939,-0.7295366244859444,-0.0061764705882352946,1.0034499582802867,0,-0.021063829787234045,0.5365063509461097,-0.8027945491468366,-0.030000000000000002,0.036506350946109656,0.06323085463760211,0.013902439024390246,0.6868891137233581,0.14787972900668525,0.030000000000000002
0.0302,1,2.6645352591003757e-15,3.510833468576701e-16,0,0.00009198227953561924,0.0043804298318902936,0.0027086135846972554,0.0151,0.33551132210399975,0.27187320998347114,-0.0302,0.16407048319874964,-0.6904083993714831,0.010658823529411766,0.35743861298713997,-0.7296853431955809,-0.006217647058823529,1.0034970917891908,0,-0.021204255319148938,0.5365063509461097,-0.8027945491468366,-0.0302,0.036506350946109656,0.06323085463760211,0.013995121951219514,0.6868891137233581,0.14787972900668525,0.0302
0.0304,1,7.105427357601002e-15,3.1401849173675503e-16,0,0.00009039959016124427,0.0044357563843576645,0.002745007310984788,0.0152,0.33648692447593287,0.2721355605948231,-0.0304,0.16340986715320086,-0.6898934047262428,0.010729411764705883,0.3574083721354924,-0.7298353431093332,-0.006258823529411765,1.0035445921805772,0,-0.021344680851063832,0.5365063509461097,-0.8027945491468366,-0.0304,0.036506350946109656,0.06323085463760211,0.014087804878048782,0.6868891137233581,0.14787972900668525,0.0304
0.030600000000000002,1,2.6645352591003757e-15,1.1102230246251565e-16,0,0.00008877442768097747,0.004491403858842755,0.0027816774052512685,0.015300000000000001,0.3374713038266564,0.2723986063895279,-0.030600000000000002,0.1627444755136659,-0.6893730575938944,0.010800000000000002,0.3573780457898986,-0.7299866330376976,-0.0063,1.0035924617427419,0,-0.021485106382978725,0.5365063509461097,-0.8027945491468366,-0.030600000000000002,0.036506350946109656,0.06323085463760211,0.01418048780487805,0.6868891137233581,0.14787972900668525,0.030600000000000002
0.0308,1,3.552713678800501e-15,9.930136612989092e-16,0,0.00008710649580667096,0.004547372665123472,0.002818625700839268,0.0154,0.3384645260953433,0.2726623227859611,-0.0308,0.16207429228894205,-0.688847304066242,0.010870588235294118,0.3573476368520463,-0.730139221982913,-0.0063411764705882355,1.0036407028295806,0,-0.02162553191489362,0.5365063509461097,-0.8027945491468366,-0.0308,0.036506350946109656,0.06323085463760211,0.014273170731707318,0.6868891137233581,0.14787972900668525,0.0308
0.031,1,4.440892098500626e-15,8.95090418262362e-16,0,0.00008539549552717552,0.004603663261677331,0.0028558540889309742,0.0155,0.3394666585745492,0.27292668483040233,-0.031,0.16139930104457995,-0.6883160891589781,0.010941176470588235,0.35731714827188155,-0.7302931191440502,-0.00638235294117647,1.0036893178623745,0,-0.02176595744680851,0.5365063509461097,-0.8027945491468366,-0.031,0.036506350946109656,0.06323085463760211,0.014365853658536586,0.6868891137233581,0.14787972900668525,0.031
0.031200000000000002,1,3.552713678800501e-15,5.551115123125783e-16,0,0.00008364112498978634,0.004660276157011704,0.0028933645201381464,0.015600000000000001,0.3404777699465451,0.2731916671881252,-0.031200000000000002,0.16071948489032864,-0.6877793567829246,0.011011764705882355,0.35728658304869887,-0.7304483339222559,-0.006423529411764706,1.0037383093316128,0,-0.021906382978723406,0.5365063509461097,-0.8027945491468366,-0.031200000000000002,0.036506350946109656,0.06323085463760211,0.014458536585365856,0.6868891137233581,0.14787972900668525,0.031200000000000002
0.031400000000000004,1,6.217248937900877e-15,3.1401849173675503e-16,0,0.00008184307937753071,0.00471721191104806,0.002931159006154516,0.015700000000000002,0.34149793032097925,0.2734572441341568,-0.031400000000000004,0.16003482646713932,-0.6872370497142231,0.011082352941176472,0.35725594423227663,-0.7306048759261913,-0.006464705882352942,1.003787679798889,0,-0.0220468085106383,0.5365063509461097,-0.8027945491468366,-0.031400000000000004,0.036506350946109656,0.06323085463760211,0.014551219512195126,0.6868891137233581,0.14787972900668525,0.031400000000000004
0.0316,1,1.7763568394002505e-15,4.577566798522237e-16,0,0.00008000105078269743,0.004774471136534973,0.0029692396214489815,0.0158,0.3425272112739096,0.27372338954369296,-0.0316,0.15934530793370125,-0.6866891095634314,0.01115294117647059,0.3572252349240512,-0.7307627549776641,-0.0065058823529411764,1.0038374318988499,0,-0.022187234042553194,0.5365063509461097,-0.8027945491468366,-0.0316,0.036506350946109656,0.06323085463760211,0.014643902439024392,0.6868891137233581,0.14787972900668525,0.0316
0.0318,1,1.7763568394002505e-15,8.082545620880531e-16,0,0.00007811472807561521,0.004832054500528243,0.0030076085050517857,0.0159,0.3435656858883068,0.27399007688216254,-0.0318,0.15865091095247272,-0.6861354767434611,0.011223529411764707,0.35719445827834917,-0.730921981117479,-0.006547058823529412,1.0038875683412376,0,-0.022327659574468087,0.5365063509461097,-0.8027945491468366,-0.0318,0.036506350946109656,0.06323085463760211,0.01473658536585366,0.6868891137233581,0.14787972900668525,0.0318
0.032,1,1.7763568394002505e-15,1.5700924586837752e-16,0,0.00007618379676943531,0.004889962725900604,0.003046267862375415,0.016,0.34461342879603335,0.2742572791949039,-0.032,0.1579516166752257,-0.6855760904363332,0.011294117647058824,0.35716361750364195,-0.7310825646114887,-0.0065882352941176465,1.0039380919129832,0,-0.02246808510638298,0.5365063509461097,-0.8027945491468366,-0.032,0.036506350946109656,0.06323085463760211,0.014829268292682928,0.6868891137233581,0.14787972900668525,0.032
0.0322,1,6.217248937900877e-15,6.473657049138937e-16,0,0.00007420793887983614,0.004948196592918044,0.0030852199671218923,0.0161,0.3456705162214864,0.2745249690964744,-0.0322,0.15724740572799295,-0.6850108885586361,0.011364705882352942,0.35713271586387874,-0.7312445159568991,-0.006629411764705882,1.0039890054803924,0,-0.02260851063829787,0.5365063509461097,-0.8027945491468366,-0.0322,0.036506350946109656,0.06323085463760211,0.014921951219512196,0.6868891137233581,0.14787972900668525,0.0322
0.0324,1,3.552713678800501e-15,1.1102230246251565e-16,0,0.00007218683278029796,0.005006756940856023,0.003124467163248301,0.0162,0.3467370260267912,0.27479311875951745,-0.0324,0.1565382581955376,-0.6844398077257344,0.011435294117647059,0.3571017566798181,-0.7314078458887707,-0.006670588235294117,1.0040403119914025,0,-0.022748936170212765,0.5365063509461097,-0.8027945491468366,-0.0324,0.036506350946109656,0.06323085463760211,0.015014634146341464,0.6868891137233581,0.14787972900668525,0.0324
0.032600000000000004,1,2.6645352591003757e-15,1.5700924586837752e-16,0,0.00007012015305198248,0.005065644669680179,0.0031640118670058295,0.016300000000000002,0.34781303775884775,0.275061699903233,-0.032600000000000004,0.15582415360514354,-0.6838627832145321,0.011505882352941178,0.35707074333045136,-0.7315725653868077,-0.006711764705882354,1.0040920144779246,0,-0.022889361702127662,0.5365063509461097,-0.8027945491468366,-0.032600000000000004,0.036506350946109656,0.06323085463760211,0.015107317073170734,0.6868891137233581,0.14787972900668525,0.032600000000000004
0.0328,1,1.7763568394002505e-15,7.108895957933346e-16,0,0.00006800757032837649,0.005124860741786916,0.0032038565690699888,0.0164,0.34889863269811144,0.2753306837813816,-0.0328,0.1551050709098473,-0.6832797489248433,0.011576470588235296,0.35703967925446095,-0.7317386856823835,-0.006752941176470588,1.004144116058282,0,-0.023029787234042556,0.5365063509461097,-0.8027945491468366,-0.0328,0.036506350946109656,0.06323085463760211,0.015200000000000002,0.6868891137233581,0.14787972900668525,0.0328
0.033,1,1.0658141036401503e-14,4.710277376051326e-16,0,0.00006584875113460097,0.005184406183794148,0.003244003836721493,0.0165,0.3499938939093361,0.2756000411698271,-0.033,0.1543809884709852,-0.6826906373392263,0.011647058823529413,0.3570085679517306,-0.7319062182658498,-0.006794117647058824,1.0041966199397243,0,-0.02317021276595745,0.5365063509461097,-0.8027945491468366,-0.033,0.036506350946109656,0.06323085463760211,0.01529268292682927,0.6868891137233581,0.14787972900668525,0.033
0.0332,1,1.7763568394002505e-15,6.206335383118182e-16,0,0.00006364335772047926,0.005244282088418376,0.003284456316158051,0.0166,0.3510989062942569,0.2758697423535838,-0.0332,0.15365188404009797,-0.6820953794812611,0.01171764705882353,0.35697741298492647,-0.7320751748941239,-0.006835294117647058,1.0042495294210667,0,-0.02331063829787234,0.5365063509461097,-0.8027945491468366,-0.0332,0.036506350946109656,0.06323085463760211,0.015385365853658538,0.6868891137233581,0.14787972900668525,0.0332
0.0334,1,1.7763568394002505e-15,2.482534153247273e-16,0,0.00006139104788801436,0.0053044896163946705,0.0033252167348417952,0.0167,0.3522137566464721,0.2761397571133622,-0.0334,0.15291773474005346,-0.6814939048721197,0.011788235294117648,0.35694621798111753,-0.7322455675985874,-0.006876470588235294,1.004302847895395,0,-0.023451063829787233,0.5365063509461097,-0.8027945491468366,-0.0334,0.036506350946109656,0.06323085463760211,0.015478048780487806,0.6868891137233581,0.14787972900668525,0.0334
0.033600000000000005,1,7.105427357601002e-15,0,0,0.000059091474812042596,0.0053650299984930195,0.0033662879039853943,0.016800000000000002,0.3533385337084164,0.2764100547115598,-0.033600000000000005,0.15217851704549246,-0.6808861414854485,0.011858823529411767,0.35691498663348215,-0.7324174086932894,-0.00691764705882353,1.0043565788529125,0,-0.02359148936170213,0.5365063509461097,-0.8027945491468366,-0.033600000000000005,0.036506350946109656,0.06323085463760211,0.015570731707317076,0.6868891137233581,0.14787972900668525,0.033600000000000005
0.033800000000000004,1,2.6645352591003757e-15,3.1401849173675503e-16,0,0.00005674428685463902,0.005425904537589815,0.003407672721108627,0.016900000000000002,0.3544733282306856,0.2766806038776929,-0.033800000000000004,0.15143420676245445,-0.6802720157004015,0.011929411764705885,0.3568837227030601,-0.73259071078348,-0.0069588235294117656,1.0044107258838755,0,-0.023731914893617024,0.5365063509461097,-0.8027945491468366,-0.033800000000000004,0.036506350946109656,0.06323085463760211,0.015663414634146344,0.6868891137233581,0.14787972900668525,0.033800000000000004
0.034,1,9.769962616701378e-15,1.3368855554576669e-15,0,0.00005434912737228675,0.005487114610827792,0.0034493741726968397,0.017,0.3556182330338377,0.2769513727932414,-0.034,0.15068477900715496,-0.6796514522527395,0.012000000000000002,0.3568524300205679,-0.7327654867744946,-0.007,1.0044652926816513,0,-0.023872340425531918,0.5365063509461097,-0.8027945491468366,-0.034,0.036506350946109656,0.06323085463760211,0.015756097560975613,0.6868891137233581,0.14787972900668525,0.034
0.0342,1,2.6645352591003757e-15,5.661048867003677e-16,0,0.000051905634515463804,0.005548661671871947,0.003491395337008515,0.0171,0.35677334307264574,0.27722232907587113,-0.0342,0.14993020818392608,-0.6790243741839321,0.01207058823529412,0.35682111248834786,-0.7329417498810178,-0.007041176470588236,1.0045202830459212,0,-0.02401276595744681,0.5365063509461097,-0.8027945491468366,-0.0342,0.036506350946109656,0.06323085463760211,0.01584878048780488,0.6868891137233581,0.14787972900668525,0.0342
0.0344,1,1.7763568394002505e-15,5.9787339602818175e-16,0,0.000049413441021199435,0.005610547253224615,0.0035337393869280124,0.0172,0.3579387555031234,0.2774934397629935,-0.0344,0.14917046796222344,-0.6783907027881414,0.012141176470588237,0.35678977408228735,-0.7331195136366941,-0.00708235294117647,1.0045757008859761,0,-0.0241531914893617,0.5365063509461097,-0.8027945491468366,-0.0344,0.036506350946109656,0.06323085463760211,0.015941463414634146,0.6868891137233581,0.14787972900668525,0.0344
0.0346,1,1.7763568394002505e-15,1.2225062931717347e-15,0,0.000046872173996936625,0.005672772968659591,0.0035764095929969233,0.0173,0.3591145697522829,0.2777646712946444,-0.0346,0.14840553125269204,-0.6777503575569833,0.012211764705882353,0.35675841885390086,-0.7332987919041698,-0.007123529411764706,1.0046315502241834,0,-0.024293617021276595,0.5365063509461097,-0.8027945491468366,-0.0346,0.036506350946109656,0.06323085463760211,0.016034146341463416,0.6868891137233581,0.14787972900668525,0.0346
0.034800000000000005,1,3.552713678800501e-15,1.2412670766236364e-15,0,0.00004428145469615021,0.005735340515741477,0.003619409326546718,0.017400000000000002,0.3603008875909142,0.2780359894956484,-0.034800000000000005,0.14763537018218426,-0.6771032561219278,0.012282352941176473,0.3567270509324766,-0.7334795988855577,-0.007164705882352942,1.0046878351995807,0,-0.024434042553191492,0.5365063509461097,-0.8027945491468366,-0.034800000000000005,0.036506350946109656,0.06323085463760211,0.016126829268292685,0.6868891137233581,0.14787972900668525,0.034800000000000005
0.035,1,1.7763568394002505e-15,2.482534153247273e-16,0,0.000041640898284829876,0.005798251678458259,0.0036627420629757024,0.0175,0.3614978132094653,0.2783073595570236,-0.035,0.14685995606773244,-0.6764493141942427,0.01235294117647059,0.3566956745273109,-0.7336619491333456,-0.0072058823529411765,1.0047445600716352,0,-0.024574468085106386,0.5365063509461097,-0.8027945491468366,-0.035,0.036506350946109656,0.06323085463760211,0.016219512195121955,0.6868891137233581,0.14787972900668525,0.035
0.0352,1,6.217248937900877e-15,3.3306690738754696e-16,0,0.00003895011359909348,0.005861508329941873,0.0037064113851379,0.0176,0.36270545329718684,0.2785787460165726,-0.0352,0.14607925938941438,-0.6757884455023702,0.012423529411764708,0.35666429392998916,-0.7338458575617512,-0.007247058823529412,1.0048017292241391,0,-0.02471489361702128,0.5365063509461097,-0.8027945491468366,-0.0352,0.036506350946109656,0.06323085463760211,0.01631219512195122,0.6868891137233581,0.14787972900668525,0.0352
0.0354,1,2.6645352591003757e-15,4.577566798522237e-16,0,0.0000362087028922769,0.005925112435328392,0.0037504209869189415,0.0177,0.3639239171247388,0.2788501127386551,-0.0354,0.14529324976201094,-0.6751205617265347,0.012494117647058824,0.35663291351684745,-0.7340313394586107,-0.007288235294117647,1.004859347169305,0,-0.02485531914893617,0.5365063509461097,-0.8027945491468366,-0.0354,0.036506350946109656,0.06323085463760211,0.016404878048780488,0.6868891137233581,0.14787972900668525,0.0354
0.0356,1,5.329070518200751e-15,7.447602459741819e-16,0,0.000033416261572018026,0.00598906605472283,0.003794774676938387,0.0178,0.3651533166304909,0.27912142289306996,-0.0356,0.14450189590540408,-0.6744455724304738,0.012564705882352941,0.3566015377514619,-0.7342184104977637,-0.007329411764705882,1.004917418552014,0,-0.024995744680851063,0.5365063509461097,-0.8027945491468366,-0.0356,0.036506350946109656,0.06323085463760211,0.016497560975609758,0.6868891137233581,0.14787972900668525,0.0356
0.0358,1,1.7763568394002505e-15,3.510833468576701e-16,0,0.0000305723779261039,0.0060533713463047124,0.003839476382441269,0.0179,0.36639376651057687,0.27939263893300326,-0.0358,0.14370516561369803,-0.6737633849901563,0.012635294117647059,0.35657017118731354,-0.7344070867520036,-0.007370588235294117,1.0049759481542753,0,-0.025136170212765957,0.5365063509461097,-0.8027945491468366,-0.0358,0.036506350946109656,0.06323085463760211,0.016590243902439024,0.6868891137233581,0.14787972900668525,0.0358
0.036000000000000004,1,1.7763568394002505e-15,2.220446049250313e-16,0,0.000027676632837271238,0.006118030569547986,0.0038845301533247858,0.018000000000000002,0.36764538431308663,0.27966372257199035,-0.036000000000000004,0.14290302572292124,-0.673073904519281,0.012705882352941178,0.3565388184704798,-0.7345973847065844,-0.007411764705882354,1.005034940899855,0,-0.025276595744680854,0.5365063509461097,-0.8027945491468366,-0.036000000000000004,0.036506350946109656,0.06323085463760211,0.016682926829268297,0.6868891137233581,0.14787972900668525,0.036000000000000004
0.0362,1,2.6645352591003757e-15,4.965068306494546e-16,0,0.000024728599485260195,0.006183046088606104,0.003929940166389137,0.0181,0.3689082905364845,0.27993463475985264,-0.0362,0.14209544207727123,-0.6723770337913942,0.012776470588235295,0.35650748434253127,-0.7347893212733692,-0.007452941176470588,1.0050944018591421,0,-0.025417021276595748,0.5365063509461097,-0.8027945491468366,-0.0362,0.036506350946109656,0.06323085463760211,0.016775609756097563,0.6868891137233581,0.14787972900668525,0.0362
0.0364,1,1.7763568394002505e-15,5.551115123125783e-16,0,0.00002172784303619741,0.006248420375842156,0.00397571072977059,0.0182,0.3701826087325764,0.28020533565753775,-0.0364,0.14128237949380176,-0.6716726731584334,0.012847058823529413,0.35647617364351664,-0.7349829138056131,-0.007494117647058824,1.0051543362542286,0,-0.02555744680851064,0.5365063509461097,-0.8027945491468366,-0.0364,0.036506350946109656,0.06323085463760211,0.01686829268292683,0.6868891137233581,0.14787972900668525,0.0364
0.0366,1,1.7763568394002505e-15,2.220446049250313e-16,0,0.000018673920318780916,0.0063141560155025684,0.004021846287548383,0.0183,0.3714684656142525,0.2804757846107988,-0.0366,0.1404638017254762,-0.6709607204655044,0.01291764705882353,0.35644489131506396,-0.735178180113425,-0.0075352941176470584,1.0052147494642059,0,-0.02569787234042553,0.5365063509461097,-0.8027945491468366,-0.0366,0.036506350946109656,0.06323085463760211,0.0169609756097561,0.6868891137233581,0.14787972900668525,0.0366
0.0368,1,7.105427357601002e-15,2.220446049250313e-16,0,0.00001556637948543612,0.006380255707590137,0.004068351424627848,0.0184,0.37276599116825904,0.280745940122667,-0.0368,0.13963967142249228,-0.6702410709616651,0.012988235294117648,0.35641364240366896,-0.7353751384799662,-0.007576470588235294,1.0052756470307422,0,-0.025838297872340425,0.5365063509461097,-0.8027945491468366,-0.0368,0.036506350946109656,0.06323085463760211,0.017053658536585366,0.6868891137233581,0.14787972900668525,0.0368
0.037000000000000005,1,3.552713678800501e-15,5.9787339602818175e-16,0,0.000012404759659205019,0.006446722271880371,0.0041152308717848475,0.018500000000000003,0.3740753187733371,0.2810157598246178,-0.037000000000000005,0.1388099500917656,-0.6695136172064943,0.013058823529411767,0.3563824320640743,-0.7355738076783972,-0.00761764705882353,1.005337034663886,0,-0.025978723404255322,0.5365063509461097,-0.8027945491468366,-0.037000000000000005,0.036506350946109656,0.06323085463760211,0.01714634146341464,0.6868891137233581,0.14787972900668525,0.037000000000000005
0.037200000000000004,1,4.440892098500626e-15,5.551115123125783e-16,0,0.000009188590563764772,0.006513558652160135,0.004162489511007081,0.018600000000000002,0.37539658532404363,0.28128520044639516,-0.037200000000000004,0.13797459805445575,-0.668778248972168,0.013129411764705884,0.356351265562856,-0.7357742069896558,-0.007658823529411765,1.0053989182481746,0,-0.026119148936170216,0.5365063509461097,-0.8027945491468366,-0.037200000000000004,0.036506350946109656,0.06323085463760211,0.017239024390243905,0.6868891137233581,0.14787972900668525,0.037200000000000004
0.0374,1,4.440892098500626e-15,7.108895957933346e-16,0,0.000005917392136945585,0.006580767920652596,0.004210132381075718,0.0187,0.3767299313605034,0.2815542177843787,-0.0374,0.13713357440145302,-0.6680348531408268,0.013200000000000002,0.35632014828217307,-0.7359763562210879,-0.0077,1.0054613038490305,0,-0.02625957446808511,0.5365063509461097,-0.8027945491468366,-0.0374,0.036506350946109656,0.06323085463760211,0.01733170731707317,0.6868891137233581,0.14787972900668525,0.0374
0.0376,1,1.7763568394002505e-15,4.0029660424867215e-16,0,0.0000025906741264724178,0.006648353282648997,0.004258164683401889,0.0188,0.37807550120455785,0.2818227666684161,-0.0376,0.13628683694669394,-0.6672833135969398,0.013270588235294119,0.35628908572363127,-0.7361802757259626,-0.007741176470588235,1.0055241977194571,0,-0.0264,0.5365063509461097,-0.8027945491468366,-0.0376,0.036506350946109656,0.06323085463760211,0.01742439024390244,0.6868891137233581,0.14787972900668525,0.0376
0.0378,1,1.7763568394002505e-15,1.2658490090568385e-15,0,7.920643338222092e-7,0.006716318081383899,0.004306591788180625,0.0189,0.3794334431026629,0.28209080092705835,-0.0378,0.13543434217810937,-0.6665235111142961,0.013341176470588237,0.3562580835124318,-0.7363859864240037,-0.00778235294117647,1.005587606307083,0,-0.026540425531914894,0.5365063509461097,-0.8027945491468366,-0.0378,0.036506350946109656,0.06323085463760211,0.017517073170731708,0.6868891137233581,0.14787972900668525,0.0378
0.038,1,3.552713678800501e-15,5.661048867003677e-16,0,0.000004231335167349066,0.006784665803133982,0.00435541924082873,0.019,0.380803909375879,0.2823582733510445,-0.038,0.13457604520618813,-0.6657553232374287,0.013411764705882354,0.3562271474016129,-0.7365935098228849,-0.007823529411764705,1.0056515362615426,0,-0.026680851063829787,0.5365063509461097,-0.8027945491468366,-0.038,0.036506350946109656,0.06323085463760211,0.017609756097560977,0.6868891137233581,0.14787972900668525,0.038
0.038200000000000005,1,1.7763568394002505e-15,4.440892098500626e-16,0,0.000007727661820255816,0.006853400082594281,0.004404652768778402,0.019100000000000002,0.3821870565775546,0.28262513565500647,-0.038200000000000005,0.13371189970983255,-0.6649786241569475,0.013482352941176473,0.3561962832766104,-0.7368028680408802,-0.007864705882352942,1.005715994442249,0,-0.026821276595744684,0.5365063509461097,-0.8027945491468366,-0.038200000000000005,0.036506350946109656,0.06323085463760211,0.017702439024390247,0.6868891137233581,0.14787972900668525,0.038200000000000005
0.038400000000000004,1,1.7763568394002505e-15,7.021666937153402e-16,0,0.000011281579748698256,0.006922524708499719,0.004454298288581936,0.019200000000000002,0.38358304565895457,0.28289133843718933,-0.038400000000000004,0.132841857879549,-0.6641932845786106,0.01355294117647059,0.35616549715993195,-0.737014083830603,-0.007905882352941178,1.0057809879265398,0,-0.026961702127659578,0.5365063509461097,-0.8027945491468366,-0.038400000000000004,0.036506350946109656,0.06323085463760211,0.017795121951219513,0.6868891137233581,0.14787972900668525,0.038400000000000004
0.0386,1,6.217248937900877e-15,3.510833468576701e-16,0,0.000014893636930979,0.006992043629557958,0.004504361913412809,0.0193,0.38499204214357,0.2831568311371485,-0.0386,0.1319658703576018,-0.6633991715855477,0.013623529411764708,0.3561347952161359,-0.7372271806040178,-0.007947058823529411,1.0058465240182637,0,-0.02710212765957447,0.5365063509461097,-0.8027945491468366,-0.0386,0.036506350946109656,0.06323085463760211,0.017887804878048783,0.6868891137233581,0.14787972900668525,0.0386
0.0388,1,2.6645352591003757e-15,3.510833468576701e-16,0,0.0000185643944052343,0.007061960960687243,0.004554849960960044,0.0194,0.3864142163105476,0.2834215619912595,-0.0388,0.13108388617502262,-0.662596148493273,0.013694117647058825,0.3561041837570768,-0.73744218245877,-0.007988235294117647,1.0059126102568134,0,-0.027242553191489362,0.5365063509461097,-0.8027945491468366,-0.0388,0.036506350946109656,0.06323085463760211,0.01798048780487805,0.6868891137233581,0.14787972900668525,0.0388
0.039,1,1.7763568394002505e-15,5.551115123125783e-16,0,0.000022294426833862475,0.007132280989568733,0.00460576896171578,0.0195,0.38784974338777106,0.2836854779858677,-0.039,0.13019585268535502,-0.6617840746971049,0.013764705882352943,0.35607366924732287,-0.7376591142058508,-0.008029411764705882,1.0059792544266255,0,-0.027382978723404255,0.5365063509461097,-0.8027945491468366,-0.039,0.036506350946109656,0.06323085463760211,0.01807317073170732,0.6868891137233581,0.14787972900668525,0.039
0.0392,1,5.329070518200751e-15,7.947987303456223e-16,0,0.000026084323097872617,0.007203008183571871,0.0046571256677497746,0.0196,0.3892988037554159,0.2839485248080044,-0.0392,0.1293017154947104,-0.6609628055112977,0.013835294117647058,0.3560432583099824,-0.7378780013988241,-0.008070588235294118,1.00604646456721,0,-0.02752340425531915,0.5365063509461097,-0.8027945491468366,-0.0392,0.036506350946109656,0.06323085463760211,0.018165853658536586,0.6868891137233581,0.14787972900668525,0.0392
0.039400000000000004,1,1.7763568394002505e-15,2.220446049250313e-16,0,0.000029934686921400693,0.007274147197034343,0.004708927061922534,0.019700000000000002,0.39076158316045134,0.2842106467934197,-0.039400000000000004,0.12840141838812608,-0.6601321919995582,0.01390588235294118,0.35601295773272706,-0.7380988703645698,-0.008111764705882353,1.0061142489837056,0,-0.027663829787234046,0.5365063509461097,-0.8027945491468366,-0.039400000000000004,0.036506350946109656,0.06323085463760211,0.018258536585365855,0.6868891137233581,0.14787972900668525,0.039400000000000004
0.0396,1,1.7763568394002505e-15,2.482534153247273e-16,0,0.00003384613752980302,0.007345702878954417,0.004761180367633216,0.0198,0.3922382729430323,0.28447178687182495,-0.0396,0.1274949032517754,-0.6592920807961757,0.013976470588235297,0.3559827744741954,-0.738321748235761,-0.008152941176470588,1.0061826162580276,0,-0.02780425531914894,0.5365063509461097,-0.8027945491468366,-0.0396,0.036506350946109656,0.06323085463760211,0.018351219512195125,0.6868891137233581,0.14787972900668525,0.0396
0.0398,1,3.552713678800501e-15,6.473657049138937e-16,0,0.00003781931034280225,0.007417680281107588,0.004813893059104952,0.0199,0.39372907027543275,0.284731886509119,-0.0398,0.12658210999086905,-0.658442313917249,0.014047058823529414,0.35595271567074427,-0.7385466629851382,-0.008194117647058824,1.006251575260636,0,-0.027944680851063834,0.5365063509461097,-0.8027945491468366,-0.0398,0.036506350946109656,0.06323085463760211,0.01844390243902439,0.6868891137233581,0.14787972900668525,0.0398
0.04,1,3.552713678800501e-15,7.021666937153402e-16,0,0.00004185485770503172,0.007490084666611535,0.004867072872238529,0.02,0.39523417841446423,0.28499088564638925,-0.04,0.1256629764429291,-0.657582728561305,0.01411764705882353,0.35592278864350385,-0.738773643461686,-0.00823529411764706,1.006321135162957,0,-0.028085106382978724,0.5365063509461097,-0.8027945491468366,-0.04,0.036506350946109656,0.06323085463760211,0.01853658536585366,0.6868891137233581,0.14787972900668525,0.04
0.0402,1,4.440892098500626e-15,6.206335383118182e-16,0,0.000045953449657508567,0.0075629215190026935,0.004920727816125155,0.0201,0.39675380696832974,0.2852487226355052,-0.0402,0.12473743828603605,-0.6567131568984924,0.014188235294117647,0.355893000905936,-0.7390027194289314,-0.008276470588235293,1.0063913054505398,0,-0.028225531914893617,0.5365063509461097,-0.8027945491468366,-0.0402,0.036506350946109656,0.06323085463760211,0.018629268292682927,0.6868891137233581,0.14787972900668525,0.0402
0.040400000000000005,1,1.7763568394002505e-15,6.473657049138937e-16,0,0.00005011577475128457,0.00763619655180805,0.0049748661851748265,0.020200000000000003,0.39828817217889534,0.2855053341710033,-0.040400000000000005,0.12380542894180713,-0.6558334258476674,0.014258823529411768,0.35586336017168796,-0.7392339216053931,-0.00831764705882353,1.0064620959369381,0,-0.028365957446808514,0.5365063509461097,-0.8027945491468366,-0.040400000000000005,0.036506350946109656,0.06323085463760211,0.018721951219512197,0.6868891137233581,0.14787972900668525,0.040400000000000005
0.040600000000000004,1,2.6645352591003757e-15,4.965068306494546e-16,0,0.00005434254090782952,0.007709915718700807,0.005029496572000137,0.020300000000000002,0.399837497220506,0.28576065521805455,-0.040600000000000004,0.12286687947263512,-0.6549433568403978,0.014329411764705884,0.3558338743629754,-0.739467281707439,-0.008358823529411766,1.006533516778438,0,-0.028506382978723408,0.5365063509461097,-0.8027945491468366,-0.040600000000000004,0.036506350946109656,0.06323085463760211,0.018814634146341467,0.6868891137233581,0.14787972900668525,0.040600000000000004
0.0408,1,2.6645352591003757e-15,4.577566798522237e-16,0,0.000058634476328789266,0.007784085224256965,0.0050846278810648,0.0204,0.4014020125165565,0.2860146189362133,-0.0408,0.1219217184727976,-0.654042765570975,0.014400000000000001,0.355804551619444,-0.7397028324946862,-0.0084,1.006605578489653,0,-0.028646808510638302,0.5365063509461097,-0.8027945491468366,-0.0408,0.036506350946109656,0.06323085463760211,0.018907317073170733,0.6868891137233581,0.14787972900668525,0.0408
0.041,1,3.552713678800501e-15,5.661048867003677e-16,0,0.00006299233045823949,0.007858711535345946,0.005140269343127485,0.0205,0.4029819560750647,0.286267156598613,-0.041,0.12096987195303847,-0.6531314617314553,0.014470588235294119,0.3557754003074914,-0.7399406078180988,-0.008441176470588235,1.0066782919600497,0,-0.028787234042553192,0.5365063509461097,-0.8027945491468366,-0.041,0.036506350946109656,0.06323085463760211,0.019000000000000003,0.6868891137233581,0.14787972900668525,0.041
0.0412,1,7.993605777301127e-15,1.0235750533041808e-15,0,0.00006741687500270963,0.007933801393240155,0.005196430530608007,0.0206,0.40457757384485443,0.2865181975063376,-0.0412,0.12001126321796823,-0.6522092487304517,0.014541176470588236,0.3557464290302188,-0.7401806426710758,-0.00848235294117647,1.0067516684714946,0,-0.028927659574468086,0.5365063509461097,-0.8027945491468366,-0.0412,0.036506350946109656,0.06323085463760211,0.01909268292682927,0.6868891137233581,0.14787972900668525,0.0412
0.0414,1,1.7763568394002505e-15,2.482534153247273e-16,0,0.00007190890501176478,0.008009361826463066,0.005253121373898468,0.0207,0.4061891200935759,0.2867676688975286,-0.0414,0.11904581273599141,-0.6512759233946934,0.014611764705882354,0.355717646637933,-0.7404229732436433,-0.008523529411764706,1.006825719716893,0,-0.02906808510638298,0.5365063509461097,-0.8027945491468366,-0.0414,0.036506350946109656,0.06323085463760211,0.019185365853658536,0.6868891137233581,0.14787972900668525,0.0414
0.041600000000000005,1,1.7763568394002505e-15,7.108895957933346e-16,0,0.0000764692400243378,0.00808540016443456,0.0053103521786642275,0.020800000000000003,0.40781685780962135,0.28701549585087344,-0.041600000000000005,0.11807343800093911,-0.6503312756518005,0.014682352941176473,0.35568906223925073,-0.7406676369800609,-0.008564705882352941,1.0069004578199712,0,-0.029208510638297876,0.5365063509461097,-0.8027945491468366,-0.041600000000000005,0.036506350946109656,0.06323085463760211,0.01927804878048781,0.6868891137233581,0.14787972900668525,0.041600000000000005
0.041800000000000004,1,2.6645352591003757e-15,6.753223014464258e-16,0,0.00008109872528669232,0.008161924052017426,0.005368133644320199,0.020900000000000002,0.4094610591295012,0.2872616011830534,-0.041800000000000004,0.11709405338489462,-0.6493750881929256,0.01475294117647059,0.3556606852129978,-0.7409146726401182,-0.008605882352941177,1.0069758953563603,0,-0.02934893617021277,0.5365063509461097,-0.8027945491468366,-0.041800000000000004,0.036506350946109656,0.06323085463760211,0.019370731707317075,0.6868891137233581,0.14787972900668525,0.041800000000000004
0.042,1,1.7763568394002505e-15,4.965068306494546e-16,0,0.00008579823304599295,0.008238941464975134,0.0054264768836421,0.021,0.4111220057928542,0.28750590533962955,-0.042,0.11610756998149005,-0.6484071361136738,0.014823529411764708,0.355632525220751,-0.7411641203643516,-0.008647058823529412,1.007052045376013,0,-0.029489361702127664,0.5365063509461097,-0.8027945491468366,-0.042,0.036506350946109656,0.06323085463760211,0.019463414634146345,0.6868891137233581,0.14787972900668525,0.042
0.0422,1,4.440892098500626e-15,9.992007221626409e-16,0,0.00009056866392687683,0.00831646072646582,0.005485393443705777,0.0211,0.412799989627231,0.2877483262788844,-0.0422,0.11511389543890291,-0.6474271865315363,0.014894117647058825,0.3556045922202155,-0.7414160217435398,-0.008688235294117648,1.007128921427102,0,-0.029629787234042554,0.5365063509461097,-0.8027945491468366,-0.0422,0.036506350946109656,0.06323085463760211,0.01955609756097561,0.6868891137233581,0.14787972900668525,0.0422
0.0424,1,3.552713678800501e-15,7.447602459741819e-16,0,0.00009541094839723291,0.008394490524636387,0.005544895328221131,0.0212,0.41449531306513837,0.28798877934804684,-0.0424,0.11411293378167581,-0.6464349981779011,0.014964705882352942,0.3555768964794983,-0.7416704198928376,-0.008729411764705881,1.0072065375815216,0,-0.029770212765957448,0.5365063509461097,-0.8027945491468366,-0.0424,0.036506350946109656,0.06323085463760211,0.019648780487804877,0.6868891137233581,0.14787972900668525,0.0424
0.0426,1,2.6645352591003757e-15,1.1102230246251565e-16,0,0.00010032604832996834,0.008473039931393625,0.005604995021356333,0.0213,0.4162082896959759,0.28822717715125634,-0.0426,0.11310458522047617,-0.6454303209625921,0.01503529411764706,0.35554944859226445,-0.7419273595308894,-0.008770588235294117,1.0072849084620896,0,-0.02991063829787234,0.5365063509461097,-0.8027945491468366,-0.0426,0.036506350946109656,0.06323085463760211,0.019741463414634147,0.6868891137233581,0.14787972900668525,0.0426
0.042800000000000005,1,1.7763568394002505e-15,1.1102230246251565e-16,0,0.00010531495866962153,0.008552118422485998,0.005665705513233795,0.021400000000000002,0.417939244855727,0.2884634294085931,-0.042800000000000005,0.11208874594881162,-0.6444128955086449,0.015105882352941179,0.3555222594939319,-0.7421868870643605,-0.008811764705882354,1.007364049271642,0,-0.03005106382978724,0.5365063509461097,-0.8027945491468366,-0.042800000000000005,0.036506350946109656,0.06323085463760211,0.019834146341463417,0.6868891137233581,0.14787972900668525,0.042800000000000005
0.043000000000000003,1,8.881784197001252e-16,6.753223014464258e-16,0,0.00011037870921193864,0.008631735898975378,0.005727040327184765,0.021500000000000002,0.4196885162577668,0.28869744280542137,-0.043000000000000003,0.11106530792548418,-0.6433824526547063,0.015176470588235296,0.3554953404789561,-0.742449050678361,-0.008852941176470588,1.0074439758241391,0,-0.030191489361702132,0.5365063509461097,-0.8027945491468366,-0.043000000000000003,0.036506350946109656,0.06323085463760211,0.019926829268292687,0.6868891137233581,0.14787972900668525,0.043000000000000003
0.0432,1,1.7763568394002505e-15,1.1102230246251565e-16,0,0.0001155183665067319,0.008711902710248345,0.005789013548963952,0.0216,0.42145645466822723,0.28892912083121536,-0.0432,0.11003415864162722,-0.6423387129223234,0.015247058823529414,0.35546870321932456,-0.7427139004332617,-0.008894117647058823,1.007524704577991,0,-0.030331914893617022,0.5365063509461097,-0.8027945491468366,-0.0432,0.036506350946109656,0.06323085463760211,0.020019512195121953,0.6868891137233581,0.14787972900668525,0.0432
0.0434,1,3.552713678800501e-15,5.551115123125783e-16,0,0.0001207350358940431,0.008792629678675284,0.00585163985805127,0.0217,0.4232434246298996,0.2891583636069378,-0.0434,0.1089951808709349,-0.6412813859450126,0.015317647058823531,0.35544235978432587,-0.7429814883684581,-0.008935294117647059,1.0076062526717708,0,-0.030472340425531916,0.5365063509461097,-0.8027945491468366,-0.0434,0.036506350946109656,0.06323085463760211,0.02011219512195122,0.6868891137233581,0.14787972900668525,0.0434
0.0436,1,1.7763568394002505e-15,2.482534153247273e-16,0,0.00012602986368562331,0.008873928126079442,0.0059149345612499885,0.0218,0.42504980523890473,0.28938506769995087,-0.0436,0.10794825240164799,-0.6402101698557722,0.015388235294117649,0.35541632266169176,-0.7432518686136818,-0.008976470588235294,1.007688637962543,0,-0.03061276595744681,0.5365063509461097,-0.8027945491468366,-0.0436,0.036506350946109656,0.06323085463760211,0.02020487804878049,0.6868891137233581,0.14787972900668525,0.0436
0.0438,1,1.7763568394002505e-15,4.0029660424867215e-16,0,0.00013140403950572378,0.00895580990219759,0.005978913628819093,0.0219,0.4268759909792015,0.2896091259253876,-0.0438,0.10689324574842061,-0.6391247506290312,0.015458823529411764,0.3553906047803696,-0.7435250975086422,-0.00901764705882353,1.0077718790670533,0,-0.030753191489361703,0.5365063509461097,-0.8027945491468366,-0.0438,0.036506350946109656,0.06323085463760211,0.020297560975609755,0.6868891137233581,0.14787972900668525,0.0438
0.044000000000000004,1,8.881784197001252e-16,4.710277376051326e-16,0,0.00013685879880402188,0.009038287415278533,0.00604359373331168,0.022000000000000002,0.4287223926198787,0.2898304271326543,-0.044000000000000004,0.10583002784252075,-0.6380248013731736,0.015529411764705885,0.35536521953485695,-0.7438012337316173,-0.009058823529411765,1.0078559954060229,0,-0.0308936170212766,0.5365063509461097,-0.8027945491468366,-0.044000000000000004,0.036506350946109656,0.06323085463760211,0.02039024390243903,0.6868891137233581,0.14787972900668525,0.044000000000000004
0.0442,1,6.217248937900877e-15,9.155133597044475e-16,0,0.0001423954255581811,0.009121373665054593,0.006108992291425907,0.0221,0.4305894381814685,0.2900488559757509,-0.0442,0.10475845969805966,-0.6369099815687086,0.015600000000000003,0.3553401808114249,-0.7440803384379632,-0.0091,1.0079410072518586,0,-0.031034042553191494,0.5365063509461097,-0.8027945491468366,-0.0442,0.036506350946109656,0.06323085463760211,0.020482926829268295,0.6868891137233581,0.14787972900668525,0.0442
0.0444,1,4.440892098500626e-15,1.1102230246251565e-16,0,0.0001480152551835893,0.009205082278306789,0.006175127509153493,0.0222,0.4324775739777415,0.29026429266584813,-0.0444,0.10367839605204697,-0.6357799362469978,0.01567058823529412,0.35531550301635123,-0.7443624754094424,-0.009141176470588236,1.0080269357801053,0,-0.031174468085106384,0.5365063509461097,-0.8027945491468366,-0.0444,0.036506350946109656,0.06323085463760211,0.02057560975609756,0.6868891137233581,0.14787972900668525,0.0444
0.0446,1,1.7763568394002505e-15,4.0029660424867215e-16,0,0.0001537196776696344,0.009289427547255475,0.00624201843049318,0.0223,0.4343872657403665,0.29047661270438,-0.0446,0.10258968497574329,-0.6346342951037858,0.015741176470588238,0.35529120110626766,-0.7446477112153969,-0.00918235294117647,1.008113803124976,0,-0.03131489361702128,0.5365063509461097,-0.8027945491468366,-0.0446,0.036506350946109656,0.06323085463760211,0.02066829268292683,0.6868891137233581,0.14787972900668525,0.0446
0.0448,1,3.552713678800501e-15,1.5700924586837752e-16,0,0.0001595101409659036,0.009374424471098475,0.0063096849901836905,0.0224,0.43631899983457356,0.2906856865947851,-0.0448,0.10149216745441843,-0.6334726715410285,0.015811764705882355,0.35526729062101126,-0.744936115387001,-0.009223529411764705,1.0082016324394234,0,-0.03145531914893617,0.5365063509461097,-0.8027945491468366,-0.0448,0.036506350946109656,0.06323085463760211,0.020760975609756097,0.6868891137233581,0.14787972900668525,0.0448
0.045000000000000005,1,3.552713678800501e-15,2.220446049250313e-16,0,0.00016538815464251189,0.009460088800983344,0.006378148070773905,0.022500000000000003,0.43827328457517833,0.29089137953071803,-0.045000000000000005,0.10038567693229068,-0.6322946616297593,0.015882352941176472,0.35524378771907716,-0.7452277606058795,-0.009264705882352942,1.0082904479601569,0,-0.031595744680851065,0.5365063509461097,-0.8027945491468366,-0.045000000000000005,0.036506350946109656,0.06323085463760211,0.02085365853658537,0.6868891137233581,0.14787972900668525,0.045000000000000005
0.045200000000000004,1,1.7763568394002505e-15,6.004449063730082e-16,0,0.0001713552938521163,0.009546437088763854,0.006447429564492404,0.022600000000000002,0.4402506516530672,0.29109355105831763,-0.045200000000000004,0.09927003881917439,-0.6310998429860121,0.01595294117647059,0.35522070921593135,-0.7455227229085314,-0.009305882352941178,1.0083802750781272,0,-0.03173617021276596,0.5365063509461097,-0.8027945491468366,-0.045200000000000004,0.036506350946109656,0.06323085463760211,0.020946341463414637,0.6868891137233581,0.14787972900668525,0.045200000000000004
0.0454,1,1.7763568394002505e-15,2.220446049250313e-16,0,0.00017741320362633277,0.009633486739975664,0.006517552440474715,0.0227,0.44225165768397795,0.2912920547098794,-0.0454,0.09814506995462272,-0.6298877735504727,0.016023529411764707,0.35519807262562497,-0.7458210819083165,-0.009347058823529411,1.0084711404150786,0,-0.03187659574468085,0.5365063509461097,-0.8027945491468366,-0.0454,0.036506350946109656,0.06323085463760211,0.021039024390243903,0.6868891137233581,0.14787972900668525,0.0454
0.0456,1,3.552713678800501e-15,4.577566798522237e-16,0,0.0001835636035408549,0.009721256071454396,0.00658854081787772,0.0228,0.44427688589241715,0.2914867376058524,-0.0456,0.09701057802518795,-0.6286579902617742,0.016094117647058825,0.3551758962059234,-0.7461229210367873,-0.009388235294117647,1.008563071906799,0,-0.032017021276595746,0.5365063509461097,-0.8027945491468366,-0.0456,0.036506350946109656,0.06323085463760211,0.021131707317073173,0.6868891137233581,0.14787972900668525,0.0456
0.0458,1,5.329070518200751e-15,4.577566798522237e-16,0,0.0001898082927889808,0.009809764374097654,0.006660420045505026,0.0229,0.44632694794554845,0.2916774400217238,-0.0458,0.09586636092961844,-0.6274100076117924,0.016164705882352942,0.35515419900733125,-0.746428327806499,-0.009429411764705882,1.008656098893783,0,-0.03215744680851064,0.5365063509461097,-0.8027945491468366,-0.0458,0.036506350946109656,0.06323085463760211,0.02122439024390244,0.6868891137233581,0.14787972900668525,0.0458
0.046,1,4.440892098500626e-15,4.0029660424867215e-16,0,0.00019614915570991781,0.00989903198138335,0.006733216788745482,0.023,0.4484024859538331,0.29186399491596277,-0.046,0.09471220608608791,-0.6261433160697013,0.01623529411764706,0.3551330009265639,-0.7467373940977425,-0.009470588235294118,1.0087502522201781,0,-0.03229787234042553,0.5365063509461097,-0.8027945491468366,-0.046,0.036506350946109656,0.06323085463760211,0.02131707317073171,0.6868891137233581,0.14787972900668525,0.046
0.046200000000000005,1,2.6645352591003757e-15,7.947987303456223e-16,0,0.00020258816782139493,0.009989080344252069,0.006806959124565008,0.023100000000000002,0.45050417465719145,0.29204622741456177,-0.046200000000000005,0.09354788967501203,-0.6248573803600768,0.01630588235294118,0.35511232276480376,-0.7470502164718366,-0.009511764705882353,1.0088455643419048,0,-0.03243829787234043,0.5365063509461097,-0.8027945491468366,-0.046200000000000005,0.036506350946109656,0.06323085463760211,0.02140975609756098,0.6868891137233581,0.14787972900668525,0.046200000000000005
0.046400000000000004,1,4.440892098500626e-15,5.4672143489065705e-16,0,0.00020912740241581256,0.010079932113133997,0.0068816766455602595,0.023200000000000002,0.4526327238182955,0.2922239542472154,-0.046400000000000004,0.09237317580987851,-0.6235516375780211,0.016376470588235298,0.3550921862913974,-0.747366896514106,-0.009552941176470589,1.0089420694450573,0,-0.03257872340425532,0.5365063509461097,-0.8027945491468366,-0.046400000000000004,0.036506350946109656,0.06323085463760211,0.02150243902439025,0.6868891137233581,0.14787972900668525,0.046400000000000004
0.0466,1,7.105427357601002e-15,1.5700924586837752e-16,0,0.00021576903778558633,0.010171611227948898,0.006957400574124164,0.0233,0.4547888808474876,0.2923969831294289,-0.0466,0.09118781562756663,-0.6222254951220518,0.016447058823529415,0.3550726143136055,-0.7476875412100572,-0.009594117647058824,1.0090398035757855,0,-0.032719148936170214,0.5365063509461097,-0.8027945491468366,-0.0466,0.036506350946109656,0.06323085463760211,0.021595121951219515,0.6868891137233581,0.14787972900668525,0.0466
0.0468,1,3.552713678800501e-15,4.577566798522237e-16,0,0.00022251536515348366,0.010264143017054743,0.007034163887944712,0.0234,0.45697343368747084,0.2925651120840449,-0.0468,0.0899915462883531,-0.6208783284226481,0.01651764705882353,0.35505363075311763,-0.7480122633587721,-0.009635294117647058,1.0091388047830547,0,-0.03285957446808511,0.5365063509461097,-0.8027945491468366,-0.0468,0.036506350946109656,0.06323085463760211,0.02168780487804878,0.6868891137233581,0.14787972900668525,0.0468
0.047,1,8.881784197001252e-16,1.2212453270876722e-15,0,0.00022936879739424298,0.010357554306246287,0.007112001458236397,0.0235,0.45918721398987666,0.2927281286947147,-0.047,0.088784089874431,-0.619509478441219,0.016588235294117647,0.3550352607301306,-0.7483411820281105,-0.009676470588235293,1.009239113275867,0,-0.033,0.5365063509461097,-0.8027945491468366,-0.047,0.036506350946109656,0.06323085463760211,0.02178048780487805,0.6868891137233581,0.14787972900668525,0.047
0.0472,1,1.7763568394002505e-15,4.965068306494546e-16,0,0.00023633187864757253,0.01045187353910523,0.00719095020236866,0.0236,0.4614311006206524,0.292885809282769,-0.0472,0.08756515217404946,-0.6181182489103875,0.016658823529411764,0.35501753065604075,-0.748674423057056,-0.009717647058823529,1.0093407715968128,0,-0.033140425531914895,0.5365063509461097,-0.8027945491468366,-0.0472,0.036506350946109656,0.06323085463760211,0.021873170731707317,0.6868891137233581,0.14787972900668525,0.0472
0.047400000000000005,1,2.6645352591003757e-15,4.577566798522237e-16,0,0.00024340729493672466,0.01054713091015534,0.007271049252707616,0.023700000000000002,0.4637060235370576,0.2930379179975642,-0.047400000000000005,0.08633442133639084,-0.6167039032820537,0.016729411764705885,0.3550004683357176,-0.7490121196112794,-0.009758823529411766,1.0094438248140396,0,-0.03328085106382979,0.5365063509461097,-0.8027945491468366,-0.047400000000000005,0.036506350946109656,0.06323085463760211,0.02196585365853659,0.6868891137233581,0.14787972900668525,0.047400000000000005
0.0476,1,1.7763568394002505e-15,5.9787339602818175e-16,0,0.00025059788592541026,0.010643358512536293,0.007352340143860303,0.0238,0.46601296808554155,0.2931842058088997,-0.0476,0.08509156637997774,-0.6152656613444231,0.016800000000000002,0.35498410308073086,-0.7493544127990273,-0.0098,1.0095483207341058,0,-0.03342127659574468,0.5365063509461097,-0.8027945491468366,-0.0476,0.036506350946109656,0.06323085463760211,0.022058536585365857,0.6868891137233581,0.14787972900668525,0.0476
0.0478,1,4.440892098500626e-15,1.1102230246251565e-16,0,0.0002579066579673074,0.010740590502188693,0.007434867020826129,0.0239,0.4683529797779586,0.2933244093882193,-0.0478,0.08383623553458987,-0.6138026954628945,0.01687058823529412,0.3549684658349476,-0.7497014523555409,-0.009841176470588235,1.0096543101385629,0,-0.033561702127659576,0.5365063509461097,-0.8027945491468366,-0.0478,0.036506350946109656,0.06323085463760211,0.022151219512195123,0.6868891137233581,0.14787972900668525,0.0478
0.048,1,5.329070518200751e-15,4.0029660424867215e-16,0,0.00026533679862674993,0.010838863280850588,0.007518676870991297,0.024,0.4707271696127119,0.2934582498631412,-0.048,0.08256805439350233,-0.6123141263924325,0.016941176470588237,0.3549535893142175,-0.7500533974055521,-0.00988235294117647,1.0097618470475882,0,-0.03370212765957447,0.5365063509461097,-0.8027945491468366,-0.048,0.036506350946109656,0.06323085463760211,0.022243902439024393,0.6868891137233581,0.14787972900668525,0.048
0.0482,1,1.7763568394002505e-15,8.005932084973443e-16,0,0.0002728916928805985,0.010938215700576156,0.007603819783374806,0.0241,0.47313672001921264,0.29358543142725946,-0.0482,0.08128662384865057,-0.6107990185998502,0.017011764705882355,0.35493950816216324,-0.7504104173150938,-0.009923529411764706,1.0098709890145465,0,-0.033842553191489363,0.5365063509461097,-0.8027945491468366,-0.0482,0.036506350946109656,0.06323085463760211,0.02233658536585366,0.6868891137233581,0.14787972900668525,0.0482
0.048400000000000006,1,5.329070518200751e-15,7.021666937153402e-16,0,0.0002805749412467051,0.011038689292952757,0.007690349239160214,0.024200000000000003,0.4755828915172328,0.2937056397840055,-0.048400000000000006,0.07999151777681952,-0.6092563750240233,0.017082352941176472,0.354926259124402,-0.7507726926457373,-0.009964705882352941,1.0099817974560388,0,-0.03398297872340426,0.5365063509461097,-0.8027945491468366,-0.048400000000000006,0.036506350946109656,0.06323085463760211,0.022429268292682932,0.6868891137233581,0.14787972900668525,0.048400000000000006
0.048600000000000004,1,2.6645352591003757e-15,6.473657049138937e-16,0,0.00028441634054834913,0.011140328526766228,0.00777832243825831,0.024300000000000002,0.4780670301993303,0.29381854039959393,-0.048600000000000004,0.07868228043909209,-0.6076851311890062,0.01715294117647059,0.354913881243993,-0.7511404162267689,-0.010005882352941177,1.01009433802282,0,-0.03412340425531915,0.5365063509461097,-0.8027945491468366,-0.048600000000000004,0.036506350946109656,0.06323085463760211,0.0225219512195122,0.6868891137233581,0.14787972900668525,0.048600000000000004
0.0488,1,1.7763568394002505e-15,5.661048867003677e-16,0,0.00026743697385780166,0.011243181098529679,0.00786780066747736,0.0244,0.48059057616440093,0.2939237765354675,-0.0488,0.07735842354891052,-0.6060841485694947,0.017223529411764707,0.3549024160812835,-0.7515137943636174,-0.010047058823529412,1.010208681017926,0,-0.034263829787234044,0.5365063509461097,-0.8027945491468366,-0.0488,0.036506350946109656,0.06323085463760211,0.022614634146341465,0.6868891137233581,0.14787972900668525,0.0488
0.049,1,1.7763568394002505e-15,9.036560719766055e-16,0,0.0002502098183994501,0.011347298261200699,0.007958849717072258,0.0245,0.4831550730546986,0.29402096702514346,-0.049,0.07601942295549652,-0.6044522070888197,0.017294117647058824,0.3548919079622262,-0.7518930482044309,-0.010088235294117646,1.0103249018696314,0,-0.03440425531914894,0.5365063509461097,-0.8027945491468366,-0.049,0.036506350946109656,0.06323085463760211,0.022707317073170735,0.6868891137233581,0.14787972900668525,0.049
0.0492,1,2.6645352591003757e-15,6.473657049138937e-16,0,0.00023272841840735848,0.011452735197327634,0.008051540353516339,0.0246,0.485762178878293,0.29410970375339784,-0.0492,0.07466471487922534,-0.6027879966066665,0.017364705882352942,0.3548824042595305,-0.7522784152907714,-0.010129411764705882,1.0104430816682055,0,-0.03454468085106383,0.5365063509461097,-0.8027945491468366,-0.0492,0.036506350946109656,0.06323085463760211,0.0228,0.6868891137233581,0.14787972900668525,0.0492
0.0494,1,1.7763568394002505e-15,4.710277376051326e-16,0,0.00021498578186710708,0.011559551444280912,0.008145948858250748,0.0247,0.4884136783355955,0.2941895487874753,-0.0494,0.07329369162250844,-0.601090107224578,0.01743529411764706,0.35487395571248803,-0.7526701513238577,-0.010170588235294117,1.0105633077774296,0,-0.034685106382978725,0.5365063509461097,-0.8027945491468366,-0.0494,0.036506350946109656,0.06323085463760211,0.02289268292682927,0.6868891137233581,0.14787972900668525,0.0494
0.049600000000000005,1,3.552713678800501e-15,1.4812222630807097e-15,0,0.0001969743205056855,0.01166781138066855,0.008242157643867815,0.024800000000000003,0.4911114969140394,0.2942600310994143,-0.049600000000000005,0.07190569666403086,-0.5993570182019189,0.01750588235294118,0.35486661679197085,-0.7530685321841128,-0.010211764705882354,1.0106856745339248,0,-0.03482553191489362,0.5365063509461097,-0.8027945491468366,-0.049600000000000005,0.036506350946109656,0.06323085463760211,0.02298536585365854,0.6868891137233581,0.14787972900668525,0.049600000000000005
0.049800000000000004,1,1.7763568394002505e-15,8.082545620880531e-16,0,0.0001786857808941562,0.011777584785089631,0.008340255961875428,0.024900000000000002,0.4938577170714221,0.2943206428056793,-0.049800000000000004,0.07050001902438888,-0.5975870852304455,0.017576470588235298,0.35486044611884415,-0.7534738562499745,-0.010252941176470588,1.0108102840502837,0,-0.03496595744680851,0.5365063509461097,-0.8027945491468366,-0.049800000000000004,0.036506350946109656,0.06323085463760211,0.023078048780487807,0.6868891137233581,0.14787972900668525,0.049800000000000004
0.05,1,1.7763568394002505e-15,7.447602459741819e-16,0,0.00016011116499482924,0.011888947480816607,0.008440340719228053,0.025,0.49665459689991925,0.29437083483390347,-0.05,0.06907588676614466,-0.5957785257595954,0.017647058823529415,0.35485550694570256,-0.7538864470721272,-0.010294117647058823,1.0109372471414702,0,-0.035106382978723406,0.5365063509461097,-0.8027945491468366,-0.05,0.036506350946109656,0.06323085463760211,0.023170731707317076,0.6868891137233581,0.14787972900668525,0.05
0.0502,1,2.6645352591003757e-15,5.551115123125783e-16,0,0.00014124063810481684,0.012001982083125449,0.008542517424775157,0.0251,0.4995045917522441,0.2944100119058932,-0.0502,0.06763245946013165,-0.5939294019942931,0.017717647058823532,0.3548518677141132,-0.7543066564721216,-0.010335294117647059,1.0110666843984553,0,-0.0352468085106383,0.5365063509461097,-0.8027945491468366,-0.0502,0.036506350946109656,0.06323085463760211,0.023263414634146343,0.6868891137233581,0.14787972900668525,0.0502
0.0504,1,1.7763568394002505e-15,5.551115123125783e-16,0,0.00012206342165612698,0.01211677886998814,0.008646901291836555,0.0252,0.5024103794266811,0.29443752669972584,-0.0504,0.06616881940942322,-0.5920376010966054,0.01778823529411765,0.35484960270247873,-0.754734868150894,-0.010376470588235294,1.0111987274387602,0,-0.035387234042553194,0.5365063509461097,-0.8027945491468366,-0.0504,0.036506350946109656,0.06323085463760211,0.023356097560975612,0.6868891137233581,0.14787972900668525,0.0504
0.0506,1,3.552713678800501e-15,5.661048867003677e-16,0,0.00010256766770618462,0.012233436801975112,0.008753618529594035,0.0253,0.5053748896549407,0.29445267301993794,-0.0506,0.06468396137094123,-0.5901008120069717,0.017858823529411767,0.35484879278332343,-0.7551715019137603,-0.010417647058823528,1.011333520370928,0,-0.03552765957446809,0.5365063509461097,-0.8027945491468366,-0.0506,0.036506350946109656,0.06323085463760211,0.02344878048780488,0.6868891137233581,0.14787972900668525,0.0506
0.050800000000000005,1,2.6645352591003757e-15,4.965068306494546e-16,0,0.00008274031114085834,0.01235206472384975,0.008862807864408007,0.025400000000000002,0.5084013388278321,0.29445467776095846,-0.050800000000000005,0.06317678044786612,-0.5881164981506959,0.017929411764705885,0.35484952631360317,-0.7556170186458426,-0.010458823529411765,1.0114712215194537,0,-0.03566808510638298,0.5365063509461097,-0.8027945491468366,-0.050800000000000005,0.036506350946109656,0.06323085463760211,0.02354146341463415,0.6868891137233581,0.14787972900668525,0.050800000000000005
0.051000000000000004,1,5.329070518200751e-15,4.0029660424867215e-16,0,0.00006256689454364689,0.012472782789056731,0.00897462234313537,0.025500000000000002,0.5114932711446112,0.29444269139154194,-0.051000000000000004,0.06164605773816232,-0.5860818650985204,0.018000000000000002,0.3548519001879221,-0.756071926207816,-0.0105,1.0116120054691586,0,-0.035808510638297875,0.5365063509461097,-0.8027945491468366,-0.051000000000000004,0.036506350946109656,0.06323085463760211,0.02363414634146342,0.6868891137233581,0.14787972900668525,0.051000000000000004
0.0512,1,2.6645352591003757e-15,4.440892098500626e-16,0,0.00004203135927889222,0.012595724159827074,0.009089231485166327,0.0256,0.514654607702254,0.2944157766121748,-0.0512,0.06009044320897644,-0.5839938219905865,0.01807058823529412,0.3548560210929172,-0.7565367864692251,-0.010541176470588236,1.0117560655045055,0,-0.03594893617021277,0.5365063509461097,-0.8027945491468366,-0.0512,0.036506350946109656,0.06323085463760211,0.023726829268292685,0.6868891137233581,0.14787972900668525,0.0512
0.0514,1,1.7763568394002505e-15,6.473657049138937e-16,0,0.00002111579445298792,0.012721037051018376,0.009206823869308598,0.0257,0.5178897054838763,0.2943728947360391,-0.0514,0.05850843511159367,-0.5818489351854434,0.018141176470588237,0.3548620070120598,-0.7570122237600388,-0.01058235294117647,1.011903616541353,0,-0.03608936170212766,0.5365063509461097,-0.8027945491468366,-0.0514,0.036506350946109656,0.06323085463760211,0.023819512195121954,0.6868891137233581,0.14787972900668525,0.0514
0.0516,1,5.329070518200751e-15,5.551115123125783e-16,0,1.9986712849327153e-7,0.012848887206640255,0.009327610267998415,0.0258,0.5212034288038947,0.29431288920711945,-0.0516,0.05689835504217625,-0.5796433721259832,0.018211764705882354,0.35486998904520073,-0.7574989351068753,-0.010623529411764705,1.0120548986784723,0,-0.036229787234042556,0.5365063509461097,-0.8027945491468366,-0.0516,0.036506350946109656,0.06323085463760211,0.02391219512195122,0.6868891137233581,0.14787972900668525,0.0516
0.051800000000000006,1,5.329070518200751e-15,7.850462293418876e-16,0,0.00002193822038075436,0.012979460926610738,0.009451827477493294,0.025900000000000003,0.5246012365877103,0.2942344654813956,-0.051800000000000006,0.05525831746634248,-0.5773728327703032,0.018282352941176475,0.35488011362775995,-0.7579977027378351,-0.010664705882352942,1.0122101815370153,0,-0.03637021276595745,0.5365063509461097,-0.8027945491468366,-0.051800000000000006,0.036506350946109656,0.06323085463760211,0.02400487804878049,0.6868891137233581,0.14787972900668525,0.051800000000000006
0.052000000000000005,1,1.7763568394002505e-15,1.0532500405730103e-15,0,0.00004412484595470372,0.013112968800917252,0.00957974304275225,0.026000000000000002,0.5280892900035243,0.2941361662363312,-0.052000000000000005,0.05358619212654712,-0.5750324650409404,0.018352941176470593,0.35489254526276703,-0.7585094095031163,-0.010705882352941176,1.0123697696128422,0,-0.03651063829787234,0.5365063509461097,-0.8027945491468366,-0.052000000000000005,0.036506350946109656,0.06323085463760211,0.02409756097560976,0.6868891137233581,0.14787972900668525,0.052000000000000005
0.0522,1,1.7763568394002505e-15,2.220446049250313e-16,0,0.0000667888809096254,0.013249650364453086,0.009711661146660541,0.0261,0.5316745865716378,0.2940163405063508,-0.0522,0.05187955718809982,-0.5726167594837992,0.018423529411764707,0.3549074699194314,-0.7590350580890151,-0.010747058823529412,1.0125340089467758,0,-0.03665106382978724,0.5365063509461097,-0.8027945491468366,-0.0522,0.036506350946109656,0.06323085463760211,0.024190243902439026,0.6868891137233581,0.14787972900668525,0.0522
0.0524,1,4.440892098500626e-15,2.220446049250313e-16,0,0.00008996373791710896,0.013389779966141538,0.009847930034791121,0.0262,0.53536512918386,0.293873104814709,-0.0524,0.0501356401715293,-0.5701194165173138,0.018494117647058824,0.3549250993093328,-0.7595757952333922,-0.010788235294117647,1.0127032955327577,0,-0.03679148936170213,0.5365063509461097,-0.8027945491468366,-0.0524,0.036506350946109656,0.06323085463760211,0.024282926829268296,0.6868891137233581,0.14787972900668525,0.0524
0.0526,1,1.7763568394002505e-15,1.047382306668854e-15,0,0.00011368802321530686,0.013533674263517662,0.00998895149546653,0.0263,0.539170141837881,0.293704293601829,-0.0526,0.04835124253759778,-0.5675331770057022,0.01856470588235294,0.3549456763354843,-0.7601329426338205,-0.010829411764705883,1.0128780860519038,0,-0.036931914893617024,0.5365063509461097,-0.8027945491468366,-0.0526,0.036506350946109656,0.06323085463760211,0.024375609756097563,0.6868891137233581,0.14787972900668525,0.0526
0.0528,1,1.7763568394002505e-15,1.5700924586837752e-16,0,0.00013800672493699274,0.013681701929369794,0.010135193136621604,0.0264,0.543100348923505,0.29350739510125806,-0.0528,0.046522642028097874,-0.5648496029410083,0.01863529411764706,0.3549694821350166,-0.760708036960552,-0.010870588235294116,1.0130589117712103,0,-0.03707234042553192,0.5365063509461097,-0.8027945491468366,-0.0528,0.036506350946109656,0.06323085463760211,0.02446829268292683,0.6868891137233581,0.14787972900668525,0.0528
0.053000000000000005,1,1.7763568394002505e-15,9.550499576785472e-16,0,0.00016297277610963535,0.013834296424948498,0.010287204539536032,0.026500000000000003,0.5471683425800947,0.29327946706090235,-0.053000000000000005,0.04464546417340891,-0.5620587889897107,0.01870588235294118,0.3549968453274999,-0.7613028824870391,-0.010911764705882353,1.0132463968285332,0,-0.03721276595744681,0.5365063509461097,-0.8027945491468366,-0.053000000000000005,0.036506350946109656,0.06323085463760211,0.024560975609756102,0.6868891137233581,0.14787972900668525,0.053000000000000005
0.053200000000000004,1,3.552713678800501e-15,5.661048867003677e-16,0,0.00018864914782927057,0.013991973114157001,0.010445638900111732,0.026600000000000002,0.5513890746830609,0.29301702396085655,-0.053200000000000004,0.04271451015828684,-0.5591489762127347,0.018776470588235297,0.35502815438059293,-0.7619196215754519,-0.010952941176470589,1.0134412827254358,0,-0.037353191489361705,0.5365063509461097,-0.8027945491468366,-0.053200000000000004,0.036506350946109656,0.06323085463760211,0.02465365853658537,0.6868891137233581,0.14787972900668525,0.053200000000000004
0.0534,1,2.6645352591003757e-15,4.0029660424867215e-16,0,0.0002151117107041035,0.014155352670695035,0.010611282624579986,0.0267,0.5557805294388335,0.29271588295001993,-0.0534,0.040723521429333207,-0.5561060240277746,0.018847058823529415,0.3550638744873795,-0.7625608310369563,-0.010994117647058824,1.0136444618175793,0,-0.0374936170212766,0.5365063509461097,-0.8027945491468366,-0.0534,0.036506350946109656,0.06323085463760211,0.024746341463414638,0.6868891137233581,0.14787972900668525,0.0534
0.0536,1,3.552713678800501e-15,1.1102230246251565e-16,0,0.00024245324047779832,0.014325193861021225,0.010785096775402016,0.0268,0.5603646649729705,0.29237094833707317,-0.0536,0.03866485006623154,-0.5529126710558478,0.018917647058823532,0.3551045711548763,-0.7632296570290371,-0.011035294117647058,1.0138570242077491,0,-0.03763404255319149,0.5365063509461097,-0.8027945491468366,-0.0536,0.036506350946109656,0.06323085463760211,0.024839024390243904,0.6868891137233581,0.14787972900668525,0.0536
0.0538,1,8.881784197001252e-16,4.965068306494546e-16,0,0.0002707891827246962,0.014502440747579712,0.010968276741528083,0.0269,0.5651687684951864,0.29197590166628534,-0.0538,0.036528984232320705,-0.5495474713990806,0.01898823529411765,0.35515094409789266,-0.7639300092033335,-0.011076470588235294,1.0140803252483912,0,-0.037774468085106386,0.5365063509461097,-0.8027945491468366,-0.0538,0.036506350946109656,0.06323085463760211,0.02493170731707317,0.6868891137233581,0.14787972900668525,0.0538
0.054,1,4.440892098500626e-15,7.021666937153402e-16,0,0.000300266225158751,0.014688292917324314,0.011162341005530017,0.027,0.5702274716056847,0.29152274118204385,-0.054,0.03430384225452219,-0.5459832128845465,0.019058823529411767,0.3552038775612137,-0.7646668494274054,-0.011117647058823529,1.0143160859453373,0,-0.03791489361702128,0.5365063509461097,-0.8027945491468366,-0.054,0.036506350946109656,0.06323085463760211,0.02502439024390244,0.6868891137233581,0.14787972900668525,0.054
0.054200000000000005,1,1.0658141036401503e-14,7.850462293418876e-16,0,0.0003310755563965988,0.01488431415988555,0.01136926849494315,0.027100000000000003,0.5755858675801916,0.29100107003039255,-0.054200000000000005,0.03197368038779043,-0.5421844706082356,0.019129411764705884,0.3552645180308275,-0.76544663837898,-0.011158823529411764,1.0145665482917077,0,-0.03805531914893617,0.5365063509461097,-0.8027945491468366,-0.054200000000000005,0.036506350946109656,0.06323085463760211,0.02511707317073171,0.6868891137233581,0.14787972900668525,0.054200000000000005
0.054400000000000004,1,3.2862601528904634e-14,1.3414875847488983e-15,0,0.00032491296847471927,0.015092608957498366,0.011591721611598505,0.027200000000000002,0.5813045714811164,0.29039694174706865,-0.054400000000000004,0.029517319338429705,-0.5381036360862335,0.019200000000000002,0.35533440017140583,-0.7662780604739919,-0.0112,1.0148347274597325,0,-0.03819574468085107,0.5365063509461097,-0.8027945491468366,-0.054400000000000004,0.036506350946109656,0.06323085463760211,0.02520975609756098,0.6868891137233581,0.14787972900668525,0.054400000000000004
0.0546,1,5.329070518200751e-15,5.551115123125783e-16,0,0.0002762081237872,0.015316127018385327,0.011833431025226611,0.0273,0.5874684474569013,0.28969087061555254,-0.0546,0.026905084616446442,-0.5336740692275217,0.01927058823529412,0.35541566367687044,-0.7671732741631602,-0.011241176470588235,1.0151248468440284,0,-0.03833617021276596,0.5365063509461097,-0.8027945491468366,-0.0546,0.036506350946109656,0.06323085463760211,0.025302439024390246,0.6868891137233581,0.14787972900668525,0.0546
0.0548,1,2.6645352591003757e-15,5.551115123125783e-16,0,0.00022364948249413124,0.015559231828885332,0.012099913985892392,0.0274,0.5942028948969588,0.28885412171570635,-0.0548,0.024093095208483257,-0.5287973202341045,0.019341176470588237,0.35551145726961464,-0.7681502451220412,-0.01128235294117647,1.0154431500566503,0,-0.038476595744680854,0.5365063509461097,-0.8027945491468366,-0.0548,0.036506350946109656,0.06323085463760211,0.025395121951219513,0.6868891137233581,0.14787972900668525,0.0548
0.055,1,8.881784197001252e-16,7.771561172376096e-16,0,0.00016591636501157522,0.01582888215072897,0.012399966860601346,0.0275,0.6017076768540308,0.2878410110743317,-0.055,0.021011396915862776,-0.5233165901951734,0.019411764705882354,0.3556267764562298,-0.7692375925673292,-0.011323529411764706,1.0157995878677475,0,-0.03861702127659575,0.5365063509461097,-0.8027945491468366,-0.055,0.036506350946109656,0.06323085463760211,0.025487804878048782,0.6868891137233581,0.14787972900668525,0.055
0.055200000000000006,1,2.6645352591003757e-15,3.510833468576701e-16,0,0.00010065385802104912,0.01613750133706523,0.012749289384917258,0.027600000000000003,0.6103390352629797,0.2865702303553985,-0.055200000000000006,0.017535148489638237,-0.5169523150364552,0.019482352941176475,0.3557704936314265,-0.7704863531799807,-0.011364705882352942,1.0162119138929078,0,-0.03875744680851064,0.5365063509461097,-0.8027945491468366,-0.055200000000000006,0.036506350946109656,0.06323085463760211,0.025580487804878052,0.6868891137233581,0.14787972900668525,0.055200000000000006
0.055400000000000005,1,2.6645352591003757e-15,1.7235296186091125e-15,0,0.000015678677704223894,0.01651196445469007,0.013181834914434655,0.027700000000000002,0.6208667617017857,0.2848664318168972,-0.055400000000000005,0.01339438820587945,-0.5091005228589572,0.019552941176470592,0.35596170222921936,-0.772006809241882,-0.011405882352941177,1.016718509222027,0,-0.038897872340425535,0.5365063509461097,-0.8027945491468366,-0.055400000000000005,0.036506350946109656,0.06323085463760211,0.025673170731707322,0.6868891137233581,0.14787972900668525,0.055400000000000005
0.055600000000000004,1,4.440892098500626e-15,4.577566798522237e-16,0,0.00003180583439789856,0.017042095549072492,0.013811050930033599,0.027800000000000002,0.6358606534511474,0.28214548629583086,-0.055600000000000004,0.007687204603662513,-0.49774543329260096,0.01962352941176471,0.35626386326869197,-0.7741671125915646,-0.011447058823529413,1.0174475654590864,0,-0.03903829787234043,0.5365063509461097,-0.8027945491468366,-0.055600000000000004,0.036506350946109656,0.06323085463760211,0.025765853658536588,0.6868891137233581,0.14787972900668525,0.055600000000000004
