0.002,1,3.552713678800501e-15,4.3683317359212207e-16,1,0.0000035731941972457848,-0.000005107095229761071,-7.758549671301605e-7,0.0004615384615384616,1.216667264993321,1.0999923029098655,-0.00075,0.5,-0.0000010790947775915123,-0.0008571428571428571,-0.3175071744551966,0.8440182829888713,0.0018461538461538463,0.9999973428270811,0.000005553678074626268,0.002,1.4283337134050635,1.0873211446740858,-0.002,0,1.65,0.002,1,1.65,0
0.004,1,3.552713678800501e-15,2.82645484094271e-16,1,0.000007159654410898403,-0.000020428383421953833,-0.000003103566131634161,0.0009230769230769232,1.2166690598800065,1.0999692115253745,-0.0015,0.5,-0.000004316726792484445,-0.0017142857142857142,-0.31750485048728927,0.8440182829888713,0.0036923076923076927,0.9999893712749419,0.00002221437090378222,0.004,1.4283189553982936,1.0873211446740858,-0.004,0,1.65,0.004,1,1.65,0
0.006,1,1.7763568394002505e-15,2.912197001679617e-16,1,0.000010772645136688496,-0.000045963872013088427,-0.000006983572239047548,0.0013846153846153847,1.2166720510468503,1.0999307255044835,-0.0022500000000000003,0.5,-0.00000971393902228535,-0.0025714285714285713,-0.3175009773517819,0.8440182829888713,0.005538461538461539,0.9999760852434055,0.00004998105441237122,0.006,1.4282943588177903,1.0873211446740858,-0.006,0,1.65,0.006,1,1.65,0
0.008,1,8.881784197001252e-16,3.768494451660066e-16,1,0.000014425427828200975,-0.00008171357314029134,-0.000012416604395270503,0.0018461538461538463,1.216676238027233,1.0998768442779012,-0.003,0.5,-0.00001727246955970406,-0.0034285714285714284,-0.3174955552653025,0.8440182829888713,0.007384615384615385,0.9999574845653634,0.0000888520221407104,0.008,1.42825992380976,1.0873211446740858,-0.008,0,1.65,0.008,1,1.65,0
0.01,1,1.7763568394002505e-15,9.421026105946088e-16,1,0.00001813125937376045,-0.0001276775032488616,-0.000019403685855610617,0.002307692307692308,1.2166816201675277,1.0998075670502905,-0.00375,0.5,-0.00002699475129767001,-0.004285714285714286,-0.3174885845313915,0.8440182829888713,0.009230769230769232,0.9999335690065232,0.00013882488574838475,0.01,1.4282156505789385,1.0873211446740858,-0.01,0,1.65,0.01,1,1.65,0
0.012,1,5.329070518200751e-15,1.8841538780621212e-16,1,0.000021903390570899184,-0.00018385568254917277,-0.000027946131725537145,0.0027692307692307695,1.2166881966267442,1.0997228928019247,-0.0045000000000000005,0.5,-0.00003888391148677403,-0.005142857142857143,-0.31748006554075053,0.8440182829888713,0.011076923076923078,0.9999043382650842,0.00019989657572359748,0.012,1.4281615393886515,1.0873211446740858,-0.012,0,1.65,0.012,1,1.65,0
0.014,1,5.329070518200751e-15,0,1,0.00002575506459760638,-0.0002502481343213097,-0.000038045548586560875,0.003230769230769231,1.2166959663760752,1.0996228202908194,-0.00525,0.5,-0.00005294377117819909,-0.006,-0.31746999877157084,0.8440182829888713,0.012923076923076924,0.9998697919713173,0.00027206334228559306,0.014,1.4280975905608844,1.0873211446740858,-0.014,0,1.65,0.014,1,1.65,0
0.016,1,3.552713678800501e-15,3.5940023734453695e-16,1,0.000029699515479522604,-0.0003268548840563817,-0.00004970383404017487,0.0036923076923076927,1.2167049281983424,1.099507348055337,-0.006,0.5,-0.00006917884453801448,-0.006857142857142857,-0.31745838478993216,0.8440182829888713,0.01476923076923077,0.9998299296870462,0.00035532075649014663,0.016,1.4280238044763691,1.0873211446740858,-0.016,0,1.65,0.016,1,1.65,0
0.018000000000000002,1,5.329070518200751e-15,1.205994580146273e-15,1,0.00003374996655233856,-0.00041367595845395874,-0.00006292317616083567,0.004153846153846155,1.2167150806873406,1.099376474417262,-0.006750000000000001,0.5,-0.000087594338034433,-0.007714285714285715,-0.31744522425027466,0.8440182829888713,0.01661538461538462,0.9997847509050302,0.0004496637115387788,0.018000000000000002,1.427940181574683,1.0873211446740858,-0.018000000000000002,0,1.65,0.018000000000000002,1,1.65,0
0.02,1,5.329070518200751e-15,1.6679962214220657e-15,1,0.00003791962891851656,-0.0005107113842543423,-0.00007770605287896617,0.004615384615384616,1.2167264222470835,1.0992301974853569,-0.0075,0.5,-0.00010819614951085744,-0.008571428571428572,-0.31743051789594323,0.8440182829888713,0.018461538461538463,0.9997342550482676,0.0005550864242792747,0.02,1.4278467223543725,1.0873211446740858,-0.02,0,1.65,0.02,1,1.65,0
0.022,1,7.105427357601002e-15,2.439042199359011e-15,1,0.00004222169989772051,-0.0006179611869349877,-0.00009405523125844537,0.005076923076923077,1.2167389510909499,1.0990685151593718,-0.00825,0.5,-0.00013099086710792988,-0.009428571428571427,-0.3174142665597996,0.8440182829888713,0.020307692307692308,0.9996784414691855,0.0006715824369323922,0.022,1.4277434273730778,1.0873211446740858,-0.022,0,1.65,0.022,1,1.65,0
0.024,1,1.3322676295501878e-14,3.473758483925013e-15,1,0.000046669361469899216,-0.0007354253892304456,-0.00011197376672956715,0.005538461538461539,1.2167526652407414,1.0988914251345467,-0.009000000000000001,0.5,-0.00015598576810556933,-0.010285714285714285,-0.3173964711649147,0.8440182829888713,0.022153846153846156,0.9996173094487502,0.0007991446189767143,0.024,1.427630297247689,1.0873211446740858,-0.024,0,1.65,0.024,1,1.65,0
0.026000000000000002,1,1.9539925233402755e-14,4.176345183384026e-15,1,0.00005127577871068327,-0.000863104009527548,-0.00013146500221657357,0.006000000000000001,1.2167675625256484,1.098698924906517,-0.009750000000000002,0.5,-0.0001831888176078871,-0.011142857142857144,-0.31737713272531376,0.8440182829888713,0.024000000000000004,0.9995508581954873,0.0009377651692685996,0.026000000000000002,1.4275073326545131,1.0873211446740858,-0.026000000000000002,0,1.65,0.026000000000000002,1,1.65,0
0.028,1,2.042810365310288e-14,5.998161984869307e-15,1,0.000056054098217873114,-0.0010009970600907965,-0.00015253256718543724,0.006461538461538462,1.2167836405811085,1.098491011776768,-0.0105,0.5,-0.0002126086671094384,-0.012,-0.3173562523468097,0.8440182829888713,0.02584615384615385,0.9994790868444006,0.0010874356183527651,0.028,1.4273745343294542,1.0873211446740858,-0.028,0,1.65,0.028,1,1.65,0
0.03,1,2.5757174171303632e-14,7.135935108227349e-15,1,0.00006101744652850298,-0.0011491045451392256,-0.00017518037664118418,0.006923076923076923,1.216800896847587,1.0982676828584992,-0.01125,0.5,-0.0002442546529647148,-0.012857142857142855,-0.3173338312279017,0.8440182829888713,0.027692307692307693,0.9994019944557953,0.001248146830954365,0.03,1.427231903068218,1.0873211446740858,-0.03,0,1.65,0.03,1,1.65,0
0.032,1,3.2862601528904634e-14,9.663069733736663e-15,1,0.00006617892852594743,-0.001307426458787772,-0.00019941263001646282,0.007384615384615385,1.2168193285692717,1.0980289350829349,-0.012,0.5,-0.00027813679470720446,-0.013714285714285714,-0.3173098706607312,0.8440182829888713,0.02953846153846154,0.9993195800140284,0.0014198890086897413,0.032,1.4270794397265274,1.0873211446740858,-0.032,0,1.65,0.032,1,1.65,0
0.034,1,4.3520742565306136e-14,1.2440199384494583e-14,1,0.00007155162583593587,-0.0014759627828321278,-0.00022523380999891633,0.007846153846153846,1.216838932792665,1.0977747652061283,-0.012750000000000001,0.5,-0.0003142657932568983,-0.014571428571428572,-0.3172843720321201,0.8440182829888713,0.031384615384615386,0.9992318424261403,0.001602651692971873,0.034,1.426917145220354,1.0873211446740858,-0.034,0,1.65,0.034,1,1.65,0
0.036000000000000004,1,5.240252676230739e-14,1.5434684105953113e-14,1,0.00007714859521102194,-0.001654713484380365,-0.0002526486812922842,0.00830769230769231,1.2168597063651077,1.0975051698162044,-0.013500000000000002,0.5,-0.00035265302901646395,-0.01542857142857143,-0.31725733682467167,0.8440182829888713,0.03323076923076924,0.999138780520416,0.0017964237681018633,0.036000000000000004,1.4267450205261765,1.0873211446740858,-0.036000000000000004,0,1.65,0.036000000000000004,1,1.65,0
0.038,1,6.572520305780927e-14,1.977631265295483e-14,1,0.00008298286690287005,-0.0018436785133539289,-0.00028166228929099075,0.008769230769230769,1.2168816459332132,1.0972201453410375,-0.014249999999999999,0.5,-0.0003933105598386146,-0.016285714285714285,-0.3172287666179344,0.8440182829888713,0.035076923076923075,0.999040393044849,0.0020011934645666465,0.038,1.4265630666812483,1.0873211446740858,-0.038,0,1.65,0.038,1,1.65,0
0.04,1,8.260059303211165e-14,2.336952583760433e-14,1,0.00008906744302149044,-0.0020428577998321245,-0.00031227995870650665,0.009230769230769232,1.216904747941232,1.0969196880563845,-0.015,0.5,-0.0004362511188890114,-0.017142857142857144,-0.317198663089637,0.8440182829888713,0.036923076923076927,0.9989366786655187,0.002216948362521221,0.04,1.4263712847838932,1.0873211446740858,-0.04,0,1.65,0.04,1,1.65,0
0.042,1,9.947598300641403e-14,2.93195564503314e-14,1,0.00009541529588081031,-0.0022522512512604767,-0.0003445072920789125,0.009692307692307693,1.2169290086293063,1.096603794094514,-0.01575,0.5,-0.0004814881123523879,-0.018,-0.31716702801699265,0.8440182829888713,0.03876923076923077,0.9988276359648571,0.002443675395496929,0.042,1.4261696759937998,1.0873211446740858,-0.042,0,1.65,0.042,1,1.65,0
0.044,1,5.329070518200751e-15,9.66871400574177e-16,1,0.00010203936633021615,-0.0024718587495193784,-0.0003783501683078301,0.010153846153846154,1.2169544240316916,1.0962724594531188,-0.0165,0.5,-0.0005290356171086674,-0.018857142857142854,-0.31713386327805226,0.8440182829888713,0.040615384615384616,0.9987132634398361,0.0026813608542186297,0.044,1.4259582415323642,1.0873211446740858,-0.044,0,1.65,0.044,1,1.65,0
0.046,1,1.7763568394002505e-15,9.409240702272417e-17,1,0.00010895256207137497,-0.0027016801478527436,-0.00041381474094030816,0.010615384615384615,1.2169809899749333,1.095925680004937,-0.01725,0.5,-0.0005789083781057287,-0.019714285714285712,-0.3170991708531337,0.8440182829888713,0.04246153846153846,0.9985935595001632,0.0029299903908371807,0.046,1.4257369826830248,1.0873211446740858,-0.046,0,1.65,0.046,1,1.65,0
0.048,1,8.881784197001252e-16,2.9104817530918235e-16,1,0.00011616775595864022,-0.0029417152676424387,-0.00045090743667084186,0.011076923076923078,1.217008702075848,1.095563451507487,-0.018000000000000002,0.5,-0.0006311218059087553,-0.02057142857142857,-0.3170629528263208,0.8440182829888713,0.04430769230769231,0.9984685224661533,0.003189549022985408,0.048,1.4255059007916384,1.0873211446740858,-0.048,0,1.65,0.048,1,1.65,0
0.05,1,3.552713678800501e-15,8.73099967844616e-16,1,0.0001236977842846707,-0.003191963895075659,-0.0004896349535251182,0.011538461538461539,1.2170375557395856,1.0951857696134548,-0.018750000000000003,0.5,-0.0006856919738679896,-0.02142857142857143,-0.3170252113870043,0.8440182829888713,0.046153846153846156,0.9983381505667542,0.003460021138368708,0.05,1.4252649972668623,1.0873211446740858,-0.05,0,1.65,0.05,1,1.65,0
0.052000000000000005,1,2.6645352591003757e-15,2.8217383284200927e-16,1,0.00013155544504857582,-0.0034524257776533075,-0.0005300042590929846,0.012000000000000002,1.2170675461575433,1.0947926298814585,-0.019500000000000003,0.5,-0.0007426356152877394,-0.022285714285714287,-0.3169859488315009,0.8440182829888713,0.04800000000000001,0.9982024419373517,0.003741390499393002,0.052000000000000005,1.425014273580555,1.0873211446740858,-0.052000000000000005,0,1.65,0.052000000000000005,1,1.65,0
0.054,1,1.7763568394002505e-15,4.3650267465255184e-16,1,0.0001397534962073561,-0.003723100620577317,-0.0005720225887202846,0.012461538461538461,1.2170986683052716,1.094384027787154,-0.02025,0.5,-0.000801970120497239,-0.023142857142857142,-0.31694516756471897,0.8440182829888713,0.049846153846153846,0.9980613946175532,0.004033640247982764,0.054,1.424753731268225,1.0873211446740858,-0.054,0,1.65,0.054,1,1.65,0
0.056,1,3.552713678800501e-15,5.819701901945735e-16,1,0.0001483046539093702,-0.0040039880829999715,-0.0006156974435895338,0.012923076923076924,1.2171309169402804,1.0939599587348647,-0.021,0.5,-0.0008637135337575165,-0.024,-0.316902870101896,0.8440182829888713,0.0516923076923077,0.997915006548824,0.0043367529106289274,0.056,1.4244833719294596,1.0873211446740858,-0.056,0,1.65,0.056,1,1.65,0
0.058,1,4.440892098500626e-15,4.700960714905029e-16,1,0.0001572215907099772,-0.004295087774156868,-0.0006610365887781225,0.013384615384615385,1.2171642865998253,1.0935204180695404,-0.021750000000000002,0.5,-0.0009278845500866366,-0.024857142857142855,-0.3168590590703808,0.8440182829888713,0.05353846153846154,0.9977632755720925,0.004650710403602423,0.058,1.4242031972284097,1.0873211446740858,-0.058,0,1.65,0.058,1,1.65,0
0.06,1,6.217248937900877e-15,3.5893852482711496e-16,1,0.00016651693376806923,-0.004596399249347813,-0.0007080480512726358,0.013846153846153847,1.217198771598636,1.0930654010891785,-0.0225,0.5,-0.0009945025119831466,-0.02571428571428571,-0.31681373721148554,0.8440182829888713,0.055384615384615386,0.9976061994252385,0.004975494038347885,0.06,1.4239132088942836,1.0873211446740858,-0.06,0,1.65,0.06,1,1.65,0
0.062,1,3.552713678800501e-15,4.822369443152325e-16,1,0.00017620326302417085,-0.0049079220058236995,-0.0007567401179092111,0.014307692307692308,1.2172343660266112,1.0925949030575826,-0.02325,0.5,-0.0010635874060177172,-0.02657142857142857,-0.3167669073823775,0.8440182829888713,0.05723076923076923,0.9974437757405168,0.005311084527077929,0.062,1.4236134087218653,1.0873211446740858,-0.062,0,1.65,0.062,1,1.65,0
0.064,1,1.7763568394002505e-15,1.8795240195280366e-16,1,0.0001862931093584366,-0.005229655478525157,-0.0008071213332760922,0.01476923076923077,1.2172710637464543,1.092108919217597,-0.024,0.5,-0.001135159859323302,-0.027428571428571427,-0.3167185725580403,0.8440182829888713,0.05907692307692308,0.9972760020418818,0.005657461988552333,0.064,1.4233037985720554,1.0873211446740858,-0.064,0,1.65,0.064,1,1.65,0
0.066,1,2.6645352591003757e-15,4.822134750144964e-16,1,0.0001967989527291592,-0.00556159903571178,-0.0008592004975894333,0.015230769230769232,1.2173088583913025,1.0916074448046535,-0.02475,0.5,-0.0012092411360006105,-0.028285714285714286,-0.3166687358332778,0.8440182829888713,0.06092307692307693,0.9971028757422424,0.006014605954015604,0.066,1.422984380372442,1.0873211446740858,-0.066,0,1.65,0.066,1,1.65,0
0.068,1,1.7763568394002505e-15,0,1,0.00020773322029086564,-0.0059037519744732266,-0.0009129866644969811,0.015692307692307693,1.2173477433623028,1.0910904750607537,-0.025500000000000002,0.5,-0.0012858531333839705,-0.029142857142857144,-0.3166174004247735,0.8440182829888713,0.06276923076923077,0.9969243941406293,0.006382495373350278,0.068,1.4226551561178882,1.0873211446740858,-0.068,0,1.65,0.068,1,1.65,0
0.07,1,1.7763568394002505e-15,3.3306690738754696e-16,1,0.00021910828449170423,-0.006256113516112537,-0.0009684891388584617,0.016153846153846158,1.2173877118261651,1.0905580052488284,-0.026250000000000002,0.5,-0.001365018378223477,-0.030000000000000002,-0.31656456967320323,0.8440182829888713,0.06461538461538463,0.996740554419271,0.0067611086213848455,0.07,1.4223161278711498,1.0873211446740858,-0.07,0,1.65,0.07,1,1.65,0
0.07200000000000001,1,3.552713678800501e-15,4.539104750555648e-16,1,0.00023093646115034396,-0.006618682801432775,-0.0010257174744955206,0.01661538461538462,1.2174287567127164,1.090010030667419,-0.027000000000000003,0.5,-0.0014467600227648346,-0.03085714285714286,-0.3165102470453863,0.8440182829888713,0.06646153846153847,0.9965513536406235,0.007150423504387629,0.07200000000000001,1.4219672977635234,1.0873211446740858,-0.07200000000000001,0,1.65,0.07200000000000001,1,1.65,0
0.074,1,7.105427357601002e-15,2.908072371810178e-16,1,0.00024323000751103044,-0.006991458885893317,-0.0010846814718911907,0.017076923076923076,1.2174708707124025,1.0894465466658068,-0.027749999999999997,0.5,-0.0015311018407173564,-0.03171428571428571,-0.3164544361365018,0.8440182829888713,0.0683076923076923,0.9963567887442771,0.007550417266738628,0.074,1.4216086679955109,1.0873211446740858,-0.074,0,1.65,0.074,1,1.65,0
0.076,1,4.440892098500626e-15,2.8163175580179313e-16,1,0.00025600112027789507,-0.007374440734672001,-0.0011453911758581646,0.017538461538461537,1.2175140462738032,1.0888675486594321,-0.028499999999999998,0.5,-0.0016180682231168285,-0.03257142857142857,-0.31639714067233204,0.8440182829888713,0.07015384615384615,0.9961568565438129,0.007961066597781839,0.076,1.421240240837516,1.0873211446740858,-0.076,0,1.65,0.076,1,1.65,0
0.078,1,3.552713678800501e-15,3.75436307028233e-16,1,0.0002692619336269266,-0.007767627217603586,-0.0012078568732139573,0.018000000000000002,1.2175582756011434,1.0882730321457028,-0.029249999999999998,0.5,-0.0017076841741255557,-0.033428571428571426,-0.31633836451156805,0.8440182829888713,0.07200000000000001,0.9959515537235842,0.008382347638821683,0.078,1.4208620186305807,1.0873211446740858,-0.078,0,1.65,0.078,1,1.65,0
0.08,1,1.7763568394002505e-15,1.8768083688538254e-16,1,0.00028302451719665453,-0.008171017104031229,-0.001272089090366652,0.018461538461538463,1.217603550651777,1.0876629927201462,-0.03,0.5,-0.0017999753066727034,-0.03428571428571429,-0.31627811164814446,0.8440182829888713,0.07384615384615385,0.995740876835401,0.008814235990337812,0.08,1.4204740037871257,1.0873211446740858,-0.08,0,1.65,0.08,1,1.65,0
0.082,1,1.7763568394002505e-15,1.3081607115543043e-15,1,0.00029730087405630776,-0.008584609057541017,-0.0013380985909345246,0.018923076923076924,1.2176498631336978,1.0870374260929003,-0.03075,0.5,-0.0018949678380512382,-0.03514285714285714,-0.3162163862136291,0.8440182829888713,0.0756923076923077,0.9955248222951565,0.009256706719326114,0.082,1.4200761987917445,1.0873211446740858,-0.082,0,1.65,0.082,1,1.65,0
0.084,1,1.7763568394002505e-15,2.9068677999325443e-16,1,0.0003121029386519472,-0.009008401630598037,-0.0014058963733102779,0.019384615384615386,1.2176972045030392,1.086396328105563,-0.0315,0.5,-0.0019926885853880625,-0.036,-0.3161531924796454,0.8440182829888713,0.07753846153846154,0.9953033863793653,0.009709734366831453,0.084,1.419668606202008,1.0873211446740858,-0.084,0,1.65,0.084,1,1.65,0
0.08600000000000001,1,5.329070518200751e-15,4.689076817362519e-16,1,0.0003274425747307537,-0.009442393259101433,-0.0014754936682266964,0.01984615384615385,1.2177455659616123,1.085739694748296,-0.03225,0.5,-0.0020931649610322575,-0.03685714285714286,-0.31608853486033234,0.8440182829888713,0.0793846153846154,0.9950765652216537,0.010173292955636275,0.08600000000000001,1.4192512286493206,1.0873211446740858,-0.08600000000000001,0,1.65,0.08600000000000001,1,1.65,0
0.088,1,2.6645352591003757e-15,4.82057755445441e-16,1,0.0003433315732418322,-0.009886582256818764,-0.0015469019362970237,0.020307692307692308,1.2177949384544238,1.0850675221773693,-0.033,0.5,-0.002196424967849015,-0.03771428571428571,-0.3160224179148585,0.8440182829888713,0.08123076923076923,0.9948443548091286,0.010647355998106645,0.088,1.4188240688397815,1.0873211446740858,-0.088,0,1.65,0.088,1,1.65,0
0.09,1,2.6645352591003757e-15,2.220446049250313e-16,1,0.00035978165021602966,-0.010340966809743113,-0.0016201328655526444,0.02076923076923077,1.2178453126672648,1.084379806732892,-0.03375,0.5,-0.002302497194414223,-0.03857142857142857,-0.3159548463499431,0.8440182829888713,0.08307692307692308,0.9946067509787461,0.011131896504213475,0.09,1.4183871295551114,1.0873211446740858,-0.09,0,1.65,0.09,1,1.65,0
0.092,1,1.7763568394002505e-15,2.9057919244776057e-16,1,0.0003768044446219531,-0.010805544970362348,-0.0016951983689580546,0.02123076923076923,1.2178966790242771,1.0836765449569667,-0.0345,0.5,-0.0024114108101231575,-0.039428571428571424,-0.31588582502244805,0.8440182829888713,0.08492307692307692,0.9943637494135279,0.011626886989698182,0.092,1.4179404136535747,1.0873211446740858,-0.092,0,1.65,0.092,1,1.65,0
0.094,1,3.552713678800501e-15,2.905507294661091e-16,1,0.00039441151620080297,-0.011280314651834215,-0.0017721105819422766,0.021692307692307695,1.2179490276856058,1.082957733612036,-0.035250000000000004,0.5,-0.0025231955602143235,-0.040285714285714286,-0.3158153589419667,0.8440182829888713,0.08676923076923078,0.9941153456387876,0.012132299484394118,0.094,1.417483924070974,1.0873211446740858,-0.094,0,1.65,0.094,1,1.65,0
0.096,1,1.7763568394002505e-15,4.683682823331836e-16,1,0.0004126143432776386,-0.011765273622078087,-0.001850881859894354,0.022153846153846156,1.218002348545035,1.0822233696996282,-0.036000000000000004,0.5,-0.0026378817606840976,-0.04114285714285714,-0.31574345327347997,0.8440182829888713,0.08861538461538462,0.9938615350182125,0.012648105540715807,0.096,1.4170176638216414,1.0873211446740858,-0.096,0,1.65,0.096,1,1.65,0
0.098,1,1.7763568394002505e-15,2.220446049250313e-16,1,0.00043142432055159695,-0.012260419497790212,-0.0019315247757053125,0.022615384615384617,1.2180566312277334,1.0814734504792778,-0.036750000000000005,0.5,-0.0027555002931487316,-0.042,-0.3156701133400089,0.8440182829888713,0.09046153846153847,0.9936023127499624,0.013174276242271993,0.098,1.4165416359995038,1.0873211446740858,-0.098,0,1.65,0.098,1,1.65,0
0.1,1,2.6645352591003757e-15,5.809231333918601e-16,1,0.0004508527568626143,-0.012765749738368219,-0.002014052117263094,0.023076923076923078,1.2181118650879814,1.080707973487842,-0.037500000000000006,0.5,-0.002876082599581412,-0.04285714285714286,-0.3155953446253282,0.8440182829888713,0.09230769230769231,0.9933376738626055,0.013710782212651538,0.1,1.4160558437791468,1.0873211446740858,-0.1,0,1.65,0.1,1,1.65,0
0.10200000000000001,1,2.6645352591003757e-15,0,1,0.0004452766085721197,-0.013281261639772501,-0.002098476884995092,0.023538461538461543,1.2181680392070138,1.0799269365589752,-0.038250000000000006,0.5,-0.0029996606769931264,-0.04371428571428571,-0.315519152776679,0.8440182829888713,0.09415384615384617,0.9930676132110832,0.014257593624337608,0.10200000000000001,1.4155602904169464,1.0873211446740858,-0.10200000000000001,0,1.65,0.10200000000000001,1,1.65,0
0.10400000000000001,1,5.329070518200751e-15,6.919263071146098e-16,1,0.0004319440465763713,-0.013806952328309433,-0.002184812289400726,0.024000000000000004,1.2182251423908927,1.0791303378429198,-0.03900000000000001,0.5,-0.003126267072019321,-0.044571428571428574,-0.3154415436075247,0.8440182829888713,0.09600000000000002,0.9927921254725484,0.014814680207764741,0.10400000000000001,1.4150549792522213,1.0873211446740858,-0.10400000000000001,0,1.65,0.10400000000000001,1,1.65,0
0.106,1,3.552713678800501e-15,4.538364055897382e-16,1,0.00041734191751197596,-0.014342818754332355,-0.0022730717485936786,0.02446153846153846,1.2182831631684454,1.078318175826588,-0.03975,0.5,-0.003255934875416876,-0.04542857142857142,-0.31536252310032875,0.8440182829888713,0.09784615384615385,0.992511205142159,0.01538201126052344,0.106,1.4145399137084265,1.0873211446740858,-0.106,0,1.65,0.106,1,1.65,0
0.108,1,7.105427357601002e-15,9.35279802057175e-17,1,0.00040144721909093233,-0.014888857685893554,-0.002363268885881997,0.024923076923076923,1.2183420897893043,1.0774904493537885,-0.0405,0.5,-0.0033886977165000372,-0.046285714285714284,-0.31528209740934593,0.8440182829888713,0.09969230769230769,0.9922248465288322,0.01595955565668064,0.108,1.4140150972943986,1.0873211446740858,-0.108,0,1.65,0.108,1,1.65,0
0.11,1,4.440892098500626e-15,4.538257860147294e-16,1,0.0003842370171338331,-0.015445065702314395,-0.0024554175273357173,0.025384615384615387,1.218401910221989,1.0766471576457892,-0.04125,0.5,-0.0035245897574684823,-0.04714285714285714,-0.31520027286344504,0.8440182829888713,0.10153846153846155,0.9919330437508991,0.016547281856255737,0.11,1.4134805336056202,1.0873211446740858,-0.11,0,1.65,0.11,1,1.65,0
0.112,1,2.6645352591003757e-15,9.34754545764843e-17,1,0.0003656884456946891,-0.016011439187698408,-0.0025495316994076033,0.02584615384615385,1.2184626121520996,1.0757883003220654,-0.042,0.5,-0.0036636456876835495,-0.048,-0.3151170559689488,0.8440182829888713,0.1033846153846154,0.991635790731732,0.01714515791479856,0.112,1.4129362263255478,1.0873211446740858,-0.112,0,1.65,0.112,1,1.65,0
0.114,1,1.7763568394002505e-15,9.344844324304526e-17,1,0.0003457787071249123,-0.016587974324386908,-0.002645625626565093,0.02630769230769231,1.2185241829805988,1.0749138774212414,-0.04275,0.5,-0.0038059007178524594,-0.048857142857142856,-0.3150324534124817,0.8440182829888713,0.10523076923076924,0.9913330811953102,0.017753151493109215,0.114,1.41238217922697,1.0873211446740858,-0.114,0,1.65,0.114,1,1.65,0
0.116,1,2.6645352591003757e-15,4.67104657247755e-16,1,0.0003244850720765266,-0.01717466708635146,-0.0027437137289506993,0.02676923076923077,1.2185866098221783,1.0740238894223033,-0.043500000000000004,0.5,-0.003951390574139437,-0.04971428571428571,-0.31494647206384896,0.8440182829888713,0.10707692307692308,0.991024908661718,0.018371229867067955,0.116,1.411818396173413,1.0873211446740858,-0.116,0,1.65,0.116,1,1.65,0
0.11800000000000001,1,3.552713678800501e-15,3.5749677051279773e-16,1,0.0003017848794435965,-0.017771513232533762,-0.0028438106200665255,0.027230769230769235,1.218649879503724,1.0731183372659994,-0.044250000000000005,0.5,-0.004100151492188188,-0.05057142857142857,-0.3148591189789221,0.8440182829888713,0.10892307692307694,0.9907112664425873,0.018999359937596334,0.11800000000000001,1.4112448811205807,1.0873211446740858,-0.11800000000000001,0,1.65,0.11800000000000001,1,1.65,0
0.12,1,3.552713678800501e-15,3.8183924770181463e-16,1,0.00027765553624125563,-0.018378508300136143,-0.0029459311045299586,0.027692307692307693,1.2187139785629277,1.072197222376371,-0.045,0.5,-0.004252220211109379,-0.05142857142857142,-0.3147704014025343,0.8440182829888713,0.11076923076923077,0.990392147636521,0.01963750824069744,0.12,1.4106616381178687,1.0873211446740858,-0.12,0,1.65,0.12,1,1.65,0
0.122,1,1.7763568394002505e-15,4.666769111160018e-16,1,0.0002520745174230569,-0.018995647597855814,-0.0030500901758094244,0.028153846153846154,1.2187788932469512,1.0712605466825882,-0.04575,0.5,-0.004407633967336034,-0.05228571428571428,-0.3146803267713957,0.8440182829888713,0.11261538461538462,0.9900675451244089,0.02028564095765317,0.122,1.4100686713098813,1.0873211446740858,-0.122,0,1.65,0.122,1,1.65,0
0.124,1,7.105427357601002e-15,4.3507173212187863e-16,1,0.00022501936563386682,-0.01962292619908224,-0.003156303014067741,0.028615384615384615,1.2188446095112795,1.0703083126408253,-0.0465,0.5,-0.0045664304884720916,-0.05314285714285714,-0.3145889027170088,0.8440182829888713,0.11446153846153846,0.9897374515647576,0.020943723925269164,0.124,1.4094659849380433,1.0873211446740858,-0.124,0,1.65,0.124,1,1.65,0
0.126,1,3.552713678800501e-15,1.8655165312360736e-16,1,0.0001964676909013663,-0.020260338935034535,-0.003264584983986228,0.02907692307692308,1.2189111130186252,1.0693405232564661,-0.04725,0.5,-0.004728647987008347,-0.054,-0.3144961370686081,0.8440182829888713,0.11630769230769232,0.9894018593889022,0.021611722646271557,0.126,1.408853583342215,1.0873211446740858,-0.126,0,1.65,0.126,1,1.65,0
0.128,1,1.7763568394002505e-15,0,1,0.0001663971702621801,-0.020907880387876877,-0.0033749516326994473,0.02953846153846154,1.2189783891380481,1.0683571821062774,-0.048,0.5,-0.00489432515402627,-0.054857142857142854,-0.3144020378560786,0.8440182829888713,0.11815384615384616,0.9890607607962585,0.0222896022997528,0.128,1.4082314709624033,1.0873211446740858,-0.128,0,1.65,0.128,1,1.65,0
0.13,1,8.881784197001252e-16,7.992041104082893e-16,1,0.00013478554732509964,-0.0215655448837771,-0.0034874186877272427,0.030000000000000002,1.2190464229441362,1.067358293360916,-0.04875,0.5,-0.005063501152785056,-0.055714285714285716,-0.3143066133129137,0.8440182829888713,0.12000000000000001,0.9887141477494368,0.02297732775173949,0.13,1.4075996523404772,1.0873211446740858,-0.13,0,1.65,0.13,1,1.65,0
0.132,1,5.329070518200751e-15,3.458562963172797e-16,1,0.00010161063177046076,-0.02223332648594387,-0.0036020020549961456,0.030461538461538464,1.219115199216379,1.0663438618074481,-0.0495,0.5,-0.005236215612273887,-0.05657142857142857,-0.31420987187914723,0.8440182829888713,0.12184615384615385,0.9883620119693866,0.02367486356582697,0.132,1.406958132121972,1.0873211446740858,-0.132,0,1.65,0.132,1,1.65,0
0.134,1,2.6645352591003757e-15,1.8630123728112673e-16,1,0.00006685029878509104,-0.022911218987615372,-0.003718717816889231,0.030923076923076928,1.2191847024386557,1.0653138928720944,-0.05025,0.5,-0.005412508620667914,-0.057428571428571426,-0.3141118222043082,0.8440182829888713,0.12369230769230771,0.988004344930449,0.024382174013912135,0.134,1.4063069150579166,1.0873211446740858,-0.134,0,1.65,0.134,1,1.65,0
0.136,1,2.6645352591003757e-15,2.7935411880762835e-16,1,0.000030482488432815153,-0.02359921590502987,-0.0038375822304050167,0.031384615384615386,1.2192549167989308,1.0642683926429868,-0.051000000000000004,0.5,-0.005592420718765092,-0.05828571428571429,-0.3140124731503558,0.8440182829888713,0.12553846153846154,0.9876411378554315,0.025099223086964547,0.136,1.405646006006754,1.0873211446740858,-0.136,0,1.65,0.136,1,1.65,0
0.138,1,2.6645352591003757e-15,9.308494732204103e-17,0,0.0000075147950387965706,-0.02429731047035789,-0.003958611725321234,0.03184615384615385,1.219325826189039,1.0632073678931746,-0.051750000000000004,0.5,-0.005775992893306973,-0.05914285714285714,-0.31391183379463844,0.8440182829888713,0.1273846153846154,0.9872723817105633,0.025825974505908584,0.138,1.404975409936266,1.0873211446740858,-0.138,0,1.65,0.138,1,1.65,0
0.14,1,1.7763568394002505e-15,5.794411601022227e-16,0,0.0000471634839558256,-0.025005495624616125,-0.004081822902459255,0.032307692307692315,1.2193974142046937,1.0621308261036224,-0.052500000000000005,0.5,-0.005963266570261689,-0.060000000000000005,-0.31380991343282466,0.8440182829888713,0.12923076923076926,0.9868980672004852,0.026562391732546906,0.14,1.4042951319255956,1.0873211446740858,-0.14,0,1.65,0.14,1,1.65,0
0.14200000000000002,1,2.6645352591003757e-15,4.993684117467654e-16,0,0.00008848544803949593,-0.025723764010547656,-0.004207232532023645,0.03276923076923077,1.2194696641456464,1.0610387754863586,-0.053250000000000006,0.5,-0.006154283608054238,-0.06085714285714286,-0.3137067215818468,0.8440182829888713,0.1310769230769231,0.9865181847631803,0.027308437980537562,0.14200000000000002,1.4036051771673133,1.0873211446740858,-0.14200000000000002,0,1.65,0.14200000000000002,1,1.65,0
0.14400000000000002,1,1.7763568394002505e-15,3.3306690738754696e-16,0,0.00013150249529142243,-0.02645210796549097,-0.0043348575519920225,0.03323076923076924,1.2195425590160185,1.0599312250076998,-0.054000000000000006,0.5,-0.006349086290711132,-0.06171428571428572,-0.3136022679828316,0.8440182829888713,0.13292307692307695,0.9861327245648649,0.028064076226435048,0.14400000000000002,1.4029055509695343,1.0873211446740858,-0.14400000000000002,0,1.65,0.14400000000000002,1,1.65,0
0.146,1,1.7763568394002505e-15,2.788422632670759e-16,0,0.0001762363729425522,-0.027190519514222584,-0.0044647150665929145,0.033692307692307695,1.219616081524825,1.058808184411547,-0.05474999999999999,0.5,-0.006547717320957963,-0.06257142857142857,-0.3134965626040242,0.8440182829888713,0.13476923076923078,0.9857416764948622,0.02882926922077515,0.146,1.4021962587581034,1.0873211446740858,-0.146,0,1.65,0.146,1,1.65,0
0.148,1,3.552713678800501e-15,2.406998104479728e-16,0,0.00022270876846472012,-0.0279389903617885,-0.0045968223448667085,0.03415384615384615,1.2196902140866839,1.0576696642427512,-0.055499999999999994,0.5,-0.006750219813259809,-0.06342857142857142,-0.31338961564370743,0.8440182829888713,0.1366153846153846,0.9853450301604535,0.029603979499190778,0.148,1.4014773060788432,1.0873211446740858,-0.148,0,1.65,0.148,1,1.65,0
0.15,1,2.6645352591003757e-15,4.3280212545853883e-16,0,0.00027094131064569804,-0.028697511886314312,-0.004731196819296287,0.03461538461538462,1.2197649388227183,1.05651567587054,-0.056249999999999994,0.5,-0.006956637286791481,-0.06428571428571428,-0.313281437533103,0.8440182829888713,0.13846153846153847,0.984942774881688,0.03038816939357044,0.15,1.400748698599857,1.0873211446740858,-0.15,0,1.65,0.15,1,1.65,0
0.152,1,3.552713678800501e-15,3.5619550197302767e-16,0,0.0003209555707260314,-0.029466075131813676,-0.004867856084538392,0.035076923076923075,1.2198402375616664,1.0553462315119595,-0.056999999999999995,0.5,-0.007167013658365177,-0.06514285714285714,-0.3131720389392651,0.8440182829888713,0.1403076923076923,0.9845348996861955,0.031181801043235927,0.152,1.4000104421139044,1.0873211446740858,-0.152,0,1.65,0.152,1,1.65,0
0.154,1,2.6645352591003757e-15,1.8560316631190134e-16,0,0.0003727730635975545,-0.030244670800973514,-0.005006817896218469,0.03553846153846154,1.2199160918411731,1.0541613442554296,-0.057749999999999996,0.5,-0.007381393235277778,-0.06599999999999999,-0.3130614307679651,0.8440182829888713,0.14215384615384616,0.9841213933039472,0.03198483640615274,0.154,1.3992625425408287,1.0873211446740858,-0.154,0,1.65,0.154,1,1.65,0
0.156,1,3.552713678800501e-15,7.866806042723652e-16,0,0.00042641524906352564,-0.031033289247945895,-0.005148100169847168,0.036000000000000004,1.2199924829093254,1.0529610280842263,-0.058499999999999996,0.5,-0.007599820708132829,-0.06685714285714285,-0.3129496241665529,0.8440182829888713,0.14400000000000002,0.9837022441620341,0.032797237270129585,0.156,1.3985050059300668,1.0873211446740858,-0.156,0,1.65,0.156,1,1.65,0
0.158,1,1.7763568394002505e-15,3.559297795563199e-16,0,0.00048190353315810506,-0.0318319204711194,-0.005291720979793852,0.03646153846153846,1.220069391726366,1.0517452979000785,-0.05925,0.5,-0.007822341143569996,-0.06771428571428571,-0.3128366305268049,0.8440182829888713,0.14584615384615385,0.9832774403794046,0.03361896526405718,0.158,1.3977378384632102,1.0873211446740858,-0.158,0,1.65,0.158,1,1.65,0
0.16,1,8.881784197001252e-16,0,0,0.0005392592695268783,-0.03264055410590688,-0.005437698558392803,0.036923076923076927,1.2201467989666628,1.0505141695466844,-0.06,0.5,-0.00804899997697688,-0.06857142857142857,-0.31272246148775673,0.8440182829888713,0.1476923076923077,0.9828469697616066,0.034449981869111246,0.16,1.3969610464566484,1.0873211446740858,-0.16,0,1.65,0.16,1,1.65,0
0.162,1,1.7763568394002505e-15,1.8529470282939828e-16,0,0.0005985037608644884,-0.03345917941750634,-0.005586051295116158,0.03738461538461539,1.2202246850208696,1.0492676598333097,-0.06075,0.5,-0.008279843005115204,-0.06942857142857142,-0.31260712893851594,0.8440182829888713,0.14953846153846156,0.9824108197955072,0.03529024842997168,0.162,1.3961746363642717,1.0873211446740858,-0.162,0,1.65,0.162,1,1.65,0
0.164,1,1.7763568394002505e-15,1.8521494430039965e-16,0,0.0006596582604108054,-0.03428778529368854,-0.0057367977358616816,0.03784615384615385,1.2203030299983366,1.0480057865583146,-0.0615,0.5,-0.008514916378708005,-0.07028571428571428,-0.31249064502105117,0.8440182829888713,0.1513846153846154,0.9819689776440182,0.0361397261660182,0.164,1.3953786147802492,1.0873211446740858,-0.164,0,1.65,0.164,1,1.65,0
0.166,1,3.552713678800501e-15,1.8513412342066574e-16,0,0.0007227439735037299,-0.03512636023756746,-0.005889956582348967,0.03830769230769231,1.2203818137297535,1.0467285685326846,-0.06225,0.5,-0.008754266594974825,-0.07114285714285715,-0.31237302213296075,0.8440182829888713,0.15323076923076925,0.9815214301408153,0.0369983761824954,0.166,1.394572988441883,1.0873211446740858,-0.166,0,1.65,0.166,1,1.65,0
0.168,1,3.552713678800501e-15,2.405512195557647e-16,0,0.0007877820591871358,-0.03597489236038825,-0.006045546691604205,0.03876923076923077,1.2204610157700202,1.0454360256035262,-0.063,0.5,-0.008997940490102298,-0.072,-0.31225427293021946,0.8440182829888713,0.15507692307692308,0.9810681637850481,0.03786615948165803,0.168,1.3937577642325287,1.0873211446740858,-0.168,0,1.65,0.168,1,1.65,0
0.17,1,4.440892098500626e-15,5.236371905373434e-16,0,0.0007590590554760761,-0.03683336937431524,-0.006203587075576172,0.039230769230769236,1.2205406154013758,1.0441281786775183,-0.06375,0.5,-0.009245985231681896,-0.07285714285714286,-0.31213441032989914,0.8440182829888713,0.15692307692307694,0.9806091647360703,0.038743036973860154,0.17,1.3929329491845994,1.0873211446740858,-0.17,0,1.65,0.17,1,1.65,0
0.17200000000000001,1,1.7763568394002505e-15,3.3306690738754696e-16,0,0.0007078918522541117,-0.03770177858522866,-0.00636409690083533,0.0396923076923077,1.220620591636758,1.0428050497443242,-0.0645,0.5,-0.009498448311068379,-0.07371428571428572,-0.31201344751285964,0.8440182829888713,0.1587692307692308,0.9801444188081575,0.039628969488618104,0.17200000000000001,1.3920985504826375,1.0873211446740858,-0.17200000000000001,0,1.65,0.17200000000000001,1,1.65,0
0.17400000000000002,1,3.552713678800501e-15,1.8480016298783756e-16,0,0.0006547130001798611,-0.03858010688553708,-0.006527095488421182,0.04015384615384616,1.2207009232234418,1.0414666618999004,-0.06525,0.5,-0.009755377535725331,-0.07457142857142858,-0.3118913979264149,0.8440182829888713,0.16061538461538463,0.9796739114652606,0.04052391778558296,0.17400000000000002,1.391254575466478,1.0873211446740858,-0.17400000000000002,0,1.65,0.17400000000000002,1,1.65,0
0.176,1,1.7763568394002505e-15,6.406719831137276e-16,0,0.0005995050419215875,-0.039468340746997836,-0.006692602313755895,0.040615384615384616,1.2207815886468905,1.0401130393698101,-0.066,0.5,-0.010016821021469571,-0.07542857142857141,-0.3117682752869749,0.8440182829888713,0.16246153846153846,0.9791976278157288,0.04142784256549167,0.176,1.3904010316344686,1.0873211446740858,-0.176,0,1.65,0.176,1,1.65,0
0.178,1,7.105427357601002e-15,7.840799560444204e-16,0,0.0005422507466022197,-0.040366466213546205,-0.006860637006721529,0.04107692307692308,1.2208625661349075,1.0387442075323963,-0.06675,0.5,-0.010282827184709584,-0.07628571428571428,-0.311644093582648,0.8440182829888713,0.16430769230769232,0.9787155526070992,0.04234070448100527,0.178,1.389537926646795,1.0873211446740858,-0.178,0,1.65,0.178,1,1.65,0
0.18,1,1.7763568394002505e-15,4.3072206883002767e-16,0,0.0004829331133035819,-0.041274468894152185,-0.007031219351831591,0.04153846153846154,1.2209438336620329,1.0373601929418643,-0.0675,0.5,-0.01055344473461284,-0.07714285714285714,-0.3115188670758154,0.8440182829888713,0.16615384615384615,0.9782276702208709,0.04326246414747868,0.18,1.3886652683288714,1.0873211446740858,-0.18,0,1.65,0.18,1,1.65,0
0.182,1,4.440892098500626e-15,2.7667348539340427e-16,0,0.0004215353745827643,-0.04219233395568564,-0.007204369288528637,0.042,1.2210253689542108,1.0359610233512957,-0.06825,0.5,-0.010828722665224643,-0.078,-0.31139261030567394,0.8440182829888713,0.168,0.977733964667327,0.044193082153639394,0.182,1.3877830646748268,1.0873211446740858,-0.182,0,1.65,0.182,1,1.65,0
0.184,1,5.329070518200751e-15,3.546504239963165e-16,0,0.00035804099999878165,-0.043120046115802,-0.007380106911608871,0.04246153846153846,1.2211071494937278,1.0345467277355105,-0.069,0.5,-0.011108710247543648,-0.07885714285714285,-0.31126533809073975,0.8440182829888713,0.16984615384615384,0.9772344195803676,0.04513251907215597,0.184,1.386891323851065,1.0873211446740858,-0.184,0,1.65,0.184,1,1.65,0
0.186,1,5.329070518200751e-15,1.3514163017192293e-15,0,0.0002924336996494943,-0.04405758963584747,-0.007558452471755474,0.042923076923076925,1.2211891525244145,1.0331173363138735,-0.06975,0.5,-0.011393457021532402,-0.07971428571428571,-0.31113706553132675,0.8440182829888713,0.1716923076923077,0.9767290182123741,0.04608073547010798,0.186,1.3859900541999128,1.0873211446740858,-0.186,0,1.65,0.186,1,1.65,0
0.188,1,1.7763568394002505e-15,5.525226320508379e-16,0,0.00022469742771695232,-0.045004948313796395,-0.007739426376220615,0.04338461538461539,1.2212713550571481,1.0316728805728685,-0.07050000000000001,0.5,-0.011683012788097559,-0.08057142857142857,-0.3110078080119692,0.8440182829888713,0.17353846153846156,0.9762177434291341,0.047037691919319065,0.188,1.3850792642433645,1.0873211446740858,-0.188,0,1.65,0.188,1,1.65,0
0.19,1,2.6645352591003757e-15,1.8408043149928367e-16,0,0.00015481638602300312,-0.045962105477186696,-0.007923049189626647,0.04384615384615385,1.2213537338756166,1.0302133932886313,-0.07125000000000001,0.5,-0.011977427601014239,-0.08142857142857142,-0.31087758120382464,0.8440182829888713,0.1753846153846154,0.9757005777047835,0.04800334900656103,0.19,1.3841589626869117,1.0873211446740858,-0.19,0,1.65,0.19,1,1.65,0
0.192,1,1.7763568394002505e-15,1.839855547571773e-16,0,0.00008277502759032109,-0.04692904397611303,-0.008109341634876982,0.04430769230769231,1.221436265542357,1.0287389085492848,-0.07200000000000001,0.5,-0.01227675175878552,-0.08228571428571428,-0.31074640106703016,0.8440182829888713,0.17723076923076925,0.9751775031167843,0.04897766734363119,0.192,1.383229158423446,1.0873211446740858,-0.192,0,1.65,0.192,1,1.65,0
0.194,1,4.440892098500626e-15,3.6777915543364787e-16,0,0.000008558060212573375,-0.04790574617621792,-0.008298324594242226,0.044769230769230776,1.221518926405119,1.027249461777086,-0.07275000000000001,0.5,-0.012581035796485845,-0.08314285714285714,-0.31061428385300993,0.8440182829888713,0.1790769230769231,0.9746485013409999,0.04996060757724807,0.194,1.38228986053729,1.0873211446740858,-0.194,0,1.65,0.194,1,1.65,0
0.196,1,2.6645352591003757e-15,4.440892098500626e-16,0,0.00006784954997116175,-0.048892193951733325,-0.008490019110521765,0.045230769230769234,1.2216016926034654,1.0257450897504512,-0.07350000000000001,0.5,-0.012890330477513751,-0.084,-0.3104812461067504,0.8440182829888713,0.18092307692307694,0.9741135536467629,0.050952130398817935,0.196,1.3813410783082798,1.0873211446740858,-0.196,0,1.65,0.196,1,1.65,0
0.198,1,2.6645352591003757e-15,4.292763763464568e-16,0,0.0001464625748945483,-0.04988836867852986,-0.008684446388389715,0.0456923076923077,1.221684540075704,1.0242258306257817,-0.07425000000000001,0.5,-0.013204686785333075,-0.08485714285714285,-0.3103473046690301,0.8440182829888713,0.1827692307692308,0.9735726408920536,0.05195219655399831,0.198,1.3803828212159754,1.0873211446740858,-0.198,0,1.65,0.198,1,1.65,0
0.2,1,4.440892098500626e-15,2.4027190676132683e-16,0,0.00022729552097884304,-0.05089425122721077,-0.008881627795849282,0.046153846153846156,1.2217674445660922,1.0226917239590763,-0.07500000000000001,0.5,-0.01352415591514507,-0.08571428571428572,-0.31021247667860025,0.8440182829888713,0.18461538461538463,0.973025743518714,0.0529607668520907,0.2,1.3794150989439493,1.0873211446740858,-0.2,0,1.65,0.2,1,1.65,0
0.202,1,2.6645352591003757e-15,2.4025273091138275e-16,0,0.00031036262554388504,-0.05190982195623647,-0.009081584865815178,0.04661538461538462,1.2218503816323356,1.0211428107273715,-0.07575000000000001,0.5,-0.013848789265504908,-0.08657142857142858,-0.3100767795743213,0.8440182829888713,0.18646153846153848,0.9724728415477358,0.0539778021752438,0.202,1.3784379213841704,1.0873211446740858,-0.202,0,1.65,0.202,1,1.65,0
0.20400000000000001,1,1.7763568394002505e-15,4.80466702829601e-16,0,0.0003956778532152813,-0.05293506070507519,-0.009284339297859372,0.047076923076923086,1.221933326653399,1.0195791333499384,-0.07650000000000001,0.5,-0.01417863842991089,-0.08742857142857142,-0.3099402310972506,0.8440182829888713,0.18830769230769234,0.9719139145746409,0.0550032634874288,0.20400000000000001,1.3774512986415022,1.0873211446740858,-0.20400000000000001,0,1.65,0.20400000000000001,1,1.65,0
0.20600000000000002,1,3.552713678800501e-15,5.758444155165809e-16,0,0.0004832548923299357,-0.05396994678739211,-0.009489912960069825,0.04753846153846154,1.2220162548375944,1.0180007357092877,-0.07725000000000001,0.5,-0.014513755188323483,-0.08828571428571429,-0.3098028492926858,0.8440182829888713,0.19015384615384617,0.9713489417649193,0.056037111843215366,0.20600000000000002,1.3764552410382833,1.0873211446740858,-0.20600000000000002,0,1.65,0.20600000000000002,1,1.65,0
0.20800000000000002,1,4.440892098500626e-15,1.8318669980760218e-16,0,0.000573107151340138,-0.05501445898427141,-0.009698327891051258,0.04800000000000001,1.2220991412309743,1.016407663171935,-0.07800000000000001,0.5,-0.014854191498637682,-0.08914285714285715,-0.30966465251215514,0.8440182829888713,0.19200000000000003,0.9707779018495538,0.05707930839631252,0.20800000000000002,1.3754497591190114,1.0873211446740858,-0.20800000000000002,0,1.65,0.20800000000000002,1,1.65,0
0.21,1,2.6645352591003757e-15,5.087212061808062e-16,0,0.0006652477552173292,-0.056068575537482394,-0.009909606302077375,0.048461538461538466,1.2221819607260413,1.014799962608878,-0.07875,0.5,-0.015199999488116834,-0.09,-0.30952565941535076,0.8440182829888713,0.19384615384615386,0.9702007731206653,0.05812981440785628,0.21,1.374434863655143,1.0873211446740858,-0.21,0,1.65,0.21,1,1.65,0
0.212,1,3.552713678800501e-15,5.62600061020541e-16,0,0.0007596895418557346,-0.05713227414277112,-0.010123770579361011,0.04892307692307692,1.2222646880707335,1.0131776824158953,-0.0795,0.5,-0.01555123144475575,-0.09085714285714284,-0.3093858889720189,0.8440182829888713,0.1956923076923077,0.9696175334272257,0.05918859125446384,0.212,1.3734105656499793,1.0873211446740858,-0.212,0,1.65,0.212,1,1.65,0
0.214,1,1.7763568394002505e-15,3.4538935140423266e-16,0,0.0008564450584774984,-0.05820553194319811,-0.0103408432864864,0.04938461538461539,1.2223472978777306,1.0115408725335175,-0.08025,0.5,-0.015907939808616742,-0.0917142857142857,-0.3092453604637919,0.8440182829888713,0.19753846153846155,0.9690281601708831,0.06025560043599477,0.214,1.3723768763436668,1.0873211446740858,-0.214,0,1.65,0.214,1,1.65,0
0.216,1,1.7763568394002505e-15,4.276789698994419e-16,0,0.00095552655804034,-0.05928832552252009,-0.010560847166949322,0.049846153846153846,1.2224297646340476,1.009889584466767,-0.081,0.5,-0.016270177163082367,-0.09257142857142857,-0.309104093485963,0.8440182829888713,0.19938461538461538,0.9684326303019061,0.06133080358306565,0.216,1.3713338072182943,1.0873211446740858,-0.216,0,1.65,0.216,1,1.65,0
0.218,1,5.329070518200751e-15,4.440892098500626e-16,0,0.0010569459956472514,-0.060380630898599436,-0.010783805146876957,0.05030769230769231,1.2225120627109487,1.0082238713045764,-0.08175,0.5,-0.016637996226094538,-0.09342857142857142,-0.3089621079492084,0.8440182829888713,0.20123076923076924,0.9678309203152385,0.062414162464237366,0.218,1.3702813700031113,1.0873211446740858,-0.218,0,1.65,0.218,1,1.65,0
0.22,1,5.329070518200751e-15,6.661338147750939e-16,0,0.0011607150249616871,-0.0614824235168768,-0.011009740337832244,0.050769230769230775,1.2225941663741382,1.0065437877389385,-0.0825,0.5,-0.017011449841290792,-0.09428571428571428,-0.3088194240812441,0.8440182829888713,0.2030769230769231,0.9672230062466742,0.06350563899294431,0.22,1.3692195766798296,1.0873211446740858,-0.22,0,1.65,0.22,1,1.65,0
0.222,1,5.329070518200751e-15,9.121441731229179e-17,0,0.001266844994625757,-0.06259367824386293,-0.011238676039813508,0.05123076923076923,1.222676049794276,1.0048493900837576,-0.08325,0.5,-0.017390590969142566,-0.09514285714285714,-0.3086760624284385,0.8440182829888713,0.20492307692307693,0.9666088636691693,0.06460519523405484,0.222,1.3681484394880585,1.0873211446740858,-0.222,0,1.65,0.222,1,1.65,0
0.224,1,1.7763568394002505e-15,7.771561172376096e-16,0,0.0012469153621691626,-0.06371436936069345,-0.011470635744351552,0.0516923076923077,1.222757687057781,1.0031407362933553,-0.084,0.5,-0.017775472677995348,-0.096,-0.308532043857348,0.8440182829888713,0.2067692307692308,0.965988467689287,0.06571279341014634,0.224,1.3670679709308349,1.0873211446740858,-0.224,0,1.65,0.224,1,1.65,0
0.226,1,1.7763568394002505e-15,4.267249539851407e-16,0,0.0011916632201436018,-0.06484447055672415,-0.011705643137767459,0.052153846153846155,1.2228390521779515,1.001417885980646,-0.08475,0.5,-0.01816614813508218,-0.09685714285714285,-0.3083873895561968,0.8440182829888713,0.20861538461538462,0.9653617929438052,0.0668283959074069,0.226,1.3659781837802687,1.0873211446740858,-0.226,0,1.65,0.226,1,1.65,0
0.228,1,2.6645352591003757e-15,2.3998483891230865e-16,0,0.0011349252320849298,-0.06598395492316876,-0.011943722104536918,0.05261538461538462,1.2229201191063457,0.9996809004350619,-0.0855,0.5,-0.018562670597452653,-0.09771428571428571,-0.30824212103630416,0.8440182829888713,0.21046153846153848,0.9647288135964326,0.06795196528121385,0.228,1.3648790910832875,1.0873211446740858,-0.228,0,1.65,0.228,1,1.65,0
0.23,1,1.7763568394002505e-15,1.8197072285708299e-16,0,0.0010767008040202988,-0.06713279494679542,-0.012184896730818618,0.053076923076923084,1.223000861744508,0.9979298426399991,-0.08625000000000001,0.5,-0.018965093402868026,-0.09857142857142857,-0.30809626013342617,0.8440182829888713,0.21230769230769234,0.9640895033347371,0.06908346426131763,0.23,1.3637707061675068,1.0873211446740858,-0.23,0,1.65,0.23,1,1.65,0
0.232,1,4.440892098500626e-15,1.8185332204425208e-16,0,0.0010169896637966566,-0.06829096250365795,-0.012429191308113104,0.05353846153846154,1.2230812539559641,0.9961647772900114,-0.08700000000000001,0.5,-0.01937346996064209,-0.09942857142857142,-0.3079498290090524,0.8440182829888713,0.21415384615384617,0.9634438353672128,0.0702228557566449,0.232,1.3626530426472105,1.0873211446740858,-0.232,0,1.65,0.232,1,1.65,0
0.234,1,5.329070518200751e-15,1.0937540270222242e-15,0,0.0009557918629150106,-0.0694584288528957,-0.012676630337029586,0.054000000000000006,1.2231612695785075,0.9943857708075933,-0.08775000000000001,0.5,-0.01978785374239594,-0.10028571428571428,-0.3078028501516237,0.8440182829888713,0.21600000000000003,0.962791782420519,0.07137010285972863,0.234,1.3615261144294302,1.0873211446740858,-0.234,0,1.65,0.234,1,1.65,0
0.23600000000000002,1,3.552713678800501e-15,5.883536851452905e-16,0,0.0008931077783138826,-0.07063516463056997,-0.012927238531213638,0.05446153846153847,1.2232408824367962,0.9925928913595834,-0.08850000000000001,0.5,-0.02020829827278398,-0.10114285714285715,-0.30765534637768305,0.8440182829888713,0.21784615384615388,0.962133316736927,0.0725251688507051,0.23600000000000002,1.3603899357201532,1.0873211446740858,-0.23600000000000002,0,1.65,0.23600000000000002,1,1.65,0
0.23800000000000002,1,2.6645352591003757e-15,2.220446049250313e-16,0,0.0008289381140994622,-0.071821139843561,-0.013181040821388655,0.05492307692307693,1.223320066355224,0.9907862088731972,-0.08925000000000001,0.5,-0.020634857120141282,-0.10200000000000001,-0.3075073408329617,0.8440182829888713,0.21969230769230771,0.9614684100719371,0.0736880172008996,0.23800000000000002,1.3592445210306376,1.0873211446740858,-0.23800000000000002,0,1.65,0.23800000000000002,1,1.65,0
0.24,1,9.769962616701378e-15,4.440892098500626e-16,0,0.0007632839032208029,-0.07301632386352169,-0.013438062359524171,0.055384615384615386,1.223398795171083,0.9889657950516473,-0.09,0.5,-0.02106758388707766,-0.10285714285714284,-0.3073588569933885,0.8440182829888713,0.22153846153846155,0.9607970336921053,0.0748586115759754,0.24,1.3580898851838359,1.0873211446740858,-0.24,0,1.65,0.24,1,1.65,0
0.242,1,2.6645352591003757e-15,4.796523824324322e-16,0,0.0006961465090899374,-0.07422068542088718,-0.013698328523118176,0.05584615384615385,1.2234770427479984,0.9871317233893758,-0.09075,0.5,-0.021506532200987288,-0.1037142857142857,-0.30720991866603164,0.8440182829888713,0.2233846153846154,0.9601191583730707,0.07603691583864781,0.242,1.3569260433209283,1.0873211446740858,-0.242,0,1.65,0.242,1,1.65,0
0.244,1,1.7763568394002505e-15,5.043233315854203e-16,0,0.0006275276271455595,-0.07543419259893228,-0.013961864919646029,0.05630769230769231,1.2235547829896791,0.9852840691868181,-0.0915,0.5,-0.02195175570454554,-0.10457142857142857,-0.3070605499899585,0.8440182829888713,0.22523076923076923,0.9594347543978328,0.0772228940508914,0.244,1.355753010907998,1.0873211446740858,-0.244,0,1.65,0.244,1,1.65,0
0.246,1,4.440892098500626e-15,4.524976170184512e-16,0,0.0005574292863577769,-0.07665681282790655,-0.014228697391077452,0.05676923076923077,1.2236319898539052,0.9834229095647788,-0.09225,0.5,-0.02240330804608503,-0.10542857142857143,-0.3069107754370283,0.8440182829888713,0.2270769230769231,0.9587437915552216,0.07841651047571839,0.246,1.354570803742781,1.0873211446740858,-0.246,0,1.65,0.246,1,1.65,0
0.248,1,2.6645352591003757e-15,9.043616905512746e-17,0,0.0004858538506746889,-0.07788851287921411,-0.014498852018524522,0.05723076923076923,1.2237086373667885,0.9815483234783945,-0.093,0.5,-0.02286124286992599,-0.10628571428571428,-0.30676061981261116,0.8440182829888713,0.22892307692307692,0.9580462391385982,0.0796177295784482,0.248,1.3533794379615431,1.0873211446740858,-0.248,0,1.65,0.248,1,1.65,0
0.25,1,8.881784197001252e-16,4.440892098500626e-16,0,0.000412804020406973,-0.07912925885967106,-0.01477235512702933,0.057692307692307696,1.2237846996373452,0.979660391730537,-0.09375,0.5,-0.02332561380665395,-0.10714285714285714,-0.30661010825620905,0.8440182829888713,0.23076923076923078,0.9573420659448605,0.08082651602746077,0.25,1.352178930046084,1.0873211446740858,-0.25,0,1.65,0.25,1,1.65,0
0.252,1,2.6645352591003757e-15,4.2401826368074334e-16,0,0.0003382828335528726,-0.08037901620580855,-0.015049233290439144,0.05815384615384616,1.223860150872283,0.977759196984875,-0.0945,0.5,-0.02379647446331391,-0.108,-0.306459266242022,0.8440182829888713,0.23261538461538464,0.9566312402736401,0.08204283469444178,0.252,1.3509692968308358,1.0873211446740858,-0.252,0,1.65,0.252,1,1.65,0
0.254,1,8.881784197001252e-16,1.8048515247305427e-16,0,0.0002622936670580647,-0.08163774967826178,-0.015329513336394715,0.05861538461538462,1.2239349653910747,0.9758448237783789,-0.09525,0.5,-0.02427387841353593,-0.10885714285714285,-0.30630811957941567,0.8440182829888713,0.23446153846153847,0.9559137299268028,0.08326665065409304,0.254,1.3497505555100768,1.0873211446740858,-0.254,0,1.65,0.254,1,1.65,0
0.256,1,2.6645352591003757e-15,3.450585916991685e-16,0,0.00018484023801257368,-0.08290542335621594,-0.015613222351420895,0.05907692307692308,1.2240091176412686,0.9739173585333973,-0.096,0.5,-0.024757879187587855,-0.10971428571428571,-0.3061566944133166,0.8440182829888713,0.23630769230769233,0.9551895022082096,0.08449792918330425,0.256,1.3485227236452557,1.0873211446740858,-0.256,0,1.65,0.256,1,1.65,0
0.258,1,1.7763568394002505e-15,4.792649359371812e-16,0,0.00010592660478085082,-0.08418200063193025,-0.015900387686122185,0.05953846153846154,1.224082582214067,0.9719768895691728,-0.09675,0.5,-0.025248530262361554,-0.11057142857142857,-0.3060050172245107,0.8440182829888713,0.23815384615384616,0.9544585239237814,0.08573663575974726,0.258,1.3472858191724284,1.0873211446740858,-0.258,0,1.65,0.258,1,1.65,0
0.26,1,1.7763568394002505e-15,1.1671850514460468e-15,0,0.000025557168066457682,-0.08546744420532403,-0.016191036960469075,0.060000000000000005,1.2241553338601212,0.970023507112938,-0.0975,0.5,-0.025745885051277492,-0.11142857142857143,-0.30585311482987254,0.8440182829888713,0.24000000000000002,0.953720761381838,0.08698273605991715,0.26,1.3460398604097958,1.0873211446740858,-0.26,0,1.65,0.26,1,1.65,0
0.262,1,1.7763568394002505e-15,5.837374518586578e-16,0,0.00005626332809353683,-0.08676171607865533,-0.016485198069192734,0.06046153846153847,1.224227347505596,0.9680573033103687,-0.09825,0.5,-0.026249996894132783,-0.11228571428571428,-0.305701014382486,0.8440182829888713,0.24184615384615388,0.9529761803937804,0.08823619595655548,0.262,1.3447848660653605,1.0873211446740858,-0.262,0,1.65,0.262,1,1.65,0
0.264,1,1.7763568394002505e-15,5.594820341197876e-16,0,0.0001395297954013049,-0.08806477755125255,-0.0167828991872304,0.06092307692307693,1.224298598268416,0.9660783722356854,-0.099,0.5,-0.02676091904683252,-0.11314285714285714,-0.3055487433717014,0.8440182829888713,0.2436923076923077,0.952224746275045,0.08949698151551873,0.264,1.3435208552446685,1.0873211446740858,-0.264,0,1.65,0.264,1,1.65,0
0.266,1,3.552713678800501e-15,1.7967879384868328e-16,0,0.00022423680044517138,-0.08937658921435847,-0.01708416877529589,0.06138461538461539,1.2243690614747875,0.9640868099009985,-0.09975,0.5,-0.02727870467109107,-0.114,-0.30539632962307234,0.8440182829888713,0.24553846153846157,0.9514664238464335,0.09076505899198008,0.266,1.3422478474586732,1.0873211446740858,-0.266,0,1.65,0.266,1,1.65,0
0.268,1,1.7763568394002505e-15,4.440892098500626e-16,0,0.0003103785639155166,-0.09069711094602297,-0.0173890355855039,0.061846153846153856,1.2244387126758967,0.9620827142652946,-0.1005,0.5,-0.027803406824022187,-0.11485714285714285,-0.3052438012982265,0.8440182829888713,0.24738461538461542,0.950701177435761,0.09204039482603835,0.268,1.3409658626316943,1.0873211446740858,-0.268,0,1.65,0.268,1,1.65,0
0.27,1,2.6645352591003757e-15,2.3947847058918545e-16,0,0.0003979489598970911,-0.09202630190610885,-0.017697528667062094,0.062307692307692314,1.2245075276648238,0.9600661852427453,-0.10125,0.5,-0.028335078447651766,-0.11571428571428571,-0.3050911868946269,0.8440182829888713,0.24923076923076926,0.9499289708798493,0.09332295563767706,0.27,1.3396749211094634,1.0873211446740858,-0.27,0,1.65,0.27,1,1.65,0
0.272,1,1.7763568394002505e-15,4.481487331865859e-16,0,0.00048694151523512384,-0.09336412053136801,-0.018009677372044272,0.06276923076923077,1.2245754824936657,0.9580373247104836,-0.10200000000000001,0.5,-0.028873772358357534,-0.11657142857142858,-0.3049385152452406,0.8440182829888713,0.2510769230769231,0.949149767526905,0.09461270822106511,0.272,1.3383750436672859,1.0873211446740858,-0.272,0,1.65,0.272,1,1.65,0
0.274,1,2.6645352591003757e-15,2.6867598432272484e-16,0,0.0005773494089794058,-0.0947105245306275,-0.018325511361220962,0.06323076923076924,1.2246425534908532,0.9559962365157386,-0.10275000000000001,0.5,-0.02941954123622367,-0.11742857142857144,-0.30478581551810296,0.8440182829888713,0.252923076923077,0.9483635302392759,0.09590961953818783,0.274,1.3370662515182867,1.0873211446740858,-0.274,0,1.65,0.274,1,1.65,0
0.276,1,1.7763568394002505e-15,4.995015188587753e-16,0,0.0006691654719039885,-0.09606547088004674,-0.01864506060993371,0.0636923076923077,1.2247087172786222,0.9539430264824865,-0.10350000000000001,0.5,-0.02997243761429751,-0.11828571428571429,-0.3046331172158038,0.8440182829888713,0.2547692307692308,0.9475702213965547,0.0972136567118115,0.276,1.33574856632174,1.0873211446740858,-0.276,0,1.65,0.276,1,1.65,0
0.278,1,1.7763568394002505e-15,6.721080601436262e-16,0,0.0007623821861094767,-0.09742891581849646,-0.018968355414026042,0.06415384615384616,1.2247739507906916,0.95187780241736,-0.10425000000000001,0.5,-0.03053251386777055,-0.11914285714285715,-0.3044804501748424,0.8440182829888713,0.25661538461538463,0.9467698028991387,0.09852478701774718,0.278,1.334422010191498,1.0873211446740858,-0.278,0,1.65,0.278,1,1.65,0
0.28,1,4.440892098500626e-15,3.7797008234985994e-16,0,0.0008569916847043566,-0.09880081484303055,-0.019295426395826397,0.06461538461538463,1.2248382312900947,0.9498006741149895,-0.10500000000000001,0.5,-0.031099822203079674,-0.12000000000000001,-0.3043278445648993,0.8440182829888713,0.2584615384615385,0.9459622361721617,0.09984297787640024,0.28,1.3330866057045025,1.0873211446740858,-0.28,0,1.65,0.28,1,1.65,0
0.28200000000000003,1,1.7763568394002505e-15,1.785365654958377e-16,0,0.0009529857515693313,-0.10018112270445768,-0.019626304510125512,0.06507692307692309,1.2249015363871367,0.9477117533627695,-0.10575000000000001,0.5,-0.03167441464688196,-0.12085714285714286,-0.3041753308880011,0.8440182829888713,0.26030769230769235,0.9451474821698507,0.10116819684363983,0.28200000000000003,1.3317423759093578,1.0873211446740858,-0.28200000000000003,0,1.65,0.28200000000000003,1,1.65,0
0.28400000000000003,1,5.329070518200751e-15,4.785787589564364e-16,0,0.0009664753944933328,-0.10156979340303611,-0.019961021050239468,0.06553846153846155,1.2249638440575519,0.9456111539448386,-0.10650000000000001,0.5,-0.03225634303499073,-0.12171428571428572,-0.30402293997756463,0.8440182829888713,0.2621538461538462,0.9443255013803534,0.10250041160089353,0.28400000000000003,1.3303893443350159,1.0873211446740858,-0.28400000000000003,0,1.65,0.28400000000000003,1,1.65,0
0.28600000000000003,1,3.552713678800501e-15,1.7823891189053187e-16,0,0.000863967343297404,-0.10296678018427298,-0.02029960765403946,0.06600000000000002,1.2250251326607366,0.9434989916455375,-0.10725000000000001,0.5,-0.03284565900117449,-0.12257142857142858,-0.3038707029973496,0.8440182829888713,0.26400000000000007,0.9434962538309671,0.10383958994454592,0.28600000000000003,1.329027534999494,1.0873211446740858,-0.28600000000000003,0,1.65,0.28600000000000003,1,1.65,0
0.28800000000000003,1,8.881784197001252e-16,4.1972076299746826e-16,0,0.0007596554729921461,-0.104372035534844,-0.020642096310030354,0.06646153846153847,1.225085380958148,0.941375384252098,-0.10800000000000001,0.5,-0.033442413965892544,-0.12342857142857144,-0.30371865144028654,0.8440182829888713,0.2658461538461539,0.9426596990938632,0.10518569977455779,0.28800000000000003,1.3276569724186909,1.0873211446740858,-0.28800000000000003,0,1.65,0.28800000000000003,1,1.65,0
0.29,1,2.6645352591003757e-15,8.896819336796034e-17,0,0.0006535447556742115,-0.10578551117864388,-0.0209885193634059,0.06692307692307692,1.2251445681317839,0.9392404515566969,-0.10874999999999999,0.5,-0.03404665912491389,-0.12428571428571428,-0.30356681712719846,0.8440182829888713,0.2676923076923077,0.9418157962922638,0.10653870908235136,0.29,1.3262776816152433,1.0873211446740858,-0.29,0,1.65,0.29,1,1.65,0
0.292,1,1.7763568394002505e-15,7.111201799616744e-16,0,0.0005456405210446803,-0.10720715807295095,-0.021338909522121547,0.06738461538461539,1.2252026738027821,0.9370943153578026,-0.10949999999999999,0.5,-0.0346584454378577,-0.12514285714285714,-0.30341523220540667,0.8440182829888713,0.26953846153846156,0.9409645041071174,0.10789858593790817,0.292,1.3248896881274554,1.0873211446740858,-0.292,0,1.65,0.292,1,1.65,0
0.294,1,2.6645352591003757e-15,4.440892098500626e-16,0,0.00043594845750493755,-0.10863692640474537,-0.021693299862928034,0.06784615384615385,1.2252596780500924,0.9349370994607761,-0.11024999999999999,0.5,-0.03527782361661655,-0.12599999999999997,-0.303263929147213,0.8440182829888713,0.2713846153846154,0.9401057807842594,0.10926529847610732,0.294,1.3234930180182631,1.0873211446740858,-0.294,0,1.65,0.294,1,1.65,0
0.296,1,3.552713678800501e-15,4.440892098500626e-16,0,0.0003244746131841076,-0.11007476558713578,-0.022051723837417297,0.0683076923076923,1.2253155614292346,0.9327689296778185,-0.11099999999999999,0.5,-0.03590484411370844,-0.12685714285714284,-0.3031129407482751,0.8440182829888713,0.2732307692307692,0.939239584142093,0.11063881488225595,0.296,1.3220876978842633,1.0873211446740858,-0.296,0,1.65,0.296,1,1.65,0
0.298,1,1.7763568394002505e-15,3.4466485796309416e-16,0,0.00021122539688889143,-0.11152062425596666,-0.022414215277994948,0.06876923076923078,1.2253703049911064,0.9305899338271046,-0.11174999999999999,0.5,-0.03653955711049912,-0.1277142857142857,-0.30296230012584746,0.8440182829888713,0.2750769230769231,0.9383658715797799,0.11201910337685016,0.298,1.3206737548647611,1.0873211446740858,-0.298,0,1.65,0.298,1,1.65,0
0.3,1,2.6645352591003757e-15,7.426081494424479e-16,0,0.0000962075789812827,-0.11297445026654483,-0.022780808403864383,0.06923076923076923,1.2254238903008652,0.9284002417311832,-0.11249999999999999,0.5,-0.037182012505364175,-0.12857142857142856,-0.30281204071690354,0.8440182829888713,0.27692307692307694,0.9374846000859935,0.11340613219950095,0.3,1.319251216650874,1.0873211446740858,-0.3,0,1.65,0.3,1,1.65,0
0.302,1,2.6645352591003757e-15,5.621218646133473e-16,0,0.000020571707823238305,-0.11443619069053465,-0.023151537826898022,0.06969230769230769,1.2254762994568051,0.9261999852146743,-0.11324999999999999,0.5,-0.03783225990169948,-0.12942857142857142,-0.30266219627613555,0.8440182829888713,0.27876923076923077,0.9365957262481776,0.11479986959209479,0.302,1.317820111494635,1.0873211446740858,-0.302,0,1.65,0.302,1,1.65,0
0.304,1,3.552713678800501e-15,8.841948364876206e-17,0,0.00013910496773676494,-0.11590579181301994,-0.023526438557503377,0.07015384615384615,1.2255275151092986,0.9239892981010784,-0.11399999999999999,0.5,-0.03849034859587878,-0.13028571428571428,-0.30251280087381843,0.8440182829888713,0.2806153846153846,0.9356992062624057,0.11620028378109698,0.304,1.3163804682181348,1.0873211446740858,-0.304,0,1.65,0.304,1,1.65,0
0.306,1,1.7763568394002505e-15,2.8375810900321084e-16,0,0.0002593843412610007,-0.11738319912972049,-0.023905546010371103,0.07061538461538462,1.2255775204797,0.9217683162089254,-0.11474999999999999,0.5,-0.03915632756507053,-0.13114285714285714,-0.3023638888935559,0.8440182829888713,0.2824615384615385,0.9347949959437682,0.11760734295907095,0.306,1.3149323162226578,1.0873211446740858,-0.306,0,1.65,0.306,1,1.65,0
0.308,1,6.217248937900877e-15,8.825716885787485e-17,0,0.00038140160463371437,-0.11886835734439334,-0.024288896010189638,0.07107692307692308,1.2256262993792915,0.9195371773469752,-0.11549999999999999,0.5,-0.03983024545499145,-0.13199999999999998,-0.3022154950298775,0.8440182829888713,0.2843076923076923,0.933883050737397,0.11902101526533476,0.308,1.3134756854978404,1.0873211446740858,-0.308,0,1.65,0.308,1,1.65,0
0.31,1,1.7763568394002505e-15,6.2576861709637e-16,0,0.0005051481693610958,-0.12036121036641635,-0.024676524797218168,0.07153846153846154,1.2256738362281576,0.9172960213087131,-0.11624999999999999,0.5,-0.04051215056751904,-0.13285714285714284,-0.302067654285716,0.8440182829888713,0.28615384615384615,0.9329633257300244,0.12044126876582605,0.31,1.3120106066307973,1.0873211446740858,-0.31,0,1.65,0.31,1,1.65,0
0.312,1,1.7763568394002505e-15,4.527421933921536e-16,0,0.00063061508183764,-0.1218617013085527,-0.0250684690327943,0.07200000000000001,1.2257201160740592,0.9150449898659528,-0.11699999999999999,0.5,-0.0412020908482321,-0.1337142857142857,-0.3019204019697403,0.8440182829888713,0.28800000000000003,0.9320357756622043,0.121868071432105,0.312,1.3105371108152573,1.0873211446740858,-0.312,0,1.65,0.312,1,1.65,0
0.314,1,1.7763568394002505e-15,2.640271665404747e-16,0,0.0007577930230570074,-0.12336977248491933,-0.025464765804695793,0.07246153846153847,1.225765124611223,0.9127842267616176,-0.11775,0.5,-0.04190011387382443,-0.13457142857142856,-0.3017737736935499,0.8440182829888713,0.28984615384615386,0.9311003549411089,0.12330139111954802,0.314,1.3090552298606557,1.0873211446740858,-0.314,0,1.65,0.314,1,1.65,0
0.316,1,1.7763568394002505e-15,2.3881924469895327e-16,0,0.0008866723084154054,-0.1248853654091586,-0.025865452632400015,0.07292307692307692,1.2258088481990848,0.9105138777016172,-0.1185,0.5,-0.04260626683943886,-0.13542857142857143,-0.30162780536872863,0.8440182829888713,0.2916923076923077,0.9301570176539777,0.12474119554468334,0.316,1.3075649962011993,1.0873211446740858,-0.316,0,1.65,0.316,1,1.65,0
0.318,1,6.217248937900877e-15,5.16390237209907e-16,0,0.0010172428876092043,-0.1264084207928151,-0.02627056747219595,0.0733846153846154,1.2258512738809357,0.9082340903459016,-0.11925,0.5,-0.04332059654588979,-0.1362857142857143,-0.3014825332037541,0.8440182829888713,0.2935384615384616,0.9292057175822079,0.12618745226170228,0.318,1.3060664429048958,1.0873211446740858,-0.318,0,1.65,0.318,1,1.65,0
0.32,1,1.7763568394002505e-15,4.245498639247934e-16,0,0.0011494943446312832,-0.12793887854394628,-0.0266801487221149,0.07384615384615385,1.2258923894024443,0.9059450142986059,-0.12,0.5,-0.044043149386762924,-0.13714285714285715,-0.30133799370076775,0.8440182829888713,0.2953846153846154,0.9282464082160599,0.12764012863815277,0.32,1.304559603682496,1.0873211446740858,-0.32,0,1.65,0.32,1,1.65,0
0.322,1,3.552713678800501e-15,0,0,0.0012834158978649762,-0.12947667776594146,-0.027094235226769167,0.07430769230769231,1.2259321832301089,0.9036468010972455,-0.12075,0.5,-0.04477397133547092,-0.13799999999999998,-0.3011942236521802,0.8440182829888713,0.29723076923076924,0.9272790427700952,0.12909919182975232,0.322,1.303044512896424,1.0873211446740858,-0.322,0,1.65,0.322,1,1.65,0
0.324,1,3.552713678800501e-15,7.57023438598187e-16,0,0.0012283692608178445,-0.13102175675660088,-0.02751286628192614,0.07476923076923078,1.2259706445695084,0.9013396042010605,-0.1215,0.5,-0.04551310793214164,-0.13885714285714285,-0.30105126013714717,0.8440182829888713,0.29907692307692313,0.9263035741991973,0.13056460875443024,0.324,1.3015212055695653,1.0873211446740858,-0.324,0,1.65,0.324,1,1.65,0
0.326,1,1.7763568394002505e-15,6.718555040820537e-16,0,0.001171754788514111,-0.13257405300744343,-0.027936081638955796,0.07523076923076924,1.2260077633834379,0.8990235789783847,-0.12225,0.5,-0.04626060427045549,-0.1397142857142857,-0.30090914051787787,0.8440182829888713,0.30092307692307696,0.9253199552153416,0.1320363460655059,0.326,1.299989717394016,1.0873211446740858,-0.326,0,1.65,0.326,1,1.65,0
0.328,1,5.329070518200751e-15,2.386294820899989e-16,0,0.0011143866012373641,-0.134133503203277,-0.028363921509063937,0.0756923076923077,1.2260435304098634,0.896698882693042,-0.123,0.5,-0.04701650498438156,-0.14057142857142857,-0.30076790243579016,0.8440182829888713,0.3027692307692308,0.9243281383050271,0.13351437012404752,0.328,1.2984500847397065,1.0873211446740858,-0.328,0,1.65,0.328,1,1.65,0
0.33,1,8.881784197001252e-15,8.732006284738323e-17,0,0.0010562750518918027,-0.13570004322203025,-0.028796426567271365,0.07615384615384616,1.2260779371796524,0.8943656744898741,-0.12375,0.5,-0.047780854234783114,-0.14142857142857143,-0.30062758380752264,0.8440182829888713,0.3046153846153846,0.9233280757473825,0.13499864697045313,0.33,1.2969023446629036,1.0873211446740858,-0.33,0,1.65,0.33,1,1.65,0
0.332,1,8.881784197001252e-16,4.771292348771998e-16,0,0.0009974308018229827,-0.1372736081348693,-0.02923363795621456,0.07661538461538463,1.226110976034134,0.8920241153791497,-0.1245,0.5,-0.04855369569597803,-0.1422857142857143,-0.3004882228207641,0.8440182829888713,0.3064615384615385,0.9223197196330266,0.13648914229518397,0.332,1.2953465349146045,1.0873211446740858,-0.332,0,1.65,0.332,1,1.65,0
0.334,1,1.7763568394002505e-15,5.645473269641721e-16,0,0.000937864821462668,-0.13885413220657675,-0.02967559728968075,0.07707692307692308,1.226142640142403,0.8896743682201007,-0.12525,0.5,-0.04933507254218355,-0.14314285714285716,-0.3003498579299411,0.8440182829888713,0.30830769230769234,0.9213030218836152,0.137985821408726,0.334,1.2937826939487787,1.0873211446740858,-0.334,0,1.65,0.334,1,1.65,0
0.336,1,1.7763568394002505e-15,8.705138815775824e-17,0,0.0008775883908504384,-0.1404415488962513,-0.030122346655873114,0.07753846153846154,1.2261729235183645,0.8873165977033843,-0.126,0.5,-0.05012502743387125,-0.144,-0.30021252785173547,0.8440182829888713,0.31015384615384617,0.920277934272087,0.13948864921076895,0.336,1.2922108609304432,1.0873211446740858,-0.336,0,1.65,0.336,1,1.65,0
0.338,1,2.6645352591003757e-15,5.477107958522465e-16,0,0.000816613100031532,-0.14203579085828644,-0.03057392862042276,0.07800000000000001,1.226201821037521,0.8849509703325708,-0.12675,0.5,-0.05092360250404372,-0.14485714285714285,-0.3000762715604371,0.8440182829888713,0.31200000000000006,0.919244408443665,0.1409975901586065,0.338,1.2906310757435815,1.0873211446740858,-0.338,0,1.65,0.338,1,1.65,0
0.34,1,1.7763568394002505e-15,2.220446049250313e-16,0,0.0007549508493247993,-0.14363678994368792,-0.031030386229103007,0.07846153846153847,1.2262293284534602,0.8825776544045415,-0.1275,0.5,-0.051730839344426,-0.1457142857142857,-0.29994112828312786,0.8440182829888713,0.3138461538461539,0.9182023959375759,0.14251260823478742,0.34,1.2890433789988684,1.0873211446740858,-0.34,0,1.65,0.34,1,1.65,0
0.342,1,1.7763568394002505e-15,2.603312269021893e-16,0,0.000692613849458986,-0.14524447720169617,-0.03149176301026287,0.07892307692307693,1.2262554424140402,0.8801968199888628,-0.12825,0.5,-0.05254677899158928,-0.14657142857142857,-0.29980713749469384,0.8440182829888713,0.3156923076923077,0.9171518482095153,0.14403366691401304,0.342,1.2874478120412034,1.0873211446740858,-0.342,0,1.65,0.342,1,1.65,0
0.34400000000000003,1,2.6645352591003757e-15,3.754867432912746e-16,0,0.0006296146215730199,-0.1468587828817597,-0.03195810297691708,0.0793846153846154,1.2262801604772215,0.8778086389061169,-0.129,0.5,-0.05337146191298213,-0.14742857142857144,-0.2996743389126773,0.8440182829888713,0.3175384615384616,0.916092716654828,0.14556072912932752,0.34400000000000003,1.285844416957009,1.0873211446740858,-0.34400000000000003,0,1.65,0.34400000000000003,1,1.65,0
0.34600000000000003,1,3.552713678800501e-15,4.766626438799169e-16,0,0.0005659659970757218,-0.14847963643584525,-0.03242945062853311,0.07984615384615386,1.2263034811265596,0.8754132847051249,-0.12975,0.5,-0.05420492799290489,-0.1482857142857143,-0.2995427724919444,0.8440182829888713,0.31938461538461543,0.9150249526324448,0.1470937572375931,0.34600000000000003,1.284233236581314,1.0873211446740858,-0.34600000000000003,0,1.65,0.34600000000000003,1,1.65,0
0.34800000000000003,1,3.552713678800501e-15,5.189827039581022e-16,0,0.00048509620958075956,-0.15010696652111757,-0.03290585095245735,0.08030769230769232,1.2263254037863216,0.8730109326390819,-0.1305,0.5,-0.05504721651841354,-0.14914285714285716,-0.29941247841918267,0.8440182829888713,0.32123076923076926,0.9139485074895687,0.14863271298428432,0.34800000000000003,1.2826143145045736,1.0873211446740858,-0.34800000000000003,0,1.65,0.34800000000000003,1,1.65,0
0.35000000000000003,1,1.7763568394002505e-15,3.456101692796986e-16,0,0.00034157979500573936,-0.15174070100297837,-0.033387349424995036,0.08076923076923079,1.2263459288361962,0.8706017596406065,-0.13125,0.5,-0.055898366165161056,-0.15,-0.29928349710722296,0.8440182829888713,0.32307692307692315,0.9128633325870913,0.15017755746762854,0.35000000000000003,1.2809876950792303,1.0873211446740858,-0.35000000000000003,0,1.65,0.35000000000000003,1,1.65,0
0.352,1,4.440892098500626e-15,5.14058204566297e-16,0,0.0003712567050556537,-0.15338076695849318,-0.03387399201211517,0.08123076923076923,1.226365057625599,0.8681859442956515,-0.132,0.5,-0.056758414983192965,-0.15085714285714283,-0.2991558691891846,0.8440182829888713,0.3249230769230769,0.9117693793257596,0.15172825110209534,0.352,1.2793534234259862,1.0873211446740858,-0.352,0,1.65,0.352,1,1.65,0
0.354,1,4.440892098500626e-15,8.621150824284495e-17,0,0.0003051450005430343,-0.15502709068020634,-0.03436582516975568,0.08169230769230769,1.2263827924875204,0.8657636668163132,-0.13274999999999998,0.5,-0.05762740038267487,-0.1517142857142857,-0.29902963551243944,0.8440182829888713,0.32676923076923076,0.9106665991730809,0.1532847535812977,0.354,1.277711545439772,1.0873211446740858,-0.354,0,1.65,0.354,1,1.65,0
0.356,1,5.329070518200751e-15,0,0,0.00023845269533927777,-0.1566795976803687,-0.034862895843753024,0.08215384615384616,1.2263991367519376,0.8633351090124403,-0.1335,0.5,-0.0585053591195996,-0.15257142857142855,-0.29890483713239235,0.8440182829888713,0.32861538461538464,0.9095549436909925,0.15484702384029247,0.356,1.2760621077954042,1.0873211446740858,-0.356,0,1.65,0.356,1,1.65,0
0.358,1,4.440892098500626e-15,0,0,0.000171194471221843,-0.15833821269557097,-0.035365251469320215,0.08261538461538462,1.226414094758706,0.860900454262187,-0.13424999999999998,0.5,-0.05939232728143121,-0.15342857142857141,-0.2987815153060937,0.8440182829888713,0.3304615384615385,0.908434364564212,0.15641502001735022,0.358,1.2744051579528843,1.0873211446740858,-0.358,0,1.65,0.358,1,1.65,0
0.36,1,3.552713678800501e-15,2.3808841917260657e-16,0,0.00010338531502467269,-0.1600028596918099,-0.03587293997013523,0.08307692307692308,1.2264276718699898,0.8584598874812962,-0.135,0.5,-0.06028834027274736,-0.15428571428571428,-0.2986597114856507,0.8440182829888713,0.3323076923076923,0.9073048136293989,0.15798869941518578,0.36,1.2727407441623686,1.0873211446740858,-0.36,0,1.65,0.36,1,1.65,0
0.362,1,1.7763568394002505e-15,4.783094712866907e-16,0,0.00003504051724491326,-0.16167346186999576,-0.03638600975693956,0.08353846153846153,1.2264398744821219,0.8560135950912904,-0.13574999999999998,0.5,-0.0611934328008262,-0.15514285714285714,-0.29853946731147096,0.8440182829888713,0.33415384615384613,0.9061662429049656,0.15956801846173327,0.362,1.2710689154687307,1.0873211446740858,-0.362,0,1.65,0.362,1,1.65,0
0.364,1,1.7763568394002505e-15,3.439214822186929e-16,0,0.00003382432952345653,-0.16334994167190528,-0.036904509725722554,0.084,1.2264507100369475,0.8535617649864289,-0.1365,0.5,-0.06210763886125461,-0.156,-0.29842082460531494,0.8440182829888713,0.336,0.9050186046216648,0.16115293267044575,0.364,1.2693897217157548,1.0873211446740858,-0.364,0,1.65,0.364,1,1.65,0
0.366,1,3.552713678800501e-15,3.3306690738754696e-16,0,0.00010319333233337297,-0.1650322207866049,-0.037428489255404616,0.08446153846153846,1.2264601870325873,0.8511045864994744,-0.13724999999999998,0.5,-0.06303099172350311,-0.15685714285714283,-0.2983038253631614,0.8440182829888713,0.33784615384615385,0.903861851253867,0.16274339660020787,0.366,1.2677032135499005,1.0873211446740858,-0.366,0,1.65,0.366,1,1.65,0
0.368,1,1.7763568394002505e-15,5.128772212991163e-16,0,0.00017305029980715307,-0.16672022015734295,-0.037957998205025635,0.08492307692307692,1.2264683150335878,0.8486422503662922,-0.138,0.5,-0.06396352391650033,-0.1577142857142857,-0.29818851174789335,0.8440182829888713,0.3396923076923077,0.9026959355515233,0.1643393638148878,0.368,1.266009442423625,1.0873211446740858,-0.368,0,1.65,0.368,1,1.65,0
0.37,1,3.552713678800501e-15,4.758183191239793e-16,0,0.00024337874424154043,-0.16841385998892572,-0.03849308691047259,0.08538461538461539,1.2264751046804903,0.846174948689211,-0.13874999999999998,0.5,-0.06490526721425141,-0.15857142857142856,-0.2980749260818026,0.8440182829888713,0.34153846153846157,0.9015208105728417,0.16594078684253402,0.37,1.2643084605982742,1.0873211446740858,-0.37,0,1.65,0.37,1,1.65,0
0.372,1,1.7763568394002505e-15,0,0,0.0003141618839020174,-0.17011305975560187,-0.039033806180648396,0.08584615384615385,1.22648056769874,0.8437028748991435,-0.1395,0.5,-0.06585625262143276,-0.15942857142857142,-0.297963110838891,0.8440182829888713,0.3433846153846154,0.9003364297176382,0.16754761713433974,0.372,1.2626003211464747,1.0873211446740858,-0.372,0,1.65,0.372,1,1.65,0
0.374,1,1.7763568394002505e-15,1.7043733803525603e-16,0,0.00038538264550166365,-0.171817738209437,-0.039580207293149476,0.08630769230769231,1.2264847169069415,0.8412262237165629,-0.14024999999999999,0.5,-0.06681651035905736,-0.16028571428571428,-0.2978531086370157,0.8440182829888713,0.34523076923076923,0.8991427467613243,0.1691598050233353,0.374,1.2608850779540481,1.0873211446740858,-0.374,0,1.65,0.374,1,1.65,0
0.376,1,3.552713678800501e-15,5.122672455394399e-16,0,0.00009939299227697729,-0.1735278133892295,-0.040132341989382835,0.08676923076923078,1.2264875662244477,0.838745191111128,-0.14100000000000001,0.5,-0.0677860698501546,-0.16114285714285714,-0.29774496222981417,0.8440182829888713,0.3470769230769231,0.8979397158895837,0.17077729968293304,0.376,1.2591627857214034,1.0873211446740858,-0.376,0,1.65,0.376,1,1.65,0
0.378,1,5.329070518200751e-15,4.521530326957006e-16,0,0.0005290672998621283,-0.17524320262994159,-0.04069026246913395,0.08723076923076924,1.2264891306782228,0.8362599742602078,-0.14175,0.5,-0.06876495970551047,-0.162,-0.29763871449848206,0.8440182829888713,0.34892307692307695,0.8967272917336204,0.17240004908532994,0.378,1.2574334999643872,1.0873211446740858,-0.378,0,1.65,0.378,1,1.65,0
0.38,1,1.7763568394002505e-15,6.107651101822347e-16,0,0.0006014956133428959,-0.17696382257267337,-0.04125402138458914,0.0876923076923077,1.2264894264090138,0.8337707715060684,-0.14250000000000002,0.5,-0.06975320770948121,-0.16285714285714284,-0.29753440844333834,0.8440182829888713,0.3507692307692308,0.895505429406073,0.1740279999598334,0.38,1.2556972770145989,1.0873211446740858,-0.38,0,1.65,0.38,1,1.65,0
0.382,1,1.7763568394002505e-15,1.6960798066252437e-16,0,0.0006742903965394601,-0.17868958917519556,-0.04182367183377026,0.08815384615384617,1.226488470676766,0.831277782311857,-0.14325,0.5,-0.07075084080587596,-0.1637142857142857,-0.2974320871752241,0.8440182829888713,0.35261538461538466,0.8942740845374805,0.17566109775117303,0.382,1.2539541740191134,1.0873211446740858,-0.382,0,1.65,0.382,1,1.65,0
0.384,1,2.6645352591003757e-15,4.750954047812033e-16,0,0.0007474331624697655,-0.180420417723035,-0.042399267353375424,0.08861538461538462,1.226486281865267,0.8287812072163778,-0.14400000000000002,0.5,-0.0717578850839167,-0.16457142857142856,-0.2973317939067189,0.8440182829888713,0.3544615384615385,0.8930332133133142,0.17729928657786878,0.384,1.2522042489396126,1.0873211446740858,-0.384,0,1.65,0.384,1,1.65,0
0.386,1,3.552713678800501e-15,1.6918581292906902e-16,0,0.0008209051516274347,-0.18215622284113542,-0.04298086191104694,0.08907692307692308,1.2264828794860283,0.8262812477875832,-0.14475,0.5,-0.07277436576432075,-0.16542857142857142,-0.2972335719431772,0.8440182829888713,0.3563076923076923,0.8917827725115547,0.17894250919067436,0.386,1.2504475605509044,1.0873211446740858,-0.386,0,1.65,0.386,1,1.65,0
0.388,1,2.6645352591003757e-15,2.5345929236192707e-16,0,0.0008946873358670671,-0.18389691850610218,-0.0435685098970146,0.08953846153846155,1.2264782841813566,0.8237781065748253,-0.14550000000000002,0.5,-0.07380030718547924,-0.1662857142857143,-0.29713746467357927,0.8440182829888713,0.3581538461538462,0.8905227195407894,0.18059070693121498,0.388,1.248684168438805,1.0873211446740858,-0.388,0,1.65,0.388,1,1.65,0
0.39,1,8.881784197001252e-16,1.6875866734597427e-16,0,0.0009687604224962095,-0.18564241805902293,-0.04416226611514662,0.09000000000000001,1.2264725177266107,0.8212719870599224,-0.14625,0.5,-0.07483573278978324,-0.16714285714285715,-0.2970435155612227,0.8440182829888713,0.36000000000000004,0.8892530124787824,0.18224381969082418,0.39,1.2469141329973763,1.0873211446740858,-0.39,0,1.65,0.39,1,1.65,0
0.392,1,1.7763568394002505e-15,1.685432319760325e-16,0,0.001043104858580816,-0.1873926342189003,-0.04476218577335803,0.09046153846153847,1.2264656030316154,0.8187630936069463,-0.14700000000000002,0.5,-0.07588066511007271,-0.168,-0.29695176813422897,0.8440182829888713,0.3618461538461539,0.8879736101115004,0.18390178586970785,0.392,1.245137515425477,1.0873211446740858,-0.392,0,1.65,0.392,1,1.65,0
0.394,1,5.329070518200751e-15,6.118019803552221e-16,0,0.0011177008354625116,-0.18914747909668098,-0.045368324473396185,0.09092307692307693,1.2264575641412208,0.8162516314108124,-0.14775,0.5,-0.07693512575625411,-0.16885714285714284,-0.29686226597588505,0.8440182829888713,0.3636923076923077,0.8866844719725542,0.18556454233645872,0.394,1.243354377722628,1.0873211446740858,-0.394,0,1.65,0.394,1,1.65,0
0.396,1,2.6645352591003757e-15,8.26564593177729e-16,0,0.0011925282934888949,-0.1909068642098951,-0.04598073819999869,0.0913846153846154,1.226448426234994,0.8137378064446605,-0.14850000000000002,0.5,-0.07799913540208994,-0.1697142857142857,-0.2967750527148236,0.8440182829888713,0.3655384615384616,0.8853855583830277,0.18723202438800815,0.396,1.2415647826841678,1.0873211446740858,-0.396,0,1.65,0.396,1,1.65,0
0.398,1,2.6645352591003757e-15,0,0,0.0012675669269615602,-0.1926707004979247,-0.04659948330939872,0.09184615384615386,1.2264382156260267,0.811221825405981,-0.14925,0.5,-0.0790727137721734,-0.17057142857142857,-0.2966901720150232,0.8440182829888713,0.3673846153846154,0.884076830491682,0.18890416571009505,0.398,1.239768793895689,1.0873211446740858,-0.398,0,1.65,0.398,1,1.65,0
0.4,1,1.7763568394002505e-15,8.383455895997236e-17,0,0.0013427961892962012,-0.19443889833787675,-0.047224616517197816,0.09230769230769231,1.2264269597588322,0.8087038956616206,-0.15000000000000002,0.5,-0.08015587962911476,-0.17142857142857143,-0.2966076675656698,0.8440182829888713,0.36923076923076925,0.882758250315434,0.190580898338307,0.4,1.2379664757267197,1.0873211446740858,-0.4,0,1.65,0.4,1,1.65,0
0.402,1,4.440892098500626e-15,3.3306690738754696e-16,0,0.0014181952984020111,-0.1962113675611078,-0.04785619488555571,0.09276923076923078,1.2264146872063155,0.8061842251915629,-0.15075,0.5,-0.08124865076092821,-0.1722857142857143,-0.29652758307085325,0.8440182829888713,0.37107692307692314,0.88142978078011,0.19226215261980395,0.402,1.2361578933236366,1.0873211446740858,-0.402,0,1.65,0.402,1,1.65,0
0.404,1,1.7763568394002505e-15,2.779710347433181e-16,0,0.001493743242276611,-0.1979880174703682,-0.0484942758097665,0.09323076923076924,1.2264014276658357,0.8036630225315302,-0.15150000000000002,0.5,-0.08235104396868202,-0.17314285714285715,-0.2964499622391091,0.8440182829888713,0.37292307692307697,0.8800913857614628,0.19394785717575572,0.404,1.2343431126018223,1.0873211446740858,-0.404,0,1.65,0.404,1,1.65,0
0.406,1,1.7763568394002505e-15,2.505009049812342e-16,0,0.0015694187848178612,-0.1997687568575823,-0.04913891700415298,0.0936923076923077,1.2263872119543133,0.8011404967144602,-0.15225,0.5,-0.08346307505438291,-0.17400000000000002,-0.296374848772817,0.8440182829888713,0.3747692307692308,0.8787430301263571,0.1956379388646099,0.406,1.2325222002370197,1.0873211446740858,-0.406,0,1.65,0.406,1,1.65,0
0.40800000000000003,1,3.552713678800501e-15,2.7770094083408545e-16,0,0.0016452004718519508,-0.20155349402228023,-0.049790176487302794,0.09415384615384617,1.2263720720023688,0.7986168572108562,-0.15300000000000002,0.5,-0.08458475880914043,-0.17485714285714285,-0.29630228635746486,0.8440182829888713,0.3766153846153847,0.8773846797740651,0.19733232274625792,0.40800000000000003,1.2306952236558726,1.0873211446740858,-0.40800000000000003,0,1.65,0.40800000000000003,1,1.65,0
0.41000000000000003,1,5.329070518200751e-15,4.742928756124837e-16,0,0.0017210666373774091,-0.2033421367906588,-0.05044811256665186,0.09461538461538463,1.2263560408475094,0.7960923138680089,-0.15375,0.5,-0.08571610900161138,-0.1757142857142857,-0.2962323186507677,0.8440182829888713,0.3784615384615385,0.8760163016777015,0.19903093204718203,0.41000000000000003,1.2288622510256533,1.0873211446740858,-0.41000000000000003,0,1.65,0.41000000000000003,1,1.65,0
0.41200000000000003,1,1.7763568394002505e-15,1.3871419313335874e-16,0,0.0017969954100236808,-0.20513459253529057,-0.05111278382241106,0.09507692307692309,1.2263391526263354,0.7935670768481473,-0.15450000000000003,0.5,-0.08685713836675793,-0.17657142857142857,-0.2961649892716636,0.8440182829888713,0.38030769230769235,0.8746378639256651,0.20073368812666034,0.41200000000000003,1.227023351243158,1.0873211446740858,-0.41200000000000003,0,1.65,0.41200000000000003,1,1.65,0
0.41400000000000003,1,3.552713678800501e-15,3.4326406016134975e-16,0,0.0018729647197242747,-0.20693076819547448,-0.051784249090835774,0.09553846153846156,1.2263214425657634,0.7910413565655108,-0.15525,0.5,-0.08800785859493208,-0.17742857142857144,-0.29610034178918104,0.8440182829888713,0.38215384615384623,0.8732493357630957,0.20244051044411465,0.41400000000000003,1.2251785939227597,1.0873211446740858,-0.41400000000000003,0,1.65,0.41400000000000003,1,1.65,0
0.41600000000000004,1,2.6645352591003757e-15,3.3346928035045807e-16,0,0.0019489523046011634,-0.20873057029822775,-0.05246256744684258,0.09600000000000002,1.2263029469732518,0.7885153636223943,-0.15600000000000003,0.5,-0.08916828032129216,-0.1782857142857143,-0.29603841971119266,0.8440182829888713,0.38400000000000006,0.8718506876332524,0.20415131652770124,0.41600000000000004,1.2233280493835963,1.0873211446740858,-0.41600000000000004,0,1.65,0.41600000000000004,1,1.65,0
0.418,1,1.7763568394002505e-15,2.7701500989416516e-16,0,0.002024935718060235,-0.21053390497991564,-0.053147798185966905,0.09646153846153846,1.2262837032260294,0.7859893087442178,-0.15675,0.5,-0.09033841311558022,-0.17914285714285713,-0.2959792664730588,0.8440182829888713,0.38584615384615384,0.8704418912187815,0.2058660219442117,0.418,1.221471788635903,1.0873211446740858,-0.418,0,1.65,0.418,1,1.65,0
0.42,1,1.7763568394002505e-15,8.269904056186158e-17,0,0.0021008923360937926,-0.21234067800851533,-0.05384000080570545,0.09692307692307693,1.2262637497593274,0.7834634027135681,-0.1575,0.5,-0.09151826547229507,-0.18,-0.2959229254261668,0.8440182829888713,0.3876923076923077,0.8690229194828102,0.20758454027036688,0.42,1.219609883366473,1.0873211446740858,-0.42,0,1.65,0.42,1,1.65,0
0.422,1,1.7763568394002505e-15,3.3306690738754696e-16,0,0.0021767993647894865,-0.2141507948065145,-0.054539234986193154,0.09738461538461539,1.226243126053597,0.7809378563033514,-0.15825,0.5,-0.09270784480124017,-0.18085714285714283,-0.2958694398263778,0.8440182829888713,0.38953846153846156,0.8675937467098118,0.2093067830656071,0.422,1.2177424059232314,1.0873211446740858,-0.422,0,1.65,0.422,1,1.65,0
0.424,1,1.7763568394002505e-15,2.3686331617062857e-16,0,0.002252633848041027,-0.21596416047443026,-0.055245560570262676,0.09784615384615385,1.2262218726207141,0.7784128802090404,-0.159,0.5,-0.09390715741849572,-0.1817142857142857,-0.29581885282238574,0.8440182829888713,0.3913846153846154,0.8661543485461596,0.21103265984645925,0.424,1.2158694292989234,1.0873211446740858,-0.424,0,1.65,0.424,1,1.65,0
0.426,1,1.7763568394002505e-15,6.657332840515866e-16,0,0.002328372675459056,-0.21778067981495222,-0.055959037542897175,0.0983076923076923,1.2262000309891967,0.7758886849800153,-0.15975,0.5,-0.09511620853783247,-0.18257142857142855,-0.2957712074439929,0.8440182829888713,0.3932307692307692,0.8647047020403745,0.2127620780625455,0.426,1.2139910271139271,1.0873211446740858,-0.426,0,1.65,0.426,1,1.65,0
0.428,1,2.6645352591003757e-15,3.471439219594882e-16,0,0.002403992590475812,-0.21960025735768923,-0.056679726010062,0.09876923076923078,1.2261776436883904,0.7733654809501413,-0.1605,0.5,-0.09633500226257044,-0.1834285714285714,-0.295726546590326,0.8440182829888713,0.3950769230769231,0.8632447856829083,0.21449494307434247,0.428,1.21210727359816,1.0873211446740858,-0.428,0,1.65,0.428,1,1.65,0
0.43,1,1.7763568394002505e-15,8.21086825858211e-17,0,0.002479470198642281,-0.22142279738451962,-0.05740768617693686,0.09923076923076923,1.2261547542316515,0.7708434781675598,-0.16125,0.5,-0.09756354157789895,-0.18428571428571427,-0.29568491301798583,0.8440182829888713,0.39692307692307693,0.8617745794454704,0.21623115813278232,0.43,1.21021824357209,1.0873211446740858,-0.43,0,1.65,0.43,1,1.65,0
0.432,1,1.7763568394002505e-15,3.96053668464811e-16,0,0.002554781976112257,-0.223248203955533,-0.05814297832558412,0.09969230769230769,1.2261314070985458,0.7683228863237157,-0.162,0.5,-0.09880182834370801,-0.18514285714285714,-0.2956463493291439,0.8440182829888713,0.39876923076923076,0.8602940648198194,0.21797062436073605,0.432,1.2083240124268666,1.0873211446740858,-0.432,0,1.65,0.432,1,1.65,0
0.434,1,8.881784197001252e-16,5.934822729006859e-16,0,0.0024301141749433082,-0.22507638093554538,-0.05888566279203824,0.10015384615384616,1.2261076477160346,0.7658039146817467,-0.16275,0.5,-0.10004986328791027,-0.186,-0.29561089795960394,0.8440182829888713,0.40061538461538465,0.8588032248559385,0.21971324073650794,0.434,1.2064246561035514,1.0873211446740858,-0.434,0,1.65,0.434,1,1.65,0
0.436,1,8.881784197001252e-16,6.661338147750939e-16,0,0.0020517519161932416,-0.2269072320211887,-0.05963579994283931,0.10061538461538462,1.2260835224386784,0.7632867720042054,-0.1635,0.5,-0.10130764600028824,-0.18685714285714283,-0.295578601166824,0.8440182829888713,0.4024615384615385,0.8573020441995426,0.22145890407940574,0.436,1.2045202510714623,1.0873211446740858,-0.436,0,1.65,0.436,1,1.65,0
0.438,1,1.7763568394002505e-15,1.6325154723324588e-16,0,0.0016729003831036046,-0.22874066076852861,-0.06039345015105259,0.10107692307692308,1.2260590785278598,0.7607716664802548,-0.16425,0.5,-0.10257517492689439,-0.1877142857142857,-0.29554950101793015,0.8440182829888713,0.4043076923076923,0.85579050912883,0.22320750903744718,0.438,1.2026108743056365,1.0873211446740858,-0.438,0,1.65,0.438,1,1.65,0
0.44,1,1.7763568394002505e-15,4.640847860457946e-16,0,0.0012936446473354982,-0.23057657062124368,-0.06115867377174151,0.10153846153846155,1.2260343641300344,0.7582588056523131,-0.165,0.5,-0.10385244736498857,-0.18857142857142856,-0.29552363937771003,0.8440182829888713,0.4061538461538462,0.8542686075904451,0.22495894807732358,0.44,1.2006966032634143,1.0873211446740858,-0.44,0,1.65,0.44,1,1.65,0
0.442,1,2.6645352591003757e-15,3.940421799535146e-16,0,0.0009140697894844044,-0.2324148649392929,-0.06193153111698571,0.10200000000000001,1.2260094282540326,0.7557483963422532,-0.16575,0.5,-0.10513945945857926,-0.18942857142857142,-0.2955010578966166,0.8440182829888713,0.40800000000000003,0.8527363292345422,0.22671311147663842,0.442,1.1987775158601606,1.0873211446740858,-0.442,0,1.65,0.442,1,1.65,0
0.444,1,1.7763568394002505e-15,7.412008831553515e-16,0,0.0005342608659451848,-0.2342554470281029,-0.06271208243040015,0.10246153846153847,1.2259843207474195,0.753240644577178,-0.1665,0.5,-0.10643620619453664,-0.19028571428571428,-0.29548179799877444,0.8440182829888713,0.40984615384615386,0.8511936654489437,0.22846988731854795,0.444,1.196853690444135,1.0873211446740858,-0.444,0,1.65,0.444,1,1.65,0
0.446,1,4.440892098500626e-15,5.064179700938694e-16,0,0.00015430287557786256,-0.23609822016820958,-0.06350038786122165,0.10292307692307694,1.2259590922719197,0.7507357555149023,-0.16725,0.5,-0.1077426813993262,-0.19114285714285714,-0.2954659008700224,0.8440182829888713,0.41169230769230775,0.8496406093922328,0.23022916148883438,0.446,1.1949252057705082,1.0873211446740858,-0.446,0,1.65,0.446,1,1.65,0
0.448,1,1.7763568394002505e-15,5.343715607376604e-16,0,0.00022571927381845788,-0.23794308764537503,-0.06429650743793813,0.1033846153846154,1.2259337942779298,0.7482339333691638,-0.168,0.5,-0.1090588777363372,-0.192,-0.29545340744598847,0.8440182829888713,0.4135384615384616,0.8480771560257978,0.2319908176755248,0.448,1.1929921409745494,1.0873211446740858,-0.448,0,1.65,0.448,1,1.65,0
0.45,1,2.6645352591003757e-15,3.9240226826723395e-16,0,0.0006057207992034891,-0.23978995278111442,-0.06510050104158313,0.10384615384615385,1.2259084789781753,0.7457353813345621,-0.16875,0.5,-0.11038478670390052,-0.19285714285714284,-0.29544435840020467,0.8440182829888713,0.4153846153846154,0.8465033021447402,0.2337547373710409,0.45,1.1910545755440236,1.0873211446740858,-0.45,0,1.65,0.45,1,1.65,0
0.452,1,1.7763568394002505e-15,2.36274706687917e-16,0,0.0009856170761188784,-0.2416387189636499,-0.0659124283785885,0.10430769230769231,1.2258831993204498,0.7432403015114799,-0.1695,0.5,-0.1117203986339039,-0.1937142857142857,-0.29543879413230323,0.8440182829888713,0.41723076923076924,0.8449190464075194,0.2355207998770409,0.452,1.1891125892907628,1.0873211446740858,-0.452,0,1.65,0.452,1,1.65,0
0.454,1,1.7763568394002505e-15,5.229462551134271e-16,0,0.0013653236726399284,-0.2434892896792232,-0.06673234895334473,0.10476923076923078,1.2258580089595548,0.7407488948308566,-0.17025,0.5,-0.11306570269110415,-0.19457142857142856,-0.2954367547562677,0.8440182829888713,0.4190769230769231,0.8433243893643652,0.23728888231192247,0.454,1.1871662623214903,1.0873211446740858,-0.454,0,1.65,0.454,1,1.65,0
0.456,1,4.440892098500626e-15,9.265677660888647e-16,0,0.0017447563834141295,-0.2453415685437788,-0.06756032204042473,0.10523076923076924,1.2258329622283919,0.7382613609790054,-0.171,0.5,-0.11442068687310601,-0.19542857142857142,-0.29543828008877804,0.8440182829888713,0.42092307692307696,0.8417193334843054,0.23905885962110157,0.456,1.1852156750078808,1.0873211446740858,-0.456,0,1.65,0.456,1,1.65,0
0.458,1,1.7763568394002505e-15,1.607566270884812e-16,0,0.0021238312637587675,-0.24719545933496387,-0.06839640665652037,0.1056923076923077,1.2258081141082662,0.7357778983225435,-0.17175,0.5,-0.1157853380110223,-0.19628571428571429,-0.2954434096376622,0.8440182829888713,0.4227692307692308,0.8401038831807808,0.24083060459007805,0.458,1.18326090795589,1.0873211446740858,-0.458,0,1.65,0.458,1,1.65,0
0.46,1,2.6645352591003757e-15,1.6050098145140318e-16,0,0.0020708301067125755,-0.24905086602441467,-0.06924066153216576,0.10615384615384617,1.2257835201984513,0.7332987038334395,-0.17250000000000001,0.5,-0.11715964177085803,-0.19714285714285715,-0.2954521825904432,0.8440182829888713,0.4246153846153847,0.8384780448358269,0.24260398786033704,0.46,1.1813020419744098,1.0873211446740858,-0.46,0,1.65,0.46,1,1.65,0
0.462,1,1.7763568394002505e-15,2.647677112639875e-16,0,0.001993758935745662,-0.25090769281032266,-0.07009314508318404,0.10661538461538463,1.2257592366849723,0.7308239730143647,-0.17325000000000002,0.5,-0.11854358265556328,-0.198,-0.29546463780303234,0.8440182829888713,0.4264615384615385,0.8368418268226383,0.2443788779481632,0.462,1.1793391580432095,1.0873211446740858,-0.462,0,1.65,0.462,1,1.65,0
0.464,1,8.881784197001252e-16,4.618616482960405e-16,0,0.0019165502750094101,-0.2527658441502141,-0.07095391538201065,0.10707692307692308,1.2257353203087356,0.7283538998243174,-0.17400000000000002,0.5,-0.1199371440078459,-0.19885714285714284,-0.29548081378854363,0.8440182829888713,0.42830769230769233,0.8351952395266047,0.24615514126633342,0.464,1.1773723372802751,1.0873211446740858,-0.464,0,1.65,0.464,1,1.65,0
0.466,1,1.7763568394002505e-15,3.890441174896877e-16,0,0.0018392153109004206,-0.25462522479393745,-0.07182303012882932,0.10753846153846155,1.225711828332957,0.7258886766046824,-0.17475000000000002,0.5,-0.12134030801368073,-0.1997142857142857,-0.2955007487062699,0.8440182829888713,0.4301538461538462,0.8335382953646464,0.24793264214878882,0.466,1.1754016609085172,1.0873211446740858,-0.466,0,1.65,0.466,1,1.65,0
0.468,1,2.6645352591003757e-15,7.973377195274536e-17,0,0.0017617651565923088,-0.2564857398167998,-0.07270054662260664,0.10800000000000001,1.2256888185099621,0.7234284940058288,-0.17550000000000002,0.5,-0.12275305570655609,-0.20057142857142857,-0.29552448035083156,0.8440182829888713,0.43200000000000005,0.8318710088028264,0.24971124287825688,0.468,1.1734272102219,1.0873211446740858,-0.468,0,1.65,0.468,1,1.65,0
0.47000000000000003,1,3.552713678800501e-15,3.8818894199387256e-16,0,0.0016842108493066892,-0.25834729465285133,-0.07358652173206319,0.10846153846153847,1.2256663490474047,0.7209735409141426,-0.17625000000000002,0.5,-0.12417536697247153,-0.20142857142857143,-0.2955520461414778,0.8440182829888713,0.4338461538461539,0.8301933963722342,0.25149080371687355,0.47000000000000003,1.1714490665510486,1.0873211446740858,-0.47000000000000003,0,1.65,0.47000000000000003,1,1.65,0
0.47200000000000003,1,1.7763568394002505e-15,1.5894441554794564e-16,0,0.001606563347625615,-0.26020979512823134,-0.07448101186658761,0.10892307692307694,1.225644478573903,0.7185240043798832,-0.17700000000000002,0.5,-0.12560722055565768,-0.2022857142857143,-0.2955834831116105,0.8440182829888713,0.43569230769230777,0.8285054766829987,0.2532711829398001,0.47200000000000003,1.1694673112283342,1.0873211446740858,-0.47200000000000003,0,1.65,0.47200000000000003,1,1.65,0
0.47400000000000003,1,5.329070518200751e-15,4.600571206125997e-16,0,0.0015288335288529099,-0.2620731474945843,-0.07538407294717003,0.1093846153846154,1.225623266104174,0.7160800695456784,-0.17775000000000002,0.5,-0.12704859406505614,-0.20314285714285715,-0.29561882789849275,0.8440182829888713,0.4375384615384616,0.8268072704364539,0.2550522368718472,0.47400000000000003,1.167482025552506,1.0873211446740858,-0.47400000000000003,0,1.65,0.47400000000000003,1,1.65,0
0.47600000000000003,1,3.552713678800501e-15,1.363816182600283e-16,0,0.0014510321864226003,-0.2639372584624835,-0.07629576037735561,0.10984615384615386,1.2256027710036723,0.713641919575885,-0.17850000000000002,0.5,-0.12849946398153508,-0.20400000000000001,-0.29565811673318476,0.8440182829888713,0.43938461538461543,0.8250988004353633,0.25683381992711396,0.47600000000000003,1.165493290752893,1.0873211446740858,-0.47600000000000003,0,1.65,0.47600000000000003,1,1.65,0
0.47800000000000004,1,8.881784197001252e-16,1.5815188676880966e-16,0,0.0013731700273596512,-0.26580203523482704,-0.07721612901430377,0.11030769230769233,1.225583052952815,0.711209735586837,-0.17925000000000002,0.5,-0.12995980566586754,-0.20485714285714285,-0.29570138543070046,0.8440182829888713,0.4412307692307693,0.8233800915922249,0.2586157846516129,0.47800000000000004,1.1635011879532395,1.0873211446740858,-0.47800000000000004,0,1.65,0.47800000000000004,1,1.65,0
0.48,1,2.6645352591003757e-15,2.724549251611807e-16,0,0.0012952576697912123,-0.2676673855401676,-0.07814523313993733,0.11076923076923077,1.2255641719107881,0.7087836965781337,-0.18,0.5,-0.13142959336743956,-0.20571428571428568,-0.2957486693804189,0.8440182829888713,0.4430769230769231,0.8216511709355149,0.2603979817688977,0.48,1.1615057981351844,1.0873211446740858,-0.48,0,1.65,0.48,1,1.65,0
0.482,1,8.881784197001252e-16,3.243483024757096e-16,0,0.0012173056405124236,-0.26953321766593075,-0.07908312643226406,0.11123076923076923,1.2255461880790088,0.706363979365011,-0.18075,0.5,-0.13290880023370893,-0.20657142857142854,-0.29580000353674735,0.8440182829888713,0.4449230769230769,0.8199120676139128,0.2621802602286574,0.482,1.1595072021014579,1.0873211446740858,-0.482,0,1.65,0.482,1,1.65,0
0.484,1,2.6645352591003757e-15,0,0,0.001139324372610372,-0.27139944049149783,-0.08002986193690695,0.1116923076923077,1.2255291618643058,0.7039507585118139,-0.1815,0.5,-0.13439739832041936,-0.2074285714285714,-0.2958554224100425,0.8440182829888713,0.4467692307692308,0.8181628128984807,0.26396246725824496,0.484,1.1575054804388414,1.0873211446740858,-0.484,0,1.65,0.484,1,1.65,0
0.486,1,5.329070518200751e-15,3.422019396294956e-16,0,0.001061324203143179,-0.27326596352108135,-0.08098549203885211,0.11215384615384616,1.225513153841807,0.7015442062668201,-0.18225,0.5,-0.13589535860253074,-0.20828571428571427,-0.2959149600578252,0.8440182829888713,0.44861538461538464,0.8164034401826813,0.26574444841713035,0.486,1.1555007134809134,1.0873211446740858,-0.486,0,1.65,0.486,1,1.65,0
0.488,1,2.6645352591003757e-15,5.202019601351441e-16,0,0.0009833153708811888,-0.27513269691637626,-0.08195006843450064,0.11261538461538462,1.2254982247176451,0.6991444924983602,-0.183,0.5,-0.13740265098589644,-0.20914285714285713,-0.29597865007628205,0.8440182829888713,0.45046153846153847,0.8146339849803069,0.26752604765421173,0.488,1.1534929812706618,1.0873211446740858,-0.488,0,1.65,0.488,1,1.65,0
0.49,1,1.7763568394002505e-15,2.71677027708467e-16,0,0.0009053080141087208,-0.2769995515289414,-0.08292364210402416,0.11307692307692307,1.2254844352914904,0.6967517846323329,-0.18375,0.5,-0.13891924431966177,-0.21,-0.29604652559205935,0.8440182829888713,0.4523076923076923,0.812854484921249,0.2693071073679633,0.49,1.1514823635229907,1.0873211446740858,-0.49,0,1.65,0.49,1,1.65,0
0.492,1,1.7763568394002505e-15,2.220446049250313e-16,0,0.0008273121684893396,-0.2788664389322594,-0.08390626328408642,0.11353846153846155,1.2254718464189645,0.6943662475912642,-0.1845,0.5,-0.14044510640937044,-0.21085714285714285,-0.29611861925438226,0.8440182829888713,0.4541538461538462,0.8110649797450772,0.2710874684693579,0.492,1.1494689395871784,1.0873211446740858,-0.492,0,1.65,0.492,1,1.65,0
0.494,1,1.7763568394002505e-15,3.829366530729523e-16,0,0.0007493377649958199,-0.28073327145343546,-0.08489798144096583,0.114,1.2254605189739942,0.6919880437349496,-0.18525,0.5,-0.1419802040307866,-0.2117142857142857,-0.2961949632274948,0.8440182829888713,0.456,0.8092655112924418,0.2728669704474902,0.494,1.1474527884093417,1.0873211446740858,-0.494,0,1.65,0.494,1,1.65,0
0.496,1,1.7763568394002505e-15,7.786001905961683e-17,0,0.0006713946279076902,-0.2825999622045015,-0.08589884524412551,0.11446153846153846,1.2254505138111553,0.6896173328027296,-0.186,0.5,-0.1435245029444099,-0.21257142857142855,-0.29627558918342933,0.8440182829888713,0.45784615384615385,0.8074561234942934,0.27464545143786095,0.496,1.1454339884949567,1.0873211446740858,-0.496,0,1.65,0.496,1,1.65,0
0.498,1,1.7763568394002505e-15,2.3525431804267205e-16,0,0.0005934924728764323,-0.2844664251132741,-0.08690890254024937,0.11492307692307693,1.225441891728042,0.6872542718575224,-0.18675,0.5,-0.14507796791066213,-0.2134285714285714,-0.29636052829511633,0.8440182829888713,0.45969230769230773,0.8056368623588964,0.2764227482932361,0.498,1.143412617871489,1.0873211446740858,-0.498,0,1.65,0.498,1,1.65,0
0.5,1,4.440892098500626e-15,1.551690473517545e-16,0,0.0005156409050597959,-0.2863325749537278,-0.08792820032780621,0.11538461538461539,1.225434713427721,0.6848990152316857,-0.1875,0.5,-0.14664056270575793,-0.21428571428571427,-0.2964498112298614,0.8440182829888713,0.46153846153846156,0.8038077759566166,0.2781986966569934,0.5,1.1413887540511751,1.0873211446740858,-0.5,0,1.65,0.5,1,1.65,0
0.502,1,3.552713678800501e-15,3.290779340917681e-16,0,0.00043784941732857965,-0.28819832737584716,-0.08895678473216265,0.11584615384615385,1.2254290394813223,0.6825517144747326,-0.18825,0.5,-0.1482122501382095,-0.21514285714285714,-0.2965434681431624,0.8440182829888713,0.4633846153846154,0.80196891440255,0.27997313103889465,0.502,1.139362473994034,1.0873211446740858,-0.502,0,1.65,0.502,1,1.65,0
0.504,1,1.7763568394002505e-15,2.220446049250313e-16,0,0.00036012738854619854,-0.29006359893490885,-0.08999470098130233,0.11630769230769232,1.2254249302908236,0.6802125183030016,-0.189,0.5,-0.14979299206598698,-0.216,-0.29664152867290317,0.8440182829888713,0.4652307692307693,0.8001203298369591,0.2817458848931628,0.504,1.1373338540711397,1.0873211446740858,-0.504,0,1.65,0.504,1,1.65,0
0.506,1,1.7763568394002505e-15,7.716784705278966e-17,0,0.0002824840819200429,-0.29192830712015494,-0.09104199338215271,0.11676923076923078,1.2254224460520449,0.6778815725514111,-0.18975,0.5,-0.15138274941427762,-0.21685714285714286,-0.29674402193393173,0.8440182829888713,0.4670769230769231,0.7982620764034938,0.28351679069879177,0.506,1.1353029700282093,1.0873211446740858,-0.506,0,1.65,0.506,1,1.65,0
0.508,1,2.6645352591003757e-15,5.09182301509841e-16,0,0.00020492864343057312,-0.293792370382833,-0.09209870529759251,0.11723076923076924,1.2254216467179488,0.6755590201272121,-0.1905,0.5,-0.15298148219385588,-0.2177142857142857,-0.2968509765130055,0.8440182829888713,0.46892307692307694,0.7963942102253045,0.28528568004197574,0.508,1.1332698969495736,1.0873211446740858,-0.508,0,1.65,0.508,1,1.65,0
0.51,1,3.552713678800501e-15,3.3306690738754696e-16,0,0.00012747010033520542,-0.2956557081635426,-0.09316487912414984,0.11769230769230771,1.2254225919622581,0.6732450009659436,-0.19125,0.5,-0.1545891495200309,-0.21857142857142856,-0.296962420464133,0.8440182829888713,0.47076923076923083,0.7945167893789913,0.2870523837005437,0.51,1.1312347092225703,1.0873211446740858,-0.51,0,1.65,0.51,1,1.65,0
0.512,1,1.7763568394002505e-15,3.2644757283235696e-16,0,0.000050117359749765616,-0.29751824091886225,-0.09424055627042752,0.11815384615384616,1.2254253411434592,0.6709396519895985,-0.192,0.5,-0.1562057096321412,-0.21942857142857142,-0.29707838130431125,0.8440182829888713,0.47261538461538466,0.7926298738664529,0.2888167317302929,0.512,1.1291974805024165,1.0873211446740858,-0.512,0,1.65,0.512,1,1.65,0
0.514,1,3.552713678800501e-15,3.9879604021779036e-16,0,0.000027120792690964427,-0.29937989014722877,-0.09532577713629704,0.11861538461538462,1.2254299532692328,0.6686431070669971,-0.19275,0.5,-0.1578311199135993,-0.22028571428571428,-0.2971988860096533,0.8440182829888713,0.4744615384615385,0.790733525584668,0.29057855355310425,0.514,1.1271582836776155,1.0873211446740858,-0.514,0,1.65,0.514,1,1.65,0
0.516,1,1.7763568394002505e-15,1.348064695076607e-16,0,0.00010423569409526223,-0.30124057841401203,-0.09642058109287206,0.11907692307692308,1.225436486961353,0.6663554969765536,-0.1935,0.5,-0.15946533691243048,-0.22114285714285714,-0.2973239610119304,0.8440182829888713,0.4763076923076923,0.7888278082934091,0.29233767804670124,0.516,1.1251171908359352,1.0873211446740858,-0.516,0,1.65,0.516,1,1.65,0
0.518,1,3.552713678800501e-15,3.4169974141231854e-16,0,0.0001812188054929042,-0.3031002293757788,-0.09752500646332453,0.11953846153846155,1.2254450004211213,0.664076949371288,-0.19425,0.5,-0.16110831636231995,-0.222,-0.29745363219550525,0.8440182829888713,0.4781538461538462,0.7869127875810107,0.2940939336359421,0.518,1.1230742732310355,1.0873211446740858,-0.518,0,1.65,0.518,1,1.65,0
0.52,1,1.7763568394002505e-15,6.661338147750939e-16,0,0.00025806171293900175,-0.3049587678036913,-0.09863909050450424,0.12000000000000001,1.225455551395333,0.6618075887463725,-0.195,0.5,-0.1627600132040889,-0.22285714285714286,-0.297587924894693,0.8440182829888713,0.48000000000000004,0.7849885308280986,0.2958471483855065,0.52,1.1210296012497476,1.0873211446740858,-0.52,0,1.65,0.52,1,1.65,0
0.522,1,1.7763568394002505e-15,4.505518184628472e-16,0,0.00033475612852919533,-0.30681611960601607,-0.09976286938948441,0.12046153846153847,1.2254681971428973,0.6595475364089829,-0.19575,0.5,-0.16442038160764216,-0.2237142857142857,-0.29772686389150954,0.8440182829888713,0.48184615384615387,0.7830551071695163,0.29759715009382876,0.522,1.1189832443801155,1.0873211446740858,-0.522,0,1.65,0.522,1,1.65,0
0.524,1,1.7763568394002505e-15,7.599282525547274e-16,0,0.00041129389134003864,-0.3086722118497232,-0.10089637819095376,0.12092307692307694,1.225482994402059,0.6572969104507468,-0.1965,0.5,-0.16608937499429172,-0.22457142857142856,-0.29787047341386136,0.8440182829888713,0.48369230769230775,0.7811125874542955,0.29934376638815435,0.524,1.116935271180178,1.0873211446740858,-0.524,0,1.65,0.524,1,1.65,0
0.526,1,3.552713678800501e-15,3.1772256007974846e-16,0,0.0004876669682823311,-0.31052697278113967,-0.10203965086555906,0.1213846153846154,1.2254999993583509,0.6550558257225803,-0.19725,0.5,-0.1677669460594853,-0.22542857142857142,-0.29801877713411684,0.8440182829888713,0.4855384615384616,0.7791610442039208,0.3010868248205705,0.526,1.1148857492475956,1.0873211446740858,-0.526,0,1.65,0.526,1,1.65,0
0.528,1,8.881784197001252e-16,2.686437848454252e-16,0,0.0005638674548761444,-0.3123803318456279,-0.10319272023915184,0.12184615384615385,1.2255192676132416,0.6528243938121733,-0.198,0.5,-0.1694530467958548,-0.22628571428571428,-0.29817179816812,0.8440182829888713,0.4873846153846154,0.7772005515687845,0.3028261529648691,0.528,1.1128347451901126,1.0873211446740858,-0.528,0,1.65,0.528,1,1.65,0
0.53,1,4.440892098500626e-15,5.032882563868087e-16,0,0.0006398875759395694,-0.31423221970627324,-0.10435561799303457,0.12230769230769233,1.225540854153589,0.6506027230239179,-0.19875,0.5,-0.17114762851663234,-0.22714285714285715,-0.298329559074592,0.8440182829888713,0.4892307692307693,0.7752311852830405,0.30456157851407295,0.53,1.1107823245969564,1.0873211446740858,-0.53,0,1.65,0.53,1,1.65,0
0.532,1,3.552713678800501e-15,2.6831890015464616e-16,0,0.0007157196861990526,-0.31608256826156184,-0.10552837465112223,0.12276923076923078,1.2255648133218526,0.6483909183614825,-0.1995,0.5,-0.17285064187930635,-0.228,-0.2984920818549578,0.8440182829888713,0.49107692307692313,0.7732530226177965,0.3062929293785263,0.532,1.108728552011142,1.0873211446740858,-0.532,0,1.65,0.532,1,1.65,0
0.534,1,8.881784197001252e-16,2.2551898315849883e-16,0,0.0007913562708142979,-0.31793131066201075,-0.10671101956813801,0.12323076923076924,1.2255911987871881,0.6461890815129404,-0.20025,0.5,-0.17456203690958244,-0.22885714285714287,-0.29865938795357766,0.8440182829888713,0.49292307692307696,0.7712661423328241,0.3080200337843301,0.534,1.1066734909027862,1.0873211446740858,-0.534,0,1.65,0.534,1,1.65,0
0.536,1,3.552713678800501e-15,4.440892098500626e-16,0,0.0008667899458233604,-0.31977838132575626,-0.10790358091877365,0.12369230769230771,1.225620063517377,0.6439973108384865,-0.201,0.5,-0.1762817630255557,-0.2297142857142857,-0.2988314982583832,0.8440182829888713,0.49476923076923085,0.7692706246267772,0.30974272037203027,0.536,1.1046172036434228,1.0873211446740858,-0.536,0,1.65,0.536,1,1.65,0
0.538,1,1.7763568394002505e-15,3.158629542273427e-16,0,0.0009420134585057224,-0.32162371595306233,-0.10910608568785868,0.12415384615384617,1.2256514597516683,0.6418157013607799,-0.20175,0.5,-0.17800976906207522,-0.23057142857142857,-0.2990084331019171,0.8440182829888713,0.4966153846153847,0.7672665510860474,0.31146081829538297,0.538,1.1025597514813645,1.0873211446740858,-0.538,0,1.65,0.538,1,1.65,0
0.54,1,8.881784197001252e-16,2.676668077580018e-16,0,0.0010170196876622998,-0.32346725153975014,-0.11031855966157436,0.12461538461538463,1.225685438974564,0.6396443447578296,-0.2025,0.5,-0.17974600329531315,-0.23142857142857143,-0.299190212262768,0.8440182829888713,0.4984615384615385,0.7652540046323315,0.31317415732002196,0.54,1.1005011945181635,1.0873211446740858,-0.54,0,1.65,0.54,1,1.65,0
0.542,1,3.552713678800501e-15,4.503096552935252e-16,0,0.0010918016438176644,-0.3253089263895364,-0.11154102741964375,0.12507692307692309,1.2257220518905352,0.6374833293585067,-0.20325000000000001,0.5,-0.181490413467432,-0.2322857142857143,-0.29937685496739913,0.8440182829888713,0.5003076923076923,0.7632330694689733,0.3148825679219288,0.542,1.0984415916861625,1.0873211446740858,-0.542,0,1.65,0.542,1,1.65,0
0.544,1,1.7763568394002505e-15,2.6733974407053683e-16,0,0.00116635246934061,-0.3271486801252555,-0.11277351232858156,0.12553846153846154,1.22576134839973,0.6353327401406288,-0.20400000000000001,0.5,-0.1832429468113917,-0.23314285714285715,-0.29956837989236784,0.8440182829888713,0.5021538461538462,0.7612038310261572,0.31658588138549826,0.544,1.0963810007271924,1.0873211446740858,-0.544,0,1.65,0.544,1,1.65,0
0.546,1,3.552713678800501e-15,6.046430323061971e-16,0,0.001240665438486271,-0.3289864536989739,-0.11401603653594963,0.12600000000000003,1.2258033775746868,0.6331926587316249,-0.20475000000000002,0.5,-0.1850035500758098,-0.234,-0.29976480516692267,0.8440182829888713,0.5040000000000001,0.7591663759050999,0.3182839299010904,0.546,1.094319478172431,1.0873211446740858,-0.546,0,1.65,0.546,1,1.65,0
0.548,1,3.552713678800501e-15,4.966854621817121e-16,0,0.0013147339573597316,-0.33082218940099506,-0.11526862096564817,0.1264615384615385,1.2258481876380567,0.6310631634116814,-0.20550000000000002,0.5,-0.18677216954988826,-0.23485714285714288,-0.29996614837597046,0.8440182829888713,0.505846153846154,0.757120791821244,0.31997654666189873,0.548,1.0922570793234372,1.0873211446740858,-0.548,0,1.65,0.548,1,1.65,0
0.55,1,1.7763568394002505e-15,7.0204106640704995e-16,0,0.0013885515638027127,-0.3326558308677232,-0.11653128531423568,0.12692307692307694,1.225895825941383,0.6289443291195027,-0.20625000000000002,0.5,-0.18854875108834745,-0.2357142857142857,-0.3001724265634229,0.8440182829888713,0.5076923076923078,0.755067167546618,0.32166356595998424,0.55,1.0901938582344028,1.0873211446740858,-0.55,0,1.65,0.55,1,1.65,0
0.552,1,6.217248937900877e-15,5.551115123125783e-16,0,0.0014621119272044396,-0.3344873230884181,-0.11780404804825348,0.1273846153846154,1.2259463389449141,0.6268362274605112,-0.20700000000000002,0.5,-0.19033324013633474,-0.23657142857142857,-0.300383656235892,0.8440182829888713,0.5095384615384616,0.7530055928513922,0.32334482328135855,0.552,1.0881298676956033,1.0873211446740858,-0.552,0,1.65,0.552,1,1.65,0
0.554,1,1.7763568394002505e-15,2.948148113825273e-16,0,0.001535408848237933,-0.3363166124108308,-0.1190869264025749,0.12784615384615386,1.2259997721984977,0.6247389267175021,-0.20775000000000002,0.5,-0.19212558175430905,-0.23742857142857143,-0.30059985336673806,0.8440182829888713,0.5113846153846154,0.7509361584447652,0.3250201553999403,0.554,1.086065159218095,1.0873211446740858,-0.554,0,1.65,0.554,1,1.65,0
0.556,1,2.6645352591003757e-15,3.6777513275050394e-16,0,0.0016084362585215793,-0.3381436465457066,-0.12037993637976502,0.12830769230769232,1.2260561703235624,0.6226524918637647,-0.20850000000000002,0.5,-0.19392572064283306,-0.2382857142857143,-0.3008210334004611,0.8440182829888713,0.5132307692307693,0.7488589559152894,0.3266894004702654,0.556,1.0839997830196624,1.0873211446740858,-0.556,0,1.65,0.556,1,1.65,0
0.558,1,1.7763568394002505e-15,1.4681211749912456e-16,0,0.0016811882202111468,-0.3399683745701844,-0.1216830927504219,0.12876923076923077,1.2261155769961616,0.6205769845785747,-0.20925000000000002,0.5,-0.1957336011672708,-0.23914285714285716,-0.30104721125742706,0.8440182829888713,0.5150769230769231,0.7467740776706272,0.32835239811881517,0.558,1.081933788011999,1.0873211446740858,-0.558,0,1.65,0.558,1,1.65,0
0.56,1,1.7763568394002505e-15,5.514795659985059e-16,0,0.0017536589255191457,-0.3417907469300901,-0.12299640905451335,0.12923076923076926,1.226178034931138,0.6185124632650221,-0.21000000000000002,0.5,-0.19754916738234746,-0.24000000000000002,-0.3012784013389119,0.8440182829888713,0.516923076923077,0.7446816168769759,0.3300089895338254,0.56,1.0798672217891716,1.0873211446740858,-0.56,0,1.65,0.56,1,1.65,0
0.562,1,1.7763568394002505e-15,6.819919016588387e-16,0,0.0018258426961662503,-0.343610715441124,-0.12431989760368539,0.12969230769230772,1.226243585867372,0.616458983070144,-0.21075000000000002,0.5,-0.19937236305655628,-0.24085714285714288,-0.3015146175324603,0.8440182829888713,0.5187692307692309,0.7425816673981301,0.33165901755345456,0.562,1.0778001306173348,1.0873211446740858,-0.562,0,1.65,0.562,1,1.65,0
0.5640000000000001,1,2.6645352591003757e-15,3.647873637873879e-16,0,0.0018977339827667213,-0.3454282332889731,-0.125653569484511,0.13015384615384618,1.226312270554136,0.6144165959073212,-0.21150000000000002,0.5,-0.20120313169636572,-0.24171428571428571,-0.30175587321754693,0.8440182829888713,0.5206153846153847,0.7404743237343545,0.3333023267521787,0.5640000000000001,1.075732559425717,1.0873211446740858,-0.5640000000000001,0,1.65,0.5640000000000001,1,1.65,0
0.5660000000000001,1,1.7763568394002505e-15,2.6553244575288895e-16,0,0.001969327364146497,-0.3472432550283445,-0.1269974345627024,0.13061538461538463,1.2263841287385506,0.6123853504808333,-0.21225000000000002,0.5,-0.20304141657022612,-0.24257142857142858,-0.30200218127152745,0.8440182829888713,0.5224615384615385,0.7383596809611064,0.33493876352531293,0.5660000000000001,1.073664551798872,1.0873211446740858,-0.5660000000000001,0,1.65,0.5660000000000001,1,1.65,0
0.5680000000000001,1,1.7763568394002505e-15,3.632854003320891e-16,0,0.0020406175465988775,-0.3490557365809333,-0.128351501488229,0.1310769230769231,1.2264591991541407,0.6103652923125853,-0.21300000000000002,0.5,-0.2048871607323314,-0.24342857142857144,-0.3022535540758709,0.8440182829888713,0.5243076923076924,0.7362378346677368,0.3365681761715206,0.5680000000000001,1.0715961499701927,1.0873211446740858,-0.5680000000000001,0,1.65,0.5680000000000001,1,1.65,0
0.5700000000000001,1,1.7763568394002505e-15,3.6526551269837464e-16,0,0.002111599363079569,-0.35086563523236936,-0.12971577770132958,0.13153846153846155,1.2265375195104833,0.6083564637708866,-0.21375000000000002,0.5,-0.20674030704610555,-0.2442857142857143,-0.3025100035226532,0.8440182829888713,0.5261538461538462,0.7341088808962455,0.3381904149732379,0.5700000000000001,1.069527394816678,1.0873211446740858,-0.5700000000000001,0,1.65,0.5700000000000001,1,1.65,0
0.5720000000000001,1,1.7763568394002505e-15,1.3251904136013677e-16,0,0.0021822677723412898,-0.35267290962811737,-0.13109026943941882,0.13200000000000003,1.2266191264839426,0.6063589041012746,-0.21450000000000002,0.5,-0.20860079820741617,-0.24514285714285716,-0.3027715410213246,0.8440182829888713,0.5280000000000001,0.7319729160801395,0.3398053322748686,0.5720000000000001,1.0674583258549457,1.0873211446740858,-0.5720000000000001,0,1.65,0.5720000000000001,1,1.65,0
0.5740000000000001,1,3.552713678800501e-15,6.867298686308448e-16,0,0.0022526178580108158,-0.35447751976839154,-0.1324749817448396,0.1324615384615385,1.226704055709495,0.6043726494592404,-0.21525000000000002,0.5,-0.2104685767674622,-0.24600000000000002,-0.3030381775056928,0.8440182829888713,0.529846153846154,0.7298300369835857,0.341412782558698,0.5740000000000001,1.0653889812384916,1.0873211446740858,-0.5740000000000001,0,1.65,0.5740000000000001,1,1.65,0
0.5760000000000001,1,7.105427357601002e-15,1.819139413584069e-16,0,0.0023226448276115154,-0.35627942700207493,-0.1338699184734603,0.13292307692307695,1.226792341773616,0.602397732944895,-0.21600000000000003,0.5,-0.21234358515534335,-0.24685714285714289,-0.3033099234411716,0.8440182829888713,0.5316923076923078,0.7276803406408038,0.34301262251838294,0.5760000000000001,1.0633193977561612,1.0873211446740858,-0.5760000000000001,0,1.65,0.5760000000000001,1,1.65,0
0.578,1,2.6645352591003757e-15,6.841515741261303e-16,0,0.0023923440115323842,-0.35807859401970366,-0.13527508230405802,0.13338461538461538,1.2268840182082268,0.6004341846393657,-0.21675,0.5,-0.21422576570025287,-0.2477142857142857,-0.30358678883221607,0.8440182829888713,0.5335384615384615,0.7255239242959124,0.34460471113000646,0.578,1.0612496108318368,1.0873211446740858,-0.578,0,1.65,0.578,1,1.65,0
0.58,1,1.7763568394002505e-15,7.175008388880843e-17,0,0.0024617108619455737,-0.3598749848454761,-0.13669047474851856,0.13384615384615384,1.2269791174856957,0.5984820316430424,-0.21749999999999997,0.5,-0.21611506065331929,-0.24857142857142855,-0.3038687832299947,0.8440182829888713,0.5353846153846153,0.723360885343218,0.34618890972051874,0.58,1.0591796545253214,1.0873211446740858,-0.58,0,1.65,0.58,1,1.65,0
0.582,1,2.6645352591003757e-15,3.406755912661565e-16,0,0.002530740951677088,-0.3616685648284028,-0.1381160961627498,0.1343076923076923,1.2270776710148539,0.5965412981153763,-0.21825,0.5,-0.21801141220903336,-0.2494285714285714,-0.3041559157402336,0.8440182829888713,0.5372307692307692,0.721191321268065,0.34776508203360135,0.582,1.0571095615343835,1.0873211446740858,-0.582,0,1.65,0.582,1,1.65,0
0.584,1,5.329070518200751e-15,1.1102230246251565e-16,0,0.0025994299730290253,-0.36345930063253845,-0.1395519457583516,0.13476923076923078,1.2271797091380352,0.594612005316352,-0.21899999999999997,0.5,-0.21991476252627254,-0.2502857142857143,-0.3044481950312551,0.8440182829888713,0.5390769230769231,0.7190153295883182,0.34933309429280085,0.584,1.055039363197963,1.0873211446740858,-0.584,0,1.65,0.584,1,1.65,0
0.586,1,5.329070518200751e-15,1.425872945480569e-16,0,0.002667773736559748,-0.3652471602263744,-0.14099802161497224,0.13523076923076924,1.2272852611291054,0.5926941716494505,-0.21975,0.5,-0.22182505374889655,-0.2511428571428571,-0.30474562934218635,0.8440182829888713,0.540923076923077,0.7168330077965467,0.3508928152619186,0.586,1.0529690895005046,1.0873211446740858,-0.586,0,1.65,0.586,1,1.65,0
0.588,1,1.7763568394002505e-15,2.845644457145099e-16,0,0.002735768169820754,-0.36703211287141535,-0.14245432069332947,0.1356923076923077,1.2273943551924675,0.5907878127060144,-0.22049999999999997,0.5,-0.223742228025895,-0.25199999999999995,-0.3050482264913146,0.8440182829888713,0.5427692307692308,0.7146444533029827,0.3524441163026021,0.588,1.0508987690773948,1.0873211446740858,-0.588,0,1.65,0.588,1,1.65,0
0.59,1,8.881784197001252e-16,1.4197678333493643e-16,0,0.002803409316054056,-0.3688141291099425,-0.14392083884889006,0.13615384615384615,1.2275070184630303,0.5888929413110136,-0.22125,0.5,-0.22566622753108698,-0.25285714285714284,-0.3053559938845933,0.8440182829888713,0.5446153846153846,0.7124497633793426,0.35398687142905405,0.59,1.0488284292214844,1.0873211446740858,-0.59,0,1.65,0.59,1,1.65,0
0.592,1,1.7763568394002505e-15,1.3169517438463853e-16,0,0.002870693332855923,-0.37059318075202813,-0.14539757084611984,0.1366153846153846,1.2276232770070776,0.5870095675701216,-0.22199999999999998,0.5,-0.22759699448232548,-0.25371428571428567,-0.30566893852429494,0.8440182829888713,0.5464615384615384,0.7102490351034786,0.3555209573598709,0.592,1.0467580958906464,1.0873211446740858,-0.592,0,1.65,0.592,1,1.65,0
0.594,1,4.440892098500626e-15,4.787065965951919e-16,0,0.0029376164908008627,-0.37236924086182105,-0.14688451037334513,0.13707692307692307,1.227743155824082,0.5851376989178759,-0.22275,0.5,-0.2295344711602425,-0.25457142857142856,-0.305987067017747,0.8440182829888713,0.5483076923076923,0.7080423653051132,0.3570462535669481,0.594,1.0446877937163759,1.0873211446740858,-0.594,0,1.65,0.594,1,1.65,0
0.596,1,3.552713678800501e-15,5.385265034857671e-16,0,0.0030041751720381107,-0.3741422837431202,-0.14838165005813936,0.13753846153846155,1.2278666788493697,0.5832773401671001,-0.22349999999999998,0.5,-0.2314785999264827,-0.2554285714285714,-0.30631038558621937,0.8440182829888713,0.5501538461538462,0.7058298505124787,0.3585626423214151,0.596,1.042617546013363,1.0873211446740858,-0.596,0,1.65,0.596,1,1.65,0
0.598,1,1.7763568394002505e-15,4.926306549145895e-16,0,0.0030703658688547245,-0.3759122849242909,-0.14988898148323093,0.138,1.227993868957665,0.5814284935592604,-0.22425,0.5,-0.2334293232414395,-0.2562857142857143,-0.30663890007386807,0.8440182829888713,0.552,0.7036115869001344,0.36007000873660305,0.598,1.0405473747900469,1.0873211446740858,-0.598,0,1.65,0.598,1,1.65,0
0.6,1,1.7763568394002505e-15,2.381311727201923e-16,0,0.003136185182213285,-0.3776792211425494,-0.15140649520289065,0.13846153846153847,1.2281247479674484,0.5795911588158313,-0.22499999999999998,0.5,-0.23538658368147544,-0.2571428571428571,-0.3069726159567899,0.8440182829888713,0.5538461538461539,0.7013876702378485,0.36156824080802,0.6,1.0384773007600776,1.0873211446740858,-0.6,0,1.65,0.6,1,1.65,0
0.602,1,2.6645352591003757e-15,3.014625368951343e-16,0,0.0032016298202642364,-0.3794430703276396,-0.15293418075975787,0.13892307692307693,1.2282593366461163,0.5777653331905502,-0.22575,0.5,-0.23735032395561184,-0.25799999999999995,-0.307311538352136,0.8440182829888713,0.5556923076923077,0.6991581958406811,0.3630572294503195,0.602,1.0364073433546854,1.0873211446740858,-0.602,0,1.65,0.602,1,1.65,0
0.604,1,6.217248937900877e-15,2.3731545168218894e-16,0,0.003266696596834314,-0.3812038115849538,-0.15447202670210433,0.13938461538461538,1.228397654715929,0.5759510115224405,-0.22649999999999998,0.5,-0.2393204869217092,-0.25885714285714284,-0.3076556720272907,0.8440182829888713,0.5575384615384615,0.6969232585202891,0.364536868531263,0.604,1.0343375207359047,1.0873211446740858,-0.604,0,1.65,0.604,1,1.65,0
0.606,1,1.7763568394002505e-15,6.976081700520197e-17,0,0.003331382429895779,-0.3829614251781193,-0.15602002060145628,0.13984615384615384,1.2285397208606808,0.5741481862895773,-0.22725,0.5,-0.2412970156020904,-0.2597142857142857,-0.3080050214090931,0.8440182829888713,0.5593846153846154,0.6946829525374926,0.3660070549026922,0.606,1.0322678498106221,1.0873211446740858,-0.606,0,1.65,0.606,1,1.65,0
0.608,1,5.329070518200751e-15,2.08820228771606e-16,0,0.003395684340015342,-0.38471589251108046,-0.15757814907060663,0.1403076923076923,1.2286855527331166,0.572356847663499,-0.22799999999999998,0.5,-0.24327985319865528,-0.26057142857142856,-0.30835959059310397,0.8440182829888713,0.5612307692307692,0.6924373715561538,0.3674676884284825,0.608,1.0301983462454283,1.0873211446740858,-0.608,0,1.65,0.608,1,1.65,0
0.61,1,8.881784197001252e-16,5.722267196705638e-16,0,0.0034595994487907327,-0.3864671961097299,-0.1591463977818978,0.14076923076923079,1.2288351669629893,0.5705769835642035,-0.22875,0.5,-0.24526894310741557,-0.2614285714285714,-0.308719383352902,0.8440182829888713,0.5630769230769231,0.6901866085983421,0.36891867200954914,0.61,1.0281290244821917,1.0873211446740858,-0.61,0,1.65,0.61,1,1.65,0
0.612,1,8.881784197001252e-16,2.220446049250313e-16,0,0.003523124977267883,-0.38821531960310174,-0.16072475148585474,0.14123076923076924,1.2289885791658244,0.5688085797155779,-0.22949999999999998,0.5,-0.24726422893253003,-0.2622857142857143,-0.3090844031493812,0.8440182829888713,0.564923076923077,0.687930756000946,0.37035991160586706,0.612,1.0260598977543904,1.0873211446740858,-0.612,0,1.65,0.612,1,1.65,0
0.614,1,1.7763568394002505e-15,2.3256112637861916e-16,0,0.003586258244352947,-0.3899602477041719,-0.16231319403001804,0.1416923076923077,1.229145803952259,0.5670516197013495,-0.23025,0.5,-0.24926565449975116,-0.2631428571428571,-0.30945465314008147,0.8440182829888713,0.5667692307692308,0.6856699053735806,0.37179131625556733,0.614,1.0239909781040835,1.0873211446740858,-0.614,0,1.65,0.614,1,1.65,0
0.616,1,1.7763568394002505e-15,4.139360254734002e-16,0,0.003648996665209168,-0.3917019661903045,-0.1639117083780497,0.14215384615384616,1.2293068549380102,0.5653060850212724,-0.23099999999999998,0.5,-0.25127316386936216,-0.26399999999999996,-0.3098301361884923,0.8440182829888713,0.5686153846153846,0.6834041475579813,0.37321279809112734,0.616,1.0219222763995535,1.0873211446740858,-0.616,0,1.65,0.616,1,1.65,0
0.618,1,3.552713678800501e-15,5.551115123125783e-16,0,0.0037113377496490133,-0.3934404618833596,-0.16552027662901844,0.14261538461538462,1.2294717447543901,0.5635719551476581,-0.23175,0.5,-0.2532867013485494,-0.26485714285714285,-0.3102108548733554,0.8440182829888713,0.5704615384615385,0.6811335725888048,0.37462427235268286,0.618,1.0198538023535415,1.0873211446740858,-0.618,0,1.65,0.618,1,1.65,0
0.62,1,3.552713678800501e-15,2.220446049250313e-16,0,0.003773279100520831,-0.3951757226295072,-0.16713888003685617,0.14307692307692307,1.2296404850593536,0.5618492075821075,-0.23249999999999998,0.5,-0.2553062115032372,-0.2657142857142857,-0.3105968114979494,0.8440182829888713,0.5723076923076923,0.6788582696558649,0.37602565739850957,0.62,1.017785564542052,1.0873211446740858,-0.62,0,1.65,0.62,1,1.65,0
0.622,1,3.552713678800501e-15,6.852529991471308e-16,0,0.003834818412090723,-0.39690773727878914,-0.16876749902996224,0.14353846153846156,1.2298130865490542,0.5601378179123552,-0.23325,0.5,-0.2573316391693855,-0.26657142857142857,-0.3109880080993429,0.8440182829888713,0.5741538461538462,0.6765783270678626,0.37741687471270946,0.622,1.0157175704236943,1.0873211446740858,-0.622,0,1.65,0.622,1,1.65,0
0.624,1,1.7763568394002505e-15,3.022821427681679e-16,0,0.0038959534684237123,-0.39863649566444886,-0.17040611323089927,0.14400000000000002,1.2299895589698593,0.5584377598691621,-0.23399999999999999,0.5,-0.2593629294637386,-0.2674285714285714,-0.31138444645759206,0.8440182829888713,0.5760000000000001,0.6742938322175772,0.3787978489101753,0.624,1.013649826359505,1.0873211446740858,-0.624,0,1.65,0.624,1,1.65,0
0.626,1,1.7763568394002505e-15,3.5869213361478375e-16,0,0.003956682141764862,-0.4003619885820395,-0.17205470147620908,0.14446153846153847,1.2301699111308173,0.5567490053833156,-0.23475000000000001,0.5,-0.26140002779405835,-0.2682857142857143,-0.3117861281049296,0.8440182829888713,0.5778461538461539,0.6720048715485204,0.3801685077388135,0.626,1.0115823376332458,1.0873211446740858,-0.626,0,1.65,0.626,1,1.65,0
0.628,1,1.7763568394002505e-15,3.016521609784003e-16,0,0.004017002390922081,-0.40208420776840786,-0.17371324183625,0.14492307692307693,1.2303541509165243,0.5550715246424205,-0.2355,0.5,-0.2634428798688134,-0.26914285714285713,-0.3121930543348596,0.8440182829888713,0.5796923076923077,0.669711530523113,0.3815287820791854,0.628,1.0095151084721068,1.0873211446740858,-0.628,0,1.65,0.628,1,1.65,0
0.63,1,2.6645352591003757e-15,3.013375817410261e-16,0,0.004076912259654317,-0.4038031458805008,-0.17538171163507607,0.1453846153846154,1.2305422853003687,0.5534052861477269,-0.23625000000000002,0.5,-0.26549143170634093,-0.26999999999999996,-0.3126052262112211,0.8440182829888713,0.5815384615384616,0.6674138935922937,0.3828786059415305,0.63,1.0074481420677974,1.0873211446740858,-0.63,0,1.65,0.63,1,1.65,0
0.632,1,1.7763568394002505e-15,2.220446049250313e-16,0,0.004136409875061566,-0.40551879647408123,-0.1770600874703509,0.14584615384615385,1.230734320358147,0.5517502567706619,-0.237,0.5,-0.2675456296435202,-0.27085714285714285,-0.3130226445771652,0.8440182829888713,0.5833846153846154,0.6651120441666871,0.3842179164602669,0.632,1.0053814405980004,1.0873211446740858,-0.632,0,1.65,0.632,1,1.65,0
0.634,1,2.6645352591003757e-15,2.5996226353557057e-16,0,0.004195493445986264,-0.4072311539823715,-0.17874834523319189,0.1463076923076923,1.2309302612819613,0.5501064018091965,-0.23775000000000002,0.5,-0.26960542034389645,-0.2717142857142857,-0.3134453100640709,0.8440182829888713,0.5852307692307692,0.662806064589163,0.3855466538860615,0.634,1.0033150052481181,1.0873211446740858,-0.634,0,1.65,0.634,1,1.65,0
0.636,1,1.7763568394002505e-15,5.196020875453213e-16,0,0.004254161261419828,-0.40894021369462796,-0.18044646012802046,0.1467692307692308,1.2311301123944516,0.5484736850439207,-0.2385,0.5,-0.27167075080533165,-0.2725714285714286,-0.3138732231003748,0.8440182829888713,0.5870769230769232,0.6604960361089393,0.38686476157547645,0.636,1.0012488362333178,1.0873211446740858,-0.636,0,1.65,0.636,1,1.65,0
0.638,1,4.440892098500626e-15,4.64030583758629e-16,0,0.0043124116889204835,-0.41064597173471035,-0.18215440669231722,0.14723076923076925,1.2313338771632623,0.5468520687937357,-0.23925000000000002,0.5,-0.27374156836714575,-0.2734285714285714,-0.3143063839203073,0.8440182829888713,0.588923076923077,0.6581820388571253,0.38817218597831726,0.638,0.9991829328208152,1.0873211446740858,-0.638,0,1.65,0.638,1,1.65,0
0.64,1,3.552713678800501e-15,1.7421730284641152e-16,0,0.0043702431730438095,-0.4123484250396385,-0.18387215881629584,0.1476923076923077,1.231541558215746,0.5452415139712485,-0.24,0.5,-0.27581782071676625,-0.2742857142857143,-0.31474479257256105,0.8440182829888713,0.5907692307692308,0.6558641518236711,0.38946887662271074,0.64,0.9971172933523649,1.0873211446740858,-0.64,0,1.65,0.64,1,1.65,0
0.642,1,1.7763568394002505e-15,6.697473563507811e-17,0,0.00442765423378265,-0.4140475713381881,-0.18559968976248908,0.14815384615384616,1.2317531573538991,0.5436419801376171,-0.24075000000000002,0.5,-0.27789945589592335,-0.27514285714285713,-0.31518844892883074,0.8440182829888713,0.5926153846153847,0.6535424528358338,0.39075478609801,0.642,0.995051915266951,1.0873211446740858,-0.642,0,1.65,0.642,1,1.65,0
0.644,1,3.552713678800501e-15,3.474785913625041e-16,0,0.004484643465023784,-0.4157434091295303,-0.1873369721851839,0.14861538461538462,1.2319686755694605,0.54205342555702,-0.2415,0.5,-0.2799864223063488,-0.27599999999999997,-0.31563735269227633,0.8440182829888713,0.5944615384615385,0.651217018538013,0.3920298700355899,0.644,0.9929867951236108,1.0873211446740858,-0.644,0,1.65,0.644,1,1.65,0
0.646,1,3.552713678800501e-15,5.55264280659771e-16,0,0.004541209533020057,-0.41743593766195397,-0.1890839781497104,0.14907692307692308,1.2321881130591608,0.5404758072505585,-0.24225000000000002,0.5,-0.2820786687150273,-0.27685714285714286,-0.3160915034058771,0.8440182829888713,0.5963076923076923,0.6488879243729637,0.3932940870876083,0.646,0.9909219286243826,1.0873211446740858,-0.646,0,1.65,0.646,1,1.65,0
0.648,1,3.552713678800501e-15,3.990544013839884e-16,0,0.004597351174875773,-0.4191251569116843,-0.1908406791515895,0.14953846153846156,1.2324114692401291,0.5389090810495843,-0.243,0.5,-0.28417614425900556,-0.2777142857142857,-0.31655090046066403,0.8440182829888713,0.5981538461538463,0.6465552445644585,0.3945473989038179,0.648,0.9888573106373476,1.0873211446740858,-0.648,0,1.65,0.648,1,1.65,0
0.65,1,1.7763568394002505e-15,2.2792860611218146e-16,0,0.004653067197054058,-0.4208110675618224,-0.19260704613546015,0.15000000000000002,1.2326387427653762,0.5373532016484771,-0.24375000000000002,0.5,-0.286278798449743,-0.2785714285714286,-0.3170155431038561,0.8440182829888713,0.6000000000000001,0.6442190521012361,0.3957897701064963,0.65,0.9867929352197252,1.0873211446740858,-0.65,0,1.65,0.65,1,1.65,0
0.652,1,3.552713678800501e-15,3.455719386635157e-16,0,0.004708356473897598,-0.4224936709814218,-0.19438304951385302,0.15046153846153848,1.232869931539395,0.5358081226567383,-0.2445,0.5,-0.2883865811770626,-0.2794285714285714,-0.31748543044686833,0.8440182829888713,0.6018461538461539,0.6418794187223372,0.3970211682635661,0.652,0.9847287956410162,1.0873211446740858,-0.652,0,1.65,0.652,1,1.65,0
0.654,1,1.7763568394002505e-15,2.5836167470464394e-16,0,0.004763217946172542,-0.42417296920472874,-0.19616865918571275,0.15092307692307694,1.23310503273379,0.5342737966504515,-0.24525000000000002,0.5,-0.29049944271265793,-0.2802857142857143,-0.31796056147320806,0.8440182829888713,0.6036923076923078,0.639536414903707,0.39824156386000964,0.654,0.9826648844061381,1.0873211446740858,-0.654,0,1.65,0.654,1,1.65,0
0.656,1,1.7763568394002505e-15,2.2670981563160225e-16,0,0.004817650619631101,-0.4258489649106111,-0.19796384455470223,0.1513846153846154,1.2333440428029676,0.532750175223022,-0.246,0.5,-0.2926173337132028,-0.28114285714285714,-0.3184409350462432,0.8440182829888713,0.6055384615384616,0.6371901098461111,0.39945093026764117,0.656,0.9806011932785442,1.0873211446740858,-0.656,0,1.65,0.656,1,1.65,0
0.658,1,3.552713678800501e-15,2.5804493590090153e-16,0,0.004820123753815769,-0.42752166140216435,-0.19976857454728345,0.15184615384615385,1.2335869574998382,0.5312372090352052,-0.24675000000000002,0.5,-0.29474020522308086,-0.282,-0.31892654991685593,0.8440182829888713,0.6073846153846154,0.6348405714642794,0.400649243713286,0.658,0.9785377133033172,1.0873211446740858,-0.658,0,1.65,0.658,1,1.65,0
0.66,1,3.552713678800501e-15,1.31156063862902e-16,0,0.004755189614066015,-0.4291910625865539,-0.20158281763050867,0.1523076923076923,1.2338337718915091,0.5297348478643894,-0.2475,0.5,-0.2968680086766996,-0.28285714285714286,-0.3194174047309645,0.8440182829888713,0.6092307692307692,0.6324878663772753,0.4018364832455215,0.66,0.9764744348301629,1.0873211446740858,-0.66,0,1.65,0.66,1,1.65,0
0.662,1,3.552713678800501e-15,2.61691853680251e-16,0,0.0046886010681148685,-0.4308571729550707,-0.20340654182957812,0.1527692307692308,1.2340844803749709,0.5282430406530652,-0.24825000000000003,0.5,-0.29900069590046674,-0.2837142857142857,-0.3199134980369155,0.8440182829888713,0.6110769230769232,0.630132059900078,0.40301263069997556,0.662,0.9744113475363534,1.0873211446740858,-0.662,0,1.65,0.662,1,1.65,0
0.664,1,6.217248937900877e-15,2.31438351272693e-16,0,0.00462036214741785,-0.43251999756344084,-0.2052397147450951,0.15323076923076925,1.2343390766927225,0.5267617355565527,-0.249,0.5,-0.30113821911437805,-0.2845714285714286,-0.32041482829275786,0.8440182829888713,0.612923076923077,0.6277732160362861,0.40417767066331206,0.664,0.9723484404495246,1.0873211446740858,-0.664,0,1.65,0.664,1,1.65,0
0.666,1,8.881784197001252e-16,4.440892098500626e-16,0,0.0045504770617346285,-0.43417954201239295,-0.20708230357005497,0.1536923076923077,1.2345975539483582,0.5252908799898423,-0.24975000000000003,0.5,-0.30328053093327884,-0.2854285714285714,-0.32092139387337565,0.8440182829888713,0.6147692307692308,0.6254113974719832,0.40533159043596906,0.666,0.9702857019703673,1.0873211446740858,-0.666,0,1.65,0.666,1,1.65,0
0.668,1,3.552713678800501e-15,9.004051612098133e-16,0,0.004478950193619513,-0.43583581242849406,-0.20893427510651605,0.15415384615384617,1.2348599046220714,0.5238304206736433,-0.2505,0.5,-0.30542758436776923,-0.2862857142857143,-0.32143319307749074,0.8440182829888713,0.6166153846153847,0.6230466655706963,0.4064743799937248,0.668,0.9682231198951592,1.0873211446740858,-0.668,0,1.65,0.668,1,1.65,0
0.67,1,3.552713678800501e-15,1.0284093863987107e-15,0,0.0044057860929645025,-0.43748881544527607,-0.21079559578197946,0.15461538461538463,1.2351261205860522,0.5223803036795821,-0.25125000000000003,0.5,-0.30757933282479616,-0.28714285714285714,-0.3219502241345505,0.8440182829888713,0.6184615384615385,0.620679080369358,0.40760603194816414,0.67,0.9661606814381192,1.0873211446740858,-0.67,0,1.65,0.67,1,1.65,0
0.672,1,3.552713678800501e-15,2.234741085541962e-16,0,0.004330989471604324,-0.4391385581846453,-0.21266623166544624,0.15507692307692308,1.235396193119803,0.5209404744745119,-0.252,0.5,-0.30973573010791894,-0.288,-0.32247248521146193,0.8440182829888713,0.6203076923076923,0.6183087005753759,0.4087265415061346,0.672,0.964098373253591,1.0873211446740858,-0.672,0,1.65,0.672,1,1.65,0
0.674,1,5.329070518200751e-15,2.5797464451354175e-16,0,0.004254565197981625,-0.4407850482386179,-0.21454614848316494,0.15553846153846157,1.2356701129253136,0.5195108779639247,-0.25275000000000003,0.5,-0.3118967304172911,-0.28885714285714287,-0.3229999744192075,0.8440182829888713,0.6221538461538463,0.6159355835646337,0.40983590642825185,0.674,0.9620361814580184,1.0873211446740858,-0.674,0,1.65,0.674,1,1.65,0
0.676,1,1.7763568394002505e-15,4.638554238414061e-16,0,0.004176518291874822,-0.44242829365134473,-0.21643531163404509,0.15600000000000003,1.2359478701421067,0.5180914585345404,-0.2535,0.5,-0.31406228834933136,-0.2897142857142857,-0.3235326898193301,0.8440182829888713,0.6240000000000001,0.6135597853804546,0.4109341269865334,0.676,0.9599740916516961,1.0873211446740858,-0.676,0,1.65,0.676,1,1.65,0
0.678,1,2.6645352591003757e-15,1.2824037518326286e-16,0,0.004096853919197293,-0.4440683029014849,-0.21833368620474744,0.15646153846153849,1.2362294543621435,0.5166821600958846,-0.25425000000000003,0.5,-0.31623235889613444,-0.2905714285714286,-0.32407062943026893,0.8440182829888713,0.6258461538461539,0.6111813607335287,0.4120212059212435,0.678,0.9579120889403029,1.0873211446740858,-0.678,0,1.65,0.678,1,1.65,0
0.68,1,1.7763568394002505e-15,2.563262485177093e-16,0,0.004015577386859056,-0.4457050848848857,-0.22024123698441933,0.15692307692307694,1.2365148546445393,0.5152829261211188,-0.255,0.5,-0.31840689744458245,-0.2914285714285714,-0.3246137912335989,0.8440182829888713,0.6276923076923078,0.6088003630026296,0.41309714839699985,0.68,0.9558501579561757,1.0873211446740858,-0.68,0,1.65,0.68,1,1.65,0
0.682,1,1.7763568394002505e-15,2.5617211536890986e-16,0,0.003932694137706962,-0.44733864889762787,-0.22215792847910817,0.1573846153846154,1.2368040595301437,0.5138936996867924,-0.25575000000000003,0.5,-0.3205858597752332,-0.2922857142857143,-0.3251621731801036,0.8440182829888713,0.6295384615384616,0.6064168442362777,0.414161961958234,0.682,0.9537882828793347,1.0873211446740858,-0.682,0,1.65,0.682,1,1.65,0
0.684,1,4.440892098500626e-15,2.929972495766525e-16,0,0.0038482097455331088,-0.44896900461938977,-0.22408372492584008,0.15784615384615386,1.2370970570559177,0.512514423511775,-0.2565,0.5,-0.32276920206095233,-0.29314285714285715,-0.32571577319573913,0.8440182829888713,0.6313846153846154,0.6040308551551573,0.41521565648404757,0.684,0.9517264474582469,1.0873211446740858,-0.684,0,1.65,0.684,1,1.65,0
0.686,1,2.6645352591003757e-15,2.558649740410078e-16,0,0.0037621299101607865,-0.45059616209717834,-0.2260185903063101,0.15830769230769232,1.2373938347691054,0.5111450399952722,-0.25725000000000003,0.5,-0.32495688086528307,-0.294,-0.3262745891874688,0.8440182829888713,0.6332307692307693,0.6016424451552995,0.4162582441425688,0.686,0.9496646350302874,1.0873211446740858,-0.686,0,1.65,0.686,1,1.65,0
0.6880000000000001,1,8.881784197001252e-16,2.220446049250313e-16,0,0.003674460452605295,-0.45222013172940234,-0.22796248836028846,0.1587692307692308,1.2376943797412419,0.5097854912538746,-0.258,0.5,-0.3271488531406402,-0.2948571428571429,-0.32683861904896633,0.8440182829888713,0.6350769230769232,0.5992516623120578,0.4172897393448133,0.6880000000000001,0.9476028285419507,1.0873211446740858,-0.6880000000000001,0,1.65,0.6880000000000001,1,1.65,0
0.6900000000000001,1,1.7763568394002505e-15,3.5628688767182015e-16,0,0.003585207310316179,-0.45384092425031775,-0.2299153825986076,0.15923076923076926,1.2379986785818997,0.5084357191577181,-0.25875000000000004,0.5,-0.3293450762262387,-0.2957142857142857,-0.3274078606661909,0.8440182829888713,0.636923076923077,0.596858553384717,0.4183101586982003,0.6900000000000001,0.9455410105687246,1.0873211446740858,-0.6900000000000001,0,1.65,0.6900000000000001,1,1.65,0
0.6920000000000001,1,6.217248937900877e-15,5.515141325891219e-16,0,0.0029512475739806817,-0.4554585507148185,-0.23187723631585827,0.15969230769230772,1.2383067174522635,0.507095665365723,-0.2595,0.5,-0.33154550784585674,-0.2965714285714286,-0.32798231192284366,0.8440182829888713,0.6387692307692309,0.594463163821831,0.4193195209596905,0.6920000000000001,0.9434791633346967,1.0873211446740858,-0.6920000000000001,0,1.65,0.6920000000000001,1,1.65,0
0.6940000000000001,1,4.440892098500626e-15,4.934413076796294e-16,0,0.0022939576841799784,-0.45707302248360665,-0.2338480126026823,0.16015384615384617,1.2386184820784343,0.5057652713599458,-0.26025000000000004,0.5,-0.33375010610537115,-0.29742857142857143,-0.32856197070570786,0.8440182829888713,0.6406153846153847,0.5920655377671267,0.4203178469886772,0.6940000000000001,0.9414172687318171,1.0873211446740858,-0.6940000000000001,0,1.65,0.6940000000000001,1,1.65,0
0.6960000000000001,1,1.7763568394002505e-15,5.823941400667204e-16,0,0.0016383214289124642,-0.45868435120871787,-0.2358276743577747,0.16061538461538463,1.2389339577645497,0.5044444784789212,-0.261,0.5,-0.3359588294901546,-0.2982857142857143,-0.32914683490984126,0.8440182829888713,0.6424615384615385,0.589665718066094,0.42130515969964877,0.6960000000000001,0.9393553083388831,1.0873211446740858,-0.6960000000000001,0,1.65,0.6960000000000001,1,1.65,0
0.6980000000000001,1,4.440892098500626e-15,2.307121512381754e-16,0,0.0009843410422583666,-0.46029254881940845,-0.23781618429947635,0.1610769230769231,1.2392531294056202,0.5031332279502706,-0.26175000000000004,0.5,-0.3381716368622394,-0.29914285714285715,-0.3297369024436896,0.8440182829888713,0.6443076923076924,0.5872637462730413,0.42228148401469034,0.6980000000000001,0.9372932634401689,1.0873211446740858,-0.6980000000000001,0,1.65,0.6980000000000001,1,1.65,0
0.7000000000000001,1,8.881784197001252e-16,1.2498153848267373e-16,0,0.0003320184134822232,-0.4618976275084396,-0.23981350497704593,0.16153846153846158,1.2395759815001377,0.5018314609222235,-0.2625,0.5,-0.34038848745736167,-0.3,-0.33033217123404457,0.8440182829888713,0.6461538461538463,0.5848596626587325,0.42324684681590397,0.7000000000000001,0.935231115043745,1.0873211446740858,-0.7000000000000001,0,1.65,0.7000000000000001,1,1.65,0
0.7020000000000001,1,3.552713678800501e-15,3.7402510627753847e-16,0,0.0003186449047759227,-0.4634995997186912,-0.24181959878159143,0.16200000000000003,1.2399024981624553,0.5005391184943866,-0.26325000000000004,0.5,-0.34260934088183115,-0.3008571428571429,-0.33093263923091015,0.8440182829888713,0.6480000000000001,0.582453506218533,0.4242012768977363,0.7020000000000001,0.9331688438994725,1.0873211446740858,-0.7020000000000001,0,1.65,0.7020000000000001,1,1.65,0
0.704,1,1.7763568394002505e-15,2.545022735594934e-16,0,0.0009676476883609802,-0.46509847813017313,-0.24383442795662652,0.16246153846153846,1.2402326631348692,0.49925614174758076,-0.264,0.5,-0.34483415710924525,-0.30171428571428566,-0.33153830441225457,0.8440182829888713,0.6498461538461539,0.5800453146809483,0.4251448049193357,0.704,0.9311064305166546,1.0873211446740858,-0.704,0,1.65,0.704,1,1.65,0
0.706,1,1.7763568394002505e-15,3.3297175112746515e-16,0,0.0016149890334996714,-0.4666942756473859,-0.2458579546083231,0.16292307692307692,1.240566459799497,0.49798247177277816,-0.26475,0.5,-0.34706289647708816,-0.30257142857142855,-0.3321491647886323,0.8440182829888713,0.6516923076923077,0.57763512451669,0.4260774633569395,0.706,0.929043855181367,1.0873211446740858,-0.706,0,1.65,0.706,1,1.65,0
0.708,1,6.217248937900877e-15,2.305054639143665e-16,0,0.002260668348763735,-0.46828700538705753,-0.24789014071538368,0.16338461538461538,1.2409038711898461,0.49671804969921857,-0.26549999999999996,0.5,-0.34929551968317196,-0.3034285714285714,-0.332765218407722,0.8440182829888713,0.6535384615384615,0.5752229709480416,0.42699928645635665,0.708,0.9269810979734454,1.0873211446740858,-0.708,0,1.65,0.708,1,1.65,0
0.71,1,2.6645352591003757e-15,3.5520969771776866e-16,0,0.002606953589469055,-0.46987668066624394,-0.249930948138587,0.16384615384615384,1.2412448800021445,0.4954628167216737,-0.26625,0.5,-0.3515319877819627,-0.30428571428571427,-0.3333864633587497,0.8440182829888713,0.6553846153846153,0.5728088879586367,0.4279103101855955,0.71,0.9249181387831307,1.0873211446740858,-0.71,0,1.65,0.71,1,1.65,0
0.712,1,3.552713678800501e-15,2.8883451464853557e-16,0,0.0025007005647560013,-0.4714633149907829,-0.25198033863002345,0.16430769230769232,1.2415894686064175,0.49421671412679435,-0.267,0.5,-0.3537722621808138,-0.3051428571428571,-0.33401289777678733,0.8440182829888713,0.6572307692307693,0.5703929083036128,0.428810572187655,0.712,0.9228549573274022,1.0873211446740858,-0.712,0,1.65,0.712,1,1.65,0
0.714,1,2.6645352591003757e-15,4.3025046458809e-16,0,0.0023929425647208186,-0.4730469220441163,-0.2540382738419569,0.16476923076923078,1.241937619057264,0.49297968331874636,-0.26775,0.5,-0.35601630463605294,-0.306,-0.33464451984698623,0.8440182829888713,0.6590769230769231,0.5679750635199725,0.42970011173355593,0.714,0.9207915331659492,1.0873211446740858,-0.714,0,1.65,0.714,1,1.65,0
0.716,1,5.329070518200751e-15,2.8825103756875437e-16,0,0.0022836866444409065,-0.474627515676463,-0.2561047153353935,0.16523076923076924,1.2422893131043953,0.49175166584393093,-0.26849999999999996,0.5,-0.3582640772490022,-0.30685714285714283,-0.3352813278086846,0.8440182829888713,0.660923076923077,0.5655553839373122,0.4305789696756124,0.716,0.9187278457168214,1.0873211446740858,-0.716,0,1.65,0.716,1,1.65,0
0.718,1,5.329070518200751e-15,2.4446728853147207e-16,0,0.0021729399174199187,-0.4762051098943537,-0.2581796245882955,0.1656923076923077,1.2426445322028814,0.4905326034149322,-0.26925,0.5,-0.3605155424618802,-0.30771428571428566,-0.3359233199594209,0.8440182829888713,0.6627692307692308,0.5631338986887453,0.43144718840102997,0.718,0.9166638742717467,1.0873211446740858,-0.718,0,1.65,0.718,1,1.65,0
0.72,1,2.6645352591003757e-15,2.302618784789153e-16,0,0.002060709552065343,-0.47777971885050236,-0.2602629630035,0.16615384615384615,1.2430032575231427,0.4893224379337241,-0.27,0.5,-0.36277066305363265,-0.30857142857142855,-0.3365704946588745,0.8440182829888713,0.6646153846153846,0.5607106357220505,0.4323048117857958,0.72,0.9145995980111115,1.0873211446740858,-0.72,0,1.65,0.72,1,1.65,0
0.722,1,2.6645352591003757e-15,5.382114473986118e-16,0,0.0019470027682558322,-0.47935135683403246,-0.2623546919163224,0.1666153846153846,1.2433654699606773,0.4881211115139781,-0.27075,0.5,-0.3650294021356877,-0.3094285714285714,-0.33722285033267296,0.8440182829888713,0.6664615384615384,0.5582856218110749,0.4331518851489725,0.722,0.9125349960186289,1.0873211446740858,-0.722,0,1.65,0.722,1,1.65,0
0.724,1,3.552713678800501e-15,2.3018178638356214e-16,0,0.0018318268339835712,-0.4809200382610497,-0.2644547726018026,0.16707692307692307,1.2437311501454786,0.4869285665027536,-0.27149999999999996,0.5,-0.36729172314759934,-0.3102857142857143,-0.33788038547615673,0.8440182829888713,0.6683076923076923,0.5558588825671821,0.4339884552073885,0.724,0.910470047295652,1.0873211446740858,-0.724,0,1.65,0.724,1,1.65,0
0.726,1,1.7763568394002505e-15,2.301419502553197e-16,0,0.001715189062078877,-0.48248577766553447,-0.26656316628171667,0.16753846153846155,1.2441002784512345,0.4857447455013439,-0.27225,0.5,-0.36955758985268067,-0.3111428571428571,-0.3385430986580273,0.8440182829888713,0.6701538461538462,0.5534304424509482,0.43481457003071905,0.726,0.9084047307752017,1.0873211446740858,-0.726,0,1.65,0.726,1,1.65,0
0.728,1,3.552713678800501e-15,2.5273854303111737e-16,0,0.0015970968070166444,-0.48404858969058207,-0.2686798341312298,0.168,1.244472835004233,0.48456959138541883,-0.273,0.5,-0.3718269663335248,-0.312,-0.33921098852391596,0.8440182829888713,0.672,0.5510003247839537,0.435630278997073,0.728,0.9063390253356519,1.0873211446740858,-0.728,0,1.65,0.728,1,1.65,0
0.73,1,1.7763568394002505e-15,0,0,0.0014775574618002068,-0.48560848907997195,-0.2708047372852643,0.16846153846153847,1.2448487996919813,0.4834030473244469,-0.27375,0.5,-0.3740998169874871,-0.31285714285714283,-0.33988405379987874,0.8440182829888713,0.6738461538461539,0.5485685517606051,0.4364356327490463,0.73,0.9042729098141069,1.0873211446740858,-0.73,0,1.65,0.73,1,1.65,0
0.732,1,2.6645352591003757e-15,2.8594749265785994e-16,0,0.0013565784549234995,-0.4871654906700426,-0.27293783684460116,0.16892307692307693,1.2452281521716053,0.4822450568004278,-0.27449999999999997,0.5,-0.37637610652212705,-0.31371428571428567,-0.34056229329580084,0.8440182829888713,0.6756923076923077,0.5461351444601218,0.437230683150271,0.732,0.9022063630194794,1.0873211446740858,-0.732,0,1.65,0.732,1,1.65,0
0.734,1,3.552713678800501e-15,4.79077039798701e-16,0,0.0012341672474095579,-0.48871960938190123,-0.2750790938816545,0.16938461538461538,1.2456108718779302,0.4810955636259364,-0.27525,0.5,-0.37865579995057413,-0.31457142857142856,-0.3412457059087417,0.8440182829888713,0.6775384615384615,0.5437001228584699,0.4380154832425189,0.734,0.9001393637452502,1.0873211446740858,-0.734,0,1.65,0.734,1,1.65,0
0.736,1,5.329070518200751e-15,4.780525336106887e-16,0,0.0011103313299282408,-0.4902708602139405,-0.2772284694459866,0.16984615384615384,1.2459969380313316,0.47995451196148825,-0.276,0.5,-0.3809388625868714,-0.3154285714285714,-0.34193429062618697,0.8440182829888713,0.6793846153846154,0.5412635058403847,0.43879008720336177,0.736,0.8980718907819355,1.0873211446740858,-0.736,0,1.65,0.736,1,1.65,0
0.738,1,1.7763568394002505e-15,4.2096194740890065e-16,0,0.000985078219987052,-0.4918192582346598,-0.27938592456954886,0.17030769230769233,1.2463863296453188,0.47882184633223474,-0.27675,0.5,-0.38322526004128177,-0.3162857142857143,-0.3426280465292353,0.8440182829888713,0.6812307692307693,0.5388253112113919,0.4395545503043951,0.738,0.8960039229292674,1.0873211446740858,-0.738,0,1.65,0.738,1,1.65,0
0.74,1,4.440892098500626e-15,4.597341427302981e-16,0,0.0008584154591950437,-0.4933648185757777,-0.28155142027164726,0.17076923076923078,1.2467790255338602,0.47769751164408475,-0.27749999999999997,0.5,-0.38551495821554865,-0.3171428571428571,-0.34332697279572444,0.8440182829888713,0.6830769230769231,0.536385555709795,0.4403089288700587,0.74,0.8939354390080875,1.0873211446740858,-0.74,0,1.65,0.74,1,1.65,0
0.742,1,1.7763568394002505e-15,2.8453346644603053e-16,0,0.0007303506106030972,-0.4949075564256622,-0.2837249175636172,0.17123076923076924,1.2471750043184224,0.47658145319914696,-0.27825,0.5,-0.38780792329812297,-0.318,-0.3440310687032837,0.8440182829888713,0.684923076923077,0.5339442550185897,0.44105328023709617,0.742,0.8918664178719343,1.0873211446740858,-0.742,0,1.65,0.742,1,1.65,0
0.744,1,3.552713678800501e-15,2.957853255076276e-16,0,0.0006008912561142927,-0.49644748702303154,-0.28590637745328407,0.1716923076923077,1.2475742444348092,0.4754736167105714,-0.279,0.5,-0.3901041217593889,-0.31885714285714284,-0.34474033363231765,0.8440182829888713,0.6867692307692308,0.5315014237774165,0.4417876627146123,0.744,0.8897968384184005,1.0873211446740858,-0.744,0,1.65,0.744,1,1.65,0
0.746,1,1.7763568394002505e-15,3.7104543819080566e-16,0,0.00047004499396592294,-0.49798462565094176,-0.2880957609491155,0.17215384615384616,1.24797672413969,0.4743739483168501,-0.27975,0.5,-0.39240352034682363,-0.3197142857142857,-0.34545476706893685,0.8440182829888713,0.6886153846153846,0.5290570755943416,0.44251213554480784,0.746,0.8877266796001793,1.0873211446740858,-0.746,0,1.65,0.746,1,1.65,0
0.748,1,1.7763568394002505e-15,2.0857837532093739e-16,0,0.0003378194362797343,-0.49951898763105385,-0.29029302906416776,0.17261538461538461,1.248382421516923,0.4732823945955026,-0.28049999999999997,0.5,-0.3947060860801815,-0.32057142857142856,-0.34617436860782946,0.8440182829888713,0.6904615384615385,0.5266112230576001,0.44322675886434676,0.748,0.8856559204358792,1.0873211446740858,-0.748,0,1.65,0.748,1,1.65,0
0.75,1,1.7763568394002505e-15,4.847878072246364e-16,0,0.00020422220668357924,-0.5010505883181705,-0.2924981428197544,0.17307692307692307,1.2487913144836043,0.4721989025762205,-0.28125,0.5,-0.39701178624662775,-0.3214285714285714,-0.34689913795506677,0.8440182829888713,0.6923076923076923,0.5241638777472155,0.4439315936664221,0.75,0.8835845400205685,1.0873211446740858,-0.75,0,1.65,0.75,1,1.65,0
0.752,1,1.7763568394002505e-15,6.262925665069737e-16,0,0.00006926093799913764,-0.5025794430950449,-0.29471106324888424,0.17353846153846156,1.2492033807958807,0.47112341975348104,-0.28200000000000003,0.5,-0.3993205883958715,-0.3222857142857143,-0.3476290749308639,0.8440182829888713,0.6941538461538462,0.5217150502464868,0.44462670176349567,0.752,0.881512517536078,1.0873211446740858,-0.752,0,1.65,0.752,1,1.65,0
0.754,1,6.217248937900877e-15,5.018042602426777e-16,0,0.0000670567300049168,-0.5041055673674307,-0.296931751399477,0.17400000000000002,1.2496185980545351,0.4700558940986312,-0.28275,0.5,-0.4016324603352878,-0.3231428571428571,-0.34836417947228177,0.8440182829888713,0.6960000000000001,0.5192647501533648,0.4453121457507283,0.754,0.8794398322610687,1.0873211446740858,-0.754,0,1.65,0.754,1,1.65,0
0.756,1,8.881784197001252e-16,2.2956159841722365e-16,0,0.00020472315279499128,-0.5056289765594002,-0.29916016833731973,0.17446153846153847,1.2500369437102987,0.4689962740714985,-0.2835,0.5,-0.4039473701250183,-0.324,-0.3491044516358943,0.8440182829888713,0.6978461538461539,0.5168129860915877,0.44598798897012487,0.756,0.877366463580855,1.0873211446740858,-0.756,0,1.65,0.756,1,1.65,0
0.758,1,3.552713678800501e-15,4.478757869862389e-16,0,0.00034373068318732436,-0.5071496861089055,-0.3013962751488291,0.17492307692307693,1.2504583950689763,0.4679445086314514,-0.28425,0.5,-0.40626528607308005,-0.32485714285714284,-0.3498498916003815,0.8440182829888713,0.6996923076923077,0.5143597657217887,0.4466542954753864,0.758,0.8752923909970203,1.0873211446740858,-0.758,0,1.65,0.758,1,1.65,0
0.76,1,3.552713678800501e-15,4.058312180272107e-16,0,0.0004840716734036998,-0.5086677114635788,-0.30364003294356995,0.1753846153846154,1.2508829292962973,0.4669005472480345,-0.28500000000000003,0.5,-0.4085861767304577,-0.3257142857142857,-0.35060049966909995,0.8440182829888713,0.7015384615384616,0.5119050957522729,0.44731112999749545,0.76,0.873217594136798,1.0873211446740858,-0.76,0,1.65,0.76,1,1.65,0
0.762,1,1.7763568394002505e-15,2.294494708118297e-16,0,0.0006257384770657791,-0.5101830680767633,-0.3058914028565708,0.17584615384615385,1.2513105234225588,0.4658643399111494,-0.28575,0.5,-0.41091001088619605,-0.32657142857142857,-0.35135627627260857,0.8440182829888713,0.7033846153846154,0.5094489819496777,0.4479585579110064,0.762,0.8711420527622589,1.0873211446740858,-0.762,0,1.65,0.762,1,1.65,0
0.764,1,1.7763568394002505e-15,1.1534710569656997e-16,0,0.0007687234511267772,-0.5116957714037759,-0.3081503460504196,0.17630769230769233,1.2517411543470447,0.46483583714077603,-0.2865,0.5,-0.4132367575624847,-0.3274285714285714,-0.3521172219711415,0.8440182829888713,0.7052307692307693,0.5069914291494114,0.4485966452010917,0.764,0.8690657467792874,1.0873211446740858,-0.764,0,1.65,0.764,1,1.65,0
0.766,1,3.552713678800501e-15,3.3799831363926047e-16,0,0.0009130189577454904,-0.5132058368983938,-0.3104168237171658,0.1767692307692308,1.2521747988422194,0.4638149899962586,-0.28725,0.5,-0.41556638600975293,-0.3282857142857143,-0.35288333745704903,0.8440182829888713,0.7070769230769232,0.5045324412658704,0.4492254584313167,0.766,0.8669886562463693,1.0873211446740858,-0.766,0,1.65,0.766,1,1.65,0
0.768,1,4.440892098500626e-15,4.589471869245074e-16,0,0.0010586173661052182,-0.5147132800095492,-0.3126907970799984,0.17723076923076925,1.2526114335576843,0.46280175008525076,-0.28800000000000003,0.5,-0.41789886570174584,-0.3291428571428571,-0.35365462355721755,0.8440182829888713,0.708923076923077,0.5020720213023607,0.4498450647121479,0.768,0.8649107613831921,1.0873211446740858,-0.768,0,1.65,0.768,1,1.65,0
0.77,1,6.217248937900877e-15,4.996250260325477e-16,0,0.0012055110541708597,-0.5162181161782475,-0.3149722273947511,0.1776923076923077,1.2530510350239545,0.4617960695721675,-0.28875,0.5,-0.42023416633062355,-0.33,-0.35443108123542666,0.8440182829888713,0.7107692307692308,0.49961017136087904,0.45045553167022606,0.77,0.8628320425790711,1.0873211446740858,-0.77,0,1.65,0.77,1,1.65,0
0.772,1,3.552713678800501e-15,2.292655610290101e-16,0,0.0013536924103962128,-0.5177203608346698,-0.3172610759512062,0.17815384615384616,1.2534935796559983,0.4607979011863414,-0.2895,0.5,-0.42257225780205177,-0.33085714285714285,-0.355212711594698,0.8440182829888713,0.7126153846153847,0.4971468926515576,0.45105692741836023,0.772,0.8607524804012066,1.0873211446740858,-0.772,0,1.65,0.772,1,1.65,0
0.774,1,1.7763568394002505e-15,5.694059760096e-17,0,0.0015031538353740361,-0.5192200293954891,-0.31955730407420363,0.17861538461538462,1.2539390437565716,0.4598071982297777,-0.29025,0.5,-0.4249131102302927,-0.3317142857142857,-0.35599951587960454,0.8440182829888713,0.7144615384615385,0.4946821855018682,0.4516493205262945,0.774,0.8586720556027813,1.0873211446740858,-0.774,0,1.65,0.774,1,1.65,0
0.776,1,1.7763568394002505e-15,4.477062316799335e-16,0,0.0016538877434336475,-0.5207171372613771,-0.32186087312456774,0.1790769230769231,1.2543874035193496,0.4588239145845706,-0.29100000000000004,0.5,-0.4272566939333021,-0.3325714285714286,-0.3567914954785527,0.8440182829888713,0.7163076923076924,0.49221604936554175,0.45223277999221334,0.776,0.8565907491309029,1.0873211446740858,-0.776,0,1.65,0.776,1,1.65,0
0.778,1,1.7763568394002505e-15,4.3722046191190543e-16,0,0.0018058865641889185,-0.5222116998146875,-0.3241717444998722,0.17953846153846156,1.2548386350318605,0.4578480047199784,-0.29175,0.5,-0.42960297942784403,-0.3334285714285714,-0.35758865192604156,0.8440182829888713,0.7181538461538463,0.4897484828312175,0.45280737521499353,0.778,0.8545085421344104,1.0873211446740858,-0.778,0,1.65,0.778,1,1.65,0
0.78,1,8.881784197001252e-16,3.1683860751990635e-16,0,0.001959142744033391,-0.5237037324173333,-0.3264898796349858,0.18000000000000002,1.2552927142782018,0.45687942369921325,-0.2925,0.5,-0.43195193742457566,-0.3342857142857143,-0.35839098690490007,0.8440182829888713,0.7200000000000001,0.48727948363076334,0.45337317596721455,0.78,0.8524254159715297,1.0873211446740858,-0.78,0,1.65,0.78,1,1.65,0
0.782,1,1.7763568394002505e-15,4.751862643400209e-16,0,0.0021136487475880376,-0.5251932504088265,-0.3288152400024978,0.18046153846153848,1.2557496171415838,0.45591812718588415,-0.29325,0.5,-0.434303538823176,-0.33514285714285713,-0.3591985022484973,0.8440182829888713,0.7218461538461539,0.4848090486473252,0.45393025236891593,0.782,0.8503413522174256,1.0873211446740858,-0.782,0,1.65,0.782,1,1.65,0
0.784,1,2.6645352591003757e-15,2.5077082459391687e-16,0,0.0022693970590999145,-0.5266802691044955,-0.3311477871129387,0.18092307692307694,1.256209319406667,0.4549640714501764,-0.29400000000000004,0.5,-0.43665775470745555,-0.336,-0.3600111999429358,0.8440182829888713,0.7236923076923077,0.4823371739230531,0.4544786748620933,0.784,0.8482563326716177,1.0873211446740858,-0.784,0,1.65,0.784,1,1.65,0
0.786,1,3.552713678800501e-15,3.156012520724669e-16,0,0.002426380183794921,-0.5281648037938664,-0.33348748251484517,0.1813846153846154,1.2566717967617025,0.45401721337475476,-0.29475,0.5,-0.43901455634047654,-0.33685714285714285,-0.3608290821292334,0.8440182829888713,0.7255384615384616,0.47986385466647247,0.45501851418595585,0.786,0.8461703393652935,1.0873211446740858,-0.786,0,1.65,0.786,1,1.65,0
0.788,1,1.7763568394002505e-15,3.1519133716259394e-16,0,0.002584590649183667,-0.5296468697391961,-0.3358342877946695,0.18184615384615385,1.2571370248004998,0.45307751046039946,-0.2955,0.5,-0.44137391515967517,-0.3377142857142857,-0.3616521511054782,0.8440182829888713,0.7273846153846154,0.4773890852595892,0.4555498413529178,0.788,0.8440833545685213,1.0873211446740858,-0.788,0,1.65,0.788,1,1.65,0
0.79,1,6.217248937900877e-15,4.475787613411199e-16,0,0.002744021006323083,-0.5311264821741682,-0.33818816457653067,0.18230769230769234,1.2576049790242136,0.4521449208313729,-0.29625,0.5,-0.44373580277200214,-0.3385714285714286,-0.3624804093289737,0.8440182829888713,0.7292307692307693,0.47491285926462196,0.4560727276253283,0.79,0.8419953607973684,1.0873211446740858,-0.79,0,1.65,0.79,1,1.65,0
0.792,1,1.7763568394002505e-15,4.475608666227591e-16,0,0.0029046638310366545,-0.5326036563027319,-0.34054907452178285,0.1827692307692308,1.258075634842909,0.4512194032406319,-0.29700000000000004,0.5,-0.4461001909490315,-0.3394285714285714,-0.36331385941838956,0.8440182829888713,0.7310769230769232,0.4724351694303382,0.45658724449295385,0.792,0.8399063408209343,1.0873211446740858,-0.792,0,1.65,0.792,1,1.65,0
0.794,1,1.7763568394002505e-15,4.577482387309245e-16,0,0.003066511725087192,-0.5340784072980856,-0.34291697932848314,0.18323076923076925,1.2585489675770123,0.45030091707468495,-0.29775,0.5,-0.44846705162212047,-0.3402857142857143,-0.36415250415586414,0.8440182829888713,0.732923076923077,0.4699560076981786,0.4570934636511828,0.794,0.8378162776683133,1.0873211446740858,-0.794,0,1.65,0.794,1,1.65,0
0.796,1,1.7763568394002505e-15,2.2140207783854637e-16,0,0.0032295573173158547,-0.5355507503017908,-0.34529184073066427,0.1836923076923077,1.2590249524585257,0.449389422358403,-0.2985,0.5,-0.45083635687753226,-0.34114285714285714,-0.3649963464891465,0.8440182829888713,0.7347692307692308,0.46747536520785,0.4575914569799585,0.796,0.8357251546354917,1.0873211446740858,-0.796,0,1.65,0.796,1,1.65,0
0.798,1,1.7763568394002505e-15,3.1316099624016223e-16,0,0.0033937932647323246,-0.5370207004230413,-0.3476736204974755,0.18415384615384617,1.2595035646321024,0.4484848797594761,-0.29925,0.5,-0.4532080789515776,-0.342,-0.3658453895336886,0.8440182829888713,0.7366153846153847,0.4649932323027024,0.45808129652346374,0.798,0.8336329552921738,1.0873211446740858,-0.798,0,1.65,0.798,1,1.65,0
0.8,1,1.7763568394002505e-15,2.2877051387875864e-16,0,0.003559212253574126,-0.538488272738035,-0.35006228043218585,0.18461538461538463,1.2599847791559355,0.44758725059282223,-0.30000000000000004,0.5,-0.45558219022575375,-0.34285714285714286,-0.36669963657477206,0.8440182829888713,0.7384615384615385,0.4625095985346222,0.4585630544704945,0.8,0.8315396634885739,1.0873211446740858,-0.8,0,1.65,0.8,1,1.65,0
0.802,1,5.329070518200751e-15,4.474725746158013e-16,0,0.00372580700032068,-0.5399534822894847,-0.35245778237104053,0.1850769230769231,1.2604685710024905,0.44669649682473406,-0.30075,0.5,-0.45795866322188417,-0.3437142857142857,-0.36755909106959495,0.8440182829888713,0.7403076923076924,0.46002445266864456,0.45903680313558554,0.802,0.829445263362162,1.0873211446740858,-0.802,0,1.65,0.802,1,1.65,0
0.804,1,2.6645352591003757e-15,4.952064398515536e-16,0,0.0038935702526756337,-0.5414163440862475,-0.3548600881819714,0.18553846153846157,1.2609549150590482,0.44581258107691457,-0.3015,0.5,-0.46033747059725183,-0.3445714285714286,-0.36842375664939336,0.8440182829888713,0.7421538461538463,0.4575377826870782,0.4595026149408299,0.804,0.8273497393443751,1.0873211446740858,-0.804,0,1.65,0.804,1,1.65,0
0.806,1,5.329070518200751e-15,3.2783102605843534e-16,0,0.004062494790509546,-0.5428768731030638,-0.35726915976318896,0.18600000000000003,1.2614437861281176,0.44493546663035144,-0.30225,0.5,-0.4627185851397426,-0.3454285714285714,-0.36929363712153557,0.8440182829888713,0.7440000000000001,0.455049575793355,0.45996056239841043,0.806,0.8252530761673091,1.0873211446740858,-0.806,0,1.65,0.806,1,1.65,0
0.808,1,1.7763568394002505e-15,2.220446049250313e-16,0,0.004232573426769261,-0.5443350842804124,-0.35968495904160974,0.18646153846153848,1.2619351589276449,0.4440651174290653,-0.30300000000000005,0.5,-0.4651019797629596,-0.3462857142857143,-0.37016873647164017,0.8440182829888713,0.7458461538461539,0.45255981841536824,0.46041071809385525,0.808,0.8231552588703909,1.0873211446740858,-0.808,0,1.65,0.808,1,1.65,0
0.81,1,1.7763568394002505e-15,2.220446049250313e-16,0,0.00440379900835351,-0.545790992524465,-0.3621074479711839,0.18692307692307694,1.2624290080910987,0.44320149808374465,-0.30375,0.5,-0.46748762750136197,-0.34714285714285714,-0.3710490588656895,0.8440182829888713,0.7476923076923078,0.4500684962085,0.46085315466995974,0.81,0.8210562728070516,1.0873211446740858,-0.81,0,1.65,0.81,1,1.65,0
0.812,1,2.6645352591003757e-15,6.207462037255879e-16,0,0.004576164416952307,-0.5472446127071546,-0.3645365885310635,0.1873846153846154,1.2629253081673706,0.44234457387522286,-0.3045,0.5,-0.46987550150537566,-0.34800000000000003,-0.37193460865214534,0.8440182829888713,0.7495384615384616,0.4475755940581861,0.46128794481144364,0.812,0.8189561036513946,1.0873211446740858,-0.812,0,1.65,0.812,1,1.65,0
0.8140000000000001,1,1.7763568394002505e-15,2.4698131316205026e-16,0,0.004749662569858459,-0.548695959666331,-0.36697234272364493,0.18784615384615386,1.2634240336205242,0.4414943107579594,-0.30525,0.5,-0.4722655750364929,-0.34885714285714287,-0.37282539036409235,0.8440182829888713,0.7513846153846154,0.44508109608207086,0.4617151612302668,0.8140000000000001,0.8168547374048813,1.0873211446740858,-0.8140000000000001,0,1.65,0.8140000000000001,1,1.65,0
0.8160000000000001,1,8.881784197001252e-16,2.468584609508139e-16,0,0.004924286420743934,-0.55014504820601,-0.36941467257251875,0.18830769230769234,1.2639251588294096,0.4406506753632923,-0.30600000000000005,0.5,-0.4746578214623958,-0.3497142857142857,-0.3737214087213627,0.8440182829888713,0.7532307692307694,0.44258498563180115,0.46213487665163877,0.8160000000000001,0.814752160403043,1.0873211446740858,-0.8160000000000001,0,1.65,0.8160000000000001,1,1.65,0
0.8180000000000001,1,8.881784197001252e-16,1.0758673553379338e-16,0,0.005100028960407781,-0.5515918930967276,-0.37186354012022327,0.1887692307692308,1.2644286580870834,0.439813635002755,-0.30675,0.5,-0.47705221425200944,-0.3505714285714286,-0.3746226686327037,0.8440182829888713,0.7550769230769232,0.4400872452942951,0.4625471638007238,0.8180000000000001,0.8126483593221987,1.0873211446740858,-0.8180000000000001,0,1.65,0.8180000000000001,1,1.65,0
0.8200000000000001,1,8.881784197001252e-16,1.0730703418775602e-16,0,0.005276883217494023,-0.5530365090759642,-0.37431890742593066,0.18923076923076926,1.2649345056001078,0.43898315767124946,-0.3075,0.5,-0.4794487269705892,-0.3514285714285714,-0.37552917519794,0.8440182829888713,0.756923076923077,0.4375878568926508,0.4629520953900006,0.8200000000000001,0.8105433211862377,1.0873211446740858,-0.8200000000000001,0,1.65,0.8200000000000001,1,1.65,0
0.8220000000000001,1,1.7763568394002505e-15,3.0842131045255713e-16,0,0.005454842259181162,-0.5544789108486603,-0.37678073656298766,0.18969230769230772,1.2654426754876884,0.438159212050174,-0.30825,0.5,-0.48184733327477897,-0.3522857142857143,-0.3764409337101614,0.8440182829888713,0.7587692307692309,0.43508680148659834,0.4633497441072954,0.8220000000000001,0.8084370333734403,1.0873211446740858,-0.8220000000000001,0,1.65,0.8220000000000001,1,1.65,0
0.8240000000000001,1,3.552713678800501e-15,2.2836957788846487e-16,0,0.005633899191841237,-0.55591911308781,-0.37924898961632664,0.19015384615384617,1.2659531417806622,0.4373417675105117,-0.30900000000000005,0.5,-0.4842480069076396,-0.35314285714285715,-0.3773579496579122,0.8440182829888713,0.7606153846153847,0.4325840593725259,0.46374018260449595,0.8240000000000001,0.8063294836233464,1.0873211446740858,-0.8240000000000001,0,1.65,0.8240000000000001,1,1.65,0
0.8260000000000001,1,1.7763568394002505e-15,2.220446049250313e-16,0,0.005814047161677338,-0.5573571304351329,-0.3817236286797547,0.19061538461538463,1.266465878420322,0.4365307941159233,-0.30975,0.5,-0.48665072169366796,-0.35400000000000004,-0.378280228727435,0.8440182829888713,0.7624615384615385,0.43007961008298146,0.46412348348690297,0.8260000000000001,0.8042206600437002,1.0873211446740858,-0.8260000000000001,0,1.65,0.8260000000000001,1,1.65,0
0.8280000000000001,1,3.552713678800501e-15,4.566096885528092e-16,0,0.005995279355328306,-0.5587929775018127,-0.3842046158531292,0.19107692307692312,1.2669808592571215,0.4357262626257608,-0.3105,0.5,-0.489055451533794,-0.35485714285714287,-0.37920777680489276,0.8440182829888713,0.7643076923076925,0.4275734323858397,0.46449971930324846,0.8280000000000001,0.8021105511174668,1.0873211446740858,-0.8280000000000001,0,1.65,0.8280000000000001,1,1.65,0
0.8300000000000001,1,4.440892098500626e-15,2.1183461614528548e-16,0,0.00617758900045379,-0.5602266688693113,-0.3866919132393878,0.19153846153846157,1.267498058049196,0.4349281444981297,-0.31125,0.5,-0.4914621704003365,-0.3557142857142857,-0.38014059997865485,0.8440182829888713,0.7661538461538463,0.4250655042828793,0.4648689625363673,0.8300000000000001,0.7999991457099234,1.0873211446740858,-0.8300000000000001,0,1.65,0.8300000000000001,1,1.65,0
0.8320000000000001,1,2.6645352591003757e-15,2.727891464845672e-16,0,0.0063609693662896915,-0.5616582190902547,-0.3891854829414818,0.19200000000000003,1.2680174484607638,0.4341364118928805,-0.31200000000000006,0.5,-0.49387085233196026,-0.3565714285714286,-0.3810787045415772,0.8440182829888713,0.7680000000000001,0.4225558030079863,0.4652312855945063,0.8320000000000001,0.7978864330758593,1.0873211446740858,-0.8320000000000001,0,1.65,0.8320000000000001,1,1.65,0
0.834,1,3.552713678800501e-15,2.6341390411929795e-16,0,0.0065454137641843615,-0.5630876426893568,-0.3916852870591685,0.19246153846153846,1.2685390040603675,0.4333510376747025,-0.31275,0.5,-0.4962814714285737,-0.3574285714285714,-0.3820220969933324,0.8440182829888713,0.7698461538461538,0.4200443050248273,0.46558676080327127,0.834,0.7957724028668706,1.0873211446740858,-0.834,0,1.65,0.834,1,1.65,0
0.836,1,2.6645352591003757e-15,4.296430950682715e-16,0,0.006730915548106938,-0.5645149541644483,-0.39419128768567907,0.19292307692307692,1.2690626983189641,0.43257199541614183,-0.3135,0.5,-0.49869400184621254,-0.35828571428571426,-0.3829707840427558,0.8440182829888713,0.7716923076923077,0.4175309860240581,0.465935460398231,0.836,0.7936570451387538,1.0873211446740858,-0.836,0,1.65,0.836,1,1.65,0
0.838,1,1.7763568394002505e-15,4.19264844881594e-16,0,0.006917468115137573,-0.5659401679875149,-0.39670344690427584,0.19338461538461538,1.2695885046078796,0.43179925940073005,-0.31425,0.5,-0.5011084177918789,-0.3591428571428571,-0.383924772610231,0.8440182829888713,0.7735384615384615,0.4150158209200414,0.46627745651812397,0.838,0.7915403503590455,1.0873211446740858,-0.838,0,1.65,0.838,1,1.65,0
0.84,1,1.7763568394002505e-15,5.754102604146159e-16,0,0.007105064905934248,-0.5673632986058185,-0.3992217267846766,0.19384615384615386,1.2701163961966047,0.43103280462612237,-0.315,0.5,-0.503524693518348,-0.36,-0.38488406983011114,0.8440182829888713,0.7753846153846154,0.4124987838470534,0.46661282119871256,0.84,0.7894223094146798,1.0873211446740858,-0.84,0,1.65,0.84,1,1.65,0
0.842,1,3.552713678800501e-15,2.7159895069949367e-16,0,0.007293699405176618,-0.5687843604430727,-0.4017460893793431,0.19430769230769232,1.2706463462504476,0.4302726068072673,-0.31575,0.5,-0.5059428033189238,-0.3608571428571428,-0.3858486830531655,0.8440182829888713,0.7772307692307693,0.4099798481550044,0.46694162636726494,0.842,0.7873029136197781,1.0873211446740858,-0.842,0,1.65,0.842,1,1.65,0
0.844,1,5.329070518200751e-15,4.715388392307548e-16,0,0.007483365141992858,-0.5702033679006556,-0.40427649671967414,0.19476923076923078,1.2711783278280449,0.42951864237966725,-0.3165,0.5,-0.5083627215221727,-0.36171428571428565,-0.3868186198490746,0.8440182829888713,0.7790769230769231,0.4074589864046308,0.4672639438376394,0.844,0.785182154723608,1.0873211446740858,-0.844,0,1.65,0.844,1,1.65,0
0.846,1,4.440892098500626e-15,2.2802086174751436e-16,0,0.007674055690366307,-0.5716203353588655,-0.4068129108120321,0.19523076923076924,1.271712313878707,0.42877088850274,-0.31725,0.5,-0.510784422486569,-0.36257142857142854,-0.38779388800896897,0.8440182829888713,0.7809230769230769,0.40493617036215845,0.4675798453060053,0.846,0.7830600249186912,1.0873211446740858,-0.846,0,1.65,0.846,1,1.65,0
0.848,1,3.552713678800501e-15,4.559800854663028e-16,0,0.007865764669519349,-0.5730352771782483,-0.4093552936336757,0.1956923076923077,1.2722482772396349,0.42802932306315916,-0.318,0.5,-0.5132078805951411,-0.3634285714285714,-0.3887744955479909,0.8440182829888713,0.7827692307692308,0.4024113709934689,0.46788940234716997,0.848,0.7809365168490844,1.0873211446740858,-0.848,0,1.65,0.848,1,1.65,0
0.85,1,1.7763568394002505e-15,2.0636540994910284e-16,0,0.008058485744285799,-0.5744482077009309,-0.41190360712854146,0.19615384615384615,1.2727861906329687,0.42729392467843036,-0.31875,0.5,-0.5156330702500196,-0.36428571428571427,-0.38976045070793147,0.8440182829888713,0.7846153846153846,0.3998845584576666,0.4681926864115152,0.85,0.7788116236188469,1.0873211446740858,-0.85,0,1.65,0.85,1,1.65,0
0.852,1,1.7763568394002505e-15,3.027669334140527e-16,0,0.008090948945935903,-0.5758591412520254,-0.41445781320290453,0.1966153846153846,1.2733260266626982,0.4265646727004474,-0.3195,0.5,-0.5180599658669548,-0.3651428571428571,-0.3907517619598881,0.8440182829888713,0.7864615384615384,0.39735570210015997,0.46848976882254817,0.852,0.7766853388006945,1.0873211446740858,-0.852,0,1.65,0.852,1,1.65,0
0.854,1,3.552713678800501e-15,3.7963701905116356e-16,0,0.00810479576048435,-0.5772680921410553,-0.4170178737209021,0.1970769230769231,1.2738677578114121,0.4258415472192321,-0.32025,0.5,-0.520488541869759,-0.366,-0.3917484380069878,0.8440182829888713,0.7883076923076924,0.3948247704451441,0.46878072077506133,0.854,0.7745576564448572,1.0873211446740858,-0.854,0,1.65,0.854,1,1.65,0
0.856,1,3.552713678800501e-15,4.658234981047712e-16,0,0.00811829746978049,-0.5786750746634186,-0.41958375049991864,0.19753846153846155,1.2744113564368926,0.42512452906680465,-0.321,0.5,-0.5229187726846886,-0.3668571428571428,-0.39275048778716526,0.8440182829888713,0.7901538461538462,0.39229173118749744,0.46906561333388935,0.856,0.7724285710881567,1.0873211446740858,-0.856,0,1.65,0.856,1,1.65,0
0.858,1,1.7763568394002505e-15,3.7833117559965e-16,0,0.0081314561180787,-0.5800801031018977,-0.42215540530584356,0.198,1.2749567947685627,0.4244135998211098,-0.32175,0.5,-0.5253506327347613,-0.36771428571428566,-0.3937579204759779,0.8440182829888713,0.792,0.3897565511841603,0.46934451743328565,0.858,0.7702980777632993,1.0873211446740858,-0.858,0,1.65,0.858,1,1.65,0
0.86,1,1.7763568394002505e-15,3.055150300392472e-16,0,0.00814427377265636,-0.5814831917281731,-0.42473279984819007,0.19846153846153847,1.2755040449037736,0.42370874181020435,-0.3225,0.5,-0.5277840964339975,-0.36857142857142855,-0.3947707454895015,0.8440182829888713,0.7938461538461539,0.38721919644486436,0.4696175038768786,0.86,0.7681661720084199,1.0873211446740858,-0.86,0,1.65,0.86,1,1.65,0
0.862,1,1.7763568394002505e-15,0,0,0.008156752524036089,-0.5828843548044099,-0.42731589577505,0.19892307692307692,1.2760530788039188,0.4230099381165035,-0.32325,0.5,-0.5302191381815816,-0.3694285714285714,-0.3957889724872774,0.8440182829888713,0.7956923076923077,0.3846796321222659,0.469884643338256,0.862,0.7660328498768557,1.0873211446740858,-0.862,0,1.65,0.862,1,1.65,0
0.864,1,2.6645352591003757e-15,0,0,0.008168894486216112,-0.5842836065848312,-0.42990465466793215,0.19938461538461538,1.2766038682904086,0.4223171725812482,-0.324,0.5,-0.5326557323559451,-0.3702857142857143,-0.3968126113753164,0.8440182829888713,0.7975384615384615,0.38213782250149353,0.47014600636213544,0.864,0.7638981079471985,1.0873211446740858,-0.864,0,1.65,0.864,1,1.65,0
0.866,1,3.552713678800501e-15,2.4395230105943115e-16,0,0.008180701796911938,-0.5856809613173364,-0.43249903803644413,0.19984615384615387,1.277156385040462,0.4216304298091503,-0.32475,0.5,-0.5350938533087706,-0.3711428571428571,-0.39784167230918616,0.8440182829888713,0.7993846153846155,0.3795937309890234,0.4704016633661405,0.866,0.761761943333611,1.0873211446740858,-0.866,0,1.65,0.866,1,1.65,0
0.868,1,5.329070518200751e-15,7.315278303846964e-16,0,0.008192176617808253,-0.5870764332451518,-0.4350990073128128,0.20030769230769233,1.2777106005827428,0.42094969517319364,-0.3255,0.5,-0.5375334753588973,-0.372,-0.39887616569715345,0.8440182829888713,0.8012307692307693,0.3770473201009485,0.47065168464317975,0.868,0.7596243536964262,1.0873211446740858,-0.868,0,1.65,0.868,1,1.65,0
0.87,1,1.7763568394002505e-15,0,0,0.008203321134821815,-0.5884700366084962,-0.4377045238462524,0.20076923076923078,1.2782664862928161,0.42027495481968274,-0.32625,0.5,-0.5399745727861254,-0.37285714285714283,-0.3999161022034103,0.8440182829888713,0.8030769230769231,0.37449855145056005,0.4708961403644442,0.87,0.7574853372530462,1.0873211446740858,-0.87,0,1.65,0.87,1,1.65,0
0.872,1,2.6645352591003757e-15,3.7382696254371187e-16,0,0.008214137558372407,-0.5898617856462584,-0.4403155488972115,0.20123076923076924,1.2788240133884525,0.41960619567344615,-0.327,0.5,-0.5424171198249594,-0.37371428571428567,-0.40096149275136433,0.8440182829888713,0.804923076923077,0.3719473857353036,0.47113510058297303,0.872,0.7553448927891625,1.0873211446740858,-0.872,0,1.65,0.872,1,1.65,0
0.874,1,1.7763568394002505e-15,9.998245521120713e-17,0,0.008224628123670131,-0.5912516945977203,-0.4429320436313882,0.2016923076923077,1.2793831529247217,0.4189434054433396,-0.32775,0.5,-0.5448610906581854,-0.37457142857142856,-0.4020123485270264,0.8440182829888713,0.8067692307692308,0.3693937827229689,0.47136863523787953,0.874,0.7532030196702865,1.0873211446740858,-0.874,0,1.65,0.874,1,1.65,0
0.876,1,8.881784197001252e-16,4.565178887205352e-16,0,0.00823479509100943,-0.5926397777042721,-0.4455539691136511,0.20215384615384616,1.2799438757889436,0.41828657262793634,-0.3285,0.5,-0.5473064594103966,-0.3754285714285714,-0.40306868098247267,0.8440182829888713,0.8086153846153846,0.3668377012372466,0.4715968141591356,0.876,0.7510597178536258,1.0873211446740858,-0.876,0,1.65,0.876,1,1.65,0
0.878,1,8.881784197001252e-16,2.220446049250313e-16,0,0.00824464074607659,-0.5940260492111632,-0.44818128630174986,0.2026153846153846,1.2805061526954296,0.4176356865214632,-0.32925,0.5,-0.5497532001413746,-0.3762857142857143,-0.4041305018393884,0.8440182829888713,0.8104615384615385,0.3642790991425359,0.47181970707300713,0.878,0.7489149879003173,1.0873211446740858,-0.878,0,1.65,0.878,1,1.65,0
0.88,1,1.7763568394002505e-15,4.550331643371782e-16,0,0.008254167400270625,-0.5954105233692641,-0.45081395603985547,0.2030769230769231,1.2810699541800457,0.416990737220037,-0.33,0.5,-0.5522012868393494,-0.3771428571428571,-0.4051978230927153,0.8440182829888713,0.8123076923076924,0.3617179333280023,0.4720373836080911,0.88,0.7467688309880184,1.0873211446740858,-0.88,0,1.65,0.88,1,1.65,0
0.882,1,1.7763568394002505e-15,5.341441187831998e-16,0,0.008263377391035014,-0.596793214436852,-0.45345193905193226,0.20353846153846156,1.2816352505945865,0.4163517156281366,-0.33075,0.5,-0.5546506934141514,-0.378,-0.4062706570143882,0.8440182829888713,0.8141538461538462,0.3591541596908823,0.47224991330197663,0.882,0.7446212489238933,1.0873211446740858,-0.882,0,1.65,0.882,1,1.65,0
0.884,1,3.552713678800501e-15,5.638135343370365e-16,0,0.008272273082202172,-0.5981741366813802,-0.45609519593492986,0.20400000000000001,1.282202012100952,0.4157186134654009,-0.3315,0.5,-0.5571013936902163,-0.37885714285714284,-0.4073490161571689,0.8440182829888713,0.8160000000000001,0.35658773311903974,0.4724573656085219,0.884,0.7424722441579892,1.0873211446740858,-0.884,0,1.65,0.884,1,1.65,0
0.886,1,2.6645352591003757e-15,5.63768189431602e-16,0,0.008280856864353031,-0.5995533043813067,-0.45874368715176345,0.20446153846153847,1.2827702086651132,0.41509142327369813,-0.33225,0.5,-0.5595533613994579,-0.37971428571428567,-0.4084329133585957,0.8440182829888713,0.8178461538461539,0.35401860747264374,0.4726598099057862,0.886,0.7403218197970299,1.0873211446740858,-0.886,0,1.65,0.886,1,1.65,0
0.888,1,1.7763568394002505e-15,4.855459484106692e-16,0,0.008289131155188844,-0.6009307318278972,-0.461397373024119,0.20492307692307693,1.2833398100508826,0.41447013842453573,-0.333,0.5,-0.5620065701739931,-0.38057142857142856,-0.4095223617450242,0.8440182829888713,0.8196923076923077,0.3514467355651218,0.47285731550458054,0.888,0.7381699796186463,1.0873211446740858,-0.888,0,1.65,0.888,1,1.65,0
0.89,1,8.881784197001252e-16,5.324226946884166e-16,0,0.008297098399916557,-0.6023064333270569,-0.4640562137250569,0.2053846153846154,1.2839107858134768,0.41385475312676795,-0.33375,0.5,-0.5644609935387276,-0.3814285714285714,-0.4106173747357919,0.8440182829888713,0.8215384615384616,0.34887206914320446,0.47304995165766844,0.89,0.736016728086043,1.0873211446740858,-0.89,0,1.65,0.89,1,1.65,0
0.892,1,6.217248937900877e-15,2.220446049250313e-16,0,0.008304761071651021,-0.6036804232011652,-0.4667201692713995,0.20584615384615387,1.2844831052928425,0.4132452624347035,-0.3345,0.5,-0.5669166049037706,-0.3822857142857143,-0.4117179660475096,0.8440182829888713,0.8233846153846155,0.34629455886610433,0.47323778756961776,0.892,0.7338620703631524,1.0873211446740858,-0.892,0,1.65,0.892,1,1.65,0
0.894,1,1.7763568394002505e-15,2.220446049250313e-16,0,0.008312121671831214,-0.6050527157909296,-0.4693891995159007,0.20630769230769233,1.285056737606766,0.41264166225653387,-0.33525,0.5,-0.569373377556683,-0.3831428571428571,-0.41282414969846415,0.8440182829888713,0.8252307692307693,0.3437141542837991,0.47342089240732643,0.894,0.7317060123302521,1.0873211446740858,-0.894,0,1.65,0.894,1,1.65,0
0.896,1,3.552713678800501e-15,2.220446049250313e-16,0,0.008319182730650366,-0.6064233254572283,-0.4720632641392237,0.2067692307692308,1.2856316516437758,0.41204394936314104,-0.336,0.5,-0.571831284654578,-0.384,-0.41393594001314604,0.8440182829888713,0.8270769230769232,0.34113080381445254,0.473599335311189,0.896,0.7295485606001058,1.0873211446740858,-0.896,0,1.65,0.896,1,1.65,0
0.898,1,3.552713678800501e-15,2.946889036767428e-16,0,0.008325946807505234,-0.6077922665829861,-0.4747423226416535,0.20723076923076925,1.286207816055765,0.41145212139730875,-0.33675,0.5,-0.5742902992160104,-0.38485714285714284,-0.41505335162693124,0.8440182829888713,0.828923076923077,0.33854445472077654,0.4737731854069827,0.898,0.7273897225346069,1.0873211446740858,-0.898,0,1.65,0.898,1,1.65,0
0.9,1,1.7763568394002505e-15,2.421547372032057e-16,0,0.008332416491461079,-0.6091595535750368,-0.47742633433459336,0.2076923076923077,1.2867851992503996,0.4108661768833723,-0.3375,0.5,-0.5767503941126911,-0.3857142857142857,-0.41617639949089025,0.8440182829888713,0.8307692307692308,0.33595505308550166,0.4739425118184104,0.9,0.7252295062619911,1.0873211446740858,-0.9,0,1.65,0.9,1,1.65,0
0.902,1,1.7763568394002505e-15,9.63640959433785e-17,0,0.008338594401731599,-0.6105252008659945,-0.4801152583318391,0.20815384615384616,1.2873637693832785,0.41028611523722874,-0.33825,0.5,-0.5792115420610289,-0.38657142857142857,-0.4173050988767416,0.8440182829888713,0.8326153846153846,0.33336254378582103,0.4741073836803554,0.902,0.7230679206945968,1.0873211446740858,-0.902,0,1.65,0.902,1,1.65,0
0.904,1,7.105427357601002e-15,5.086542125256678e-16,0,0.008344483188180993,-0.6118892229161469,-0.4828090535405474,0.20861538461538462,1.2879434943498027,0.4097119367768589,-0.339,0.5,-0.5816737156134189,-0.3874285714285714,-0.4184394653819704,0.8440182829888713,0.8344615384615385,0.3307668704667481,0.4742678701528701,0.904,0.7209049755472244,1.0873211446740858,-0.904,0,1.65,0.904,1,1.65,0
0.906,1,1.7763568394002505e-15,6.72995479845342e-16,0,0.008350085531841477,-0.6132516342153231,-0.4855076786520042,0.2090769230769231,1.2885243417768024,0.40914364273330617,-0.33975,0.5,-0.584136887149365,-0.3882857142857143,-0.41957951493510626,0.8440182829888713,0.8363076923076924,0.3281679755134189,0.4744240404358664,0.906,0.718740681356101,1.0873211446740858,-0.906,0,1.65,0.906,1,1.65,0
0.908,1,8.881784197001252e-16,3.3306690738754696e-16,0,0.008355404145451332,-0.6146124492848014,-0.4882110921320787,0.20953846153846156,1.289106279013883,0.4085812352620939,-0.3405,0.5,-0.5866010288663493,-0.3891428571428571,-0.4207252638011525,0.8440182829888713,0.8381538461538462,0.3255658000223322,0.4745759637845655,0.908,0.7165750494984735,1.0873211446740858,-0.908,0,1.65,0.908,1,1.65,0
0.91,1,1.7763568394002505e-15,4.542108635250094e-16,0,0.008360441774011459,-0.6159716826791838,-0.49091925221144384,0.21000000000000002,1.289689273124481,0.40802471745519986,-0.34125,0.5,-0.5890661127704985,-0.39,-0.42187672858721176,0.8440182829888713,0.8400000000000001,0.32296028377135827,0.4747237095256979,0.91,0.7144080922128848,1.0873211446740858,-0.91,0,1.65,0.91,1,1.65,0
0.912,1,3.552713678800501e-15,3.615301423479541e-16,0,0.008365201195365952,-0.617329348988303,-0.49363211687545244,0.21046153846153848,1.2902732908766101,0.4074740933535694,-0.342,0.5,-0.5915321106669655,-0.39085714285714285,-0.42303392624829506,0.8440182829888713,0.8418461538461539,0.3203513651885828,0.4748673470744837,0.912,0.7122398226201015,1.0873211446740858,-0.912,0,1.65,0.912,1,1.65,0
0.914,1,7.105427357601002e-15,0,0,0.008369685220801162,-0.618685462839121,-0.4963496438537535,0.21092307692307694,1.2908582987333188,0.4069293679601091,-0.34275,0.5,-0.593998994150096,-0.3917142857142857,-0.4241968740932947,0.8440182829888713,0.8436923076923077,0.31773898131994227,0.4750069459524227,0.914,0.710070254744784,1.0873211446740858,-0.914,0,1.65,0.914,1,1.65,0
0.916,1,8.881784197001252e-16,2.4135741509422984e-16,0,0.008373896695667623,-0.6200400388976246,-0.4990717906095989,0.2113846153846154,1.2914442628428233,0.4063905472533172,-0.3435,0.5,-0.5964667345933206,-0.39257142857142857,-0.42536558979119354,0.8440182829888713,0.8455384615384616,0.3151230677955613,0.4751425758058592,0.916,0.707899403537876,1.0873211446740858,-0.916,0,1.65,0.916,1,1.65,0
0.918,1,1.7763568394002505e-15,3.828102432724146e-16,0,0.008377838500024933,-0.6213930918707242,-0.5017985143288212,0.21184615384615388,1.292031149028322,0.40585763820148296,-0.34425,0.5,-0.5989353031387736,-0.3934285714285714,-0.4265400913774519,0.8440182829888713,0.8473846153846155,0.3125035587948001,0.4752743064254095,0.918,0.7057272848997775,1.0873211446740858,-0.918,0,1.65,0.918,1,1.65,0
0.92,1,1.7763568394002505e-15,4.539503680278336e-16,0,0.008381513549313957,-0.6227446365081643,-0.5045297719084558,0.21230769230769234,1.292618922777428,0.4053306487775522,-0.34500000000000003,0.5,-0.6014046706866039,-0.3942857142857143,-0.42772039726065264,0.8440182829888713,0.8492307692307693,0.3098803870098265,0.47540220776624276,0.92,0.7035539157043069,1.0873211446740858,-0.92,0,1.65,0.92,1,1.65,0
0.922,1,1.7763568394002505e-15,3.585889586457625e-16,0,0.0083849247950488,-0.6240946876044223,-0.5072655199450549,0.2127692307692308,1.2932075492313038,0.4048095879745646,-0.34575,0.5,-0.603874807884017,-0.39514285714285713,-0.4289065262293261,0.8440182829888713,0.8510769230769232,0.3072534836079295,0.47552634996922793,0.922,0.7013793138234917,1.0873211446740858,-0.922,0,1.65,0.922,1,1.65,0
0.924,1,4.440892098500626e-15,0,0,0.008388075225538544,-0.6254432600006158,-0.510005714722625,0.21323076923076925,1.2937969931733877,0.404294465821828,-0.34650000000000003,0.5,-0.606345685113997,-0.396,-0.4300984974590583,0.8440182829888713,0.852923076923077,0.3046227781922132,0.475646803382987,0.924,0.6992034981532367,1.0873211446740858,-0.924,0,1.65,0.924,1,1.65,0
0.926,1,1.7763568394002505e-15,5.169351371215579e-16,0,0.00839096786663516,-0.6267903685864042,-0.5127503122001809,0.2136923076923077,1.2943872190177497,0.4037852934017941,-0.34725,0.5,-0.6088172724836811,-0.39685714285714285,-0.4312963305198274,0.8440182829888713,0.8547692307692308,0.30198819876082145,0.47576363858688764,0.926,0.6970264886398742,1.0873211446740858,-0.926,0,1.65,0.926,1,1.65,0
0.928,1,8.881784197001252e-16,2.220446049250313e-16,0,0.008393605782508945,-0.62813602830189,-0.5154992679989338,0.21415384615384617,1.2949781907970566,0.403282082867662,-0.34800000000000003,0.5,-0.6112895398124208,-0.3977142857142857,-0.4325000453836096,0.8440182829888713,0.8566153846153847,0.2993496716645811,0.47587692641497303,0.928,0.6948483063076651,1.0873211446740858,-0.928,0,1.65,0.928,1,1.65,0
0.93,1,1.7763568394002505e-15,2.8949084949516555e-16,0,0.008395992076453081,-0.6294802541395333,-0.5182525373890623,0.21461538461538465,1.2955698721501236,0.40278484746170456,-0.34875,0.5,-0.6137624566194833,-0.3985714285714286,-0.4337096624322538,0.8440182829888713,0.8584615384615386,0.2967071215629751,0.47598673798089525,0.93,0.6926689732872462,1.0873211446740858,-0.93,0,1.65,0.93,1,1.65,0
0.932,1,4.440892098500626e-15,3.557009608490447e-16,0,0.008398129891720015,-0.6308230611460468,-0.5210100752760654,0.2150769230769231,1.296162226309026,0.402293601534489,-0.34950000000000003,0.5,-0.6162359921113616,-0.3994285714285714,-0.43492520246566,0.8440182829888713,0.8603076923076924,0.2940604713783761,0.4760931447038591,0.932,0.6904885128451135,1.0873211446740858,-0.932,0,1.65,0.932,1,1.65,0
0.934,1,3.552713678800501e-15,2.7715216528357516e-16,0,0.008400022412388854,-0.6321644644243005,-0.5237718361866823,0.21553846153846157,1.2967552160857732,0.4018083605648687,-0.35025,0.5,-0.6187101151687238,-0.4002857142857143,-0.43614668671024986,0.8440182829888713,0.8621538461538463,0.2914096422485044,0.4761962183356113,0.934,0.6883069494141419,1.0873211446740858,-0.934,0,1.65,0.934,1,1.65,0
0.936,1,1.7763568394002505e-15,2.220446049250313e-16,0,0.00840167286426442,-0.6335044791352276,-0.5265377742543701,0.21600000000000003,1.297348803858529,0.4013291411808397,-0.35100000000000003,0.5,-0.6211847943329523,-0.40114285714285713,-0.43737413682774823,0.8440182829888713,0.8640000000000001,0.2887545534770662,0.47629603098852047,0.936,0.6861243086252057,1.0873211446740858,-0.936,0,1.65,0.936,1,1.65,0
0.9380000000000001,1,1.7763568394002505e-15,4.960427044621202e-16,0,0.008403084515812594,-0.634843120499722,-0.5293078432042884,0.21646153846153848,1.2979429515573306,0.4008559611813463,-0.35175,0.5,-0.6236599977922479,-0.402,-0.43860757492430447,0.8440182829888713,0.8658461538461539,0.2860951224823976,0.4763926551647817,0.9380000000000001,0.6839406173399276,1.0873211446740858,-0.9380000000000001,0,1.65,0.9380000000000001,1,1.65,0
0.9400000000000001,1,4.440892098500626e-15,2.220446049250313e-16,0,0.008404260679130133,-0.6361804038005376,-0.5320819963378205,0.21692307692307694,1.2985376206493209,0.40038883955900895,-0.35250000000000004,0.5,-0.6261356933673184,-0.40285714285714286,-0.4398470235599626,0.8440182829888713,0.8676923076923078,0.28343126474411307,0.47648616378677355,0.9400000000000001,0.6817559036846302,1.0873211446740858,-0.9400000000000001,0,1.65,0.9400000000000001,1,1.65,0
0.9420000000000001,1,3.552713678800501e-15,4.802522041481196e-16,0,0.008405204710954326,-0.6375163443841972,-0.5348601865165435,0.2173846153846154,1.2991327721234311,0.3999277965238814,-0.35325,0.5,-0.6286118484965735,-0.4037142857142857,-0.4410925057585039,0.8440182829888713,0.8695384615384616,0.28076289374762187,0.4765766302286343,0.9420000000000001,0.6795701970855033,1.0873211446740858,-0.9420000000000001,0,1.65,0.9420000000000001,1,1.65,0
0.9440000000000001,1,1.7763568394002505e-15,2.7352387525560903e-16,0,0.00840592001370678,-0.6388509576628804,-0.5376423661457209,0.21784615384615388,1.2997283664745605,0.39947285352817374,-0.35400000000000004,0.5,-0.6310884302208806,-0.4045714285714286,-0.4423440450176449,0.8440182829888713,0.8713846153846155,0.27808992092653795,0.4766641283490656,0.9440000000000001,0.6773835283050685,1.0873211446740858,-0.9440000000000001,0,1.65,0.9440000000000001,1,1.65,0
0.9460000000000001,1,3.552713678800501e-15,3.637388410439854e-16,0,0.008406410036582119,-0.640184259116326,-0.5404284871572022,0.21830769230769234,1.3003243636871484,0.39902403329212643,-0.35475,0.5,-0.633565405167796,-0.4054285714285714,-0.44360166531967166,0.8440182829888713,0.8732307692307694,0.2754122556026951,0.47674873252544203,0.9460000000000001,0.6751959294799881,1.0873211446740858,-0.9460000000000001,0,1.65,0.9460000000000001,1,1.65,0
0.9480000000000001,1,1.7763568394002505e-15,1.813909065628876e-16,0,0.008406678276678532,-0.6415162642937292,-0.5432185009917432,0.2187692307692308,1.3009207232181577,0.39858135983101106,-0.35550000000000004,0.5,-0.6360427395352586,-0.4062857142857143,-0.4448653911424812,0.8440182829888713,0.8750769230769232,0.2727298049238215,0.4768305176892705,0.9480000000000001,0.6730074341602506,1.0873211446740858,-0.9480000000000001,0,1.65,0.9480000000000001,1,1.65,0
0.9500000000000001,1,3.552713678800501e-15,2.86415042643933e-16,0,0.00840672828017011,-0.6428469888156387,-0.5460123585807476,0.21923076923076926,1.301517403979457,0.39814485848325787,-0.35625,0.5,-0.6385203990747701,-0.40714285714285714,-0.4461352474710581,0.8440182829888713,0.876923076923077,0.27004247379873797,0.47690955936303764,0.9500000000000001,0.6708180773498412,1.0873211446740858,-0.9500000000000001,0,1.65,0.9500000000000001,1,1.65,0
0.9520000000000001,1,5.329070518200751e-15,4.2371576083620334e-16,0,0.008406563643527756,-0.6441764483758452,-0.5488100103273662,0.21969230769230771,1.3021143643195365,0.3977145559399069,-0.35700000000000004,0.5,-0.640998349073974,-0.40800000000000003,-0.44741125980943985,0.8440182829888713,0.8787692307692309,0.2673501648299198,0.47698593369849973,0.9520000000000001,0.6686278955489054,1.0873211446740858,-0.9520000000000001,0,1.65,0.9520000000000001,1,1.65,0
0.9540000000000001,1,8.881784197001252e-16,4.22907689248342e-16,0,0.008406188014787359,-0.645504658743286,-0.551611406086938,0.22015384615384617,1.302711562004552,0.3972904802752739,-0.35775,0.5,-0.6434765543386503,-0.40885714285714286,-0.4486934541931503,0.8440182829888713,0.8806153846153847,0.2646527782433536,0.4770597175165078,0.9540000000000001,0.6664369267975044,1.0873211446740858,-0.9540000000000001,0,1.65,0.9540000000000001,1,1.65,0
0.9560000000000001,1,4.440892098500626e-15,8.974500998242803e-17,0,0.008405605094866915,-0.6468316357639287,-0.5544164951467699,0.22061538461538466,1.3033089541986806,0.3968726609790025,-0.35850000000000004,0.5,-0.6459549791740917,-0.4097142857142857,-0.44998185720215245,0.8440182829888713,0.8824615384615386,0.2619502118155799,0.47713098834837114,0.9560000000000001,0.6642452107210327,1.0873211446740858,-0.9560000000000001,0,1.65,0.9560000000000001,1,1.65,0
0.9580000000000001,1,1.7763568394002505e-15,3.7812834147036356e-16,0,0.008404818638940671,-0.6481573953626713,-0.5572252262051531,0.22107692307692312,1.3039064974436863,0.39646112898959746,-0.35925,0.5,-0.6484335873657823,-0.4105714285714286,-0.45127649597437025,0.8440182829888713,0.8843076923076925,0.2592423607976488,0.477199824478903,0.9580000000000001,0.6620527885773442,1.0873211446740858,-0.9580000000000001,0,1.65,0.9580000000000001,1,1.65,0
0.96,1,1.7763568394002505e-15,0,0,0.00840383245786262,-0.6494819535452329,-0.5600375473496944,0.22153846153846155,1.304504147637781,0.3960559167293296,-0.36,0.5,-0.6509123421594494,-0.41142857142857137,-0.45257739821973286,0.8440182829888713,0.8861538461538462,0.25652911783611954,0.4772663049911303,0.96,0.6598597033056925,1.0873211446740858,-0.96,0,1.65,0.96,1,1.65,0
0.962,1,4.440892098500626e-15,2.3923161960887497e-16,0,0.008402650419651436,-0.6508053264000516,-0.562853406034828,0.222,1.3051018600136246,0.39565705814077234,-0.36075,0.5,-0.6533912062403623,-0.41228571428571426,-0.4538845922348592,0.8440182829888713,0.888,0.25381037289068537,0.4773305098128085,0.962,0.6576659995775438,1.0873211446740858,-0.962,0,1.65,0.962,1,1.65,0
0.964,1,1.7763568394002505e-15,4.440255800436963e-16,0,0.008401276451035531,-0.6521275301001711,-0.5656727490585163,0.22246153846153846,1.3056995891154854,0.39526458872500286,-0.3615,0.5,-0.6558701417118681,-0.4131428571428571,-0.4551981069183682,0.8440182829888713,0.8898461538461538,0.2510860131483691,0.4773925197648076,0.964,0.6554717238493655,1.0873211446740858,-0.964,0,1.65,0.964,1,1.65,0
0.966,1,1.7763568394002505e-15,2.220446049250313e-16,0,0.008399714539057664,-0.6534485809051465,-0.5684955225381225,0.22292307692307692,1.3062972887755515,0.39487854558138835,-0.36224999999999996,0.5,-0.6583491100731819,-0.414,-0.45651797178681974,0.8440182829888713,0.8916923076923077,0.24835592293429906,0.47745241661140314,0.966,0.6532769244174459,1.0873211446740858,-0.966,0,1.65,0.966,1,1.65,0
0.968,1,2.6645352591003757e-15,2.3897198279919493e-16,0,0.008397968732750848,-0.654768495162926,-0.5713216718853673,0.2233846153846154,1.306894912089254,0.3944989674493558,-0.363,0.5,-0.6608280721963067,-0.4148571428571428,-0.45784421699142613,0.8440182829888713,0.8935384615384616,0.24561998361847642,0.47751028311263644,0.968,0.6510816514748978,1.0873211446740858,-0.968,0,1.65,0.968,1,1.65,0
0.97,1,3.552713678800501e-15,6.575368053690355e-16,0,0.008396043144878056,-0.6560872893117603,-0.574151141780368,0.22384615384615386,1.3074924113896695,0.3941258947518508,-0.36375,0.5,-0.6633069883021177,-0.4157142857142857,-0.4591768733354226,0.8440182829888713,0.8953846153846154,0.2428780735188798,0.47756620307877695,0.97,0.6488859571708687,1.0873211446740858,-0.97,0,1.65,0.97,1,1.65,0
0.972,1,5.329070518200751e-15,2.831826685027515e-16,0,0.008393941953748969,-0.6574049798821019,-0.5769838761446908,0.22430769230769232,1.308089738220861,0.3937593696409221,-0.3645,0.5,-0.665785817935524,-0.41657142857142854,-0.46051597229228725,0.8440182829888713,0.8972307692307693,0.24013006780020082,0.47762026142702063,0.972,0.6466898956721335,1.0873211446740858,-0.972,0,1.65,0.972,1,1.65,0
0.974,1,5.329070518200751e-15,4.774326002472541e-16,0,0.00839166940510914,-0.6587215834984924,-0.5798198181134036,0.22476923076923078,1.308686843310175,0.39339943604533667,-0.36524999999999996,0.5,-0.6682645199396858,-0.41742857142857137,-0.4618615460247442,0.8440182829888713,0.8990769230769231,0.23737583836840095,0.4776725442404985,0.974,0.6444935232271277,1.0873211446740858,-0.974,0,1.65,0.974,1,1.65,0
0.976,1,4.440892098500626e-15,6.718449655677033e-16,0,0.008389229814111823,-0.6600371168814936,-0.5826589100060213,0.22523076923076923,1.3092836765393947,0.39304613972034314,-0.366,0.5,-0.6707430524292243,-0.41828571428571426,-0.46321362740464533,0.8440182829888713,0.9009230769230769,0.2346152537606505,0.47772313882974565,0.976,0.6422968982325638,1.0873211446740858,-0.976,0,1.65,0.976,1,1.65,0
0.978,1,2.6645352591003757e-15,1.7437147744827475e-16,0,0.008386627567369992,-0.6613515968495669,-0.5855010932963826,0.2256923076923077,1.309880186914731,0.392699528299798,-0.36675,0.5,-0.6732213727624008,-0.4191428571428571,-0.4645722500337767,0.8440182829888713,0.9027692307692308,0.23184817903048366,0.4777721337967009,0.978,0.6401000813027472,1.0873211446740858,-0.978,0,1.65,0.978,1,1.65,0
0.98,1,1.7763568394002505e-15,8.695704630509627e-17,0,0.008383867125099068,-0.662665040321005,-0.588346308581302,0.22615384615384615,1.3104763225355514,0.39235965135065376,-0.3675,0.5,-0.6756994375121709,-0.42,-0.4659374482656227,0.8440182829888713,0.9046153846153846,0.22907447562792094,0.47781961910141624,0.98,0.637903135341713,1.0873211446740858,-0.98,0,1.65,0.98,1,1.65,0
0.982,1,4.440892098500626e-15,2.817649655551726e-16,0,0.00838095302335026,-0.6639774643158467,-0.5911944955480194,0.22661538461538464,1.3110720305618275,0.3920265604300085,-0.36824999999999997,0.5,-0.6781772024361065,-0.4208571428571428,-0.467309257228164,0.8440182829888713,0.9064615384615385,0.2262940012743128,0.4778656861315565,0.982,0.6357061256183387,1.0873211446740858,-0.982,0,1.65,0.982,1,1.65,0
0.984,1,2.6645352591003757e-15,3.441164050161301e-16,0,0.00837788987634264,-0.665288885957791,-0.5940455929403317,0.2270769230769231,1.3116672571801744,0.3917003091448875,-0.369,0.5,-0.6806546224450649,-0.4217142857142857,-0.46868771284776894,0.8440182829888713,0.9083076923076924,0.22350660983152526,0.4779104277748785,0.984,0.6335091198445663,1.0873211446740858,-0.984,0,1.65,0.984,1,1.65,0
0.986,1,1.7763568394002505e-15,2.3821665120785507e-16,0,0.008374682378892554,-0.6665993224761364,-0.5968995385234069,0.22753846153846155,1.312261947568504,0.39138095321470223,-0.36975,0.5,-0.6831316515706392,-0.42257142857142854,-0.470072851874195,0.8440182829888713,0.9101538461538462,0.2207121511654114,0.4779539384947933,0.986,0.6313121882568694,1.0873211446740858,-0.986,0,1.65,0.986,1,1.65,0
0.988,1,1.7763568394002505e-15,3.4050482360755394e-16,0,0.00837133530895567,-0.6679087912077102,-0.5997562690471209,0.228,1.3128560458591039,0.3910685505368534,-0.3705,0.5,-0.6856082429311923,-0.4234285714285714,-0.47146471190684686,0.8440182829888713,0.912,0.21791047100294486,0.4779963144092123,0.988,0.6291154037011721,1.0873211446740858,-0.988,0,1.65,0.988,1,1.65,0
0.99,1,2.6645352591003757e-15,1.7164706029825265e-16,0,0.00836785353027766,-0.6692173095988136,-0.6026157202079373,0.22846153846153847,1.3134494951001456,0.39076316125534427,-0.37124999999999997,0.5,-0.6880843486965326,-0.42428571428571427,-0.47286333142229625,0.8440182829888713,0.9138461538461539,0.21510141078288925,0.47803765337282983,0.99,0.6269188417213576,1.0873211446740858,-0.99,0,1.65,0.99,1,1.65,0
0.992,1,1.7763568394002505e-15,2.803790958635035e-16,0,0.00836424199516385,-0.6705248952071776,-0.6054778266092004,0.22892307692307692,1.3140422372155143,0.3904648478327129,-0.372,0.5,-0.6905599200510816,-0.4251428571428571,-0.4742687498031564,0.8440182829888713,0.9156923076923077,0.21228480749963383,0.4780780550630104,0.992,0.6247225806515464,1.0873211446740858,-0.992,0,1.65,0.992,1,1.65,0
0.994,1,3.552713678800501e-15,4.811705472437324e-16,0,0.008360505747376467,-0.6718315657039206,-0.6083425217197542,0.2293846153846154,1.3146342129628332,0.39017367512553675,-0.37275,0.5,-0.6930349071554491,-0.426,-0.47568100736842295,0.8440182829888713,0.9175384615384616,0.20946049353968416,0.47811762106950845,0.994,0.6225267017123749,1.0873211446740858,-0.994,0,1.65,0.994,1,1.65,0
0.996,1,3.552713678800501e-15,2.220446049250313e-16,0,0.008356649925159079,-0.6731373388755324,-0.611209737830847,0.22984615384615387,1.3152253618896497,0.38988971046347504,-0.3735,0.5,-0.6955092591063957,-0.4268571428571428,-0.4771001454053127,0.8440182829888713,0.9193846153846155,0.20662829651058512,0.4781564549881873,0.996,0.6203312891114281,1.0873211446740858,-0.996,0,1.65,0.996,1,1.65,0
0.998,1,4.440892098500626e-15,3.7387843253302444e-16,0,0.008350099504751605,-0.6744422326258459,-0.6140794060111769,0.23030769230769232,1.3158156222876105,0.38961302373237,-0.37424999999999997,0.5,-0.6979829238950077,-0.4277142857142857,-0.47852620620276504,0.8440182829888713,0.9212307692307693,0.20378803906163764,0.4781946625189921,0.998,0.6181364301481045,1.0873211446740858,-0.998,0,1.65,0.998,1,1.65,0
1,1,2.6645352591003757e-15,3.7367688129425673e-16,0,0.008157333297434967,-0.6757462649780476,-0.6169514560600323,0.23076923076923078,1.3164049311445856,0.3893436874612873,-0.375,0.5,-0.700455848363077,-0.42857142857142855,-0.47995923308662225,0.8440182829888713,0.9230769230769231,0.20093953869617615,0.4782323515683769,1,0.6159422153230872,1.0873211446740858,-1,0,1.65,1,1,1.65,0
1.002,1,5.329070518200751e-15,4.043610887474337e-16,0,0.007964481340530323,-0.6770494540766879,-0.6198258164583635,0.23123076923076924,1.3169932240945537,0.3890817769140489,-0.37575000000000003,0.5,-0.7029279781574986,-0.4294285714285714,-0.4813992704566746,0.8440182829888713,0.924923076923077,0.19808260757471052,0.4782696323564684,1.002,0.6137487384527228,1.0873211446740858,-1.002,0,1.65,1.002,1,1.65,0
1.004,1,1.7763568394002505e-15,3.3646454291777045e-16,0,0.0077715519003785085,-0.6783518181897149,-0.6227024143177279,0.2316923076923077,1.3175804353651714,0.38882737018529717,-0.3765,0.5,-0.705399257682635,-0.43028571428571427,-0.4828463638256392,0.8440182829888713,0.9267692307692308,0.1952170523084941,0.47830661752922177,1.004,0.6115560967885305,1.0873211446740858,-1.004,0,1.65,1.004,1,1.65,0
1.006,1,1.7763568394002505e-15,2.784918256780122e-16,0,0.007413770341828104,-0.6796533757105166,-0.6255811753269755,0.23215384615384616,1.318166497722891,0.38858054830143574,-0.37725,0.5,-0.7078696300505231,-0.4311428571428571,-0.4843005598601921,0.8440182829888713,0.9286153846153846,0.19234267374302658,0.47834342227583115,1.006,0.6093643911421469,1.0873211446740858,-1.006,0,1.65,1.006,1,1.65,0
1.008,1,1.7763568394002505e-15,3.353003397455257e-16,0,0.006897454087416339,-0.6809541451599951,-0.6284620236965189,0.23261538461538464,1.3187513424154351,0.3883413953267677,-0.378,0.5,-0.7103390370287654,-0.432,-0.4857619064242296,0.8440182829888713,0.9304615384615386,0.1894592667306819,0.4783801644517544,1.008,0.6071737260160074,1.0873211446740858,-1.008,0,1.65,1.008,1,1.65,0
1.01,1,3.552713678800501e-15,4.1694578898561123e-16,0,0.0063814917396028716,-0.6822541451886596,-0.6313448821001075,0.2330769230769231,1.3193348991115539,0.3881099984750544,-0.37875000000000003,0.5,-0.7128074189860285,-0.43285714285714283,-0.48723045262443376,0.8440182829888713,0.9323076923076924,0.1865666198921087,0.4784169647076091,1.01,0.6049842097400568,1.0873211446740858,-1.01,0,1.65,1.01,1,1.65,0
1.012,1,3.552713678800501e-15,1.6677664834043654e-16,0,0.005865868333377472,-0.6835533945787257,-0.6342296716139088,0.23353846153846156,1.3199170958378057,0.38788644822696533,-0.3795,0.5,-0.7152747148349411,-0.4337142857142857,-0.4887062488583758,0.8440182829888713,0.9341538461538462,0.18366451536533784,0.4784539466243727,1.012,0.60279595461488,1.0873211446740858,-1.012,0,1.65,1.012,1,1.65,0
1.014,1,1.7763568394002505e-15,3.722944948676925e-16,0,0.005350568514476671,-0.6848519122462715,-0.6371163116527764,0.234,1.320497858912278,0.38767083845362327,-0.38025,0.5,-0.7177408619723031,-0.43457142857142855,-0.4901893468652379,0.8440182829888713,0.936,0.1807527285422661,0.47849123685517864,1.014,0.60060907706157,1.0873211446740858,-1.014,0,1.65,1.014,1,1.65,0
1.016,1,2.6645352591003757e-15,1.6590848225612969e-16,0,0.004835576520885917,-0.6861497172433866,-0.6400047199035506,0.23446153846153847,1.3210771128749967,0.38746326654671737,-0.381,0.5,-0.7202057962164151,-0.4354285714285714,-0.49167979977939147,0.8440182829888713,0.9378461538461539,0.17783102779138407,0.4785289652741694,1.016,0.5984236977787538,1.0873211446740858,-1.016,0,1.65,1.016,1,1.65,0
1.018,1,8.881784197001252e-16,2.3695868248183224e-16,0,0.004320876163340916,-0.6874468287603835,-0.6428948122551493,0.23492307692307693,1.321654780414828,0.38726383355563226,-0.38175000000000003,0.5,-0.7226694517413182,-0.4362857142857143,-0.4931776621870039,0.8440182829888713,0.9396923076923077,0.17489917416602352,0.47856726513284087,1.018,0.5962399419071889,1.0873211446740858,-1.018,0,1.65,1.018,1,1.65,0
1.02,1,1.7763568394002505e-15,1.383328266833056e-16,0,0.0038064508047656125,-0.6887432661280187,-0.6457865027253757,0.23538461538461541,1.3222307822927093,0.3870726443318678,-0.3825,0.5,-0.7251317610078579,-0.4371428571428571,-0.4946829901858457,0.8440182829888713,0.9415384615384617,0.1719569210972982,0.4786062732242828,1.02,0.5940579392023654,1.0873211446740858,-1.02,0,1.65,1.02,1,1.65,0
1.022,1,1.7763568394002505e-15,1.646162978310555e-16,0,0.0032922833385536187,-0.6900390488197531,-0.6486797033841075,0.23584615384615387,1.3228050372608688,0.38688980768152725,-0.38325,0.5,-0.7275926546912327,-0.438,-0.4961958414486074,0.8440182829888713,0.9433846153846155,0.16900401407044877,0.4786461300559094,1.022,0.591877824215637,1.0873211446740858,-1.022,0,1.65,1.022,1,1.65,0
1.024,1,1.7763568394002505e-15,2.462823893183757e-16,0,0.002778356165654798,-0.6913341964540731,-0.6515743242727702,0.23630769230769233,1.3233774619779242,0.3867154365259723,-0.384,0.5,-0.7300520616049555,-0.43885714285714283,-0.4977162752898258,0.8440182829888713,0.9452307692307693,0.16604019028398165,0.47868698003112575,1.024,0.589699736484313,1.0873211446740858,-1.024,0,1.65,1.024,1,1.65,0
1.026,1,3.552713678800501e-15,2.366606630591975e-16,0,0.0022646511703422554,-0.6926287287968103,-0.6544702733197937,0.2367692307692308,1.3239479709194477,0.3865496480716471,-0.38475000000000004,0.5,-0.7325099086208868,-0.4397142857142857,-0.4992443527368349,0.8440182829888713,0.9470769230769231,0.16306517828994194,0.4787289716405719,1.026,0.587523820731382,1.0873211446740858,-1.026,0,1.65,1.026,1,1.65,0
1.028,1,3.552713678800501e-15,3.4502296268511306e-16,0,0.0017511496946023396,-0.6939226657635523,-0.6573674562517948,0.23723076923076925,1.324516476283794,0.38639256398933175,-0.3855,0.5,-0.7349661205851317,-0.44057142857142856,-0.500780136604904,0.8440182829888713,0.948923076923077,0.16007869761443547,0.478772257663566,1.028,0.5853502270753648,1.0873211446740858,-1.028,0,1.65,1.028,1,1.65,0
1.03,1,5.329070518200751e-15,4.440892098500626e-16,0,0.0012378325110432285,-0.6952160274220699,-0.6602657765002897,0.2376923076923077,1.3250828878928698,0.38624431060361664,-0.38625,0.5,-0.7374206202295615,-0.4414285714285714,-0.5023236915769075,0.8440182829888713,0.9507692307692308,0.15708045835697268,0.4788169953803677,1.03,0.5831791112509827,1.0873211446740858,-1.03,0,1.65,1.03,1,1.65,0
1.032,1,3.552713678800501e-15,2.364413758291326e-16,0,0.000724679794210772,-0.6965088339948237,-0.6631651351035542,0.23815384615384616,1.3256471130874559,0.38610501909325645,-0.387,0.5,-0.7398733280786111,-0.4422857142857143,-0.5038750842878543,0.8440182829888713,0.9526153846153846,0.15407016076709917,0.47886334679607573,1.032,0.581010634841317,1.0873211446740858,-1.032,0,1.65,1.032,1,1.65,0
1.034,1,2.6645352591003757e-15,7.623602488069601e-16,0,0.0002116710902073698,-0.6978011058614959,-0.6660654306033953,0.23861538461538465,1.3262090566167672,0.3859748257032416,-0.38775000000000004,0.5,-0.7423241623510823,-0.4431428571428571,-0.5054343834146452,0.8440182829888713,0.9544615384615386,0.1510474947968125,0.47891147887686214,1.034,0.5788449655222355,1.0873211446740858,-1.034,0,1.65,1.034,1,1.65,0
1.036,1,1.7763568394002505e-15,3.287807259785585e-16,0,0.00030121471550988133,-0.6990928635616125,-0.6689665589364532,0.2390769230769231,1.3267686205218265,0.3858538719692391,-0.3885,0.5,-0.7447730388566075,-0.444,-0.5070016597713973,0.8440182829888713,0.9563076923076924,0.14801213962708004,0.4789615637994658,1.036,0.5766822773198472,1.0873211446740858,-1.036,0,1.65,1.036,1,1.65,0
1.038,1,1.7763568394002505e-15,2.418447493576239e-16,0,0.0008139994322844136,-0.700384127797224,-0.6718684133196828,0.23953846153846156,1.3273257040122275,0.38574230495544687,-0.38925,0.5,-0.7472198708863924,-0.44485714285714284,-0.5085769864108087,0.8440182829888713,0.9581538461538462,0.14496376316658247,0.479013779214819,1.038,0.5745227508818732,1.0873211446740858,-1.038,0,1.65,1.038,1,1.65,0
1.04,1,5.329070518200751e-15,4.513096519464169e-16,0,0.0013267056005111181,-0.701674919435654,-0.6747708841296363,0.24000000000000002,1.3278802033358272,0.38564027750673274,-0.39,0.5,-0.7496645690978699,-0.44571428571428573,-0.5101604387319727,0.8440182829888713,0.9600000000000001,0.14190202152072381,0.47906830852683585,1.04,0.5723665737638792,1.0873211446740858,-1.04,0,1.65,1.04,1,1.65,0
1.042,1,1.7763568394002505e-15,4.721677227280647e-16,0,0.0018393565301491406,-0.7029652595123324,-0.67767385877508,0.24046153846153848,1.3284320116408328,0.3855479485161743,-0.39075000000000004,0.5,-0.7521070413927944,-0.44657142857142856,-0.5117520945951873,0.8440182829888713,0.9618461538461539,0.13882655842861322,0.47912534118746164,1.042,0.5702139407313932,1.0873211446740858,-1.042,0,1.65,1.042,1,1.65,0
1.044,1,8.881784197001252e-16,3.386788038078819e-16,0,0.002351976341640205,-0.7042551692337073,-0.6805772215625624,0.24092307692307693,1.3289810188298137,0.3854654832089968,-0.3915,0.5,-0.7545471927883847,-0.4474285714285714,-0.5133520344442194,0.8440182829888713,0.9636923076923077,0.13573700466597377,0.4791850730090865,1.044,0.5680650540789535,1.0873211446740858,-1.044,0,1.65,1.044,1,1.65,0
1.046,1,1.7763568394002505e-15,7.386363218933693e-16,0,0.002864590009455132,-0.7055446699802541,-0.6834808535543306,0.24138461538461542,1.3295271114049212,0.3853930534443355,-0.39225,0.5,-0.756984925280914,-0.4482857142857143,-0.514960341436713,0.8440182829888713,0.9655384615384617,0.1326329774109786,0.4792477064957365,1.046,0.565920123967374,1.0873211446740858,-1.046,0,1.65,1.046,1,1.65,0
1.048,1,3.552713678800501e-15,0,0,0.0033772234084354998,-0.7068337833095905,-0.6863846324181516,0.24184615384615388,1.3300701723037855,0.3853308380359652,-0.393,0.5,-0.7594201377013005,-0.4491428571428571,-0.5165771015832881,0.8440182829888713,0.9673846153846155,0.1295140795706193,0.4793134511943145,1.048,0.563779368780438,1.0873211446740858,-1.048,0,1.65,1.048,1,1.65,0
1.05,1,1.7763568394002505e-15,1.9371786839635448e-16,0,0.0033307436009568487,-0.7081225309596778,-0.6892884322683561,0.24230769230769234,1.330610080725282,0.38527902309371687,-0.39375000000000004,0.5,-0.7618527255619889,-0.45,-0.5182024038961259,0.8440182829888713,0.9692307692307693,0.12637989906423144,0.47938252406750237,1.05,0.5616430155024925,1.0873211446740858,-1.05,0,1.65,1.05,1,1.65,0
1.052,1,8.881784197001252e-16,2.357361926743702e-16,0,0.003138263162833809,-0.7094109348521607,-0.6921921234975755,0.2427692307692308,1.331146711944505,0.38523780238682176,-0.3945,0.5,-0.7642825808946168,-0.45085714285714285,-0.519836340547693,0.8440182829888713,0.9710769230769232,0.12323000806119709,0.47945514988992377,1.052,0.5595113001184319,1.0873211446740858,-1.052,0,1.65,1.052,1,1.65,0
1.054,1,1.7763568394002505e-15,1.3624049058936403e-16,0,0.002945893303833761,-0.7106990170958193,-0.6950955725983418,0.24323076923076925,1.3316799371159775,0.385207377731358,-0.39525,0.5,-0.7667095920775953,-0.45171428571428573,-0.5214790070405788,0.8440182829888713,0.972923076923077,0.1200639621688007,0.47953156166944466,1.054,0.5573844680377845,1.0873211446740858,-1.054,0,1.65,1.054,1,1.65,0
1.056,1,1.7763568394002505e-15,2.3559985626362806e-16,0,0.002753641296650021,-0.7119867999901645,-0.6979986419738985,0.2436923076923077,1.332209623064297,0.38518795940333145,-0.396,0.5,-0.769133643652961,-0.45257142857142857,-0.5231305023892461,0.8440182829888713,0.9747692307692308,0.11688129956659192,0.4796120010955554,1.056,0.5552627745446963,1.0873211446740858,-1.056,0,1.65,1.056,1,1.65,0
1.058,1,3.552713678800501e-15,3.9279904606840833e-16,0,0.0025615144429045576,-0.713274306029177,-0.7009011897373186,0.24415384615384617,1.3327356320611197,0.38517976657979347,-0.39675000000000005,0.5,-0.7715546161315698,-0.4534285714285714,-0.5247909293148034,0.8440182829888713,0.9766153846153847,0.11368154008266725,0.47969671901702976,1.058,0.553146485275843,1.0873211446740858,-1.058,0,1.65,1.058,1,1.65,0
1.06,1,1.7763568394002505e-15,2.5997285978447506e-16,0,0.0023695200801301577,-0.7145615579051974,-0.7038030694980468,0.24461538461538465,1.333257821587421,0.38518302781012126,-0.3975,0.5,-0.7739723857857321,-0.4542857142857143,-0.5264603944538555,0.8440182829888713,0.9784615384615386,0.11046418420716274,0.479785975951264,1.06,0.5510358767284209,1.0873211446740858,-1.06,0,1.65,1.06,1,1.65,0
1.062,1,2.6645352591003757e-15,5.134655697382134e-16,0,0.0021776655890953576,-0.7158485785130088,-0.7067041301348805,0.2450769230769231,1.3337760440798327,0.38519798152000845,-0.39825,0.5,-0.7763868244282975,-0.4551428571428571,-0.5281390085826713,0.8440182829888713,0.9803076923076924,0.10722871203777712,0.4798800426278705,1.062,0.5489312368006124,1.0873211446740858,-1.062,0,1.65,1.062,1,1.65,0
1.064,1,8.881784197001252e-16,5.01906962259958e-16,0,0.001985958401488504,-0.717135390954073,-0.709604215554239,0.24553846153846157,1.3342901466596504,0.38522487655113147,-0.399,0.5,-0.7787977991769928,-0.456,-0.5298268868580567,0.8440182829888713,0.9821538461538463,0.10397458215128007,0.47997920056950416,1.064,0.5468328653672149,1.0873211446740858,-1.064,0,1.65,1.064,1,1.65,0
1.066,1,8.881784197001252e-16,4.477258189797975e-16,0,0.0017944060080096627,-0.7184220185410097,-0.7125031644325757,0.24600000000000002,1.3347999708431333,0.38526397273927143,-0.39975000000000005,0.5,-0.7812051722028696,-0.45685714285714285,-0.5315241490763586,0.8440182829888713,0.9840000000000001,0.10070123039494648,0.4800837427130004,1.066,0.5447410748931949,1.0873211446740858,-1.066,0,1.65,1.066,1,1.65,0
1.068,1,1.7763568394002505e-15,3.4197786316538123e-16,0,0.0016030159668840509,-0.7197084848022538,-0.7154008099415716,0.24646153846153848,1.3353053522314022,0.3853155415346039,-0.4005,0.5,-0.7836088004614409,-0.45771428571428574,-0.5332309199523307,0.8440182829888713,0.9858461538461539,0.09740806859058035,0.48019397407440684,1.068,0.5426561910884975,1.0873211446740858,-1.068,0,1.65,1.068,1,1.65,0
1.07,1,3.552713678800501e-15,2.706329237088739e-16,0,0.0014117959128479684,-0.7209948134869659,-0.7182969794546701,0.24692307692307694,1.3358061201781917,0.3853798666676678,-0.40125,0.5,-0.7860085354050493,-0.4585714285714286,-0.5349473294196222,0.8440182829888713,0.9876923076923078,0.09409448314349632,0.4803102124617602,1.07,0.5405785536074941,1.0873211446740858,-1.07,0,1.65,1.07,1,1.65,0
1.072,1,1.7763568394002505e-15,7.716269195190742e-17,0,0.0012207535666425482,-0.7222810285702006,-0.7211914942333195,0.24738461538461542,1.3363020974334556,0.38545724486528715,-0.402,0.5,-0.7884042226747826,-0.4594285714285714,-0.5366735129549493,0.8440182829888713,0.9895384615384617,0.09075983354783179,0.4804327892398881,1.072,0.5385085167969651,1.0873211446740858,-1.072,0,1.65,1.072,1,1.65,0
1.074,1,4.440892098500626e-15,0,0,0.0010298967450598395,-0.7235671542583454,-0.7240841690911572,0.24784615384615388,1.3367930997606392,0.3855479866210308,-0.40275000000000005,0.5,-0.7907957017701304,-0.4602857142857143,-0.5384096119282037,0.8440182829888713,0.9913846153846155,0.08740345077852313,0.4805620501520195,1.074,0.5364464504969554,1.0873211446740858,-1.074,0,1.65,1.074,1,1.65,0
1.076,1,1.7763568394002505e-15,2.699597974225747e-16,0,0.0008392333715876831,-0.7248532149948594,-0.7269748120341414,0.24830769230769234,1.3372789355251655,0.3856524170253766,-0.4035,0.5,-0.7931828056943184,-0.46114285714285713,-0.5401557739810098,0.8440182829888713,0.9932307692307694,0.08402463555934093,0.48069835620348234,1.076,0.5343927408991478,1.0873211446740858,-1.076,0,1.65,1.076,1,1.65,0
1.078,1,1.7763568394002505e-15,3.6659004090982444e-16,0,0.000648771487722263,-0.7261392354663327,-0.7298632238744844,0.2487692307692308,1.3377594052514974,0.38577087666111853,-0.40425,0.5,-0.795565360573126,-0.462,-0.5419121534364657,0.8440182829888713,0.9950769230769232,0.08062265649535945,0.4808420846133098,1.078,0.5323477914680685,1.0873211446740858,-1.078,0,1.65,1.078,1,1.65,0
1.08,1,1.7763568394002505e-15,3.417125655616614e-16,0,0.0004585192649913419,-0.7274252406089073,-0.7327491978158781,0.24923076923076926,1.3382343011456497,0.3859037225706149,-0.405,0.5,-0.7979431852445875,-0.46285714285714286,-0.5436789117432848,0.8440182829888713,0.996923076923077,0.07719674805628857,0.4809936298404143,1.08,0.5303120239309694,1.0873211446740858,-1.08,0,1.65,1.08,1,1.65,0
1.082,1,2.6645352591003757e-15,0,0,0.0002684850177706626,-0.7287112556150643,-0.7356325190073659,0.2496923076923077,1.338703406579899,0.386051329301775,-0.40575000000000006,0.5,-0.8003160908168565,-0.46371428571428575,-0.5454562179577419,0.8440182829888713,0.9987692307692309,0.07374610839631657,0.4811534046915173,1.082,0.5282858793428785,1.0873211446740858,-1.082,0,1.65,1.082,1,1.65,0
1.084,1,2.6645352591003757e-15,2.69079202503089e-16,0,0.0000786772169671082,-0.7299973059408337,-0.7385129640628154,0.25015384615384617,1.3391664955358813,0.3862140900407922,-0.40650000000000003,0.5,-0.8026838801910772,-0.4645714285714286,-0.5472442492673583,0.8440182829888713,1.0006153846153847,0.07026989699380008,0.4813218415190906,1.084,0.5262698192340792,1.0873211446740858,-1.084,0,1.65,1.084,1,1.65,0
1.086,1,4.440892098500626e-15,2.6886208025600747e-16,0,0.00011089549534400113,-0.7312834173134526,-0.7413903005425938,0.25061538461538463,1.3396233320018747,0.3863924178405031,-0.40725,0.5,-0.8050463475457673,-0.4654285714285714,-0.5490431915607162,0.8440182829888713,1.0024615384615385,0.06676723209236791,0.48149939351844184,1.086,0.5242643268481869,1.0873211446740858,-1.086,0,1.65,1.086,1,1.65,0
1.088,1,1.7763568394002505e-15,0,0,0.00030022429023746934,-0.7325696157394955,-0.7442642863936685,0.2510769230769231,1.3400736693195345,0.38658674695448975,-0.40800000000000003,0.5,-0.8074032777787644,-0.4662857142857143,-0.5508532400483452,0.8440182829888713,1.0043076923076923,0.06323718792267037,0.48168653613425505,1.088,0.5222699084798775,1.0873211446740858,-1.088,0,1.65,1.088,1,1.65,0
1.09,1,8.881784197001252e-16,4.026472189962285e-16,0,0.0004893001350849319,-0.7338559275135511,-0.7471346693439032,0.25153846153846154,1.3405172494748252,0.38679753428790653,-0.40875000000000006,0.5,-0.8097544459024,-0.46714285714285714,-0.5526745999401923,0.8440182829888713,1.0061538461538462,0.05967879168153606,0.48188376858812915,1.09,0.5202870949225211,1.0873211446740858,-1.09,0,1.65,1.09,1,1.65,0
1.092,1,1.7763568394002505e-15,5.6018574064234115e-16,0,0.0006781137754340634,-0.7351423792274475,-0.7500011862456839,0.25200000000000006,1.34095380232704,0.3870252609781662,-0.40950000000000003,0.5,-0.8120996163868043,-0.468,-0.5545074871860615,0.8440182829888713,1.0080000000000002,0.05609102024187085,0.4820916155402706,1.092,0.5183164430372719,1.0873211446740858,-1.092,0,1.65,1.092,1,1.65,0
1.094,1,1.7763568394002505e-15,3.3306690738754696e-16,0,0.0008666557154455369,-0.7364289977801257,-0.7528635623635985,0.2524615384615385,1.3413830447693111,0.3872704341193395,-0.41025,0.5,-0.8144385424458993,-0.46885714285714286,-0.5563521292859976,0.8440182829888713,1.009846153846154,0.05247279656396767,0.48231062889998566,1.094,0.5163585374564775,1.0873211446740858,-1.094,0,1.65,1.094,1,1.65,0
1.096,1,1.7763568394002505e-15,5.009963638503731e-16,0,0.000889656917258037,-0.7377158103881604,-0.7557215105999382,0.252923076923077,1.341804679812778,0.38753358864702625,-0.41100000000000003,0.5,-0.8167709652595697,-0.46971428571428575,-0.5582087661788208,0.8440182829888713,1.011692307692308,0.04882298577393835,0.48254138980185013,1.096,0.5144139924362645,1.0873211446740858,-1.096,0,1.65,1.096,1,1.65,0
1.098,1,2.6645352591003757e-15,2.220446049250313e-16,0,0.0006939768173536921,-0.7390028445970209,-0.7585747306512073,0.25338461538461543,1.3422183955858313,0.3878152894019192,-0.41175000000000006,0.5,-0.8190966131249293,-0.4705714285714286,-0.5600776512179236,0.8440182829888713,1.0135384615384617,0.04514039087118374,0.4827845107664962,1.098,0.5124834538748217,1.0873211446740858,-1.098,0,1.65,1.098,1,1.65,0
1.1,1,2.6645352591003757e-15,1.857747476599261e-16,0,0.0004973187830211445,-0.7402901282931375,-0.7614229080877105,0.2538461538461539,1.342623864238482,0.38811613339323164,-0.41250000000000003,0.5,-0.8214152005284306,-0.4714285714285714,-0.5619590522448183,0.8440182829888713,1.0153846153846156,0.04142374802106902,0.4830406380677175,1.1,0.510567601515365,1.0873211446740858,-1.1,0,1.65,1.1,1,1.65,0
1.102,1,5.329070518200751e-15,2.671690122478201e-16,0,0.0002996574928125432,-0.741577689716809,-0.7642657133473119,0.25430769230769235,1.3430207407405608,0.3884367522861157,-0.41325,0.5,-0.8237264271294874,-0.4722857142857143,-0.5638532527724374,0.8440182829888713,1.0172307692307694,0.037671721382799304,0.48331045433063385,1.102,0.5086671513553205,1.0873211446740858,-1.102,0,1.65,1.102,1,1.65,0
1.104,1,3.552713678800501e-15,3.70358438614771e-16,0,0.00010096583120071989,-0.742865557476064,-0.7671028006330721,0.2547692307692308,1.3434086615607783,0.3887778151407052,-0.41400000000000003,0.5,-0.8260299766449039,-0.47314285714285714,-0.5657605532919446,0.8440182829888713,1.0190769230769232,0.03388289741513517,0.48359468138933354,1.104,0.5067828582864854,1.0873211446740858,-1.104,0,1.65,1.104,1,1.65,0
1.106,1,1.7763568394002505e-15,4.501991122940746e-16,0,0.00009878526382212556,-0.7441537605615209,-0.7699338067031397,0.25523076923076926,1.3437872432118905,0.389140031434323,-0.41475000000000006,0.5,-0.8283255156219163,-0.47400000000000003,-0.5676812727187819,0.8440182829888713,1.020923076923077,0.030055778594489064,0.4838940834364233,1.106,0.5049155189942568,1.0873211446740858,-1.106,0,1.65,1.106,1,1.65,0
1.108,1,3.552713678800501e-15,2.949404951913421e-16,0,0.00029962696979632695,-0.745442328362374,-0.7727583495393019,0.2556923076923077,1.344156080644751,0.3895241544036298,-0.41550000000000004,0.5,-0.8306126920856496,-0.47485714285714287,-0.5696157499963015,0.8440182829888713,1.0227692307692309,0.026188776469150157,0.4842094705021857,1.108,0.5030659751486177,1.0873211446740858,-1.108,0,1.65,1.108,1,1.65,0
1.11,1,3.552713678800501e-15,2.3390963453915757e-16,0,0.0005015927677267711,-0.7467312906835424,-0.7755760268787123,0.2561538461538462,1.3445147454715547,0.38993098474891763,-0.41625,0.5,-0.8328911340447301,-0.47571428571428576,-0.5715643458780123,0.8440182829888713,1.0246153846153847,0.022280203962242603,0.4845417023066276,1.11,0.5012351169242716,1.0873211446740858,-1.11,0,1.65,1.11,1,1.65,0
1.112,1,1.7763568394002505e-15,3.3306690738754696e-16,0,0.0007047186514882129,-0.7480206777641499,-0.7783864145908477,0.25661538461538463,1.3448627839954381,0.39036137474936733,-0.41700000000000004,0.5,-0.8351604478362745,-0.4765714285714286,-0.5735274449129196,0.8440182829888713,1.0264615384615385,0.01832826682182666,0.48489169253472025,1.112,0.49942388689331874,1.0873211446740858,-1.112,0,1.65,1.112,1,1.65,0
1.114,1,1.7763568394002505e-15,2.659512166168378e-16,0,0.0009090433617385522,-0.7493105202973732,-0.7811890648787555,0.2570769230769231,1.3451997150197283,0.3908162328466247,-0.41775000000000007,0.5,-0.8374202162882167,-0.4774285714285714,-0.5755054576625674,0.8440182829888713,1.0283076923076924,0.01433105409953546,0.485260413593461,1.114,0.4976332843409516,1.0873211446740858,-1.114,0,1.65,1.114,1,1.65,0
1.116,1,1.7763568394002505e-15,1.3287634023007308e-16,0,0.0011146086478738121,-0.7506008494518273,-0.7839835042802894,0.25753846153846155,1.3455250274058121,0.3912965287631708,-0.41850000000000004,0.5,-0.8396699966734671,-0.4782857142857143,-0.5774988231831081,0.8440182829888713,1.0301538461538462,0.010286527519702663,0.48564890191912047,1.116,0.4958643700628482,1.0873211446740858,-1.116,0,1.65,1.116,1,1.65,0
1.118,1,2.6645352591003757e-15,4.500213287832294e-16,0,0.0013214595621812274,-0.7518916968945922,-0.7867692314408832,0.25800000000000006,1.345838177343253,0.39180329923365587,-0.41925,0.5,-0.8419093184259696,-0.47914285714285715,-0.5795080118115684,0.8440182829888713,1.0320000000000003,0.006192509576808861,0.4860582639148811,1.118,0.49411827171308365,1.0873211446740858,-1.118,0,1.65,1.118,1,1.65,0
1.12,1,5.329070518200751e-15,4.499924306713534e-16,0,0.0012746160291827876,-0.7531830948159899,-0.7895457146244546,0.2584615384615385,1.346138585289305,0.3923376544412963,-0.42000000000000004,0.5,-0.844137680583438,-0.48000000000000004,-0.5815335283024793,0.8440182829888713,1.033846153846154,0.0020466701703915923,0.486489682613293,1.12,0.4923961897833005,1.0873211446740858,-1.12,0,1.65,1.12,1,1.65,0
1.122,1,2.6645352591003757e-15,2.220446049250313e-16,0,0.0011116783370745528,-0.7544750759562583,-0.7923123889229958,0.258923076923077,1.3464256325272324,0.39290078526814426,-0.42075000000000007,0.5,-0.846354548915222,-0.48085714285714287,-0.5835759153695015,0.8440182829888713,1.035692307692308,-0.0021534884484213706,0.4869444251752457,1.122,0.4906994043085541,1.0873211446740858,-1.122,0,1.65,1.122,1,1.65,0
1.124,1,4.440892098500626e-15,2.1688407116199647e-16,0,0.0009480940201964328,-0.755767673634259,-0.7950686531181743,0.25938461538461544,1.3466986572834665,0.3934939714884041,-0.42150000000000004,0.5,-0.8485593526860215,-0.48171428571428576,-0.585635757696914,0.8440182829888713,1.0375384615384617,-0.006410648686458347,0.4874238513579372,1.124,0.48902928241266136,1.0873211446740858,-1.124,0,1.65,1.124,1,1.65,0
1.1260000000000001,1,3.552713678800501e-15,7.21186123516994e-17,0,0.0007838383908803318,-0.7570609217783435,-0.7978138661393456,0.2598461538461539,1.3469569503319656,0.3941185910591,-0.42225,0.5,-0.8507514809967311,-0.4825714285714286,-0.5877136864985659,0.8440182829888713,1.0393846153846156,-0.010727696894427697,0.4879294231101836,1.1260000000000001,0.487387286827795,1.0873211446740858,-1.1260000000000001,0,1.65,1.1260000000000001,1,1.65,0
1.1280000000000001,1,4.440892098500626e-15,3.9688326588314734e-16,0,0.0006188842372888411,-0.7583548549595018,-0.8005473430515071,0.26030769230769235,1.3471997500001218,0.39477613069293155,-0.42300000000000004,0.5,-0.8529302786321155,-0.48342857142857143,-0.5898103847172379,0.8440182829888713,1.0412307692307694,-0.015107745312287835,0.48846271548462744,1.1280000000000001,0.4857749855491711,1.0873211446740858,-1.1280000000000001,0,1.65,1.1280000000000001,1,1.65,0
1.1300000000000001,1,1.7763568394002505e-15,1.8146422603435565e-16,0,0.0003954174512518169,-0.7596495084269063,-0.8032683504932085,0.2607692307692308,1.3474262364728868,0.39546819793633853,-0.42375000000000007,0.5,-0.8550950413306492,-0.4842857142857143,-0.5919265929767296,0.8440182829888713,1.0430769230769232,-0.01955415713674588,0.489025429095617,1.1300000000000001,0.48419406281862726,1.0873211446740858,-1.1300000000000001,0,1.65,1.1300000000000001,1,1.65,0
1.1320000000000001,1,6.217248937900877e-15,5.284232489205119e-16,0,0.00008309588391427534,-0.7609449181459356,-0.805976101467781,0.26123076923076927,1.3476355252701326,0.3961965350228475,-0.42450000000000004,0.5,-0.8572450103741407,-0.48514285714285715,-0.594063116422726,0.8440182829888713,1.044923076923077,-0.02407057527100535,0.4896194043998513,1.1320000000000001,0.4826463316713917,1.0873211446740858,-1.1320000000000001,0,1.65,1.1320000000000001,1,1.65,0
1.1340000000000001,1,3.552713678800501e-15,2.3324915366771446e-16,0,0.00011951401923127199,-0.7622411208387259,-0.808669749370212,0.2616923076923077,1.3478266597448103,0.39696303483132417,-0.42525,0.5,-0.8593793663723318,-0.48600000000000004,-0.5962208326186405,0.8440182829888713,1.046769230769231,-0.028660955440352125,0.4902466381378242,1.1340000000000001,0.481133748331243,1.0873211446740858,-1.1340000000000001,0,1.65,1.1340000000000001,1,1.65,0
1.1360000000000001,1,1.7763568394002505e-15,0,0,0.000048568358564681717,-0.7635381540272251,-0.8113483811057955,0.2621538461538462,1.3479986024152328,0.3977697593532479,-0.42600000000000005,0.5,-0.8614972220897346,-0.4868571428571429,-0.5984007007003183,0.8440182829888713,1.0486153846153847,-0.03332960451168266,0.49090930235062885,1.1360000000000001,0.4796584288032221,1.0873211446740858,-1.1360000000000001,0,1.65,1.1360000000000001,1,1.65,0
1.1380000000000001,1,1.7763568394002505e-15,3.0786066653604897e-16,0,0.00021753548014430684,-0.7648360560786476,-0.8140110091231187,0.26261538461538464,1.3481502249009099,0.39861896116836204,-0.4267500000000001,0.5,-0.8635976141261665,-0.48771428571428577,-0.6006037720417393,0.8440182829888713,1.0504615384615386,-0.038081225052796944,0.49160976648440735,1.1380000000000001,0.47822266809447544,1.0873211446740858,-1.1380000000000001,0,1.65,1.1380000000000001,1,1.65,0
1.1400000000000001,1,2.6645352591003757e-15,3.0750945821640195e-16,0,0.00038743795042229086,-0.7661348662530492,-0.8166565621412702,0.2630769230769231,1.3482802961754654,0.39951310854991123,-0.42750000000000005,0.5,-0.8656794932168174,-0.4885714285714286,-0.6028312027455428,0.8440182829888713,1.0523076923076924,-0.0429209674196099,0.492350623219544,1.1400000000000001,0.4768289625976577,1.0873211446740858,-1.1400000000000001,0,1.65,1.1400000000000001,1,1.65,0
1.1420000000000001,1,3.552713678800501e-15,2.330422723788347e-16,0,0.0005583323420718921,-0.7674346247525766,-0.8192838742959732,0.26353846153846155,1.3483874687778055,0.40045491497801944,-0.42825,0.5,-0.8677417128587654,-0.48942857142857144,-0.6050842683520041,0.8440182829888713,1.0541538461538462,-0.04785449098626779,0.4931347188233911,1.1420000000000001,0.47548003630576674,1.0873211446740858,-1.1420000000000001,0,1.65,1.1420000000000001,1,1.65,0
1.1440000000000001,1,8.881784197001252e-16,1.411567700642453e-16,0,0.0007302820888235698,-0.7687353727716029,-0.8218916723575671,0.26400000000000007,1.3484702625284357,0.40144737404526026,-0.42900000000000005,0.5,-0.869783015894025,-0.4902857142857143,-0.6073643812642981,0.8440182829888713,1.0560000000000003,-0.052888036559101737,0.49396518903597486,1.1440000000000001,0.47417887170190454,1.0873211446740858,-1.1440000000000001,0,1.65,1.1440000000000001,1,1.65,0
1.1460000000000001,1,2.6645352591003757e-15,4.162359516179752e-16,0,0.0009033585530027015,-0.7700371525465317,-0.8244785605792936,0.2644615384615385,1.3485270451736642,0.40249380100913745,-0.4297500000000001,0.5,-0.8718020185780893,-0.49114285714285716,-0.6096731115251771,0.8440182829888713,1.057846153846154,-0.058028512576764085,0.49484550177588454,1.1460000000000001,0.4729287463975873,1.0873211446740858,-1.1460000000000001,0,1.65,1.1460000000000001,1,1.65,0
1.1480000000000001,1,5.329070518200751e-15,2.3289183579793235e-16,0,0.001077642310204836,-0.7713400074033885,-0.8270430026089431,0.264923076923077,1.3485560092153197,0.403597882606398,-0.43050000000000005,0.5,-0.8737971915285806,-0.49200000000000005,-0.6120122117631206,0.8440182829888713,1.059692307692308,-0.06328359844626862,0.4957795083232034,1.1480000000000001,0.47173327689881867,1.0873211446740858,-1.1480000000000001,0,1.65,1.1480000000000001,1,1.65,0
1.1500000000000001,1,3.552713678800501e-15,6.661338147750939e-16,0,0.0012532247069997262,-0.7726439818003449,-0.829583299728385,0.26538461538461544,1.348555143961472,0.4047637372291105,-0.43125,0.5,-0.8757668367678754,-0.4928571428571429,-0.6143836473723118,0.8440182829888713,1.0615384615384618,-0.0686618693705867,0.4967715051341218,1.1500000000000001,0.47059647129010557,1.0873211446740858,-1.1500000000000001,0,1.65,1.1500000000000001,1,1.65,0
1.1520000000000001,1,1.7763568394002505e-15,2.796915545271126e-16,0,0.0014302097653134194,-0.7739491213609596,-0.8320975644559299,0.2658461538461539,1.3485222015307043,0.40599598822429084,-0.43200000000000005,0.5,-0.8777090598272211,-0.49371428571428577,-0.6167896333271262,0.8440182829888713,1.0633846153846156,-0.07417294839633283,0.49782630912097253,1.1520000000000001,0.46952279318624957,1.0873211446740858,-1.1520000000000001,0,1.65,1.1520000000000001,1,1.65,0
1.154,1,1.7763568394002505e-15,4.654914855676673e-16,0,0.0016087165317094417,-0.7752554728917035,-0.8345836882301682,0.2663076923076923,1.3484546551244672,0.40729985399275215,-0.43274999999999997,0.5,-0.8796217355400937,-0.4945714285714285,-0.6192326794964519,0.8440182829888713,1.0652307692307692,-0.0798276933061089,0.49894935016966596,1.154,0.46851724007377465,1.0873211446740858,-1.154,0,1.65,1.154,1,1.65,0
1.156,1,8.881784197001252e-16,3.609874138962724e-16,0,0.0017888820043199484,-0.7765630843742592,-0.8370393014508334,0.26676923076923076,1.3483496472958116,0.40868125984545806,-0.4335,0.5,-0.8815024656762627,-0.4954285714285714,-0.6217156469755583,0.8440182829888713,1.067076923076923,-0.0856384286405738,0.5001467859828647,1.156,0.46758544024527865,1.0873211446740858,-1.156,0,1.65,1.156,1,1.65,0
1.158,1,3.552713678800501e-15,5.722232266471322e-16,0,0.0019708648194572223,-0.777872004918251,-0.8394617235221618,0.2672307692307692,1.3482039251081175,0.41014697840296005,-0.43424999999999997,0.5,-0.8833485258901843,-0.4962857142857142,-0.6242418188831591,0.8440182829888713,1.0689230769230769,-0.09161923692650914,0.5014256462134533,1.158,0.46673377406867117,1.0873211446740858,-1.158,0,1.65,1.158,1,1.65,0
1.16,1,5.329070518200751e-15,5.234798519376887e-16,0,0.0021548499516081347,-0.7791822846525494,-0.8418478996312996,0.2676923076923077,1.3480137578664289,0.4117048079767505,-0.43499999999999994,0.5,-0.8851567984743672,-0.4971428571428571,-0.626814990422106,0.8440182829888713,1.0707692307692307,-0.0977863286912446,0.5027940155765189,1.16,0.46596952756366217,1.0873211446740858,-1.16,0,1.65,1.16,1,1.65,0
1.162,1,1.7763568394002505e-15,4.901344126973555e-16,0,0.0023410547866902233,-0.7804939745217513,-0.8441943196465079,0.26815384615384613,1.3477748313139875,0.4133638022955852,-0.43574999999999997,0.5,-0.8869236859560331,-0.49799999999999994,-0.6294395850011889,0.8440182829888713,1.0726153846153845,-0.10415851898600437,0.5042612696580907,1.162,0.4653010895521582,1.0873211446740858,-1.162,0,1.65,1.162,1,1.65,0
1.164,1,2.6645352591003757e-15,3.6233828598504563e-16,0,0.0025297370894346595,-0.7818071259357183,-0.8464969124838451,0.2686153846153846,1.3474821094788976,0.41513457088028993,-0.4365,0.5,-0.8886449983795139,-0.4988571428571428,-0.6321208062427174,0.8440182829888713,1.0744615384615384,-0.11075785046521812,0.5058383832387142,1.164,0.46473820862782844,1.0873211446740858,-1.164,0,1.65,1.164,1,1.65,0
1.166,1,1.7763568394002505e-15,4.2765020647841824e-16,0,0.0027212056357310338,-0.7831217901896846,-0.8487509061406514,0.26907692307692305,1.3471296511611028,0.4170296785795542,-0.43724999999999997,0.5,-0.8903158037165413,-0.49971428571428567,-0.6348648403958523,0.8440182829888713,1.0763076923076922,-0.1176104221766248,0.5075383404084723,1.166,0.4642923338970579,1.0873211446740858,-1.166,0,1.65,1.166,1,1.65,0
1.168,1,5.329070518200751e-15,2.3242439255614287e-16,0,0.0029158346800466817,-0.7844380175214931,-0.8509506385803016,0.26953846153846156,1.346710361365266,0.41906418746494195,-0.43799999999999994,0.5,-0.891930225430405,-0.5005714285714286,-0.6376791311666157,0.8440182829888713,1.0781538461538462,-0.12474751368879575,0.5093766908348062,1.168,0.46397707571469027,1.0873211446740858,-1.168,0,1.65,1.168,1,1.65,0
1.17,1,2.6645352591003757e-15,4.893771202201146e-16,0,0.0031140840862713902,-0.7857558555844889,-0.8530892964164193,0.27,1.3462156469902569,0.4212564084550297,-0.43875,0.5,-0.8934811623154604,-0.5014285714285713,-0.6405727613106463,0.8440182829888713,1.08,-0.1322071443390148,0.5113723213761704,1.17,0.4638088428050886,1.0873211446740858,-1.17,0,1.65,1.17,1,1.65,0
1.172,1,3.552713678800501e-15,5.215887886855573e-16,0,0.003316528075858717,-0.7870753469573992,-0.855158544312083,0.2704615384615385,1.3456349273293668,0.4236289713029604,-0.4395,0.5,-0.8949598905497997,-0.5022857142857142,-0.6435569964022229,0.8440182829888713,1.081846153846154,-0.14003629301224402,0.5135485546315616,1.172,0.4638077465348639,1.0873211446740858,-1.172,0,1.65,1.172,1,1.65,0
1.174,1,1.0658141036401503e-14,7.177199605713491e-16,0,0.0035238975551489192,-0.7883965250200168,-0.857147983063838,0.27092307692307693,1.344954916549061,0.4262103950821837,-0.44025,0.5,-0.8963554808845972,-0.5031428571428571,-0.6466460837354353,0.8440182829888713,1.0836923076923077,-0.1482941563894706,0.5159347615446749,1.174,0.4639989242413865,1.0873211446740858,-1.174,0,1.65,1.174,1,1.65,0
1.176,1,2.3092638912203256e-14,2.190890609792333e-15,0,0.003737144750368618,-0.7897194069516418,-0.8590443277164851,0.2713846153846154,1.3441585328337655,0.42903747895381794,-0.44099999999999995,0.5,-0.897653913361166,-0.5039999999999999,-0.6498584696523725,0.8440182829888713,1.0855384615384616,-0.15705710926246985,0.5185688166481862,1.176,0.46441454784276276,1.0873211446740858,-1.176,0,1.65,1.176,1,1.65,0
1.178,1,5.417888360170764e-14,4.5533831358575794e-15,0,0.003957546381648683,-0.7910439814246353,-0.8608301045178637,0.27184615384615385,1.34322316471547,0.4321591067435177,-0.44175,0.5,-0.8988366715680688,-0.5048571428571428,-0.6532187385401852,0.8440182829888713,1.0873846153846154,-0.1664265986355897,0.5215010059159976,1.178,0.4650970109623008,1.0873211446740858,-1.178,0,1.65,1.178,1,1.65,0
1.18,1,3.552713678800501e-15,6.206447267855696e-16,0,0.004186877694443937,-0.7923701859257847,-0.8624814678361326,0.2723076923076923,1.3421177594959395,0.43564264484316834,-0.4425,0.5,-0.8998783838282426,-0.5057142857142857,-0.6567608764471464,0.8440182829888713,1.0892307692307692,-0.17654241953856484,0.5248005996236632,1.18,0.46610427299368495,1.0873211446740858,-1.18,0,1.65,1.18,1,1.65,0
1.182,1,7.105427357601002e-15,4.630509015177197e-16,0,0.004427727505844963,-0.7936978621926656,-0.863964274884315,0.27276923076923076,1.340797575385367,0.4395854890215307,-0.44325,0.5,-0.9007425753057263,-0.5065714285714286,-0.66053416638278,0.8440182829888713,1.091076923076923,-0.18760667662094946,0.5285677175437817,1.182,0.46751947614220635,1.0873211446740858,-1.182,0,1.65,1.182,1,1.65,0
1.184,1,1.7763568394002505e-15,6.760524504461788e-17,0,0.004684124859365508,-0.7950266605024888,-0.8652263310260172,0.2732307692307692,1.3391937885662004,0.4441379621346994,-0.44399999999999995,0.5,-0.9013732626800244,-0.5074285714285713,-0.6646148890165686,0.8440182829888713,1.0929230769230769,-0.1999313044328898,0.5329568638482955,1.184,0.46946996124959445,1.0873211446740858,-1.184,0,1.65,1.184,1,1.65,0
1.186,1,2.6645352591003757e-15,3.005089885450637e-16,0,0.004962962686183621,-0.7963558058424383,-0.8661798933836091,0.2736923076923077,1.3371899861002758,0.44955517439820886,-0.44475,0.5,-0.9016759592725055,-0.5082857142857142,-0.6691328459275268,0.8440182829888713,1.0947692307692307,-0.2140457036823927,0.5382302452926854,1.186,0.47217021061357695,1.0873211446740858,-1.186,0,1.65,1.186,1,1.65,0
1.188,1,1.7763568394002505e-15,2.02204966011771e-16,0,0.005277969877186073,-0.7976833981038428,-0.8666532000706101,0.27415384615384614,1.334556876836624,0.4563412602423065,-0.4455,0.5,-0.9014649654854754,-0.5091428571428571,-0.6743451912483719,0.8440182829888713,1.0966153846153845,-0.2309961340933585,0.5449061093224087,1.188,0.47604092638088813,1.0873211446740858,-1.188,0,1.65,1.188,1,1.65,0
1.19,1,7.105427357601002e-15,3.490641469818746e-16,0,0.005665923312334247,-0.7990033454064462,-0.8661941422734659,0.2746153846153846,1.330687110219275,0.46583609185812813,-0.44625,0.5,-0.9002494870535235,-0.5099999999999999,-0.6809370298702554,0.8440182829888713,1.0984615384615384,-0.25356369422607344,0.5543623640496059,1.19,0.4821918532924221,1.0873211446740858,-1.19,0,1.65,1.19,1,1.65,0
