-0.05950360428099221,0.004403381070208206,-0.38321540063963255,0.08407295843110724,0.0064845449697150895,0.11529018991874145,0.045334192580361886,0.030229481868675443,-0.331513395950705,-0.1674267726712365,-0.07065546701185502,-0.29634412087132744,-0.10530207574437345,0.22766645987517395,-0.10166076751605498,0.1563695885954408,-0.04225494734228125,0.17280012450716004,-0.253822537903925,-0.2069276366696078,0.11835734017321477,-0.03670049312869141,-0.11363020785016222,0.25998083808868866,1.7763568394002505e-15,0,1.1831971648060804,0.002746878897830115
0.3009680710111617,0.1102407695698222,0.12916014578828136,0.0552122531696765,-0.10848077489490056,0.28722416306013276,-0.1854492237707233,-0.10371246577627265,-0.16955291435863748,-0.07117909375799643,0.29404169448196704,-0.1295262689309907,-0.22641640072651018,0.07968201334170202,-0.16777791626507146,0.3416771201643108,-0.030066412647724673,0.17970757755566497,-0.11409669825004809,-0.09044084969795413,-0.04779298088821859,0.29758122836774314,-0.1152964804783317,0.14878215278951737,2.6645352591003757e-15,-4.578005844711326e-16,1.3745003610894588,0.004050784406036692
0.009121069937038635,0.05607079767431522,-0.3278392859823729,0.08377357740069455,0.012176296292904915,0.18688584104615982,0.11658616641243336,0.06793814997193774,-0.2801949915243481,-0.09417342769638001,0.0018992817808391336,-0.28581910651011205,-0.030186231271826854,0.2506558103943344,-0.14818874107018087,0.1356424514251402,-0.06956344272243867,0.3263126966004036,-0.22374235372250031,-0.16937761822319036,0.25528172120959947,-0.04254019726015676,-0.09913670751425344,0.3637392104157321,2.6645352591003757e-15,-1.2026164318442697e-15,1.666493204407226,0.0043144476114130685
0.014377210054171292,0.07113836601549223,-0.33106671987971464,0.06743039493447196,-0.0017582665375988264,0.20410686525092217,0.11474629569273445,0.07900802211036834,-0.2904022222428924,-0.07787379303645839,0.02760186375572996,-0.30251461385310163,-0.04207691676117406,0.2571781286536726,-0.16905877942783848,0.1251171594454023,-0.08839413289031207,0.35185217070340574,-0.218505702238786,-0.16804162700725855,0.2900611808361587,-0.051799399234269475,-0.10860638889359325,0.38325985828808956,4.547473508864641e-13,-3.778863850006027e-13,1.8768668129887445,0.004435558872152871
0.0038945975573435347,0.08396120197157622,-0.34932238089807555,0.07842218274041815,-0.0003841015659783319,0.18774676518087127,0.09921306578601805,0.0869480363930757,-0.3199617243723178,-0.07775178119871515,0.048777900381599175,-0.3225260105630643,-0.048110750200640304,0.2670638778625002,-0.1946976737121678,0.1402367937105877,-0.10099506552806424,0.3525522606006903,-0.19546618156584566,-0.16002785227722555,0.31660294815866047,-0.03158327560869788,-0.11396683083306583,0.3886780022378205,5.329070518200751e-15,1.373657696074045e-15,2.0621347627245554,0.004339538997715183
0.017338631808141457,0.09131016690060653,-0.36497673065323327,0.0499649336772166,-0.0027926488844972875,0.20268285784252693,0.10244022275549647,0.09937607608007758,-0.3353520202043504,-0.06466097653972075,0.05270086525176751,-0.3497552908498964,-0.026889236615704474,0.2634785489884544,-0.24198293893341177,0.0927130588781097,-0.10441651427933907,0.4044965456865778,-0.2088065364800592,-0.1768862046590866,0.3479749934559258,-0.06299045505981031,-0.11987772582189915,0.420491215322437,8.881784197001252e-15,5.417719414434196e-15,2.439923913604368,0.004471474216309908
0.02304686323266701,0.08855072760835901,-0.3655398104619696,0.04988723820625553,-0.005297468828309915,0.20389043529242823,0.10134156216350507,0.09625098750987315,-0.33856669616585405,-0.05328026293962595,0.05042029147418637,-0.3528030321221949,-0.028649804550049233,0.26259920903235373,-0.24299518239855245,0.09280276211813789,-0.11436401952733309,0.4125585496075552,-0.20303126102241206,-0.18878378707896531,0.35565170635225735,-0.06288146892525484,-0.1293170714065761,0.42752776957426986,2.6645352591003757e-15,-6.962022140352712e-15,2.508332825363006,0.004528073597352402
0.013088897625014187,0.09887707271038954,-0.3861330249502563,0.03748066441244331,-0.008857853932439944,0.21120073610630405,0.07833464672112217,0.11497375010989037,-0.36437574748287294,-0.050714844268261866,0.05409832224260266,-0.38043682703094867,-0.043895689110006596,0.2619104051674828,-0.279083634620328,0.083324243485049,-0.12588458766071933,0.45203423302301815,-0.17539041879330639,-0.23292101703059506,0.39321589858762046,-0.053998475363442724,-0.1554718389560109,0.45964149308499935,3.552713678800501e-15,4.581394587663322e-15,2.9475381368339595,0.004298077385867762
0.029809926625375203,0.11587212335324866,-0.38940991039137174,0.019273235620236483,-0.01789589962072872,0.23906362000128664,0.0849657676480301,0.1296487738319659,-0.36969597831786283,-0.025468061667430857,0.07667304599900542,-0.3896844233815939,-0.04273755642761796,0.2776491351155145,-0.2875951922993621,0.06359620247928856,-0.13415230405026332,0.47604831377509016,-0.18291538959877746,-0.23666075110967633,0.4110262538189348,-0.07330218571339243,-0.16122337113540788,0.47764865900564396,2.6645352591003757e-15,7.411452153451415e-15,3.178877443481732,0.0040244519717929665
0.03875641120454372,0.11587340255148153,-0.40761991457668256,0.02005403717084005,-0.016604502789825767,0.20768757348950093,0.10326962026155583,0.14235217149271343,-0.37916014803043163,-0.032898888144580966,0.05576751999471904,-0.4096228710188496,-0.031178149812548087,0.2452710235931445,-0.32542411906917196,0.05042675012721277,-0.1331391704112316,0.47982754758866264,-0.17923814493733903,-0.2566264614847501,0.40711207594500565,-0.0810059798153019,-0.18114059630987794,0.4704577767310389,2.6645352591003757e-15,-2.220544725521243e-15,3.3334814661390038,0.004256011577514562
0.03286473808881694,0.11264365744734814,-0.41728935536567835,0.03086622481407349,-0.01902156525558449,0.20688923467559595,0.09336659500743565,0.13515042307363728,-0.39401318704389043,-0.035014443954626016,0.05914632878127473,-0.4180334848605684,-0.016694874786174343,0.2508727539187273,-0.3337775917176726,0.058371765440357076,-0.14594391913959448,0.49759281286321005,-0.16939132692937484,-0.25898310021331566,0.4330983054905308,-0.0656515641327461,-0.1859931111791771,0.49194223873309034,5.329070518200751e-15,5.323872719932701e-15,3.5520875848380458,0.004017096759547299
0.0321538518856124,0.12243820744953383,-0.4387804638829076,0.009550227929831718,-0.013650980214485822,0.22057263031950713,0.0804528162757155,0.14275695617016926,-0.4203526103423324,-0.016331794895743393,0.07841265921198108,-0.44283023475587713,-0.04366617036647805,0.2651558130812741,-0.3599644214839537,0.03934493549847804,-0.13990898824549053,0.5174642545823671,-0.1673584690317791,-0.26281103144167534,0.45111592913090304,-0.07766450765501935,-0.1787713020951529,0.5104798201134683,1.5987211554602254e-14,6.02253852930794e-14,3.8747288966307325,0.0038905623381902347
0.024335550158291485,0.12548871193323935,-0.45432035508581575,0.014257586188769702,-0.02459556712144753,0.22399744643820466,0.08525886738012345,0.1491265180708432,-0.4327558828955433,-0.03793432543729929,0.07700243982758116,-0.4580580090756092,-0.016092286741700813,0.2553665486482433,-0.3839297633597774,0.03925890445738938,-0.14845027991610327,0.5288335846653693,-0.17083568486274284,-0.2567379655584286,0.4697938530420795,-0.07317733219663594,-0.1831911710523138,0.5226853057586973,6.217248937900877e-15,-1.0722486915874544e-14,4.109769198197246,0.003834392520483076
0.02830058134841881,0.15301284058039402,-0.4578000487591934,0.01522788336068655,-0.025772758704295816,0.23039090161428058,0.08895569313922362,0.17803644498222573,-0.43568500352391076,-0.03436677225999417,0.10306625210040302,-0.4638476317914614,-0.027908171877559642,0.2665842917113084,-0.3925348221878697,0.0414691954706779,-0.158421205441162,0.5473839985517993,-0.1600332931748027,-0.26701979279893207,0.48827943062430296,-0.07096544065509532,-0.1987825744317522,0.5378491258461812,9.769962616701378e-15,3.16249168206802e-15,4.382337341822703,0.0037244495256212513
0.026173126557551198,0.1509351424860979,-0.47272901534867035,0.013949688957666035,-0.02874262595828431,0.2352230416565496,0.07767948661909667,0.17189250425434588,-0.4552890632507209,-0.02643762151562728,0.10795078493113106,-0.4786904169751266,-0.025345731928021042,0.2772028559572189,-0.40423095571391027,0.04102138069475241,-0.16917581984312055,0.5601968060619703,-0.15537762483796058,-0.27261950206937785,0.5045067283056981,-0.06747247666909817,-0.20125052298042057,0.553641268959971,2.6645352591003757e-15,-2.1856699122626786e-15,4.632179859962865,0.003537357475814449
0.0294403802911722,0.1493882845879106,-0.48794017425816893,0.011496502441957551,-0.04627208435649097,0.23491986074001775,0.07559448972811475,0.16812334187625386,-0.4725516267461492,-0.027753959899539667,0.10357354653959333,-0.49523292208157316,-0.01938812591222125,0.2700038224548886,-0.4231243592550983,0.03827994470520963,-0.187269846623751,0.5685448373440614,-0.15689129953632097,-0.28371977356156586,0.5160314237176348,-0.0722820328930089,-0.22226597751442348,0.559694764095801,4.440892098500626e-15,-8.398330091148806e-15,4.880350486326776,0.0033334033136107233
0.013235748498566373,0.16448940447170843,-0.508779856309713,0.006399464215754675,-0.046966132546433205,0.24920545044883016,0.07056776131721354,0.18587456050769996,-0.49216786863078504,-0.03796147045182606,0.1272756407286546,-0.5148363671920684,-0.04965475997807506,0.2687472360227625,-0.45313760527656843,0.03634697204567754,-0.19189722626858005,0.5987818326579044,-0.1515247285946322,-0.28244446874247103,0.5530620582456546,-0.06762588202212559,-0.2244465709192895,0.5916006634217651,2.7000623958883807e-13,-2.782169434193676e-13,5.3833629332374535,0.0033131660317657833
0.012977174398891681,0.16424402898045598,-0.5095689775653225,0.005685571214701528,-0.04783168495302162,0.24874393812851786,0.069365096639975,0.1856013789656858,-0.49326686492502436,-0.039667973077196904,0.12486227825909892,-0.5162299464734449,-0.046872648061231224,0.26786467894947136,-0.45460327585502047,0.03464781627155058,-0.19241780108305698,0.6005453699273945,-0.1520573767008638,-0.2840046373237036,0.5544939211239075,-0.06937603554336899,-0.22572447975439525,0.5929728855517117,7.105427357601002e-15,-1.5912443005900428e-14,5.408548859768122,0.003298142403708297
0.022999129303117427,0.1708019399174135,-0.5288271789159141,0.003747051606956051,-0.04441751839044628,0.24060818642146703,0.06573057103636734,0.18688885312686726,-0.5167372632623867,-0.028059588371222383,0.1321667879367661,-0.5363068505238716,-0.03495867836097983,0.28145456840869065,-0.4730104268699097,0.029237296109781218,-0.20099885756902575,0.6133623974840304,-0.15408318340274416,-0.28381577459810364,0.5700044901255478,-0.07938567294402123,-0.22882526119121196,0.6061397009444282,8.881784197001252e-15,-9.093299722172018e-15,5.747730700398823,0.003164794716029427
0.020914932360135613,0.16663506634787087,-0.54468463827261,-0.004694592213290244,-0.0538163493414926,0.26072615220193496,0.06923939636193331,0.18685849000639007,-0.5301886744958263,-0.030107375061517658,0.1270297692249121,-0.5532999989162074,-0.01650519553471687,0.274247211642883,-0.4935957968222992,0.011981055288399274,-0.20268486118943416,0.6358314724475135,-0.16071693602629467,-0.29228104026355856,0.5889939662960026,-0.083049768900013,-0.2310971314216395,0.6272535909510796,1.509903313490213e-14,7.118090176629229e-14,6.091596820343314,0.0030598814173398263
0.02075858516772955,0.17663461348922685,-0.5540742539996008,-0.007946174043249852,-0.04775868930463097,0.25738733304600664,0.06735019298573897,0.19934827628364118,-0.5393319443680609,-0.023177839195511897,0.13686819044406073,-0.5637442763864804,-0.030373156692714662,0.2795896444934123,-0.5056299351660308,0.007791424065387095,-0.20223547892748756,0.6477827470740365,-0.15260186740526496,-0.3034155482547924,0.597423111729824,-0.08175303195650405,-0.2362011894292787,0.6371466651621173,8.881784197001252e-15,-1.598238993577987e-14,6.327761350265252,0.0030915980189101305
0.013668846967427602,0.17463139655417062,-0.5593188781484612,-0.009209539126034994,-0.04133129685343612,0.2671122070021754,0.06326673707489763,0.19904346373834894,-0.5439283506058912,-0.02656132548593602,0.1390283824309436,-0.5676552105560172,-0.02058045816854312,0.28478097381029754,-0.5095381647091859,0.0014685145433277855,-0.19470622920119665,0.6643181518713819,-0.1562898987548371,-0.29622523523948885,0.6145138021991842,-0.07714401382897602,-0.22567653134052898,0.6550734767672548,1.4210854715202004e-14,-1.967066098890788e-14,6.50192891741481,0.003152419647577341
0.01783731844261329,0.18203438335027564,-0.5729724674945784,-0.0028991613955402437,-0.04817025774941611,0.2690535780230035,0.06877274763709215,0.20409324941781265,-0.5587484043669048,-0.021036426446830136,0.14991141003245534,-0.5813144673934549,-0.016715153437331792,0.28948620516895984,-0.5244061588078205,0.005536334058973139,-0.20703936498518624,0.674084392639019,-0.1519798826145002,-0.30153873985707663,0.6265339820482376,-0.07235184395098013,-0.23461133497390776,0.665575867992297,5.329070518200751e-15,1.8492891468198094e-14,6.798741153076027,0.002957579260516775
0.023659008981140858,0.18460564459129655,-0.5820450134106423,-0.004309935222294196,-0.050180731324850916,0.26639224816111073,0.06891354091074942,0.20501514512170346,-0.5687193829385268,-0.01885703079980995,0.15063774329604518,-0.5905614396707257,-0.008857010215533508,0.2904281763842404,-0.5344590822380191,0.0032285934757101775,-0.21562531711038643,0.6855315143285856,-0.157184810581496,-0.2995895807176162,0.6417529560937705,-0.08122808998010268,-0.2408115166163264,0.6770477584113923,2.042810365310288e-14,2.150645606023946e-15,7.044106727196627,0.0027415887101869853
0.030145141681387044,0.19508852316368133,-0.5874802619716349,-0.01006485272822942,-0.0825948323488168,0.2828812336221311,0.07210476760640476,0.21136466095052409,-0.5757882727818769,-0.018122118621562742,0.16106164910884643,-0.5973943159425209,-0.028578211688189623,0.28442681786898383,-0.5452246738514466,0.0051595809997432495,-0.25341865321731943,0.6968506714204925,-0.15676004187482115,-0.32638897930130517,0.6564898100639063,-0.09178336222710086,-0.2809152872482339,0.6860632841606269,2.495781359357352e-13,-1.2372635927612083e-13,7.392557021976844,0.002668914325452032
0.03730653914102478,0.20782935380489076,-0.6028151483608102,-0.0018006272811368603,-0.09053188809320714,0.3046791038120443,0.0876612685489528,0.22625968937453908,-0.5890939183799627,-0.012014970417340105,0.17580623655681904,-0.612688291237803,-0.010329342420062526,0.2918570047869559,-0.5630399819722233,0.011523376927420791,-0.2537828281890622,0.7040902520962019,-0.147503802010224,-0.3253143377654602,0.663741606364313,-0.07782588988528256,-0.2789452694647007,0.6940388461705097,7.105427357601002e-15,3.6195957279217326e-14,7.671157633647271,0.002655248003600961
0.03634033359518738,0.2065652793745388,-0.6090844126542556,-0.0009374165470017745,-0.08598904767857973,0.302733908848289,0.0860946163108394,0.22570550659120509,-0.5953106729505737,-0.014627524169516896,0.17287502788630835,-0.6192779500135697,0.005661901526398829,0.2932580641474656,-0.5685272150154407,0.007686471869731759,-0.25349912501114635,0.7165033286182347,-0.1458287764672729,-0.330364464354017,0.6743701845837847,-0.0750709212174491,-0.27928483135355836,0.7063330871634181,7.993605777301127e-15,-4.362900155416623e-15,7.8595022056754,0.002460102953960929
0.0391529302293082,0.2102692874027745,-0.6183221635474863,-0.005033693346594374,-0.09126551144424377,0.3135440493116327,0.08755028483706301,0.2304433481040926,-0.6044651977207015,-0.0077286460988030235,0.17649575564348996,-0.6295506969572907,0.01538046539309686,0.2985115193746107,-0.5778171437055438,-0.0016292949737903017,-0.2611710786594819,0.7334565542013821,-0.15099554588662725,-0.33776405817063954,0.6904824951556757,-0.0800113986018308,-0.28631817549155575,0.7228380604610589,7.993605777301127e-15,2.7728675503879593e-14,8.188777224049169,0.0026004041351735674
0.032804384889894664,0.20977563117897025,-0.6335912515850394,-0.006694941580681787,-0.09216623436025234,0.29700957529652455,0.08027610723175418,0.22894064827724656,-0.6205082123428082,-0.012080059186681426,0.1784953264742111,-0.6436845875588453,-0.004398766274009291,0.29646114668235235,-0.593998184666658,-0.0006457846373568141,-0.264741011542337,0.7262626848740706,-0.1522903950537077,-0.3369473619081071,0.6861805796698833,-0.0814271558185275,-0.29127575197005,0.7154680128713318,1.0658141036401503e-14,2.6912279835465087e-14,8.287325363329836,0.0025404207796650264
0.03699950763832735,0.21907929118655695,-0.6344555930269601,-0.005187038965070165,-0.09998241377517346,0.31940689136387856,0.08145661298933729,0.23777410762601464,-0.6220874784274183,-0.012727586344269994,0.18411400551116894,-0.6458833842158315,0.002808714658836314,0.30042564537959027,-0.5970623052454079,0.005166199308646675,-0.27122373459444077,0.7454391313257883,-0.14415749955595866,-0.341854312771899,0.7068103745310618,-0.07873829377712967,-0.2981547644794187,0.7343610057551575,1.1546319456101628e-14,1.1418960905024788e-14,8.571071346137886,0.002518359690718864
0.03377584142898059,0.21165106410211845,-0.6558985603963698,-0.0030578829636463876,-0.10888315133685186,0.3186504878034944,0.09065781951315416,0.22924165156570295,-0.6426616609002515,-0.008388849912127344,0.1875603877519821,-0.6644720064438826,0.010582254574833671,0.29440191450692027,-0.6187309042412927,-0.003969959480369722,-0.28827406097576735,0.7591886309018792,-0.15452711474507477,-0.3475283892006508,0.7235748485568984,-0.07687613753111261,-0.30570847611841895,0.7514740132003079,1.4210854715202004e-14,5.695919056572202e-14,9.000750505512572,0.0023072215924206402
0.035798820110490875,0.22457909189900885,-0.6591855825161094,-0.009409312892301656,-0.11067402714151366,0.3299194667440221,0.07589217821301225,0.2385558175163955,-0.6497343835426196,-0.0150990063188476,0.19307067513352705,-0.6701862338579623,0.011795485185294679,0.30748604486211034,-0.6219041021675457,-0.0020953403969304284,-0.2892515249305474,0.7717482927037056,-0.15090817231305256,-0.3478506796846324,0.7378621872930643,-0.08530556555713485,-0.31105497123570275,0.7620712622420364,7.993605777301127e-15,2.5278763339035942e-14,9.24632927139609,0.0023293623061581433
0.040690051994412925,0.23010718429039018,-0.6758576610705842,-0.013764955931247656,-0.10232533648414477,0.3225315503385774,0.07834448233881709,0.2447501324294687,-0.6667617980668987,-0.008261747550819314,0.19639702089343378,-0.6880170677032292,0.004357596634349742,0.3088413108255067,-0.642111511205258,-0.006637151742999535,-0.2826825294910864,0.776898068411808,-0.15047291823832706,-0.3456996758231503,0.74186706510135,-0.09188842127647172,-0.3066382739395455,0.7660626638557715,1.1546319456101628e-14,2.8751794013355575e-14,9.503601380167414,0.0024259995855457125
0.036854021542893474,0.22986676943616688,-0.6739491773385666,-0.011511410004032227,-0.11216423854205594,0.33516997013652317,0.07448739044446795,0.24338495471156368,-0.6650577010652355,-0.01081661661956279,0.19993186312529576,-0.684741103849386,0.014197158058326957,0.3143155238384065,-0.6364737487385697,-0.006745832103246349,-0.2959244553634293,0.7886901538878506,-0.15215125385946507,-0.3534144454045513,0.7552402909185335,-0.08706385135386542,-0.3168183414000248,0.7791310521807973,2.3092638912203256e-14,3.35332818920324e-14,9.665310453342164,0.002238281055675347
0.040421133582140466,0.23353667023791985,-0.685699716375693,-0.008284070449369806,-0.10692594112127514,0.33205666226604774,0.08231262384406378,0.24685797307595853,-0.677767082546727,0.0006078318197253155,0.2076983530380686,-0.696598518679357,0.006286652871822367,0.31670925388146065,-0.6510332875171255,-0.006301193579504096,-0.29610205677796214,0.7963182207922825,-0.14769431475252573,-0.3553345484142637,0.762360770800203,-0.08406909294823244,-0.31337965808098994,0.7881696051270866,7.105427357601002e-15,-3.6091239001364e-14,9.926136825518931,0.002192295468196486
0.04001710200766066,0.23691574582005218,-0.7023968423638266,-0.016457930732232125,-0.11008751838317836,0.3518996679414531,0.08042655102499627,0.2538473451296721,-0.6924254525016618,0.006882350218554626,0.21265451495597404,-0.7122256475794507,0.005253482384577706,0.32248842108015063,-0.6669879774494926,-0.017096090222945556,-0.2967797682906374,0.8172900505186,-0.15002378706067446,-0.36374373726433157,0.780539560519761,-0.08747967220714835,-0.31571067685300114,0.8084898235886513,1.0658141036401503e-14,-5.882120102545761e-14,10.388515255676083,0.0023278900318886957
0.03555304942897987,0.2460944623347647,-0.7010204601567451,-0.010799355412387239,-0.1144450392523305,0.3501263666960603,0.07458797185177456,0.26030836451058326,-0.6920015132703613,-0.007368385360240317,0.21961827326762065,-0.7108627430677898,0.006233982243724723,0.3270116865813796,-0.6656323611518634,-0.004849168001440448,-0.3049901466285505,0.8160016196827534,-0.14349932932890994,-0.3624760384986173,0.7837819518968481,-0.0815789176416455,-0.3233411321929766,0.8076886220316801,1.7763568394002505e-14,1.2135055948429806e-13,10.422204233128502,0.0021399591456465993
0.034154117818976946,0.24275252884987544,-0.7146356002730067,-0.009978747294630344,-0.1170244635424895,0.3490072343312987,0.07683844094982027,0.25663897404659275,-0.7064430192337275,0.0012139017593794568,0.22207252278977618,-0.7236158962477865,-0.0011316786974601813,0.3261771423606981,-0.679782149861568,-0.006994411052561577,-0.31192120134036433,0.8233184136006751,-0.14236289164489216,-0.3710099510800478,0.7905068470192399,-0.07727463072353453,-0.3281954249419744,0.8160130220152237,1.1546319456101628e-14,3.862015218680098e-15,10.703366338305365,0.0022877358729475206
0.04496337965195235,0.24050651217596652,-0.7206033426588365,-0.008824535029299616,-0.12464521182879224,0.35600898327604386,0.09135901961570059,0.25387727397562615,-0.7114641620818354,0.010967117388755242,0.22149280606080524,-0.7291428295749807,0.010895444229877678,0.3201590907215775,-0.6876864764993943,-0.013698081921831796,-0.3193366649032853,0.8341682467930551,-0.14899843466691168,-0.3741256566721398,0.8016523434135903,-0.08325709107819315,-0.3327798075788312,0.8271351142906644,1.4210854715202004e-14,6.922102826027733e-14,10.938378844883413,0.0022083362381608174
0.04249599691817978,0.25341513338285476,-0.7313179215376356,-0.019924271047901676,-0.12184099691904754,0.35818064265842114,0.06856399255103877,0.26455308075487977,-0.7259507744089273,0.004592359176710852,0.22447395226740188,-0.7432289063250092,0.002272911119998601,0.3350803584043284,-0.697884705835535,-0.0119668827393015,-0.3209552438564803,0.8450049622908051,-0.143800542618621,-0.37750863815966845,0.8138144271666169,-0.09396532480522785,-0.33949306729615725,0.8358589183457936,1.1546319456101628e-14,-7.0462677923122685e-15,11.283046756910426,0.0020014970038114586
0.035510931297673534,0.2593155983896612,-0.7337492433401827,-0.01183688767020329,-0.1154512564787452,0.3673831557829716,0.08180537715347067,0.28120802063412265,-0.7214168492774095,-0.00226427187774653,0.23147935546702367,-0.7444631622732751,0.0024522123936876012,0.3249217618825231,-0.7063862563945342,-0.013816031497718914,-0.31283420307593074,0.87234069130732,-0.13632017491916895,-0.38319181687993475,0.8365249002691069,-0.07744708029338086,-0.3382798281054925,0.8615726002604317,1.3322676295501878e-14,6.781719850678606e-15,11.635105139979636,0.0021352246505825434
0.033600454701508777,0.2532386065143959,-0.7496008636783981,-0.010054035827378485,-0.13440332397729107,0.36694502126097,0.07614520395579334,0.26091891179921406,-0.7445157705313702,0.0002687581372751169,0.23815883024736348,-0.7576608500730813,0.022692233299397117,0.33841278621750065,-0.7140066216167629,-0.016387678558629656,-0.34278857426895126,0.8611735923341154,-0.15048591601969172,-0.38606895007443287,0.8337638690733102,-0.0800747135430494,-0.3483273899341072,0.8575801623910704,1.2434497875801753e-14,-1.7718050764121874e-14,11.821482491708972,0.002103335305493238
0.03069189734414407,0.2595116853500216,-0.7567430848295555,-0.0036884986322920006,-0.12874479723731036,0.3860667052919781,0.07471413703438078,0.2698389413467669,-0.7510935802574632,-0.004637593834466324,0.24178659638771274,-0.7651111459597081,0.013927714097187408,0.3383945623658375,-0.7249315138627892,-0.0013189164185497969,-0.32975361478636445,0.8823565795600821,-0.13378198379785003,-0.37421437326033996,0.8571278394922585,-0.06697390491014153,-0.3386560192920537,0.8782205073129502,1.7763568394002505e-14,2.5975107631001546e-14,12.153920524456627,0.0018979287975428901
0.031084474643852365,0.26063095717017826,-0.7615147802990792,-0.004288097866052409,-0.12924542549887497,0.3773696557246274,0.08016288983090154,0.2737921473048893,-0.7531814948125652,-0.006275229430085353,0.24199504802227445,-0.7693997951228572,0.01391599148720979,0.33294537477711644,-0.7314584219085758,-0.0071061380415500175,-0.3323937917264622,0.885662754752872,-0.13749553029250755,-0.38037015309002714,0.8586713600577656,-0.07064918267204476,-0.34359520516543324,0.8804515279854912,2.042810365310288e-14,1.322784398648065e-13,12.267266563383744,0.001985516160206796
0.034885928612447104,0.26968602556511656,-0.7741048421668723,-0.018584843372072224,-0.12885158504325714,0.3828660705134164,0.07145154276146634,0.28738040632520545,-0.7646696488660022,-0.0037141249588819166,0.24119817174762162,-0.7851914112756807,0.0038197136659762205,0.33851223449018136,-0.7458032930631819,-0.01657527525539738,-0.326416498857544,0.8905891623232339,-0.13444194959497963,-0.3943677702915951,0.8566667344264718,-0.08181151427896274,-0.3512554037940581,0.8799512980774707,1.9539925233402755e-14,-3.9086250639811904e-14,12.517605249192844,0.0019530999574557085
0.037330860146058305,0.27922590570114525,-0.7813386050413006,-0.01245560213304895,-0.12183867038268076,0.3873969931788592,0.07817178091043557,0.2980928598194054,-0.771717294091181,0.007700447067984394,0.25691721180713245,-0.7911117157458563,0.010430699390309077,0.35298791024815296,-0.7516217259195538,-0.01682718877189885,-0.3317027335753574,0.9141399208358706,-0.13230427214944718,-0.39819591966079215,0.8802306281582059,-0.07388226712626625,-0.3518557835626308,0.905337196843114,1.5987211554602254e-14,-5.6329885916853063e-14,13.009602729486485,0.002111642915320543
0.03731596381503323,0.2800148064409338,-0.7834636267687353,-0.02180507746194703,-0.12075300634508782,0.38734303081275856,0.06988129505686252,0.2985649786209227,-0.7746259131946281,0.0054496016688427296,0.2516633056481228,-0.7951542695511927,0.005673683958538368,0.35138744218118056,-0.7551461219997365,-0.02504021867971023,-0.33174963450427997,0.9262495999084985,-0.13505622776134454,-0.403791435260796,0.8908189856987382,-0.08584554982702462,-0.3568232960014941,0.9153540928197909,3.375077994860476e-14,9.186944550831363e-14,13.213355706443393,0.0020176403507627533
0.03741301656394551,0.2785812632484609,-0.7928181225201095,-0.02143504381628958,-0.12346230380190273,0.38857874179279117,0.07348057617954741,0.2999480527066114,-0.7819958514546497,0.007996451278672474,0.2525359797272021,-0.8034341296269368,0.019609911069608105,0.3547484483412331,-0.7616814426414062,-0.030120191293516764,-0.33419663214322587,0.9240429612515959,-0.13860690746109575,-0.4077993017437005,0.8872868726806323,-0.0824322909883312,-0.35779861734732016,0.9137940835806041,1.0658141036401503e-14,-6.981588103403438e-14,13.308900563361474,0.0018167339832149644
0.032950758191393655,0.28597240979857286,-0.7995792072980865,-0.0186986360568157,-0.1309312906679769,0.395507921732384,0.07494530548678459,0.3051647872614098,-0.7894968053844741,-0.0012335420015868524,0.26156290526174875,-0.8100239888639188,0.010164554113951894,0.3520921242459547,-0.7727851612976995,-0.025710596318637403,-0.3447452097259204,0.9373491846712404,-0.13841133957825005,-0.40969111961768845,0.9042747998133416,-0.08268248190313662,-0.36582854324373704,0.9279940090177691,1.509903313490213e-14,1.3762389299910244e-13,13.678409119515955,0.0019337809860458027
0.042409523814312226,0.28449731355185703,-0.8067095104980031,-0.01827466334175388,-0.12311742846218159,0.3936015887714629,0.06983918530031721,0.3033365399951807,-0.7979209644210533,0.012587390357459954,0.2542984537512112,-0.8185880391197219,0.028030144917499545,0.3609525307322154,-0.775760394819942,-0.0275394123300153,-0.3360799124566106,0.9466161494742977,-0.13068757273767123,-0.41256449047630356,0.9097536545372612,-0.07920059544135082,-0.3634641035828863,0.9350525024002878,1.3500311979441904e-13,-9.595922357399686e-14,13.856895343658405,0.001752606763720333
0.03542344988826774,0.27787540021311624,-0.8158763125914372,-0.022140924214547164,-0.12779641917947382,0.3844501147896463,0.06973144998202149,0.294517791965784,-0.807861337516313,0.007352714990303088,0.2562703077980501,-0.8252387826156123,-0.0020590798515962073,0.3481451662990663,-0.7888231023853668,-0.026924241884402164,-0.3506779841200013,0.9533728713646795,-0.13726039978777435,-0.4152763959744633,0.9213683605414418,-0.08589329067060096,-0.37185396921854236,0.944052212303903,1.3322676295501878e-14,-1.0586175519925697e-13,14.1261914449824,0.0016954121000761712
0.039794221028101776,0.2951253287214946,-0.8292519789933651,-0.018832412894278953,-0.13534202984297963,0.4094176082400864,0.07924873834918357,0.31178513196652347,-0.8218099857921968,0.010785343081538041,0.2740447029328449,-0.8400131397656251,0.02068847059923501,0.36625716173996964,-0.8021582191175919,-0.02743375889401387,-0.3526700370148972,0.9568177880452566,-0.1400459352612841,-0.41102284948303325,0.9260724657941215,-0.08201948026419514,-0.3702878386837997,0.948586494963299,7.993605777301127e-15,-4.8637070153356376e-14,14.482108497127141,0.0015631306722416098
0.03189833825056786,0.2984585275539393,-0.8319691026701244,-0.021041378261874178,-0.12693701261430265,0.39661315803840014,0.07061958875248525,0.3227049949770342,-0.8212829005306945,0.009053048284902046,0.27570648069041775,-0.8426456721643775,0.002007482062570435,0.36546793733895416,-0.8063529884751429,-0.03235074420530009,-0.35536135484459147,0.9772152956001584,-0.12876755041194668,-0.4325635055138153,0.9404446785656373,-0.07844711321049248,-0.379623605624088,0.9670235122857297,1.7763568394002505e-14,4.52966330491265e-15,14.836210888813234,0.0017234987666751918
0.047469828199310164,0.3062307707241297,-0.8380936416766475,-0.02305449975883019,-0.1384905345091285,0.42138798696149526,0.0724578199402691,0.32144256545652994,-0.8314701247496296,0.015365953879563516,0.276458603758776,-0.8508020371371832,0.01747141872302786,0.37358105675767933,-0.8119803929316054,-0.027242207880206416,-0.35531939964642995,0.9806876674600323,-0.13239764688662042,-0.42083958888376966,0.9481935191646648,-0.08814608395763898,-0.3816770310283739,0.9688000202817026,7.993605777301127e-15,-1.3923657703350983e-13,15.019540034597098,0.0016740816068732808
0.036724038818768484,0.3049955298625196,-0.8416832098104469,-0.017619179675215545,-0.13612696001107882,0.4197437394009773,0.0740978775420369,0.3249181492856578,-0.8319965743232229,0.004180660903696412,0.27918174565563414,-0.8527326926629449,0.0280248405651953,0.37178406830004884,-0.8146991089522088,-0.02927102469230635,-0.35623829380457217,0.9870137208267478,-0.13140295288615414,-0.4250879127742558,0.9533220796127867,-0.07858329657298603,-0.37883582121327053,0.9772257546377747,1.0658141036401503e-14,-2.5649248439071217e-14,15.149369929514041,0.0015129590740560073
0.030686279502257875,0.3070597551444647,-0.8528177990818634,-0.02273357917654893,-0.1314011372560904,0.41132187645041174,0.06418318171138564,0.33048991806748185,-0.8438008393711898,0.005791441494073326,0.27905181837471715,-0.865979099533254,0.0216847992117349,0.3773197753318378,-0.8261423860888741,-0.03447976492265523,-0.3603751756264757,0.9979592543731994,-0.12375903200314402,-0.4408730838716203,0.9606097233809476,-0.07729787980654237,-0.38523778952381293,0.9876604602791274,7.105427357601002e-14,-2.930823635618687e-14,15.528536745006422,0.0015892147933056688
0.0397998055728558,0.3057917617482268,-0.8589387825372594,-0.023716434563537107,-0.14348939500155058,0.4275175568214686,0.07237781599842068,0.3277392970910889,-0.8486425144930373,0.014031981001634082,0.2807855917394543,-0.8695299397055197,0.01590979848750312,0.3734848124534775,-0.8322560011267877,-0.03495647334691302,-0.36785172899369095,1.0041640945821753,-0.13188215231680192,-0.43897132508560677,0.9698310892380745,-0.0843556278770595,-0.39111570315267824,0.9939759721774261,8.881784197001252e-15,8.272098395682765e-14,15.72737488226796,0.0016681092127357024
0.030934277618423624,0.306226243797975,-0.8632023812925026,-0.021741731282580733,-0.13679427686679407,0.41618970596207466,0.06339132012530534,0.32564670658812295,-0.8546854666049823,0.008699426969685703,0.28582391176946664,-0.872635630981178,0.022506223875705132,0.3834336987309077,-0.832408481490008,-0.034234515956689825,-0.37393943370067695,1.0102871651860739,-0.13110254387527093,-0.44463301386419507,0.976004803890923,-0.07449920331321529,-0.3939909154692423,1.0017624700327818,2.220446049250313e-14,7.112296931297293e-14,15.915993942628155,0.001500251177323624
0.04116244097656135,0.31291048323920934,-0.8745989895075479,-0.02147286583267252,-0.14439946511837565,0.425653340870281,0.07815501821069586,0.334331844410102,-0.8642644646239623,0.013655740159520707,0.2896806868506215,-0.8849031474519414,0.023496026606967774,0.37790380880468577,-0.8489558709962883,-0.035997721415793923,-0.3745672880740041,1.0149206590378292,-0.13441020345847934,-0.44167759340358514,0.981814181166221,-0.08240283755973035,-0.39708698662451125,1.0049743402036027,7.283063041541027e-14,7.173105213845613e-14,16.2030314573795,0.0017724903766842797
0.04450633785786259,0.31208651148057426,-0.8791884810375127,-0.028837894859215212,-0.13885312509638603,0.42716197216395463,0.07563023577428868,0.3312116345057562,-0.871422246414239,0.01747377735896055,0.2862639312286335,-0.8912760519221495,0.014516202863215031,0.373592836105984,-0.8572390624421351,-0.04184577011462874,-0.3711246151516776,1.0348333485209174,-0.13844052131247767,-0.43808344070844285,1.0025110165318445,-0.09418337004894274,-0.39568317423695815,1.0238829474281823,1.9539925233402755e-14,-1.5322599161820587e-13,16.578222672795405,0.0017129134361868665
0.046772484115693555,0.32119451973983976,-0.8823536205666159,-0.022059817881577272,-0.1465518947262128,0.4258979178685926,0.07480563247750047,0.33974640428682973,-0.8745639121220684,0.014413876916406906,0.2893422976953141,-0.8963066599485123,0.02644818151586593,0.3795635409933363,-0.8601407977833492,-0.03282272925663712,-0.3851290477246731,1.0399164207384817,-0.127877865466152,-0.45243506722524124,1.007484362073024,-0.0877585519185555,-0.41162901449168626,1.0280597340501334,1.4210854715202004e-14,4.6461206809951634e-14,16.82353155187822,0.0015661032046064883
0.05172537928384236,0.3168562280760808,-0.8912765349190173,-0.02161958093693606,-0.1504347710187182,0.4259832920113868,0.07293981665483151,0.32832253365288294,-0.8867372502697687,0.009527726613355263,0.2825174505941423,-0.9056929958455899,0.026760983974951545,0.3714724089651594,-0.8709409059131495,-0.025447801982053382,-0.3847578306555999,1.0433302769841524,-0.1309887494243425,-0.4374321536785102,1.0170395102161176,-0.09334370670637857,-0.41138336327077973,1.0310528857344232,2.3092638912203256e-14,-1.195117909505785e-13,16.985664921226174,0.0013877601823967002
0.040281500372986445,0.32730001906732364,-0.9006982454833119,-0.030285235941007658,-0.15073917185797558,0.44856086061758316,0.07060603008681648,0.3472369451812125,-0.8920318691894902,0.018858417276275796,0.3064285199428228,-0.9104444281643367,0.0021872783535953795,0.3890672808925058,-0.8777674104030855,-0.03880353078860723,-0.38612275295342996,1.051404345587986,-0.13368291352248363,-0.45162523548327593,1.0197107392604259,-0.08762427609643571,-0.41080020002084755,1.0405563338635566,2.930988785010413e-14,-8.36497009960379e-14,17.320678723466674,0.00149364977902428
0.03760311321093322,0.3271390054284453,-0.9062074057039161,-0.027035340250303925,-0.1476405407568329,0.45091566067211275,0.06689594504957637,0.34758289316745805,-0.896948394831716,0.018853893711371156,0.30840445747015266,-0.9146126150653582,0.01744395917492957,0.4001904911426918,-0.8774902559882789,-0.04252286668943433,-0.39042062495764784,1.0641464327374766,-0.13103818294922961,-0.46072296298659526,1.0305587643815601,-0.08331426283856029,-0.4090697821182017,1.055903289125403,2.7533531010703882e-14,3.2591843149296814e-13,17.6180780390062,0.0013984982532179553
0.042024366111785706,0.3294084236864971,-0.9145697736911376,-0.02883137412456477,-0.15361179123321625,0.45255935167604056,0.06354805648468076,0.3447945262278066,-0.9085778699795913,0.019098010937984456,0.30493294887427586,-0.9256253447475226,0.022116154200316103,0.4001348440730006,-0.887457101270413,-0.0411681130178221,-0.3930298237213151,1.065106056416314,-0.13052604296139908,-0.4617643183268316,1.032368542577995,-0.08764405931056404,-0.41560050037290375,1.0551038937928119,3.019806626980426e-14,-6.994120255742484e-14,17.808462121578184,0.001548125636147194
0.04347693138546181,0.3358323203173742,-0.9262878293475998,-0.021516289211601827,-0.14829073265489184,0.4407599995506992,0.07656372501838117,0.3545907379306965,-0.9176761646335116,0.01616716478132564,0.3135837626426031,-0.9363370680792618,0.023381647299382993,0.3963375946822406,-0.9031086084472082,-0.03749150619815448,-0.3961776393133792,1.0790550685083562,-0.13354064942927632,-0.4551723642118059,1.0499489653901097,-0.08545428464976998,-0.4170864523353269,1.0696088768856868,1.2434497875801753e-14,9.887519200603413e-15,18.268483194853214,0.001545946394929131
0.0430059323332904,0.33873125461586767,-0.9262112284596915,-0.022873131701122595,-0.14675233297987234,0.4413779515546578,0.07711615612657303,0.35694557412022243,-0.918310934977482,0.015953824749549372,0.31701648376113645,-0.9367543360265703,0.02144888950834209,0.3980844930251059,-0.9041609375434347,-0.04055037831893395,-0.3958582810571987,1.0818194491470847,-0.1342610552473482,-0.45719486983753777,1.051765859756511,-0.0877552512349793,-0.4162884556059458,1.0725263642876575,1.4210854715202004e-14,1.290287721738845e-13,18.338269989187744,0.0016492137433659162
0.04917397347816796,0.33502556538043154,-0.9309532191459666,-0.024244157148826342,-0.1620853171067984,0.4543956059209357,0.07383799727225607,0.3494577653411842,-0.9250072071120374,0.017291098418340405,0.30778778821275515,-0.9431949605785244,0.026416082176091562,0.3934603589692536,-0.9089970864318905,-0.03545826246788851,-0.40850149868782465,1.0900661889870082,-0.13000248797631592,-0.4674703450842979,1.0612426239641388,-0.08996193122272,-0.43186750194476486,1.0793271913628129,3.197442310920451e-14,1.6028876315696605e-13,18.599070248639922,0.001630493799429853
0.03587071252992733,0.3396374719726966,-0.9444176574960224,-0.025709305785790004,-0.15587065352809515,0.4560095033393087,0.07073346117293036,0.36248756191518383,-0.9337740456939382,0.015661213886633708,0.3212603851033686,-0.9526671591276601,0.017407281020285534,0.40418810386087733,-0.9191138347979408,-0.0413950863521256,-0.40876141736532756,1.0941337689679056,-0.12984381226954889,-0.47349411983179873,1.063104254486493,-0.08210916406519952,-0.4258631579944321,1.0864837812094659,2.842170943040401e-14,-1.4314662484882532e-13,18.89157762134779,0.0013532406421374002
0.04683867103288615,0.34079527910049057,-0.9503264606661922,-0.02197893564429774,-0.1674574755231404,0.461389158064088,0.07431348078893574,0.3535149292915193,-0.9458529756864067,0.01875206201683197,0.32030128102299654,-0.961053173403848,0.018868080507235787,0.40062792779777645,-0.9289199469646965,-0.03355152301668765,-0.42004093637102263,1.1057538087272731,-0.13145792655560956,-0.47013326970389463,1.0803401810084627,-0.08856085331690026,-0.4374483192810706,1.0973208025648793,2.1316282072803006e-14,-6.959591817310797e-14,19.28813237851662,0.0015300893566484468
0.039897879481287056,0.35021640011418786,-0.9504546961133743,-0.028937128089428558,-0.15208763558869315,0.4584467137312346,0.06802477249656652,0.3658641074696396,-0.9446164566416608,0.015823367633093388,0.3297379085722984,-0.9609989331651675,0.019888022122437145,0.4137803541063176,-0.9271555837648523,-0.04515025281067474,-0.41254665731385415,1.1188061308096062,-0.13375803729027355,-0.4744628617862748,1.0889048183828358,-0.08992119346442612,-0.4317779843633647,1.110039113284605,2.6645352591003757e-14,4.224839216292853e-14,19.514855713024094,0.0015729944483883322
0.04365910754813295,0.34341090923948747,-0.9588945226538725,-0.022098522474978333,-0.16689861725475538,0.46634254952461446,0.08187292954956221,0.3587536332175174,-0.9531694095804543,0.022978959605207724,0.3295670141840754,-0.9679787053412734,0.02303618496629791,0.40506728443176393,-0.9372881979702706,-0.04070692898674775,-0.4266718684493205,1.116865418075722,-0.13656504004988151,-0.47763547487157865,1.0905014101753612,-0.0846808436672245,-0.43934877790026305,1.1105356056280986,2.842170943040401e-14,2.682079524031836e-13,19.680671845228726,0.001365414534626576
0.0530528085206197,0.3553219601802936,-0.9640457913617131,-0.025666948467802656,-0.16490949618508138,0.4700760874047342,0.0807264639545662,0.3678116863809258,-0.9598327113800511,0.025560879431616154,0.3355889536823501,-0.9751472143821054,0.028092932066996885,0.4145239355960437,-0.9432046864268859,-0.042488263621370856,-0.4283963456053908,1.129958682454052,-0.13381248545181876,-0.48295004083134446,1.1023683838070453,-0.09372384584268169,-0.44416547009110147,1.1219170313019498,3.4638958368304884e-14,-1.1478596064163447e-13,20.075728527109526,0.0011987901587311475
0.04275053362946967,0.34623531654146233,-0.9748478086760698,-0.028417842077844986,-0.16608638662519398,0.4731080192434028,0.07326665778951694,0.3644811080044013,-0.9704662344223224,0.023891330583270268,0.3274984578833317,-0.9872208540831947,0.020688499508884583,0.40870759327637923,-0.9550224429937653,-0.046494707364248974,-0.42585094653165145,1.1372954876993762,-0.1282516780389589,-0.49181583671115897,1.1063373904079439,-0.08707981979086275,-0.44407842336778464,1.1290933880911949,2.6645352591003757e-14,-9.256641743458645e-14,20.335711369045086,0.0014453129948537665
0.05190050967664292,0.35046528610060806,-0.9766914199429092,-0.022952161100351906,-0.16844930574950676,0.4702746638985122,0.07523071619144364,0.3625758790243385,-0.972088302287522,0.02653339525572014,0.3308264891440691,-0.9863873953817537,0.02178778560966647,0.41142157051679,-0.9545111484448037,-0.03714723734938961,-0.430009042126194,1.1417661221215256,-0.13088515717640897,-0.4813487660812347,1.1161034454758325,-0.0890751912484373,-0.44959679915997774,1.1324981558652847,3.197442310920451e-14,1.242788126862873e-13,20.445735689642408,0.0014884477608710681
0.05175219275186226,0.3531461900742774,-0.982426952307236,-0.022799029615060588,-0.17377929989407467,0.48701258681601844,0.07824932178969957,0.3686340542055154,-0.9763953822318631,0.026448790214930303,0.33157488553909514,-0.9929666134503526,0.028187326766179722,0.4114967131650537,-0.9612673990508546,-0.038499652866330863,-0.431352819092517,1.153544342253933,-0.12833288731370138,-0.4871459947524139,1.1263479465441486,-0.08562482605844048,-0.4525821608761749,1.1438610436531331,3.108624468950438e-14,-6.28411566751733e-14,20.771479617306767,0.0014092775985060204
0.053417775670900454,0.35198863727045343,-0.9910531891957486,-0.021651493452496208,-0.16695784209589645,0.4731747611209455,0.0819497849150026,0.3670790782943075,-0.984539971587741,0.03505696141558029,0.3377192406297016,-0.998452887956533,0.025282760865916784,0.4156321600128552,-0.9676906142087338,-0.041696103731690845,-0.4386538106874548,1.1600996073446799,-0.13318746438529785,-0.4885332401259418,1.13476562812352,-0.08950844020554692,-0.45044320423650813,1.1538617531970312,4.263256414560601e-14,2.704228133406367e-13,21.065964651124315,0.0013384697578402742
0.05098307600053418,0.3632961314595603,-0.9975728788528364,-0.03009993983078331,-0.1697115502845908,0.48193983165059223,0.07397499335875742,0.3767908196367672,-0.9923984985289711,0.027428741344568155,0.34314415843080015,-1.0075798828815543,0.024591635705076317,0.4235371724406291,-0.975647875259789,-0.048777056748492593,-0.4394576762004879,1.1700852465455611,-0.1348044012031347,-0.496609812402701,1.1421854203486677,-0.09561199502749063,-0.4590077440030089,1.1608393227868776,3.375077994860476e-14,-2.2046047646716448e-13,21.438396106180807,0.001451315370955917
0.04823973617713334,0.36500515248046167,-1.0045539609154122,-0.029038484847807338,-0.16832291744516548,0.4815357161605056,0.07647813603028839,0.38313420501291046,-0.9972263002759801,0.02873351976751091,0.3468614000537274,-1.0137893295762275,0.021435540458904903,0.42361780902096663,-0.9834139418709794,-0.048955867973772875,-0.4420286912130355,1.1753723131279095,-0.13422689607605437,-0.4985476462997679,1.1477921985571362,-0.09418973692380556,-0.45820116017889034,1.167539777567666,2.398081733190338e-14,3.6462220103613537e-13,21.678051600228336,0.0013131612310970018
0.04594071257527244,0.36476593572560917,-1.0102987832031702,-0.029276102684771807,-0.17823469232472838,0.49224103648172535,0.07101640005185296,0.37847079346795354,-1.0050702634681228,0.016940009679090533,0.34194204739510736,-1.0213257380975582,0.02192413530066375,0.41778426467806645,-0.9912557523580824,-0.04381622476527053,-0.4471139892046051,1.1844268625901635,-0.13016413855215886,-0.5018044935002776,1.1581532840993223,-0.09380389535139592,-0.46660468266935695,1.1753088460333807,2.6645352591003757e-14,-7.513987133680779e-13,21.965104847261944,0.001329444638937691
0.04992141386162723,0.3711391305878658,-1.0124314744617626,-0.030473031579150028,-0.17472406443057598,0.4914496286031745,0.07509234872055102,0.38550046092621765,-1.008873097177187,0.027587847775065406,0.3511125719447739,-1.0244687000145951,0.02307248351902368,0.4279772465548467,-0.9939877661221134,-0.048943892857349194,-0.449484724553453,1.1895995938086978,-0.13404772005359408,-0.5045612344445392,1.162659679373707,-0.09654338809605152,-0.4675587619907393,1.1808789610217714,3.019806626980426e-14,2.2236640828958143e-13,22.19278168449261,0.001478247500970976
0.044306884888409837,0.36586632533736896,-1.0202196825716676,-0.028693389830765335,-0.17769638705902907,0.48934795143855225,0.07278220826176207,0.38070251005517247,-1.0147741457323765,0.01834253541624272,0.3458745760211084,-1.0306570515459272,0.02376837846640963,0.4206209147440472,-1.0008930777801368,-0.046743011405282434,-0.45066985513378155,1.1896933657910533,-0.13453800856549517,-0.5021766999894546,1.1644309802391493,-0.09419558172684975,-0.4671058414227065,1.1817971847014923,7.105427357601002e-14,1.9224873228876458e-13,22.271673803168273,0.0014643703460654179
0.04676348508325646,0.36003129909390796,-1.0328313144598218,-0.030513337294343443,-0.17653946592961614,0.48834738079108436,0.07181219247789619,0.37185445533532074,-1.0301200681996978,0.01988357178558418,0.3400582407409186,-1.044382627466097,0.031585404540081664,0.41770180704460325,-1.013866380432565,-0.04967994294769056,-0.45028725614299697,1.2019197926828524,-0.14013412535931372,-0.49640433315207677,1.1788218759104347,-0.09856759152038205,-0.46566541300120645,1.1943463728219086,6.661338147750939e-14,-1.272679056153981e-13,22.699552170524445,0.0013916960889897225
0.04244180606816461,0.3704329596890716,-1.037527531166288,-0.03089622095889174,-0.18399261221486818,0.50243276748003,0.07128015075152701,0.388205137998875,-1.0303326955521395,0.017344216719439316,0.34883492721412007,-1.047878574734216,0.021674104638212805,0.42214851039930235,-1.0189323011902467,-0.05060907323031588,-0.45197799114854714,1.2037630265603942,-0.13454120309715248,-0.5074225320900335,1.177369889000604,-0.09451234709463803,-0.4724120094428882,1.194533426566023,2.398081733190338e-14,9.13656432986499e-14,22.859682061907307,0.0011272311034384455
0.05579570347070858,0.368980641533812,-1.0380119814989346,-0.0338800720160491,-0.1806995379936688,0.4956890613860251,0.07735490700669276,0.37746789341335507,-1.0352056178048672,0.030803861788732116,0.35369365370654926,-1.0467152344665807,0.0326023826818234,0.4301543246668972,-1.0163906761351231,-0.05751341552831401,-0.46523488183446654,1.218739745760364,-0.14977736050960924,-0.5044641341655689,1.1973237903902811,-0.10936674636184691,-0.4761743891872246,1.2122445487859366,3.8191672047105385e-14,2.586763426219972e-13,23.24139012952099,0.0013938380465980697
0.056204296164750575,0.37014621357100574,-1.0435274220752884,-0.035260952182194036,-0.17970986950779175,0.49625652446575447,0.07637470883243744,0.377728617525773,-1.041209525797022,0.030512221006559197,0.35496395942824016,-1.0522385926085216,0.03254452469700486,0.43142922746174395,-1.0220162169129472,-0.05983916292624954,-0.46473747724238523,1.2239492626443633,-0.15023351926306167,-0.5061785376242756,1.201809543607241,-0.11115323609893991,-0.47607785900294775,1.2173120490918248,5.417888360170764e-14,-1.8446453923172624e-13,23.442805788984575,0.0013647626303708298
0.053309768798926974,0.37229371121755417,-1.0464990207624472,-0.031312452897019026,-0.18177497058843353,0.497009948823689,0.08070144090128188,0.38047799520918546,-1.0440561569508022,0.03378284287065944,0.3623123949615705,-1.0538621698961748,0.02649158726979828,0.4333568372964711,-1.0257798764017028,-0.05701467405419201,-0.4699332462303383,1.2259413670162436,-0.14951129661448165,-0.5072604938272719,1.2052054969410768,-0.10476592529158449,-0.47886272519770734,1.2204644891681364,4.796163466380676e-14,2.376636178197321e-13,23.588799573611023,0.0012930158164202363
0.05249629866971278,0.38709666491874584,-1.0526944097269901,-0.025376460927157073,-0.18313961935634185,0.5074537187576902,0.08173955323189594,0.40190832178875696,-1.0462150255049132,0.030023209849410117,0.3710689302303045,-1.061000494669428,0.03966033160339797,0.44506179876713914,-1.0307638735265447,-0.04985918634822891,-0.470870459105394,1.230433621293241,-0.13726933109760325,-0.5167528754413941,1.2067213403371115,-0.09233132088377172,-0.4836571257303459,1.2238372562033135,2.4868995751603507e-14,3.575890791109544e-14,23.858341384239324,0.0012934561842679838
0.054841075586180406,0.383228448907174,-1.0582976350912727,-0.027439997693760616,-0.18570408828092497,0.5077712959019403,0.0775135619203476,0.3932879750069893,-1.0571540847242933,0.032710197421012326,0.36742286406562047,-1.0692941880710443,0.03294615656046437,0.44282354631649834,-1.0392167279381204,-0.048690602956176894,-0.47595503163046377,1.239505674912106,-0.13619110248166938,-0.5191908712471331,1.2171661721261733,-0.0975198939006573,-0.48718777496008214,1.2332645099652284,3.730349362740526e-14,-6.983099546604758e-14,24.19160347383612,0.0013559348370000028
0.05455603666834253,0.3888771624470464,-1.0654648061418162,-0.025867113244609063,-0.1953623910945241,0.523136795664198,0.07704709410189903,0.3989230933886561,-1.0623320258077336,0.02467572401143088,0.36914585147840484,-1.0759242058408576,0.02364583316647674,0.43712677172400466,-1.0491398065196575,-0.03978757428322641,-0.4791710425771557,1.251095143249389,-0.13074860358687931,-0.516438507220163,1.2316097102272792,-0.09638550677963516,-0.49431269577139914,1.243203366570776,4.085620730620576e-14,4.8734056196470245e-14,24.557054805777582,0.0011284809695361682
0.052026806304696506,0.38815314419975,-1.0670619341592549,-0.028641594064348255,-0.1873504786440657,0.5115468520988236,0.0819054602760723,0.39954687234208036,-1.0653003502293505,0.03275883631303922,0.37603152848497895,-1.0772437650302344,0.032552114130937615,0.4462987374313663,-1.0489487111295943,-0.05378129666165078,-0.482355754061123,1.2503963601738883,-0.14127577841175062,-0.5246308366308657,1.2281139182625151,-0.09661239285765749,-0.49274550191384375,1.2446674778495352,4.618527782440651e-14,2.8727561842281965e-14,24.64332129679837,0.0011810633155948324
0.053233854375676196,0.37688923741864855,-1.0788881135049209,-0.03495638472702828,-0.18737332738727883,0.5072102379470627,0.07486044788221614,0.3861647453292723,-1.0783691908722155,0.025819618452450323,0.35799368612365384,-1.091239151742609,0.034188931053309425,0.43163390863789475,-1.0624473069442986,-0.058278138084074005,-0.47512871892668473,1.2570981288859269,-0.14454624664943552,-0.5186291358052983,1.2350850959302078,-0.10830075420376098,-0.48903760629188864,1.2497596955634203,3.375077994860476e-14,6.562746700736926e-13,24.863077683263494,0.0010530477908402259
0.044710097029519266,0.38325033960666327,-1.0891848102678192,-0.03903384297191659,-0.1993274454687965,0.5286687053105674,0.0763688749999694,0.3996938617057418,-1.0814736654439516,0.02029671704721324,0.3663634373040959,-1.097279677348909,0.02094499475289538,0.42984918258005234,-1.072414633110803,-0.06709253842024414,-0.4792461640321179,1.266765323109018,-0.15002111713791846,-0.5278456594665611,1.242794149032431,-0.10896846232296141,-0.49664971070161756,1.258480438729499,4.884981308350689e-14,-6.270340101529147e-14,25.24165483328156,0.0011037424293725074
0.053263153871061064,0.38684485232199406,-1.0863054735216144,-0.03810963729776572,-0.1837525474606915,0.5144925996599081,0.0725123151998839,0.39498569754874635,-1.0862001261932277,0.0377267524177778,0.37607376129465736,-1.0953387991046812,0.030559170454730892,0.45299790439435716,-1.0652041953003233,-0.0640712430100541,-0.4849394209426979,1.2744483651511858,-0.1502895844528494,-0.5253191920224989,1.2530788804391793,-0.10915341277581882,-0.4935787390208623,1.2691885896031565,3.9968028886505635e-14,4.5094860141354545e-13,25.465729821808306,0.0010623505583413403
0.03994226271282573,0.38346252769290146,-1.096318589187994,-0.028423189237966127,-0.19058713515212775,0.5136806374474304,0.06751945321072704,0.3946426256066111,-1.0949428854779717,0.011027846123565043,0.36497453656897605,-1.1083544452863805,0.031532017229328226,0.4337730056914503,-1.081099963752988,-0.048063611698801,-0.48560490184736765,1.2834174263826943,-0.13376345239314136,-0.5273704607670547,1.2629393390359525,-0.09420177800742971,-0.498163686833374,1.2772173731678804,2.1316282072803006e-14,-4.0226990674971287e-13,25.788791489543645,0.0010064375850909074
0.049436249202682254,0.3892802735738216,-1.1054805879066067,-0.037232622439936504,-0.19771747548451807,0.535258981673819,0.08155111849442757,0.4053072563671354,-1.0972023459572302,0.025428105626895948,0.37432003405964087,-1.112177048670571,0.029851062234871814,0.437572734357309,-1.087308266362842,-0.06475872251673921,-0.49025571956762665,1.2907639611458492,-0.1507945541739067,-0.5290809032252174,1.2703368926993386,-0.10992421701366037,-0.49934809303149724,1.2853881179089204,3.197442310920451e-14,-3.6967857721340454e-13,26.115832197417006,0.0007298034339227176
0.043595000239070786,0.3888863579011211,-1.1119849106646984,-0.03533361861836192,-0.20720817799460192,0.53727706087174,0.07576093911371186,0.3995813517182897,-1.1082207987798733,0.020892602193917063,0.37715754042571914,-1.1197445278232934,0.024682240091458287,0.4400676271184622,-1.0947829325818792,-0.059509780918305645,-0.5002785009744696,1.2924211630040912,-0.1488427437273084,-0.5337301324570064,1.2741246122748462,-0.10248201877086566,-0.5119371078984506,1.286320141847697,3.730349362740526e-14,-7.855069015360808e-13,26.375460123421064,0.0007584014994280526
0.045497121759007615,0.3955453235511227,-1.117270752971096,-0.04060684872462653,-0.20422240241741638,0.5385676217135101,0.07190488742881096,0.40904888122077504,-1.11371571310311,0.02173832509106503,0.37758542963222413,-1.1282149550338791,0.02658199165736271,0.44565001907232094,-1.1013962216958864,-0.0639374368349117,-0.49680809778964785,1.297367123841403,-0.1465610955711771,-0.541455905489551,1.2751381237043315,-0.1070499509911937,-0.5136439444551185,1.289256196081529,4.618527782440651e-14,-6.634644572389084e-13,26.618960199502858,0.001153477955244226
0.05005715871445295,0.40021721739982863,-1.118095098940708,-0.027159690436573354,-0.20268989415568667,0.5378054066040839,0.07915068964024632,0.4084717478520084,-1.1150430624822656,0.025861674718693477,0.3893133959038656,-1.1251272021399852,0.033773823127769144,0.4536623411797721,-1.0992622007328607,-0.0519770443007928,-0.5019387031698608,1.3024307866797291,-0.14154752919477537,-0.5318870285899336,1.285505167885109,-0.09749861729723891,-0.5093661569145438,1.2978358344706766,4.440892098500626e-14,-2.897821986452436e-14,26.770523114611613,0.0013438180574008713
0.0470337029974101,0.3966546073691576,-1.122949582005738,-0.03916950344711071,-0.20127133410322298,0.5331804316988473,0.07179942754303482,0.40504371725017013,-1.1216724086565502,0.03024362791989448,0.3873968970046159,-1.1308023056968808,0.025461563528656708,0.4563782550395317,-1.103613731061082,-0.06700027264773842,-0.5093903885295086,1.3148210522062944,-0.15368378852282866,-0.5432203282218534,1.2962147122712844,-0.11098862732171906,-0.5168157896438622,1.310128321020177,3.552713678800501e-14,8.424938375036349e-13,27.174610081615945,0.0011605583215170137
0.05387574366847489,0.3980111242975144,-1.1320624158935517,-0.03635756014386136,-0.20205440548104736,0.543824416268773,0.08042129249736653,0.41067942000297175,-1.1272720007413342,0.034032898335075314,0.3844769801242364,-1.139825866144047,0.032155081609837766,0.45157245844217214,-1.1137345418163322,-0.06583942303966427,-0.4986071978354826,1.316313657858561,-0.14881471171255903,-0.5393463613478051,1.295374906046603,-0.10895725174269733,-0.5100048206760167,1.3101383105281357,1.7763568394002505e-14,1.2912667662199125e-13,27.286092796168912,0.0010195926842050276
0.05664743776442092,0.40343225452152126,-1.1327133780031364,-0.03563854027410296,-0.20634467295217146,0.5441268305723675,0.07951946089864921,0.4127312778540297,-1.1315083311060812,0.030764052504228628,0.3872272810330438,-1.1436287316496696,0.03273015774585149,0.4528934675665695,-1.1179039441714531,-0.059720543106493204,-0.5108361319007605,1.3277986088559004,-0.14552822380896827,-0.5451108509016992,1.3093636447930916,-0.11020541724975072,-0.5224457993699708,1.3211833129437174,2.6645352591003757e-14,2.4287159854240514e-13,27.691049131505718,0.0012473261206695724
0.05366125004730196,0.4020885055688434,-1.1459297098499432,-0.03789257085521316,-0.20800747031246283,0.5457787046212196,0.08674449897612137,0.4122395970308776,-1.1432153145043626,0.027893217295076215,0.3894104140717607,-1.1553180892323693,0.032270679754743584,0.4455453051316871,-1.133289912946275,-0.06928082865134534,-0.5070310264652913,1.3267427698584264,-0.1554430791791345,-0.5397618068210104,1.3085948686523214,-0.11452076044849333,-0.5160403399107153,1.3212586507434656,7.105427357601002e-14,5.210170539412118e-13,27.892448261314264,0.0010178797631701687
0.050555924929493574,0.40808918385305026,-1.1458113981748321,-0.04287369687344098,-0.2033723768579946,0.5474173833265938,0.07134014442570162,0.4157458740313274,-1.1454547106108628,0.02974596144927248,0.39600223754670133,-1.1551751029307726,0.03177676445819957,0.46574223743764964,-1.1276310896717379,-0.07050119142901702,-0.5136873862685511,1.3381813354961023,-0.15278870895376107,-0.5519185927932891,1.318160825663792,-0.1142936775293412,-0.523111452935177,1.3326740349117274,2.842170943040401e-14,2.318012046966361e-13,28.214589705285817,0.0010857609035769653
0.05192563541741559,0.4057154086833062,-1.1540044624197432,-0.04080554805671239,-0.21038576614202437,0.5603324531115921,0.07737676438027612,0.41287696271794716,-1.152723446552539,0.030223557889848252,0.39570717740234046,-1.161872829747248,0.03317913452988175,0.4604834487089104,-1.1364040143910163,-0.0679163766257805,-0.5140299588489309,1.3407792090923079,-0.15507614018320115,-0.5426329751317854,1.3242740336275298,-0.11298347838192258,-0.5215204911672063,1.3359388570637758,1.3500311979441904e-13,-4.043642110358373e-13,28.399134661067073,0.0010978726918190603
0.047488272723568724,0.4077580105439874,-1.1568363057604525,-0.0419766591440693,-0.20772337568498983,0.5557798021078681,0.07622692960336798,0.42236667222123436,-1.152499497352646,0.028166111309172456,0.3934264537813111,-1.1661964770530513,0.0301128528717289,0.4582107903303669,-1.140843707933095,-0.07311958757298759,-0.5126247718992372,1.3491310832911678,-0.15027618877543245,-0.5585554517641924,1.3266039704290826,-0.11117138666011124,-0.5255469654112476,1.3426444704932965,2.4868995751603507e-14,4.918410029559862e-13,28.627527723914383,0.0012610335982484332
0.0489286095349,0.41026498459078425,-1.167089491319375,-0.03929197464012881,-0.2124196575937296,0.562127624852939,0.0746717005418383,0.417889119858076,-1.1666097334518886,0.024154895092933112,0.39833241769692157,-1.1766041644573335,0.039213581389352194,0.4628173435288019,-1.1508360602365688,-0.06621153252695743,-0.5212662683635948,1.3554770633304223,-0.15364863547358965,-0.5456630470412033,1.3407964179613192,-0.11242375812142441,-0.526014975562102,1.3516972782555956,8.704148513061227e-14,8.065623174311145e-15,29.059470017858196,0.0008274818118705539
0.053416054192756884,0.4137724149905372,-1.170545732198851,-0.04103236732626042,-0.2129063442340144,0.5642432847641318,0.07262158690800734,0.4232005506360669,-1.1684566278134425,0.03740099756177221,0.40220630404680113,-1.1783254899367708,0.026831359531814345,0.47092214025063045,-1.1518153380515923,-0.06963825771299705,-0.5209921496985463,1.3632606745821725,-0.1484643063032545,-0.5629511700573404,1.342209186634993,-0.11079850862784248,-0.5348473254023965,1.3562432704235285,6.039613253960852e-14,2.6746341083046125e-13,29.28992382617096,0.0010262735507864335
0.0517699198004492,0.41601989290875585,-1.1730274175826234,-0.04380339371263546,-0.21242484182425195,0.5610867940161701,0.07609534004660143,0.4267481471341883,-1.1703997989600816,0.028780570192634428,0.40114005708915873,-1.1826335112129145,0.029800197379042447,0.46435812999784454,-1.1580072845686071,-0.07288395644913594,-0.523616213066767,1.3715078577472029,-0.15503582421912934,-0.5596248396683261,1.3525747839595237,-0.11705127723563905,-0.5378040127797665,1.36415603614528,2.4868995751603507e-14,2.879345905801992e-13,29.55537583690195,0.0009577010049823718
0.05326847109955014,0.41297687394161187,-1.1775068217983982,-0.03844483840520011,-0.21541999045288,0.5677061050130883,0.0740336889289365,0.42065064474669345,-1.1742378754336653,0.032857840913855664,0.4024054195259049,-1.183245500673375,0.031117294923878342,0.46864575264058317,-1.1574904221815892,-0.06374947019881734,-0.5290316679574849,1.3749428766147975,-0.1508364099164738,-0.5523715860051819,1.3608253257516763,-0.11239397434335498,-0.5356553612806432,1.3703422064469646,3.197442310920451e-14,-6.599405073123881e-13,29.683973261608564,0.0008346033007517884
0.052432743341216476,0.41485591516333287,-1.1824320879750458,-0.03877738833951742,-0.21358707519113224,0.5705345781109433,0.07389915182465602,0.4222752591232062,-1.1793216669258928,0.03176432669674259,0.404703203997951,-1.188112685530018,0.03448202077939581,0.47094421068486425,-1.1622447441217354,-0.06494880971123265,-0.5289546397005285,1.3848229804712113,-0.15209982847172568,-0.5518312138626769,1.3708712140741077,-0.11014021109239013,-0.5380471263421834,1.3794465048325661,6.306066779870889e-14,6.790981654687943e-13,30.002562795381603,0.0008601308854965267
0.058159161683538706,0.42352321116229713,-1.1904085755069906,-0.043459721212628005,-0.21553112432672597,0.5721091580878369,0.07828990702954178,0.4327676060527372,-1.1867851324356093,0.03611880784946308,0.4097116122791064,-1.1977576280069395,0.02930431886914975,0.47293119782420434,-1.1734618110918429,-0.06965953725362152,-0.5279733341785183,1.3808527686795682,-0.1508645998334808,-0.5632382814032375,1.3623004074525706,-0.1165069149997146,-0.5409745796008892,1.3737892384611397,3.6415315207705135e-14,1.4439153715223884e-13,30.157990627914444,0.0009364861911140705
0.05774987079429234,0.4261591298050011,-1.1941027170457554,-0.04370911847416936,-0.21827808052642284,0.5731252772100422,0.07833268549734658,0.434901674911464,-1.1912901288102036,0.03261546929924432,0.4110715968100861,-1.2026826365049876,0.02961648380393583,0.4724133784235275,-1.178968176671703,-0.06976393493729297,-0.5319720826434372,1.3863101139516507,-0.15174542633469176,-0.565158796891844,1.3685542105814665,-0.11839059332112035,-0.5453450764202055,1.3790029385547273,7.105427357601002e-14,-6.203985219316556e-14,30.4111733571881,0.0011391356144665136
0.05529650716326531,0.4219317531379944,-1.2043555319648938,-0.0458868546696179,-0.21853739721706922,0.5804912704865307,0.07215577210477679,0.43184014166012297,-1.1998167061464917,0.034600453071203484,0.40690838946256624,-1.2110510919732496,0.03511642452039641,0.4760027149083619,-1.184389604534165,-0.07248279248873196,-0.5343373280048397,1.3972233341121638,-0.15471281530031888,-0.5636342043637388,1.38103321353492,-0.12175912803403348,-0.5412617258554733,1.3923607673032343,2.930988785010413e-14,5.5912701334306e-13,30.80225332043112,0.0005577743103367455
0.05219302202935312,0.42420684702344175,-1.1993660031959716,-0.044834333227769065,-0.22056135352326592,0.587343893325817,0.07284535691615326,0.433681483120278,-1.2047093302981857,0.03297013316139678,0.41113197706877247,-1.2152366640511287,0.034209398503786285,0.4779926838227093,-1.1892727905039138,-0.07290457004804618,-0.5353344193508083,1.4022243190684243,-0.14930988255995684,-0.574830847147448,1.3824444693850981,-0.11577363116130425,-0.5452435216546033,1.3966206094053801,5.861977570020827e-14,3.2900507677603807e-13,31.030516045482027,0.0008394566231097917
0.05558537705783629,0.43057749504738163,-1.20861764501923,-0.04146667965382686,-0.2218334325682622,0.5826035090461287,0.08035485451062671,0.4379603043391379,-1.2082583555942277,0.03269019303928353,0.4197625497818602,-1.217761608941718,0.030114190863861398,0.47731664285151704,-1.195422776863322,-0.07040238379114999,-0.5415981349893063,1.4065017104137714,-0.15272287673407348,-0.5694982072879069,1.390763066017679,-0.11763735228025148,-0.5481497070765963,1.4018804964456761,4.263256414560601e-14,5.166693455006396e-13,31.28567222684511,0.0010657330480509503
0.042051001645550465,0.44332794603687303,-1.218482704129953,-0.040269711963751155,-0.21282100858629727,0.5733253967137987,0.07284837873598862,0.45255013790635057,-1.2136874999797669,0.02103425679380101,0.43456237800405706,-1.2233722374581586,0.02715847107909682,0.4909708533185218,-1.2008129761190465,-0.07122440086375167,-0.5413885952835444,1.4121540330441358,-0.15419533368157345,-0.5669878440997299,1.397400176700251,-0.1119506395196169,-0.5457094081428487,1.4088629105527504,5.062616992290714e-14,-6.539285317806997e-14,31.62450783415321,0.0007950611931464613
0.05540560421578119,0.4297940210242283,-1.2189376699863241,-0.046980899658176964,-0.22061771845029887,0.5865431362809361,0.07517151723106587,0.4416441096513947,-1.2169258275753296,0.03821157670542403,0.4149215544316318,-1.228956312195516,0.029033474361174386,0.4792380163326931,-1.204549031549303,-0.07647032894960633,-0.5399535681153238,1.4212400990018441,-0.14906149318451417,-0.5842696689549457,1.3998570740741907,-0.11736589371622316,-0.5546544461247833,1.413889084108377,3.907985046680551e-14,5.956221239951524e-13,31.791923859902464,0.001206131957280648
0.058646679292938625,0.4358789551910134,-1.2229298616719377,-0.04440708164598955,-0.2229492148425765,0.5925125940148515,0.07548324464509493,0.4437248189331281,-1.2210000431518258,0.03597358953020242,0.42103448123215725,-1.2315281491566776,0.036214236096657956,0.4862939841137368,-1.2062469916876537,-0.07433932315039292,-0.5429505004452316,1.429901229804341,-0.1517184309076672,-0.5800671269847725,1.4109527466052945,-0.11766638000234478,-0.5579592536936453,1.4222477669486067,2.4868995751603507e-14,-5.643807668422919e-13,32.09780598259478,0.0007267970523311845
0.04754224659672502,0.4447590388061366,-1.2249348683711558,-0.03973846479074759,-0.21611455694087867,0.5785903159350496,0.07055342467219076,0.45836304598122923,-1.2200093417400522,0.023502570348647913,0.4259509699035022,-1.2344412781102052,0.027323376087894237,0.4861903435073522,-1.210925498530186,-0.06407667543082646,-0.5476229097280594,1.4344721443300983,-0.14064605711504286,-0.5845438053724304,1.416158355362083,-0.10978615661927069,-0.5600043563135217,1.4280021263354452,3.9968028886505635e-14,1.1660026121271716e-13,32.31513187377752,0.0005676343906119408
0.05423500578104881,0.43393143204337725,-1.236256974951203,-0.04391590944471293,-0.22561651645106748,0.5924289514975578,0.07782465047314333,0.4443146634313428,-1.2316520790580257,0.04153948595528753,0.42637903479211114,-1.240667889440133,0.03333494950181992,0.4896677148254509,-1.2162398064275828,-0.07658338687328096,-0.554779019967455,1.4373349248504852,-0.15678221494877853,-0.5842055116473719,1.4209956597159021,-0.11565363933530864,-0.5619899373084865,1.432836025226715,5.1514348342607263e-14,-1.7457144505222246e-13,32.58859667923488,0.0007077437124525146
0.05645236770487187,0.4390029720942129,-1.2437508664025707,-0.04741035880668345,-0.22542531874931515,0.5952945269899755,0.07640239614607361,0.44937917571188263,-1.2397038291888587,0.04008969096209423,0.42766926419381035,-1.249941354182771,0.03162306130812985,0.4907326880795197,-1.2258288244511015,-0.07754959932612433,-0.554738514582525,1.4465546337356536,-0.1555105413218651,-0.5880391067688248,1.4289873482825102,-0.1191120856561574,-0.5661335399164312,1.4403393876086485,2.353672812205332e-13,1.5340969837966307e-13,32.99801124564121,0.0008239006254015726
0.0549926135510331,0.4399944734955113,-1.238499895049557,-0.04694890767635595,-0.22046356281439433,0.5909957050847076,0.08004917121101654,0.4518000097674141,-1.2397119952791393,0.03938266379583309,0.4291214949006937,-1.2506723781684235,0.036250046068919774,0.4907228446084131,-1.2269085798470312,-0.08141136463174162,-0.5517257601681282,1.449346028433397,-0.15693460443756385,-0.5890071020221149,1.4302466580879623,-0.11890060529616837,-0.5628402877388441,1.4434100018143003,5.3290705182007514e-14,-6.497292333292007e-13,33.06350658884896,0.00055211549641602
0.05789772162014907,0.44744641544718855,-1.2497545141697133,-0.0461478923653962,-0.23035927581168975,0.604742257205958,0.0707486358143105,0.45374974819240615,-1.2530981547024727,0.03646119014053038,0.43233349758031075,-1.2626905469824292,0.031091958971090145,0.49758509319663846,-1.2376794181579778,-0.07283153012027309,-0.5571341677466805,1.455597020503972,-0.14822298589735367,-0.5925875895923314,1.4376445607669444,-0.12095719468686529,-0.5696725118040773,1.4487044455472862,4.440892098500626e-14,7.8340098442278e-13,33.52137179600267,0.000500861839087892
0.05553690484371878,0.4452146651059374,-1.248479885644621,-0.044676876139444724,-0.23044894346758324,0.6027687760273555,0.07407670943759398,0.4519947121485763,-1.2537964662742695,0.03798308413657414,0.43610361638830425,-1.2617003728510932,0.03194893263126811,0.4987164129967022,-1.2374939729680492,-0.07417018857524736,-0.5627253043504754,1.4551759228006065,-0.15217732797668654,-0.5924137276761113,1.4390903569811295,-0.11917912740001019,-0.5693377389256014,1.4506546100355633,1.021405182655144e-13,-4.807208100592931e-13,33.56548931862629,0.0006681786643854564
0.04633671181451175,0.46083670455034514,-1.2580742688196778,-0.041653384037260585,-0.22445475543003984,0.5969613967561762,0.07433164145494792,0.4695719758176155,-1.2574786060419414,0.021521956585935333,0.44908383050268813,-1.2679384926221802,0.029690929107817055,0.5020164857613536,-1.246847877548088,-0.07144179953027245,-0.5641678226396354,1.4667250835991215,-0.15104626313402308,-0.5895154940434819,1.4524618726943914,-0.11532625854592675,-0.5695185528186608,1.4628806682114097,4.440892098500626e-14,-3.7902337913470386e-13,34.0542553423614,0.0007450284471720433
0.0573731231052657,0.4525965155011292,-1.260094396515499,-0.04083312329360533,-0.22793238354929346,0.5946881614688965,0.07193057002962287,0.4578111870188583,-1.2587644018850663,0.027150325302297953,0.4373354268696249,-1.2683136199461862,0.027987775455318574,0.4952319509471192,-1.2459776931774516,-0.06242275004283994,-0.5666159680998217,1.470287793449035,-0.14484097874021068,-0.5852237011974261,1.45883654975481,-0.11918656579127297,-0.5743214748169316,1.464955750800622,5.861977570020827e-14,-6.306873454508581e-13,34.06732586459571,0.0008696179892911933
0.04803643945009803,0.45406413713341415,-1.2726835217506274,-0.03984309994529476,-0.22582904708084334,0.5935039143915429,0.07303580952517483,0.4644286573951172,-1.267545864353416,0.03104061429774899,0.44516386780705647,-1.2771092084529176,0.03420504919670344,0.5054170406648612,-1.2533324293563795,-0.07301066062861804,-0.5680106126559435,1.4775742868492272,-0.15156106330795607,-0.596686285029433,1.4620105797749483,-0.10842071006441903,-0.5786954297953787,1.4720683096027423,2.7533531010703882e-14,-6.602141838254129e-13,34.498510251035675,0.000545959202100882
0.05365802671802161,0.46053215454372654,-1.2704528313269228,-0.03891528287942081,-0.22826788441071216,0.5960882623489401,0.07579430268213373,0.46946702754089975,-1.2670213786540792,0.022964066453020193,0.44396897757684206,-1.279064573587338,0.03354327217103124,0.4975500810856499,-1.2578977482926745,-0.0661937862712076,-0.5683913806531948,1.480862156923049,-0.14433482752819884,-0.5969642698492132,1.465676615267398,-0.11380084145978447,-0.5800218616418381,1.4744786296978247,3.907985046680551e-14,7.827167811079014e-13,34.60164911641024,0.0009641518992441677
0.046640590480061354,0.46562384157614883,-1.2768759115719661,-0.04062855204512503,-0.22925915601844618,0.6041224911896983,0.07743972458794422,0.4770566181278698,-1.2710210725494715,0.020812789422994405,0.4534952997804255,-1.2828626518697877,0.02663443237856636,0.49991058925109855,-1.2644909877284516,-0.07134456397095562,-0.5742885113795605,1.4934928451031213,-0.1505507073678823,-0.5988366881245052,1.479655434315856,-0.11348780095632774,-0.5822960615194481,1.4887270077016008,3.108624468950438e-14,-9.759242295714409e-13,35.09119358594034,0.0005313272068569638
0.039602364857188606,0.46018044180646844,-1.2749531000235157,-0.04359704430534446,-0.22097460672015456,0.6038493395063379,0.06855403015765374,0.47289490348571117,-1.2768270271068014,0.023677037862229623,0.45017859198949395,-1.2877720223444782,0.037623890910528715,0.5106398087267198,-1.263593817196675,-0.07827946558695888,-0.5663038618025915,1.4960505018224317,-0.14929255292074678,-0.6060143128222579,1.4767341466430077,-0.1081355901650445,-0.575115070615706,1.491575925691348,6.394884621840902e-14,6.207895477253307e-13,35.167139318381416,0.0007580849646960452
0.04389033393759521,0.46754770994139194,-1.2857082833690114,-0.03895348471182342,-0.2318021208004029,0.6061954732779988,0.07625129405375504,0.47808071265321384,-1.2806086206781349,0.020010656668348063,0.45710286556357527,-1.2914622478022588,0.03377186776849354,0.5063960947945336,-1.271546009392779,-0.07115677336037927,-0.5811807571275932,1.5008028221543888,-0.15155186618055758,-0.6001486796420065,1.4890443431586107,-0.11135604648134297,-0.5849608896096554,1.497760894972888,2.3092638912203256e-14,-1.1834112399789644e-14,35.53073612929516,0.00047267526791898115
0.04640329919285016,0.47055400355822463,-1.2946925162759622,-0.04142210381735694,-0.22935302231413712,0.6109141987354484,0.07701741942914148,0.48100906224859075,-1.290101626159114,0.029285115141936116,0.4624503250475476,-1.299838866045524,0.032549054684196825,0.5156819993840996,-1.2787474803739787,-0.07665578773235102,-0.5796785741206766,1.5051017679094882,-0.1547481720276812,-0.6021905280047536,1.4918896905327683,-0.11473728880462063,-0.5812419283303439,1.502919954268117,3.9968028886505635e-14,-8.474268539332937e-13,35.856453445448416,0.000487945170192453
0.044992891027305006,0.47541659509205764,-1.2933385231945924,-0.04275915757344026,-0.22962514171472173,0.6138303101589566,0.07365344921987417,0.4880865505525107,-1.2876523699330522,0.018044005046264553,0.46024384411643804,-1.3009472263954522,0.03427136808967401,0.5109462041227605,-1.2805240367823743,-0.07415469295539599,-0.5764638868198376,1.5120897176844859,-0.1484664111290253,-0.6091240968818583,1.4954429579975115,-0.11347340447004563,-0.5873106507429019,1.5063925629919344,5.684341886080802e-14,-5.742960489209414e-14,35.98468830499531,0.0007969051340884379
0.04782274134155726,0.4736427962853485,-1.2994144422663314,-0.041288032116364774,-0.23044998461997912,0.6107317423011216,0.07042030211105596,0.486817605606007,-1.2935894955290834,0.022882475753677568,0.4559415659031491,-1.3074635600268176,0.03935775799831012,0.514433283003121,-1.2840990623055082,-0.06974177535947448,-0.5823804344642387,1.5166304201893355,-0.14468487420266565,-0.6123227474207946,1.501130336726539,-0.1128334613632077,-0.5911342328233835,1.511599710118027,8.348877145181177e-14,2.882534844268985e-13,36.24930638892507,0.0004746063167287275
0.05394423338702158,0.4749800376009623,-1.3029634146127973,-0.04121228383270184,-0.2359342943338658,0.6150717210348633,0.07748404487898246,0.48209272931764646,-1.3004498917708653,0.027204165393043808,0.4635319723563178,-1.310013753573938,0.033682459992771134,0.5146044444223226,-1.2897229571341915,-0.07325238513875457,-0.5887736651227181,1.5227284235879106,-0.14744903308685234,-0.6194163161119498,1.5067168623608285,-0.11535608681381906,-0.5978658911058427,1.5174722253960877,3.4638958368304884e-14,-5.983051382448378e-13,36.566945515228696,0.0003671352850448991
0.04155183697341472,0.4745115499426655,-1.3097125770214624,-0.040953388585965,-0.2317475870520685,0.6082935919517212,0.07463064194459519,0.4851732313352809,-1.3051701147756025,0.01962161339312114,0.46471812626112957,-1.315791686057801,0.03435642369871551,0.5138258350562502,-1.2959387019325952,-0.076983013605132,-0.5862103355945786,1.5268723173882783,-0.15318509717938467,-0.6135591760256168,1.51209780001164,-0.11072492946346305,-0.5949790754575865,1.5222080728286165,4.707345624410664e-14,-4.098103224242535e-13,36.774527827919805,0.0009275959985835903
0.05733288958694233,0.47683896352638244,-1.3165824886085074,-0.04341689937970263,-0.23462021883130416,0.616618839852771,0.07613162097249293,0.48357476978564523,-1.3140767578764474,0.02963448294327332,0.4634762572668203,-1.3238697375414052,0.03361560925936028,0.516735391841243,-1.3030598656038825,-0.07323084932315048,-0.5897469424102645,1.5365052894035747,-0.14689800125084415,-0.6204181894347851,1.5206608532085633,-0.11781431483885395,-0.6012459923041233,1.530220239431741,3.9968028886505635e-14,2.282277516049975e-13,37.207110120688654,0.0008086019618839215
0.046833647927496266,0.47884214142826026,-1.3187283426729177,-0.04550796181590217,-0.2342352252555124,0.6213253280092662,0.07380014028231406,0.4902061280327809,-1.3136058440007627,0.02279065850777027,0.4658843579448334,-1.3254119929292945,0.03966214506844248,0.5193062359634857,-1.3039097111676743,-0.08022992224856594,-0.5889593708875269,1.5406224822728658,-0.15615205399005172,-0.6151200822449373,1.5262782694937231,-0.11846187319232336,-0.5978777524094566,1.5356222006665605,2.993161274389422e-13,1.7156212820508922e-13,37.34850207383699,0.0007799379165162522
0.044866393405527887,0.47899047026985914,-1.3226079648712328,-0.041318852363219166,-0.23350375116253555,0.6250909949316058,0.07427633759017827,0.4925860030439977,-1.3189983804556151,0.024832718063697707,0.46627255844165505,-1.3314542831705662,0.03776022941403552,0.5199161523133076,-1.3101033695194517,-0.07792290854361207,-0.586462498236497,1.5477863821514337,-0.14849156458983753,-0.6218383958682037,1.5303344777216807,-0.11161142410957912,-0.5957739551038402,1.5429373834382942,4.884981308350689e-14,1.9950020875297477e-13,37.63221218009269,0.0004516861245069054
0.056897228766758824,0.4815532056695952,-1.3345764671367135,-0.04263946750540649,-0.2414360936706472,0.6219739604754423,0.07327317454110786,0.4882351541534215,-1.3327495025173188,0.026254957349005435,0.4647403090715593,-1.3435669549992075,0.028399937235202795,0.5160865259057611,-1.3237768075843281,-0.06790825863742929,-0.5954429278962998,1.5473200598932113,-0.14398859619190565,-0.6193218780223342,1.5343163675360076,-0.11969393728489912,-0.6068040563750777,1.5408597552830106,3.552713678800501e-14,-4.2516729933042375e-13,37.963485320135476,0.0009013809031815862
0.055125047049530675,0.48238159802270936,-1.3317184726794025,-0.03818469572812763,-0.23776524359715553,0.6271216205116926,0.08156951501274172,0.49447132401794075,-1.3254882834418598,0.0357149919316334,0.4720685346903731,-1.336372784383623,0.03030153532541188,0.5203070490351771,-1.317841372906194,-0.07089956223334969,-0.5983283821901502,1.5554016321625663,-0.14766128381592528,-0.6173898877211131,1.5438912441251884,-0.11512717151887267,-0.6003553802319608,1.5527728954619133,1.5276668818842154e-13,-3.783605326088173e-13,38.07786265175564,0.00027459687196992096
0.05615757481763783,0.48100035119276896,-1.3325608105099485,-0.040578069568170456,-0.24177045576860168,0.6286673554086982,0.08167174407040916,0.4892596359121133,-1.3305369536732332,0.037766173258857776,0.4724495247337669,-1.339263440424796,0.029944125971734525,0.5207690381950472,-1.3207381060078647,-0.07369794137084384,-0.6035350657305301,1.5614614198591092,-0.15010275144204424,-0.6253197435818086,1.5488189814053266,-0.11557226275495373,-0.6108008586732524,1.5568959240199967,2.220446049250313e-14,-4.4264689073679263e-13,38.33662254188395,0.0007738235502154009
0.059913990927662135,0.4865540302374522,-1.3386469125128397,-0.04358415596151707,-0.24222670801428237,0.6335949665026869,0.07887626668692793,0.49271731852371453,-1.3374347695734905,0.034743419462118674,0.4749635566747661,-1.3462796942692055,0.02668000013842168,0.5225024688757182,-1.328196306740627,-0.0733603382158634,-0.6036750707646997,1.5704545039062252,-0.1476770712041782,-0.6290388499269974,1.5566896287502476,-0.12118536523303276,-0.6132919186009776,1.5647082139779678,4.973799150320701e-14,5.563211876170712e-13,38.73156163477618,0.0008686312205183513
0.04234712509728809,0.4870339059335968,-1.345482421038271,-0.044559491766886256,-0.23907264480400156,0.633367276430481,0.07630075794280654,0.5009711187664714,-1.3401333653937604,0.024833480861656692,0.4773393747552037,-1.3519135630558305,0.03604197736930682,0.5265520659169558,-1.3322114009825552,-0.08411358574030324,-0.6004098593127356,1.5716705053006998,-0.15638193550234403,-0.6305449870461236,1.5559789262910502,-0.11455902398265645,-0.6080804877359745,1.567524669291874,5.950795411990839e-14,5.287542272364659e-13,38.878323930661416,0.00044873840999897467
0.05886570206644129,0.4904435304339907,-1.3470886371079598,-0.04217831214890218,-0.24704360562011504,0.6363416446143437,0.08006211930507312,0.49707616325223,-1.343218262203001,0.029817216679582672,0.47967749890590955,-1.3522398415357948,0.028422904937258422,0.5237974314086302,-1.3351492268657001,-0.07335762156013856,-0.6086883303491533,1.575958940234374,-0.15002099719553666,-0.6278696799070914,1.5644361680455736,-0.12115242930543485,-0.6178866270768918,1.5703575371825342,8.08242361927114e-14,-6.114916157995332e-14,39.0799242650539,0.0003004797259183225
0.04218031006966998,0.4909527381067233,-1.3563528429687712,-0.04169613597445526,-0.23925861641427398,0.6316608688976022,0.07554696718020427,0.5011346154637721,-1.3524200931876496,0.02646788528802881,0.4841512071883601,-1.3615817448135872,0.045969876848885816,0.5359596475433224,-1.3403297588392937,-0.08241618891525203,-0.6083742082407613,1.579240090602682,-0.15608637345163506,-0.6339995234811682,1.56512997387668,-0.10984974368241934,-0.6128139909643346,1.576451252511854,7.815970093361102e-14,6.289479011795673e-13,39.409106551488705,0.0009098774534996036
0.06096844423672586,0.49575251818162247,-1.358563998811886,-0.04099589813054307,-0.24322902268933044,0.6406045978097964,0.08545174554679348,0.504072208233184,-1.3549089583327392,0.03717646290674298,0.4850706351589266,-1.3646131638428165,0.03533892340751954,0.5303961526876172,-1.3470809958718102,-0.07433359034048247,-0.6105971670803597,1.590287865452995,-0.14861125968402614,-0.6345586058698391,1.5769297999900822,-0.11546412724419843,-0.6213044414052804,1.5844018287419985,2.842170943040401e-14,8.611546118649099e-14,39.777390657462995,0.00038650879322457433
0.06009397941614493,0.49436630077495697,-1.360854273843305,-0.04441033257096982,-0.2490029462370477,0.6408419591729694,0.075756447793899,0.5008597825962968,-1.36082316037402,0.02548272405968439,0.4746767122027741,-1.3727950188346434,0.04115170272289873,0.5257129367437642,-1.3526348736840896,-0.07217126883882918,-0.6112824680387573,1.5897669387436595,-0.14528742622395213,-0.6376116649723416,1.5759008724845893,-0.12211677329355335,-0.6251722749818588,1.582341345745263,7.993605777301127e-14,2.865805792438249e-13,39.8654576029395,0.0005887881036865149
0.05000282153350784,0.4989404170273767,-1.3670060195220441,-0.04665670133031107,-0.24525682676103935,0.6444088582713112,0.07141095816404633,0.507790976391935,-1.3673848647172018,0.02620687893599508,0.4853901308778207,-1.377969558161448,0.03556026896943712,0.5383473226164572,-1.3570632698499583,-0.0786111522107461,-0.6133517176839408,1.5992843716287566,-0.15119935625633946,-0.6399086041060399,1.5852204866799133,-0.11901221660391079,-0.6246132465430506,1.5933317767269426,2.842170943040401e-14,2.0372427355983143e-13,40.329343406148915,0.0005639886387566179
0.06026432147429602,0.4968848529859918,-1.373079747767607,-0.04367441625824676,-0.24330091930307757,0.639999734874559,0.07608367378915228,0.5026898572163367,-1.3731671856334617,0.03818732291202673,0.48556425334725717,-1.381398137762841,0.03757720701044828,0.5406865421609515,-1.3601064614287415,-0.07573698707168852,-0.6148687407842697,1.6019976605109956,-0.14921648548261623,-0.6379345697374547,1.5891613030714102,-0.12054370052905128,-0.6230273954838572,1.596945301315641,6.306066779870889e-14,5.946405196459444e-13,40.49939996516236,0.0010322248711029077
0.06370548088798986,0.5005521509301976,-1.3794390180138392,-0.047886695032380716,-0.25134542443884517,0.6500982572709305,0.07400710940693385,0.5059297683563965,-1.3773666281511001,0.038696300914663063,0.48436208590044233,-1.3870176882106602,0.03147939449899227,0.5390134236637527,-1.3662839175947055,-0.07721100969020467,-0.6197442535912382,1.6111006381318458,-0.14896229741856504,-0.6457817929666324,1.5972961238228407,-0.12810720781209567,-0.6317384324755132,1.6042506026913006,4.618527782440651e-14,-8.236305535468685e-13,40.88793390611382,0.0004599972880588496
0.0602317355656495,0.5018404081645664,-1.3785265561156645,-0.04379796952092093,-0.25432714642544313,0.6551304143151727,0.08434395012881322,0.5095823320792636,-1.3763710089500558,0.041287710777689106,0.49331476759122195,-1.3849074389990077,0.03197875728665027,0.5382837325618438,-1.3677457281491145,-0.08083219500032536,-0.6231297099273778,1.613330422646919,-0.15470542345054278,-0.6447824264220687,1.600785011690854,-0.12190006826261394,-0.6327703452434762,1.6077865439037062,3.8191672047105385e-14,-7.579446600878905e-13,41.002754219063014,0.0004364326327809049
0.058834154829013136,0.5013026141659096,-1.383278640472414,-0.04279928074684272,-0.25278123562337124,0.6539546935995283,0.08208674813871117,0.5063426149211913,-1.3832005814101125,0.04017096454244586,0.4950334014276034,-1.3897268074928042,0.03123003478976473,0.5404900182448672,-1.3723556830693184,-0.07853962627352776,-0.6274266567311221,1.6191825038319072,-0.15244139889514563,-0.646227793003742,1.6078352221772205,-0.12099804046210505,-0.6312587667115998,1.6158510455605446,3.552713678800501e-14,-8.691031218553438e-13,41.30968333227126,0.0007326668609040513
0.05523694156693318,0.5068068249627053,-1.3956545874808364,-0.03921258880263323,-0.25594530992748366,0.6517749630322826,0.08696950396674076,0.5173341401015,-1.3895400737185808,0.03900872417174816,0.5005268967445036,-1.3987141724050698,0.038320283569849886,0.5443454151305991,-1.381448898698862,-0.08213441422014295,-0.6297747835695583,1.6209235263277564,-0.15454627032871934,-0.6536242458456267,1.6075063624922155,-0.11387922634212734,-0.6379937070845932,1.6163981062627382,7.993605777301127e-14,4.1344645762189484e-13,41.6379552756593,0.00025272200174997255
0.06257062714218234,0.5062391474516262,-1.3940954255896163,-0.04782922491517747,-0.2524662151566375,0.6550092681795955,0.07418309721457782,0.511791621221045,-1.3915631124675227,0.03860718408297751,0.4924859526376294,-1.4004632727359778,0.034676642433685866,0.5472575340915495,-1.3794424119957809,-0.08034014513669842,-0.6267551215825773,1.629331744812063,-0.15074160029072367,-0.654267616804445,1.6149428564263038,-0.12598126383801606,-0.6392077758979764,1.622547740592368,4.796163466380676e-14,-8.350880211721364e-14,41.787801121957294,0.0003566109769498186
0.06589556996603266,0.5065151100328641,-1.3963616078086485,-0.046598330634538325,-0.25486320578885424,0.6622412889992498,0.0822171581892711,0.5125177914622234,-1.393121675427302,0.04180055013167056,0.49604762687113724,-1.4013813101714623,0.036906777687940144,0.5453210703899334,-1.3825054200471474,-0.08080737761483676,-0.6297200111743363,1.6337034578950451,-0.15352525392743158,-0.6513811159837324,1.6212973511152025,-0.12642935365094204,-0.6389146521000729,1.6280796845235084,7.993605777301127e-14,-7.909695367706011e-13,41.97780281859056,0.0002931761812450608
0.059186013215400686,0.5105315092757766,-1.4022050145625513,-0.04604028122132061,-0.25556988404180725,0.6606162945064246,0.08341058938779294,0.5182837371621158,-1.397880043008553,0.03526337736121605,0.5012405399636092,-1.4068790693035162,0.033245726922701696,0.5434539820353066,-1.390520133220512,-0.08194922859480795,-0.634326930374631,1.6374563073142396,-0.15394069955811462,-0.6572142556123459,1.6246159485880542,-0.12249988107697354,-0.6429074810311185,1.632370424911545,2.6645352591003757e-14,6.193873185533419e-13,42.28475599486393,0.0003919082299537217
0.059255220245023936,0.5092407485943433,-1.406457269016871,-0.04612419748489214,-0.25539582969749036,0.6631822372024674,0.0803005096320733,0.5161876072412194,-1.4047242793549073,0.04359977566827849,0.5020583775890474,-1.412084565110758,0.03510845592001931,0.5521307214546497,-1.392926641957437,-0.08460324029072801,-0.6339430147005218,1.6443655288103698,-0.15680149034643295,-0.6553882761774563,1.6320224782642598,-0.12403876629604185,-0.6411679624175671,1.6398343348985132,7.105427357601002e-14,8.831214696688481e-13,42.59411535983941,0.0006623598854678745
0.05973616275817132,0.5153658637680777,-1.4031500768051184,-0.045336357490143545,-0.2549643389271709,0.6608183811365931,0.07772797892351407,0.5233176610800108,-1.4083328226140048,0.03592415539452223,0.5019912862544295,-1.418372436670772,0.036911596051085606,0.5522105003779345,-1.3988613890568353,-0.07968317514979659,-0.6352761282666187,1.6483220726530121,-0.1485018725977302,-0.6635223165052203,1.6337525946647045,-0.12315499080259106,-0.6465392459334488,1.6421273819695028,3.197442310920451e-14,8.633913300178537e-13,42.84703991342679,0.0002162109002513263
0.06330292148475064,0.51487349856862,-1.4156526665646187,-0.046879389955128456,-0.2580976779459452,0.6704155324608642,0.08305143484898068,0.5214101835042733,-1.4136494953211591,0.04302866618899804,0.5057526646977137,-1.4216762079722889,0.03555335099568582,0.5525994685582731,-1.4038051811592136,-0.08243242132380424,-0.640831632645261,1.6570515581980818,-0.15466356468188497,-0.6602484929197989,1.6455446378510588,-0.12597308300896992,-0.6476089395980216,1.6524711748859247,3.730349362740526e-14,-3.354148656307989e-13,43.23647266889941,0.000675750521185648
0.060961236975622064,0.5187666118987206,-1.4145026173098225,-0.04533336742243102,-0.2542994353801014,0.6629559560848286,0.07934152751625763,0.5234922209573848,-1.4171140886900957,0.033790580625066235,0.5088041572090696,-1.4248411264737564,0.03922628334547816,0.5558044349915989,-1.4063561914122606,-0.07982588701914219,-0.641321834128704,1.6572693823043618,-0.1511912371637175,-0.6613337592121686,1.6457016974492402,-0.12510458561461302,-0.6460794131165254,1.6534462705051576,5.1514348342607263e-14,7.386311760653737e-13,43.34200767808227,0.00043484405345270975
0.06078982777772083,0.517558846914503,-1.420072987784477,-0.04524009557164134,-0.25718890861972205,0.6699730628449773,0.0786061031507545,0.5240703907475607,-1.4221270928873042,0.04326980431335558,0.5089926816665622,-1.4296244025984342,0.03808270868585301,0.5610199703781303,-1.409571202169066,-0.08127969330715237,-0.6428873611803292,1.6630065033495538,-0.15156659459565835,-0.6657067307835433,1.6503576148768766,-0.12256524350080956,-0.6491100592049492,1.6588139906480406,3.907985046680551e-14,6.563007576832067e-13,43.62680218072148,0.0008493198102062774
0.06264788008467115,0.5204322557753773,-1.4290567392405622,-0.04739971260445517,-0.2593367511518967,0.675754246976985,0.08306886721141989,0.5274398245644131,-1.4259995568414219,0.044059314312547615,0.5121409498735727,-1.4338814574812346,0.035707151073856205,0.55865638941739,-1.4161606372564253,-0.08437235424284192,-0.6458614816415384,1.673166750391137,-0.15630267877814052,-0.6645063146133191,1.6619632389022378,-0.12606403033299265,-0.653142420459103,1.6684783158668346,6.039613253960852e-14,4.144251384055883e-13,44.04495336630681,0.0005956892394843116
0.060195391459841936,0.5218831999691963,-1.4267059603430765,-0.04819263486191482,-0.2597001236090022,0.6711588900431742,0.08446960556781213,0.5312457814785886,-1.431472665658187,0.04005368946824534,0.5120723461926635,-1.4411111464894033,0.034970566925184986,0.5545752325443781,-1.4248360015925041,-0.08692223022745398,-0.6478577415034097,1.6755116427956613,-0.1559554639648478,-0.6728984104281341,1.661985214717642,-0.12706758204354984,-0.6567193239261755,1.6702979615449858,5.1514348342607263e-14,-8.2873057508616e-13,44.29994906998067,0.00041490810934725257
0.06191219802448622,0.5209027460802375,-1.4381773208383708,-0.047782910347907555,-0.26221577553821523,0.6695843303574162,0.08266498558731664,0.5290652619321008,-1.4342852947153752,0.032072593079317806,0.506579910181983,-1.4452703701954512,0.04180090417757732,0.5497165503777609,-1.4282226301157384,-0.08535288778855941,-0.6488867724068268,1.6786892720716184,-0.15339257946901552,-0.6760209155405084,1.6645438002499742,-0.12718068086924986,-0.6601451000452409,1.6725155156238551,9.681144774731365e-14,3.9742138244110866e-13,44.43324846851751,0.0005404257636362321
0.05885882396532988,0.5311580620266604,-1.450681305106965,-0.04188201011731657,-0.2588732586651691,0.6643131245240524,0.08265544378709033,0.5409995317187087,-1.4459588375239225,0.037096482824907066,0.5202225588603212,-1.4561934755645765,0.04549807671198032,0.5674705067650856,-1.4373249731554918,-0.08064519161656386,-0.656128276203866,1.681892977709878,-0.14884152281044938,-0.6814307728244541,1.6683858470981012,-0.11694494897623443,-0.6631601055384472,1.6776495940123277,4.440892098500626e-14,-4.566208485921121e-13,44.98017735763863,0.0005182453800103206
0.05854760688527776,0.5310581539228921,-1.4502231646513781,-0.04462258293570087,-0.2611126247370128,0.6690092960581304,0.0812544920299534,0.5366956615644427,-1.4526118801332184,0.03693943948749934,0.5235341413564996,-1.4598921723601703,0.043150109587017475,0.5698107715798644,-1.4414791950075063,-0.08493063920113707,-0.6581344531915133,1.6861655128357946,-0.15422708792045403,-0.6793247318720889,1.6741216480833303,-0.12305844460927767,-0.6619401927913652,1.6830278867558601,3.375077994860476e-14,-4.0302281600469977e-13,45.23497580005076,0.0005614817273494837
0.056769394209029746,0.532978801013004,-1.454784963427006,-0.04197222423470867,-0.259686430821684,0.6661207031486092,0.08546399965680561,0.5418560428435496,-1.4544314900841144,0.036531592261335226,0.5243450618892326,-1.463681750605084,0.04301829437278002,0.5664990147358089,-1.446878765953587,-0.08364530193254785,-0.6583431467911038,1.6917476350702736,-0.15106511070669776,-0.6847519817725631,1.677804879128472,-0.11659155785256156,-0.6658285278881247,1.6874739027503072,4.085620730620576e-14,-8.495016327553947e-13,45.47774427017933,0.0005108295892907877
0.058723437240306174,0.5284256562446781,-1.4560447146374316,-0.04381300994531779,-0.26304709906184276,0.680382326572235,0.08278888332585048,0.5370863028494127,-1.4570433536895344,0.035699083506955984,0.5172891727381516,-1.4668091416975166,0.037255215051600184,0.5592174020775988,-1.4506038156214538,-0.08081482796113078,-0.6523935985666754,1.7000104507844715,-0.14996388643932076,-0.6753244268352544,1.6875980695028474,-0.11985214449636027,-0.6626809494223633,1.6944492004608585,1.4210854715202004e-13,7.309611034248868e-13,45.64237300522113,0.0003242878002780797
0.06316097998839951,0.5324061141007495,-1.4518203717104399,-0.05044447420933036,-0.2652289819643312,0.6837855132994114,0.08531475559703315,0.5412553872043714,-1.456305945136074,0.04208231718615691,0.5218373346908481,-1.465956584653077,0.03380888971277632,0.5617875902107962,-1.450864602498318,-0.0900313352224334,-0.6595814399102516,1.7066303554292612,-0.15822451708882693,-0.6829359318420491,1.6938133791131444,-0.1328626662238883,-0.6679711822562467,1.7014170376401248,3.552713678800501e-14,-9.175748016505049e-13,45.91543927551853,0.0001918563796123284
0.05456822387872038,0.5342949815753749,-1.4713136665727595,-0.04791466372935689,-0.26732945598521723,0.6849126899895055,0.08014372621029134,0.5426768834548739,-1.4715586917129186,0.03723646742387178,0.526611274249547,-1.479937838528649,0.036947109284550216,0.5709012960478319,-1.462700742888588,-0.09146428983576621,-0.6628714131677832,1.717599658161847,-0.15913835183979494,-0.687040932748541,1.7045574779783959,-0.12528559892575034,-0.6713016635315988,1.7129092333028022,7.638334409421077e-14,-3.002065506691351e-13,46.621038266468496,0.0002410145435116459
0.05495718576866045,0.5315593669876866,-1.4778215552332503,-0.04497777418530225,-0.2679441063811106,0.6898355598132846,0.0779850179117481,0.5422630597569871,-1.4728737548248225,0.0334148554115487,0.5196270487420274,-1.4835867233995332,0.0461593305804402,0.5677675258921872,-1.4644744828326626,-0.08596165798814848,-0.6630804844835081,1.7256220478297433,-0.1508533918834786,-0.6923549513700292,1.71098291829515,-0.11901679156868672,-0.6726832555315979,1.7206158974131303,6.039613253960852e-14,5.028773606288118e-13,46.84697182039818,0.0004928941330171131
0.05837705926499551,0.5374062896482572,-1.4781559731185316,-0.047199999778433914,-0.26905481513322954,0.6884971998234324,0.08548038716575747,0.544756361382186,-1.47867925871907,0.04121283417872226,0.5309633085151553,-1.48634869468956,0.036375211414429655,0.5705352583830178,-1.4711430188211037,-0.09102611698453285,-0.6691243897929383,1.7276929197460518,-0.15920678599241986,-0.6906622079556899,1.7155760952686219,-0.1260271016769323,-0.675716752908065,1.7236074428441583,6.750155989720952e-14,-4.60649227627252e-13,47.14953840655638,0.00041180597262655433
0.0594558328804087,0.5393634418648762,-1.4837121878265365,-0.05030969123781324,-0.26955896917696465,0.6867954359692887,0.07941605053182801,0.5480172717645672,-1.479599092154961,0.035125102011204175,0.5268063135429797,-1.4898134814919457,0.03232102862320243,0.567776563869251,-1.474096038484951,-0.0886022542897783,-0.6690641400713195,1.7295009305406432,-0.1545038508841766,-0.6960767343366652,1.7156153183344278,-0.1281527117647034,-0.6816909718065322,1.722949626911268,3.552713678800501e-14,2.1469783986125236e-13,47.23850316196536,0.00044928844771684027
0.05756497563938549,0.5429783885902919,-1.4885279944586733,-0.048326596756951314,-0.2713692772631745,0.6952457700527348,0.07594366234357153,0.5493593779688507,-1.489302659616219,0.030279519412748146,0.5303136663634197,-1.4985776879504915,0.04103385664600205,0.5756143755909514,-1.480650285380729,-0.0853955019028541,-0.6709144149805178,1.7377432081480393,-0.1520953707312694,-0.6947177929763828,1.725164214573192,-0.1265466471882984,-0.6800688630337712,1.7325035993237348,1.0302869668521453e-13,6.212106694843353e-13,47.721691080770015,0.0005272930979849714
0.060276689933641624,0.5445674500667049,-1.4896836753491605,-0.04870349946053864,-0.27086379226820934,0.689846848860153,0.08363819777376129,0.5531456920239309,-1.4918220908049875,0.03855373649455865,0.5342315563590734,-1.5013030203950604,0.03546625606218213,0.5733550075423973,-1.486264311792437,-0.08869350886926512,-0.6764882703855292,1.7411659773316435,-0.15598087875397038,-0.6987757155746449,1.728942653593667,-0.12819051143466761,-0.6854807361485402,1.7359658391139359,4.529709940470639e-14,3.6491450044826063e-13,47.98332286834195,0.0004337098529299985
0.06289014244013785,0.5416427264928585,-1.4987216750714811,-0.045901503840659164,-0.2784052756263418,0.7048145840579063,0.08349527038756462,0.5470352700541465,-1.4978387386323397,0.05063496547131782,0.5371218183077086,-1.503413809849647,0.033303264259443396,0.5796824546414634,-1.4875664240831266,-0.08838604538758241,-0.6747103196245064,1.7441874830945325,-0.15690925477143935,-0.6928742948832325,1.7334628348519472,-0.12755875374608083,-0.6802198066912502,1.7403276880162122,7.460698725481052e-14,-1.0822389931916606e-13,48.137986434139215,0.00012559927115449448
0.060129883451245376,0.545225627949845,-1.4981719871797528,-0.04780255343987446,-0.27180982241850626,0.6957381681860024,0.08409536226506274,0.5540282621386242,-1.4983476211271323,0.04107319294315827,0.5359859897206092,-1.5074344303693774,0.037600602286833706,0.5768910290575957,-1.4917156304166372,-0.08959797427540345,-0.6778806691696895,1.7502843039378018,-0.15547393680436536,-0.7023150705803025,1.737298356441119,-0.12613481610329677,-0.6860865097898937,1.745539395727233,6.128431095930864e-14,4.622410726899096e-13,48.41276099352628,0.0007611635523413087
0.05749161599758853,0.5413024222852459,-1.5095936097657212,-0.044338171595416996,-0.2745852348202901,0.7026969333257538,0.08264732515918087,0.5524206962883734,-1.5044301824603297,0.04306545159552881,0.5335654367862738,-1.5136584542416995,0.040058399284609005,0.5783164481883253,-1.4964596577561744,-0.08830918611268633,-0.6769580719405652,1.75582496483722,-0.15415411434292572,-0.7004030984983937,1.743309208978934,-0.12139040622684251,-0.6820045848290037,1.7525058668629776,4.440892098500626e-14,-1.1722699427184108e-13,48.68642745543951,0.0002734820045837555
0.06092428361164685,0.5484903641176405,-1.5060840471954469,-0.049861835190197275,-0.2812827428452728,0.7193976363728593,0.08382826089919049,0.5584964550077878,-1.5119440710547236,0.041185846851606846,0.5384179696307804,-1.5217220993557796,0.04086895866891106,0.5809276641754483,-1.5053009974172555,-0.09002381060766385,-0.6825326213970716,1.761892874971716,-0.15444819688321734,-0.7080210927416252,1.748613113837703,-0.12786651386474707,-0.6901020605427624,1.7573284340545412,4.3520742565306136e-14,6.767812532330798e-13,49.16051290121668,0.0002270787819154511
0.052386951474508066,0.5503898106270116,-1.5151235357628074,-0.04222064757122905,-0.2707606586441971,0.7120552364569939,0.08224540907509126,0.5581878200578835,-1.5123127227681978,0.039893527243549665,0.5458522097637974,-1.5192392038585367,0.04122379966449655,0.5885022862255544,-1.5025980125115463,-0.08682420408152464,-0.675979064259294,1.770903156366333,-0.15333254377982755,-0.6977051814528188,1.7590492788647727,-0.1141945007665861,-0.6811580066883832,1.7678349034270375,4.796163466380676e-14,4.02550967846446e-13,49.33138472893468,0.00040910788614237554
0.052721500498035305,0.5534822122255363,-1.512801851713982,-0.05095470453317567,-0.2809134330061609,0.7220808326733057,0.08281674382335417,0.561541707193792,-1.5217808717101935,0.03825342188117351,0.5501597836976406,-1.5285873671071022,0.04293490054750676,0.591298801624068,-1.5122703455566968,-0.09802438867348834,-0.6883737101979549,1.7739120085772568,-0.16358746070728689,-0.7101712186297916,1.761791004961799,-0.12728933735019934,-0.6914048961391186,1.771461766087789,4.529709940470639e-14,-9.460667691942135e-13,49.83281811942035,0.00017370616641978803
0.05609411276585915,0.5528016074034916,-1.5206563978399075,-0.04688930899975611,-0.27869823604286087,0.7124479267070951,0.08529192152670623,0.5620529118711746,-1.5233775061760702,0.04166036825173789,0.5472199447942336,-1.5314132672113345,0.04463674400737385,0.5890367900890349,-1.5149517317259058,-0.0943592510751315,-0.6907657710915839,1.77993346172416,-0.1588560333706053,-0.7148786689255904,1.7670420010380536,-0.12363732492602056,-0.6952585830730804,1.7769414377564472,1.2612133559741778e-13,6.864042171981618e-13,50.06137290362083,0.00026496252717743174
0.058793658528333355,0.5564403665593372,-1.5320140633319408,-0.04310056666850303,-0.28018144281723456,0.7144659134260132,0.08589858169002583,0.5629404920289439,-1.5288353135302655,0.03741275173330299,0.5495691511327571,-1.5363775733364529,0.04703763364903022,0.5884467848036155,-1.5208520819568072,-0.08884943803872365,-0.6885596081151943,1.7848376863192468,-0.15517712428803784,-0.7087088974491433,1.773529766245185,-0.12118398500913292,-0.6943558870518325,1.7812444087317099,4.796163466380676e-14,3.9242984752738866e-13,50.3159264083282,0.00028212342005049825
0.06181053660030309,0.559777474674876,-1.53694935524393,-0.05015765903108029,-0.28389289011624075,0.7273376201134523,0.0842104556260972,0.5663139599629551,-1.5372940363444334,0.03844143454375546,0.5506071327808709,-1.5455549151262917,0.04581680952410293,0.5915029100598936,-1.5293947264936638,-0.09245438388463083,-0.6936037356427013,1.7922874535749977,-0.15661952625154535,-0.717427441053918,1.7796500485122493,-0.12826413069695825,-0.700845291393184,1.7879323974861692,4.973799150320701e-14,-1.4388965548512005e-13,50.82520775104908,0.0004055911681154983
0.05749539414239266,0.5598014099816352,-1.5410713821428286,-0.04853012280403261,-0.2873567026429608,0.7253392054893065,0.08441939076856565,0.568018617427959,-1.5386586145374026,0.040227553525595254,0.5527543919964065,-1.54682156168829,0.042636797039314084,0.5929313109606839,-1.5310355215929246,-0.0940286546152092,-0.699834194732557,1.7969256680404282,-0.1597976138890761,-0.7203379627832824,1.7854217591419093,-0.12547593613233501,-0.7068725764493357,1.7928577068493334,5.3290705182007514e-14,8.164452664835296e-13,51.06864719305876,0.0005142143101159615
0.06257599825005353,0.5645315182534695,-1.550055438369817,-0.045588220215324105,-0.28333542398213823,0.7290924910335701,0.08494740861633882,0.5686624753454042,-1.5515313950316976,0.039270588500326185,0.5582111115362065,-1.5577110123903781,0.04305215624593764,0.5963391693265351,-1.5428385525568509,-0.08732419047559646,-0.6929615790431033,1.8035775036020947,-0.15489096013383385,-0.7064862189037221,1.7948516926029316,-0.12594930013414687,-0.6972284913643807,1.800269623617993,5.684341886080802e-14,6.091570909752792e-13,51.519242214568074,0.0001903355875051594
0.05657087024137533,0.5597037697497731,-1.5453582920299491,-0.04995953577067627,-0.28675263907061976,0.7311703364361211,0.08397421655732895,0.5692357239259629,-1.5524107006267664,0.04126569374782835,0.5543052590995473,-1.5603409845576344,0.044072851127447424,0.5957025151880827,-1.5441407805853786,-0.09477779604017744,-0.7010839463134817,1.806149862120478,-0.1584372049523296,-0.724852539168506,1.7935430464088462,-0.12499356804333846,-0.7070415918998947,1.8025723265706732,6.483702463810914e-14,2.6694827369199653e-13,51.70873745916012,0.0001681562683227354
0.05940252142379989,0.5676352218616549,-1.5602346846880875,-0.04672878362652591,-0.28352615398278935,0.729243994807807,0.08712295403256078,0.5762101653555324,-1.5562155381037384,0.045922649121629966,0.5622650118815888,-1.56377310782476,0.04073358142919309,0.6006851198984107,-1.5490377615350555,-0.09320686261917514,-0.6998610860862992,1.8140777631045057,-0.15787263079333055,-0.7213210569588739,1.802305160403787,-0.12282310892027022,-0.7067523169439806,1.8101669333806132,5.950795411990839e-14,-4.850232446740443e-13,52.085854044218216,0.000505338047100004
0.06006520651929478,0.5673986038027663,-1.5625724514057728,-0.04814161829438192,-0.28765504062606273,0.7330092316904587,0.0844602829317736,0.5738642814178055,-1.5624063221125772,0.041635601518194516,0.5607706292361753,-1.5695861206113495,0.04281265489999759,0.6003864476010121,-1.5541491309872424,-0.09353974022018216,-0.706361855887125,1.8236372184248129,-0.15690872200664632,-0.7292679531104003,1.8114269094262734,-0.12611203644221827,-0.7123712134480764,1.819929987223264,7.460698725481052e-14,9.7723263227567e-13,52.55002410235052,0.0004638132079158181
0.0591512545998759,0.5709148542757833,-1.5776766041753536,-0.050455397265314984,-0.2882595448297969,0.7412760430057607,0.0830076656750124,0.5789638991519657,-1.5765906865373989,0.042921585935455274,0.5637885012606144,-1.5843982785409245,0.04090694668424389,0.6042502118592055,-1.56883050564046,-0.09339902580424835,-0.7117543844480991,1.8413504421366456,-0.15490485377754493,-0.7373210930354075,1.8283000674334757,-0.1244200346650016,-0.7189448278633572,1.8372991399573058,7.460698725481052e-14,-6.41768701745596e-13,53.5235052969805,0.00041741645764444924
0.056691512944811916,0.5706682587925462,-1.5835704068110594,-0.045539877027099315,-0.2903073377939639,0.7401392079278465,0.08612155599010113,0.5828404845858567,-1.577401732993606,0.047475742394047345,0.5661813482884606,-1.5858996655179596,0.040858533094795306,0.6054980442906402,-1.5708755835249721,-0.096341456544249,-0.7101079079336701,1.8425895753628323,-0.15802252303474576,-0.7354942922768573,1.82950826369592,-0.12159925155847674,-0.7159755095747604,1.8392935299438997,1.056932319443149e-13,-5.758656676146576e-13,53.611749996566466,0.0002340838319617234
