-0.045847109754543626,0.050988400777348744,-0.07324405588130624,0.21126201767661695,-0.219180384824112,0.14743660932112557,0.02219580821983664,0.16179846260187328,0.06873234309151675,0.04238570943040317,-0.304348125108932,0.05488124036539306,0.28103235211871597,-0.20367485385715076,-0.23121534401774607,0.33909969055503997,0.11372182275391558,0.148871104769715,0.17102847817617134,-0.16001036265035148,-0.23336865996790274,-0.13613855334777766,-0.028317157924285817,-0.19348059010257784,1.7763568394002505e-15,0.49999919124523773,1.2359346822547221,0.0006835126603628664
-0.047648343350530094,0.05523890462094391,-0.07394391403803262,0.21831470496428249,-0.20608208888928523,0.14367720323895972,0.02108256484438679,0.16388130932029144,0.07109644109760106,0.04858826479800384,-0.3003381888195536,0.045888039533840345,0.2862025068266291,-0.2042393104975045,-0.2328285111851233,0.32987810163322356,0.1222322971687864,0.15888916346191262,0.16892234138311968,-0.16212806599167517,-0.23724783835539262,-0.12882417652241457,-0.0298691226014381,-0.20371559262713995,1.0658141036401503e-14,0.49999803387462427,1.2472719467647444,0.00037133329770170026
-0.06653293371870696,-0.09811840692291803,0.012823607525060548,0.35583958797003823,0.01686875694811841,0.20767729946441862,0.07203625882330404,0.23441921024958717,0.1186972814020781,0.030299245631281786,0.11904024281682987,0.07291496455197335,0.2780753450434061,-0.01162957090312311,0.25965609595923744,0.03262809945906769,-0.12225635584321184,-0.34413785757463117,-0.017284268573487565,-0.06328953829177464,-0.3310603743698751,-0.14840520083791825,-0.1957750924515434,-0.02300534345269338,6.483702463810914e-14,-0.49999188845926246,1.5841303805262386,0.0011824521978598139
-0.051531307440739846,-0.10455347592589821,0.0005772423543157408,0.3769126601107377,0.023410653309648942,0.20789289010935347,0.09603387870010487,0.2301500383863106,0.14128554117468764,0.03946331148513219,0.1019907955245108,0.08671612677412391,0.2838444797595804,-0.011162566894167746,0.2710685407820973,0.03507379916553252,-0.12512419932932858,-0.3378567518408772,-0.0013812633079932778,-0.08604572272708004,-0.32804972815895933,-0.14119580859267444,-0.2092854934184322,-0.009726538867392515,1.7763568394002505e-15,-0.4999906326170448,1.614425165346349,0.00029965763242446663
-0.06886977091813629,-0.08008045438290798,0.005832127253160537,0.3619503835086929,0.020974298640591662,0.2224607718416757,0.0852353244247252,0.2515595422310865,0.11866244169417736,0.02817796955156056,0.12223244493310259,0.06312610928734785,0.30722423017572426,0.005422553147247713,0.2591808346485682,0.041639011666857115,-0.1472953957054138,-0.33166947620250076,0.0009737698663385448,-0.09575178263159974,-0.32434031755157666,-0.13815156185437058,-0.20081156686815396,-0.004590783155846893,1.7763568394002505e-14,-0.49999531441791356,1.6146370505486294,0.00016788480889584606
-0.06662208170222154,-0.09576720039212923,0.0032307496765275304,0.3563152169918687,0.0038269606012931593,0.2255123161206176,0.08995594157237147,0.23824128257459318,0.11748555277569167,0.029773931593902007,0.10499435395023737,0.0707624624931807,0.2968271465864963,-0.01494251248888959,0.2648624854780223,0.046578495554613346,-0.1457440526038002,-0.33944987890300765,-0.010825578700092812,-0.08533684558796586,-0.3243352615998541,-0.14899878916352854,-0.202757593161098,-0.029573590718232096,6.217248937900877e-14,-0.4999954485456406,1.6230882773160535,0.0007492046308166587
-0.06509532561364385,-0.09514822147700562,0.023003814343400326,0.35599918167716527,0.023988439031398735,0.21680825749302396,0.08525267702300918,0.23444703055017793,0.12301572961961735,0.031625114017058524,0.11077379383723826,0.07946094503323779,0.2794658297451178,-0.010244064904482672,0.2729767848282586,0.032838302254602936,-0.14500613314348446,-0.33352556768941455,-0.026362062279475823,-0.07877354687367395,-0.32085613477436825,-0.13685232229000746,-0.2208104308203913,-0.021317987613997426,1.0658141036401503e-14,0.49999317603637233,1.625267951466907,0.0005391345643958147
-0.06810921647383864,-0.08011359607173223,0.004385712495690512,0.3546582795548648,0.017909122352969858,0.23172248031349268,0.07925024231012599,0.2566673796942833,0.11681500662534218,0.03469822872128965,0.12477584290846666,0.06223408610665843,0.30890985612227995,0.010848388030575968,0.2594476193225199,0.04660482804072041,-0.14751093803747553,-0.333379168615674,-0.0005807996548554226,-0.09477739753957237,-0.3221738537997207,-0.15613868349351026,-0.18232690224714096,-0.017187083911023797,3.6415315207705135e-14,-0.4999968110943849,1.6279691798668217,0.0007069976518922618
-0.06885749470582825,-0.09038931169053006,0.008796143444037344,0.35652177050525785,0.01599078703209572,0.21823325253789744,0.08042740319236158,0.2404780464873961,0.12713730753142774,0.028298495930019884,0.11414874175345936,0.07452420840903332,0.2809529138344441,-0.002335801650844702,0.265358230723586,0.03229018708055165,-0.13020096939765216,-0.34189552816869123,-0.00459678566278481,-0.08508047142906401,-0.3339753413989345,-0.1555638690459183,-0.1985764371655501,-0.021556970233199604,6.217248937900877e-15,-0.4999972789082825,1.6283886584733045,0.0008702618466947705
-0.05970369679475051,-0.0996583597663257,0.026672737429770544,0.35634170803041276,0.03846540549613794,0.21145671495448487,0.07202589528695193,0.24080666253055252,0.11834385045947728,0.027205081774526116,0.1189438831186226,0.07342594400938819,0.28384186496716063,0.005882671738144905,0.2638490467014245,0.02968358714520164,-0.1331075230007327,-0.3396804736480155,-0.021030307964782613,-0.07636442625859448,-0.3283743201777154,-0.14329792441691297,-0.2081160351351511,-0.022514653195649423,5.329070518200751e-15,-0.49999506669221194,1.633194141063371,0.00042810791627882706
-0.06809629927805486,-0.09232377080510654,0.01184792070437126,0.35766346713230573,0.008181172848077426,0.23054623847399114,0.07957958126787282,0.2441461633970187,0.13096920998730993,0.0209615888558003,0.11035009170188587,0.07659768133550605,0.30802835604551615,-0.00472714851012615,0.2625115108371318,0.04135596510838138,-0.12786449537355354,-0.33795758925101843,-0.006725288917042974,-0.07689149200948653,-0.3237004884933897,-0.1480553923169428,-0.19797961111551532,-0.022830045754825175,1.0125233984581428e-13,0.4999928351836616,1.6332641090799878,0.000877616739742248
-0.06733930160370878,-0.09558328907957522,0.02448417335929734,0.3573164786260749,0.014892226417077837,0.22208655023077317,0.08004876409849039,0.23951954960601704,0.12912509011547157,0.035258595655280944,0.1126938822348645,0.07839830031514086,0.29674859178300167,-0.006065449681112883,0.26643090712815404,0.026089778915474884,-0.14767738311348452,-0.3284258993225953,-0.03774703868889267,-0.07205235732771598,-0.31162990049056577,-0.14876476825980317,-0.20567368840655376,-0.019331178577604708,3.197442310920451e-14,-0.4999958966091259,1.634000232521027,0.0009424804725227596
-0.06713315695112491,-0.08606300079624367,0.005500158159266775,0.35685405174459434,0.01715670151892825,0.22631953475782818,0.08307077631667412,0.24235558937597446,0.13444088109263838,0.024267700782049543,0.11217720220183926,0.07650841664371529,0.29025326569487986,-0.004685984460325276,0.2696026503155849,0.0428543657488998,-0.12815992795260048,-0.34015717149740676,-0.00516670161118077,-0.0787197143462822,-0.32787411587639803,-0.14165357758393382,-0.2073797758287134,-0.025059464933491475,8.881784197001252e-15,-0.4999915181793232,1.635041646007124,0.0016254440403458401
-0.06842089066509562,-0.08179318516681551,0.020411629945069325,0.35900530010889264,0.0054385953917908915,0.22487934355875333,0.09461693228638497,0.24017797372521832,0.12423755498397866,0.044243004866473194,0.11441674255451219,0.08134512417944553,0.29384286823129047,-0.013467461608125252,0.26726442848103726,0.031342374130381684,-0.14318411095881198,-0.3346396726073861,-0.006464740465816718,-0.09662373940792177,-0.32563795115756355,-0.1631287116740846,-0.1936330250293687,-0.015264985836811983,5.329070518200751e-15,-0.49999245141448967,1.635148731817424,0.0008207370980715589
-0.0665417573143418,-0.0766730051059205,0.019688899757462925,0.35472229134627753,0.015475492144098216,0.23452508501878375,0.08813983207040668,0.24509616627673203,0.12970786608608437,0.0328062551652659,0.1205806133481364,0.07778381570136901,0.2837669053992935,-0.0003722734096428903,0.27782139171855086,0.04928010028766161,-0.13238038388595016,-0.33542938907127434,0.001938896139056286,-0.07945916250362332,-0.32611217666868825,-0.1400349363989722,-0.2033126952861639,-0.023493106606055043,5.329070518200751e-15,0.4999994215251889,1.635649900789955,0.0017355824525955902
-0.06682003613109826,-0.08340663179657745,0.013705973506063562,0.3601771366757514,0.02179762063197627,0.22603037203260914,0.08263997287433299,0.2506409686093262,0.12300719345891345,0.034955864992121305,0.12012503833316106,0.07078762294972606,0.30525402938393875,0.007114620342027359,0.2615730069573333,0.03631582487456242,-0.14770448084916876,-0.331229734695051,0.002245081660674846,-0.10176001053236099,-0.32538449323597257,-0.15289264128207164,-0.19558249078335227,-0.008288031021087843,7.105427357601002e-15,-0.4999944104251154,1.636458390880055,0.00016744785945266668
-0.07059949000222508,-0.08726113360792435,0.020872092055522568,0.3451883971923962,0.01818149972602202,0.23148828414603267,0.06868453327737746,0.23727230049758768,0.13169448049953228,0.030235586379787883,0.11586140994401652,0.07886523062347173,0.2819741639649511,-0.006594145804056463,0.2727411142392234,0.04037926353958982,-0.13920747546908221,-0.3375400837956011,-0.011411829486041377,-0.08285324233468917,-0.3260110865615726,-0.14698534978992733,-0.21257287674497488,-0.027285042206560427,3.2862601528904634e-14,0.49999663584844406,1.6373586751417988,0.0004700534047035508
-0.07765682156783484,-0.08357346074276012,0.01906607786810844,0.35053185421403565,-0.008340673173772347,0.22745317710520313,0.09255304145983952,0.2319392952035761,0.12692978262752513,0.03182965397134853,0.10534648914438265,0.08118935326993611,0.2839884468950441,-0.02395508563520127,0.27063459491960334,0.028902595941755,-0.14559505864804903,-0.33700656354033737,-0.01870061479693666,-0.0885764695214452,-0.325615732153102,-0.15826719109400722,-0.20989787271470822,-0.024874588614524684,1.1102230246251565e-13,-0.4999967659482548,1.6388987113941087,0.0016886847518674507
-0.06843508769685167,-0.10159117601699931,0.003465560429531838,0.3581916302124959,0.015168580247410848,0.22062324654087279,0.07924569408803661,0.2398050337312259,0.1285582385659405,0.01698696473250126,0.10527543000375109,0.07158473028629994,0.2894474051146491,-0.0003846567249541116,0.26336408956819357,0.03160040781651201,-0.1348736859130326,-0.34084715841794,-0.0020046497369346776,-0.1019891142138115,-0.3314742478679289,-0.16109466549024876,-0.1997701649935851,-0.016144654695090434,3.552713678800501e-15,-0.49999410031126057,1.6417934367214453,0.0005248345483433879
-0.06575714650260246,-0.07734375204952497,0.0043710111488874815,0.36097238761756334,0.01188659275374302,0.23248239000271587,0.0935342468616969,0.2590558543894361,0.11643288161160278,0.04149501104043165,0.12189262758809796,0.06502540011947415,0.32169705238882457,0.005187111534459718,0.25688018913956545,0.04305329527382228,-0.14943241300230042,-0.332270477894163,0.002692853212973951,-0.09210744756851512,-0.3243947816561255,-0.15676977593446645,-0.17908028925299413,-0.019623069935615786,5.329070518200751e-15,0.49999562696365507,1.6425413078799762,0.0014747121399017067
-0.060928020446114686,-0.10058019320553169,0.032906009888346126,0.3626939637778908,0.010881602890487242,0.21754502334471995,0.08874084740851762,0.235150180228118,0.11672474320193621,0.043333778511866955,0.11095446302012621,0.08108776633632324,0.29061483565211044,-0.0076650572928096015,0.26394915549642234,0.02461303673958404,-0.1404519576669215,-0.33745594818652297,-0.005914327940704599,-0.09900471623876797,-0.3309745996492743,-0.16923877788391825,-0.19013266944796542,-0.016391943706239063,2.5934809855243657e-13,0.49999682363005227,1.6431403966103102,0.00031428560523602826
-0.05891485071902633,-0.10465768687554512,0.009603474299853433,0.3603519094525334,0.013926878087850727,0.226522713195988,0.09212940638432125,0.23379234684943195,0.12329108184402458,0.030238777697029484,0.10288609460800019,0.07076339022624277,0.28448083766613863,-0.007664672945635072,0.27419161462487796,0.04620396881839273,-0.14846764912168522,-0.3383117978454253,0.003885005760628867,-0.10419683622792636,-0.3292998915623773,-0.14985274974463203,-0.20884938299486,-0.023360143593945865,5.329070518200751e-15,-0.4999911114424097,1.6484318047675286,0.0006055622566368033
-0.06571059963732102,-0.0900421669658841,0.0072519284257907355,0.3603327341560203,0.01991601685950709,0.21302196280984192,0.07209929991998894,0.2450727977550014,0.126257260246973,0.03380732857314462,0.11746638570238707,0.06859413985807851,0.30435644337088363,0.0064258878958913055,0.24786364090523744,0.027216583461978985,-0.13181164294202272,-0.34749229431127443,-0.00030022204057547153,-0.10326574818671076,-0.3390509757588094,-0.1665381533533052,-0.19013100722130352,-0.019401609217299415,3.774758283725532e-13,0.49999754669725127,1.6487043965864718,0.0005873952040463632
-0.06529103944008074,-0.10007894713422028,0.014591254711934608,0.35902885130867657,0.021861492411956757,0.22444279543626944,0.0841863985067819,0.23839732034455316,0.13508479558134517,0.02439340327422317,0.10388894881994543,0.08157588251126167,0.28316196078197436,-0.0002064000745669369,0.2755192991242946,0.03150919087982278,-0.1432050052846693,-0.33107297174318906,-0.016064126485299535,-0.09124022644238336,-0.3204618559170225,-0.14966574346143244,-0.2128509559839342,-0.015985936445881598,1.7763568394002505e-15,0.4999960534285622,1.6488823936853025,0.0012152217040938813
-0.06723005546507822,-0.09050328042999324,0.005959851417356896,0.35626135634862915,0.01939800520489707,0.23684682611726843,0.08351028278771937,0.2458634322834455,0.13841410200748913,0.025546235518363002,0.11169173333535944,0.07474199557627689,0.2934732879761231,0.001663125219420532,0.276096660823678,0.04044110924380197,-0.14537435581222186,-0.32855109604924027,0.004431612017753403,-0.09895402539889968,-0.3224665269660022,-0.15079408139682984,-0.20325394543009503,-0.011470360052525778,2.842170943040401e-14,-0.49999000483401457,1.6504936241842654,0.0004221159567874544
-0.0687712195857138,-0.09027646137929898,0.014345660320891959,0.3562796118837029,0.014439800757601361,0.22679389767505173,0.08273596732396288,0.2451087606823838,0.12352883785387757,0.027504287530327777,0.11540560720922707,0.0671895072764488,0.3003825619138638,0.000012494202595253927,0.2627770802472884,0.033850921166259956,-0.14452273001921018,-0.33647941287631544,-0.005301750735558118,-0.09656230921712616,-0.32795925662428826,-0.1559484801094885,-0.1977434595473446,-0.017903702579891535,4.796163466380676e-14,-0.49999511574335753,1.6507965655793133,0.0021065496428369942
-0.06153062234235533,-0.08119529230680118,0.02772495621933408,0.36011896599767435,0.01952364274397965,0.2325592882134619,0.10111054610657147,0.24229911250047156,0.13889736836786226,0.039010640837880736,0.12170197613930833,0.09035675408848585,0.27691762879558385,-0.01086918470533616,0.2849233169962978,0.03489993406897657,-0.11570370248183308,-0.3346705999496932,0.0020524089210177256,-0.07559869539018109,-0.3271955742994786,-0.15737696054137917,-0.18859556583772918,-0.018192011022734933,1.7763568394002505e-15,-0.49999453053205756,1.6510712160175447,0.0009593648218766659
-0.06934422568204221,-0.09876886883508071,0.02755646057104018,0.35906175917418615,-0.000042627053048817696,0.230480225509067,0.08422265735613353,0.2282032339609002,0.14241997743909385,0.024938115727389763,0.1070383213863752,0.08005973998532678,0.2942483592852803,-0.018397289761306685,0.27194036402076327,0.02648982119526436,-0.13704843944489614,-0.33350661515321844,-0.003506529473514825,-0.10447642597483037,-0.3250044543685972,-0.15725256124945047,-0.20860124561527105,-0.005683552803700996,1.1546319456101628e-14,-0.4999938125392954,1.652860224922098,0.000658398668289359
-0.07156683203301566,-0.07266351376938851,0.025013449996394998,0.3522174184424145,0.014626886113583535,0.2333997880638042,0.0885093483200774,0.2401763333036904,0.13896374593140856,0.034207085764839995,0.11743864466298085,0.09046275714030014,0.2789530694737305,-0.010888156460598129,0.27862540320667684,0.03372868860451103,-0.1265963292310267,-0.33784988571908525,0.00782081154874396,-0.09531326070792573,-0.3326460249091826,-0.15670298863643492,-0.20608615696773078,-0.017190885657529784,1.9539925233402755e-14,-0.4999988364612351,1.653297491571527,0.0003116741455422827
-0.06379395028943015,-0.08919452853507458,0.014940259672284973,0.36137325569222045,0.022626466566705684,0.22231018131060326,0.08788855596474972,0.24315918273964357,0.1312112096505394,0.0290840582864279,0.11155128094957745,0.0797290282768212,0.292172709064586,-0.00011601505398470872,0.26842977186101874,0.0341934523728921,-0.13225742578999652,-0.3387715349986781,-0.00611924877221385,-0.09145657120331223,-0.3281463412795444,-0.15130291763027517,-0.204735495258692,-0.01938458282589142,1.1546319456101628e-14,0.4999926746724079,1.6533310477269305,0.000645129761995311
-0.06724129060005864,-0.09431842944657193,0.024260189452824533,0.3526711986253162,0.01798661473904026,0.23302727766989398,0.07659339894474777,0.24389108571171478,0.12187371415533278,0.024579701482142242,0.10779162808454475,0.08060026402006584,0.29743593146104497,0.0045049280642788505,0.26790205532201045,0.04072316549114479,-0.1431630831731567,-0.3354178143208045,-0.003428455216561668,-0.09802252249454045,-0.32475511918546474,-0.155646695184636,-0.20534722657567273,-0.023050948802244293,7.815970093361102e-14,0.49999784069600167,1.653564577358166,0.0017597160183267931
-0.07493406766491559,-0.09598797334942998,0.0073938785185295895,0.34456965938872797,0.020165321929349146,0.22474802880639524,0.07540551649088979,0.23848350637119684,0.12609188518542108,0.012149647207915228,0.1067671530468985,0.0691198273445949,0.26576358103293013,0.000489520052425519,0.2744651406841536,0.033317162824756795,-0.1420164914632317,-0.340967161639735,-0.016684614038644158,-0.08981024103664687,-0.3312073330231448,-0.15248893659673304,-0.21513020001297256,-0.0307071262259771,6.217248937900877e-15,-0.4999999042082315,1.653796462310557,0.00021050662670731935
-0.07128691441078039,-0.0969505068972253,0.015537418053075902,0.34771806793428955,0.0005179687461277236,0.24162732405144707,0.06985415659082758,0.2278563431885458,0.14404679477328727,0.028540736175493187,0.10021869564440204,0.08132834959918482,0.28686717482399965,-0.01188007803146118,0.27697866347749117,0.04281173559099583,-0.15386795380709073,-0.33291378433459934,0.0034971056016728803,-0.11207570480483064,-0.3242347032819169,-0.1536223027295916,-0.22156607518766833,-0.018534275483748062,3.552713678800501e-15,-0.49999100144197983,1.6540115839267056,0.0013797414362212
-0.07217451579450117,-0.08335090119244264,0.020830768344107877,0.35576058608197303,0.022119436997549015,0.22296133632633036,0.08197216513684259,0.24738819021812739,0.12760562231156164,0.02430166906973188,0.11458585349591086,0.08145378608161549,0.2895469338908875,0.005311645810011751,0.26571043413352524,0.025184894916664927,-0.1324583920755233,-0.33745787909790154,-0.006540277976655763,-0.09300655556032221,-0.33105437745977995,-0.15879805970184102,-0.20213235233488835,-0.016518059988544546,6.545874953189923e-13,-0.4999974368770377,1.654352782730596,0.0009340622875155116
-0.07687512203394263,-0.0910856257617947,0.018546159063777417,0.34984601991718167,0.020404746459804668,0.2313677491728751,0.07949346636170833,0.241879637944707,0.14110595260746792,0.017126004898811192,0.10602911797510643,0.08500937320342447,0.2818213364283273,-0.00215634450891081,0.2793649460795084,0.022447402947573674,-0.14688200896982045,-0.32421888093262696,-0.030704706180600002,-0.07836774658175344,-0.31470316691639577,-0.14477484675645583,-0.22114000148489193,-0.01663175134742733,5.329070518200751e-15,0.49999487138284915,1.6544118953361342,0.00045143618108653866
-0.07088868715306419,-0.08880922945623973,0.02183297741254743,0.35081579845266697,0.014711698060047317,0.23337975619898146,0.07154741713019956,0.23791609479245848,0.13776052739153205,0.026077005970887118,0.10912227396551649,0.08034329546233478,0.2990140685909646,-0.004750487878355274,0.2688665866439596,0.03628971708535898,-0.1455024627050726,-0.33374478139722175,-0.015376908855783602,-0.0877559443234967,-0.3216627448616157,-0.14013435213676992,-0.2224384324444233,-0.022474331590376765,1.2434497875801753e-14,0.4999993699168941,1.654962616957498,0.001373992725283045
-0.0685660309115897,-0.08758601591114562,0.023150162973154205,0.3544844767575968,0.013294157966980365,0.22345784900497712,0.07772334626232896,0.23752614090663177,0.1305606397004938,0.03285489931856605,0.11057154623962398,0.08296853905331389,0.29495111192444856,-0.007834568846769112,0.26252213378398453,0.03011670086945144,-0.1332867341071844,-0.3429694072779585,-0.006932340324066886,-0.09074921485398628,-0.3335500207176191,-0.15623433642620557,-0.20878738013779363,-0.026303573979754368,3.552713678800501e-15,-0.499997003787259,1.6552732993158166,0.0017620406029087293
-0.06924579768949538,-0.09691507066281611,0.004608984233236877,0.35410733409171435,0.009046544886764391,0.22886872982513679,0.09435722275699447,0.23062199588709298,0.14303634123463826,0.028526265016806645,0.1063940240265024,0.07535017374891151,0.2726124277037218,-0.02204434429522289,0.2818964396390795,0.02761122901327045,-0.14225293421481644,-0.33444039682011145,-0.01134135044666973,-0.09190714350607754,-0.3265925118060171,-0.158625032429167,-0.2077086715705656,-0.019422785679789348,5.329070518200751e-15,0.4999979583577727,1.658117035850373,0.00015303959222355654
-0.07332509869396117,-0.0866256403507751,0.0029742198921650963,0.3513034906470125,0.01602715481546709,0.21282944469820922,0.08322416524110329,0.24386418182338926,0.11513164789294522,0.020035595308147684,0.1097526420229379,0.06361713053911355,0.29586589686516535,-0.006319771109404109,0.25304832068103533,0.030138464215880355,-0.13777975838222342,-0.3512799666243407,-0.03204933903295998,-0.07410800443638281,-0.3338848729742071,-0.14580219449546278,-0.21298600297310652,-0.04438857285063377,8.881784197001252e-15,-0.49999973820702837,1.6585831184351503,0.0009928005445161816
-0.06517700515505483,-0.09143496634993972,0.030213446284492032,0.3532369607283669,0.031755590893470145,0.22296241229274563,0.06965063662804459,0.24580813390623013,0.12859319216288412,0.03009752157722241,0.1153738666556162,0.08508632522094811,0.2941847196005016,0.008717049700930927,0.26437238402832747,0.02671080458014254,-0.13335700570316023,-0.3367249575571005,-0.022448109784065418,-0.07762111967140906,-0.3246527163687798,-0.1540568793305714,-0.2054662057797923,-0.02615426063957972,4.440892098500626e-15,-0.4999964593762628,1.6589516067592802,0.0010862910677990677
-0.06406125591752546,-0.09718912219511379,0.026527449580686577,0.3552227242177302,0.03317487766431555,0.2184571064435183,0.07780025729256823,0.24182262514629901,0.12650101144253498,0.02554614377545715,0.11110745943939199,0.0816890454403983,0.28303671203282266,0.004956352872122753,0.2693698841744393,0.024566109807483007,-0.1359343182325598,-0.3369710543267776,-0.021109057991343348,-0.0808863768571777,-0.3278378454908745,-0.1497810194293586,-0.21244600732455546,-0.02481432054139348,3.552713678800501e-15,-0.49999086630360645,1.6600277127149154,0.000591271653075666
-0.07208264069290124,-0.10877806122750013,0.001654693761082958,0.3535436429097445,0.007215085969749039,0.23266895213490968,0.08085435009803715,0.23273356647544213,0.14801800074725766,0.013855935546921114,0.09458333974001938,0.08326307708363731,0.2845079855306931,-0.014532074215812117,0.2761636685432368,0.02417181730491555,-0.13717558659121687,-0.33317732925217547,-0.008336185188866453,-0.10275010752239319,-0.3239084440228392,-0.17175883585327173,-0.2030768655283095,-0.014387470976393766,7.105427357601002e-15,-0.49999063897368423,1.6613906042363078,0.0013512229527137176
-0.06846228096964731,-0.09107746758882447,0.01608812330906117,0.35150653873057164,0.021697128637888488,0.23273259229086013,0.08267889188504642,0.24412344674818698,0.12553133423186077,0.023891048646185523,0.10923885421157267,0.07695684824861947,0.2910638780572393,-0.00015576739507337198,0.27213960682348676,0.03858376987140838,-0.14531456611231847,-0.33555803068948126,-0.0005326559660864985,-0.10222003978016839,-0.32751369773075906,-0.1553645102042487,-0.20816121736807686,-0.021666274279750097,2.922107000813412e-13,-0.4999938247418423,1.6618608425591526,0.0005973191503436552
-0.05989756577196408,-0.10306813380313333,0.025150747677905733,0.35866871717237864,0.034146337602021355,0.21758721755359411,0.07605132694933779,0.24118096094857572,0.12759672272142283,0.02046740430114467,0.10944152751722241,0.07806560691360999,0.2888997842530684,0.0080039716778256,0.26680826466807184,0.027746951792355833,-0.13200652906552252,-0.3389958118181729,-0.01988523376561025,-0.08340375654068814,-0.3268590702584715,-0.14778933496984695,-0.21113599980889106,-0.02355582826018844,4.440892098500626e-15,0.4999919876863924,1.6627606938666775,0.0014242301521436615
-0.07455166759031923,-0.08682428059449986,-0.00294731501166546,0.35468259574095656,0.012158186475996764,0.23040011209051905,0.09535563482281466,0.24236872661664924,0.14550676537173926,0.028402760987290377,0.10879961710522616,0.07642162254087885,0.276372885917914,-0.007850759174905795,0.28122670441517506,0.02216572205904343,-0.14753093544143522,-0.32762897089218007,-0.019555030620299122,-0.0918626086260538,-0.31980141304702386,-0.16538453926155136,-0.19916870473428067,-0.014728668585960896,5.329070518200751e-15,0.4999904558454088,1.6634472296227567,0.0008339886901557404
-0.06386804188769242,-0.0915331227314078,0.019602310643959966,0.3554220395512368,0.022883385538969722,0.2264422297447624,0.08370523455241732,0.240530602164039,0.12771643117160408,0.029445453636896126,0.1106271550253624,0.07858652240677702,0.28570441596677665,-0.0006271320342938722,0.2712064424048949,0.03683702426875331,-0.1364829969125163,-0.34100160746933855,0.00030912111258816875,-0.092728923123374,-0.3341420026759384,-0.15062308727745363,-0.21015513860819066,-0.027441763609916268,1.4832579608992091e-13,-0.4999934524678117,1.6641696674750948,0.0011254072760995598
-0.06027259549466976,-0.09848839839478521,0.022716803989553565,0.3627670244931487,0.03259713184150566,0.21795145900073465,0.07424339414809987,0.23955712736255969,0.13579082328650713,0.023461428703135865,0.1077266724287021,0.08218796082773787,0.2972686378728764,0.0080455200613723,0.26282802009507217,0.02809272752957667,-0.13089499629643936,-0.34001995658625034,-0.0034378163359059973,-0.09583225124486788,-0.3326267830564693,-0.14403570387215422,-0.2181472010516362,-0.016219987523607267,6.217248937900877e-15,-0.49999341752641313,1.6647054291000907,0.0005589017897662595
-0.06672589986038514,-0.09828014174010784,0.008482835891882342,0.35724029283586517,0.01651096924875453,0.22358455758251944,0.0793605496236683,0.23873455141127944,0.1424057357397764,0.018732329802195573,0.10923511429375676,0.07378437431272425,0.28893971763997256,-0.003827345796215804,0.26783699558105545,0.026719713320810138,-0.12421791632543387,-0.3417346994550658,-0.013680479272591344,-0.0759829305132236,-0.33127768677181885,-0.15358915568517523,-0.20286540367285916,-0.027116900118441103,9.769962616701378e-15,-0.49999932919220413,1.6650847935755742,0.00010931615355599781
-0.06483257529176549,-0.09442886534310958,0.0026619574935034134,0.36586095611847974,0.021103798693831905,0.2346912470647785,0.08898145861119404,0.24682149160732503,0.14850910160096614,0.02087241627751815,0.10353261340213338,0.08208720743174756,0.3107645136754095,0.001353245663011792,0.2716651945894589,0.03456865858417819,-0.1405127821136603,-0.3267154528574227,0.0026190596841992675,-0.1070427371226098,-0.31786166815984496,-0.15286153853078396,-0.20503758080675574,-0.002576324004117316,2.042810365310288e-14,0.4999945451521554,1.6651622599847677,0.0007664822133327626
-0.06279332045694355,-0.09441971886667866,0.006726534034941855,0.36185171543675876,0.011870702955792114,0.2199120490934616,0.0872934286850438,0.2340692262538325,0.13845721938418373,0.030527006035396053,0.10636446454844681,0.07340808281383471,0.2883587381758688,-0.00795639486394134,0.2667028768556283,0.0337670564559776,-0.1316992136173441,-0.3457602124521965,-0.005777320451698984,-0.08662363602249945,-0.3360613361727538,-0.1478921074778907,-0.211202447769296,-0.03045403750031207,1.7763568394002505e-13,-0.4999920014280915,1.665195074349778,0.0016567087079221523
-0.06402830406080379,-0.08986981064629551,0.0025950910340993413,0.3647360676134263,0.010216524859484292,0.22436743045647825,0.0913616674836349,0.23588337085239403,0.14426898709004116,0.03921954194244902,0.10646661244310507,0.07552743795960186,0.2938964075843938,-0.007331755835725754,0.2693371833548593,0.03170735277671089,-0.14722689160797806,-0.3361952923596573,-0.001848338049041525,-0.10844988438299265,-0.32826507494029034,-0.15515434080224685,-0.20916667701086478,-0.014101582049778794,3.552713678800501e-15,0.4999988594583581,1.6655187738782091,0.0011519962541338173
-0.07642676141489232,-0.10012491425640355,0.001650768701405121,0.3538667704813622,0.009411528653923843,0.22259321093092288,0.08730991716137532,0.23355217444523807,0.13920144808607776,0.017833134286061945,0.09822274392855658,0.07331604044490943,0.2824336303970745,-0.013503189708758556,0.27204241474620766,0.017501959389558442,-0.15333091135542196,-0.33267979121537017,-0.02669849756724545,-0.09739900312096228,-0.32348778513240406,-0.15799562487032223,-0.21854096762676573,-0.017676322225851575,2.6645352591003757e-15,0.4999926878272292,1.6661575916112041,0.000162655760078071
-0.059126524259130585,-0.09902812184919077,0.015950032870869244,0.36252927701571747,0.01946214085422508,0.22825206336684647,0.08303625109843109,0.23751630845877453,0.13924961988453793,0.03550265733503323,0.10913839712574329,0.07531213620515899,0.29568432686676377,0.00005668171728349396,0.27124648074095975,0.03553022717288709,-0.14634390187173238,-0.33360723541188203,-0.0012941705503714894,-0.1029213403987363,-0.3256437848749961,-0.15190693360997545,-0.20776263170111695,-0.015124273773791521,8.881784197001252e-15,-0.4999963345825845,1.6664788098093382,0.000985930396716839
-0.06920150861490804,-0.10827843373306406,0.004804356502969833,0.34958966891393223,0.018901075558229972,0.2155957466659357,0.08123748802990356,0.23507274240860085,0.11301125198803932,0.021793856268394515,0.09758122294600584,0.06630384426278052,0.27505646973797737,-0.00268350565261208,0.2644456684286168,0.027598003904856824,-0.15750657703572452,-0.3444901305562116,-0.01669422581186483,-0.10522143976604176,-0.3368497957637658,-0.16398335720218135,-0.21454485275783255,-0.035700855049736205,3.552713678800501e-15,0.49999530885004523,1.6683997091097986,0.0015358389681936623
-0.07566936157843357,-0.0917959340738067,0.003984726940866636,0.3479625141630808,0.008225891349609419,0.24019771725300812,0.0799678101012332,0.24176064287026808,0.1392939257906971,0.01669034027253337,0.10523933912670229,0.07149704455437543,0.28747543462338676,-0.002343331073005392,0.2760513719183467,0.035543164202582765,-0.14991285600666343,-0.33220559797713417,-0.0026595165517086235,-0.1054063501679456,-0.32466998749033354,-0.1594992409952966,-0.2080351926558799,-0.018809976409215296,2.2382096176443156e-13,-0.499995067215529,1.6692315655698753,0.001424518733506194
-0.07108748252777256,-0.09473491190355028,-0.0009488207691443118,0.35526165439158247,0.013849597808160034,0.22610447303712622,0.07770299104193672,0.2359769595537212,0.15925141918757665,0.027134631249405156,0.10442358314702041,0.08437516897059953,0.2823037383109746,-0.0076281356692652754,0.2736646644137705,0.01876845179490398,-0.1305668431217924,-0.33553564500364824,-0.025340281479604956,-0.08239557593237146,-0.3222736948552836,-0.167876118801341,-0.20135377079854264,-0.022111039726039384,3.552713678800501e-15,-0.49999024126060665,1.6696610196318866,0.001334784145085521
-0.0654000673762039,-0.09059771999578517,0.009370394118177163,0.36420778241770485,0.024285674199560094,0.22331502181653162,0.08505972105812225,0.24284518632252458,0.14459003280637128,0.024244697420653966,0.10611088709152633,0.0806539715161632,0.29721984418489855,0.004920572816008603,0.2686482644778974,0.029026381825831546,-0.13713296855092047,-0.33478019749871685,-0.010756698459643377,-0.09659865579670639,-0.3242690743679176,-0.14649879433085575,-0.21513945776336094,-0.013877532772284182,1.1546319456101628e-14,-0.4999903739248044,1.6704525156494598,0.002011704169832617
-0.06777665342479572,-0.09250438007744621,0.02308553480887823,0.35892041286905857,0.008394687930340282,0.2285262770032838,0.07830098461746285,0.23446245870759494,0.14476342986966353,0.02907144032408146,0.10070391629435337,0.08879380222819835,0.3129685768417335,-0.011541104966299757,0.26177882416530596,0.02847972246743394,-0.13870414255940222,-0.33686831491410774,-0.02260201482408277,-0.09064671373352713,-0.3194006555502755,-0.14858625905376913,-0.2211312332215196,-0.02283236814292606,4.440892098500626e-15,0.49999530233714984,1.6708672215224911,0.00029828176640379726
-0.06946241766808632,-0.08248629878828014,0.014267969114415881,0.3503816636537447,0.023063898166759307,0.23437947378323912,0.08927033141738006,0.24375080597708706,0.13562569591687668,0.030649008012027846,0.11700338171218766,0.07116251405616114,0.2803561375566814,-0.0030655882214495386,0.2816230830980451,0.034476987091190105,-0.15139584380453835,-0.3299654972914884,-0.01363960776589522,-0.0886092871686517,-0.3232361812502052,-0.14423889351809002,-0.2142785562059425,-0.021902757775597675,2.6645352591003757e-15,0.49999851585143246,1.6709185305195964,0.0007019859969995655
-0.06953586439889559,-0.08393222209038279,0.02315766931026605,0.3540314327379739,0.014359313853753133,0.23405726962950357,0.08924124659944091,0.2434777531119249,0.1295789502606991,0.024784940802723313,0.1075955188444051,0.0825787210666614,0.2901697330619152,-0.00036183503832026707,0.2745944804221371,0.038047516851758126,-0.13948454439487248,-0.3366226796491404,-0.005691746680573456,-0.08973858342701023,-0.32788741329781046,-0.147280500564228,-0.214144112227006,-0.028055384289414613,1.7763568394002505e-15,0.49999129631146827,1.6717429943396027,0.00039147226423699206
-0.0709624215197751,-0.08407265494991718,0.01832000239218699,0.35639726166515623,0.012392201337979735,0.22682871086389245,0.08607252316758497,0.2419929237151948,0.13529562545008705,0.028966562949912195,0.10736110540325682,0.08177938406305642,0.2927665283541144,-0.0008577478112408445,0.2682746644511805,0.028130516216702546,-0.14107249394226754,-0.3372910288083798,-0.016879612832969317,-0.09114966902413331,-0.3263830447762806,-0.1541753072751676,-0.21204945381915363,-0.025232356559611036,1.7763568394002505e-14,-0.4999940159974674,1.673047462603169,0.0021737769506734984
-0.06907080531167938,-0.09344330350719207,0.011186098656807072,0.3487395710814976,0.018290113614620504,0.23258019854880801,0.07650556144457317,0.2409163371895312,0.13309841010945747,0.027615488285470124,0.10468773458769809,0.0786321732662079,0.29097859388039643,-0.002066067554884079,0.27083334051037594,0.0358989788173291,-0.14916721528611224,-0.33705022350984576,-0.015071513306126239,-0.09662996657381823,-0.3246215109417259,-0.15777823246189934,-0.21241142293151324,-0.030710204214748175,1.5543122344752192e-13,0.499993314173992,1.6733733605111571,0.0008105508604539317
-0.06501384788244445,-0.08545615537351528,0.02805999316054545,0.35677687201330677,0.02926702047070755,0.21728575098536262,0.08227429626915919,0.23597962344229312,0.14211861083134078,0.035681177246708794,0.11263637083398675,0.0880525210497874,0.27284545846027647,-0.0000842242189420677,0.27541068771939325,0.021169731933369223,-0.1322221099586473,-0.3391928967436364,-0.02492607303242198,-0.0812320220447094,-0.3289010152626323,-0.1464666354496809,-0.22167734977227468,-0.026959943450407697,2.6645352591003757e-15,0.49999859715776246,1.6745289665112038,0.000441018088690878
-0.06928971076509254,-0.08543379524550893,0.02283732780073208,0.353496022785711,0.015482040965061925,0.22484343066096305,0.08787918190618062,0.23649525263651527,0.12691085171272448,0.030819977144222313,0.1079806335481782,0.07629578243774308,0.28304981268173957,-0.004587323649011857,0.27187245628420076,0.032306422804985434,-0.15055957704431158,-0.3393268073554542,-0.015102604848250609,-0.09971281456302332,-0.32963842429166845,-0.14706656040171634,-0.22352437302699837,-0.027657614903082633,2.6645352591003757e-15,0.49999522669626184,1.6749038695317167,0.0004283494973807887
-0.07148828118001013,-0.07232581215734406,0.01574815228744459,0.35444664149236177,0.01492964807207245,0.22609638407676416,0.07796532801430305,0.24482168072012903,0.14210291894914734,0.030133524038628186,0.1141212650870469,0.08487860650920245,0.3025422008512946,-0.002812736074499372,0.25950839339124865,0.030021130154506075,-0.12034986173919818,-0.34764979655910966,-0.00346311652553432,-0.08125303984135643,-0.3386514762924528,-0.1519462039519416,-0.20923731606498502,-0.03345685499679347,3.552713678800501e-15,-0.4999900269214004,1.6751062486317434,0.00024137472614015176
-0.06378599228741375,-0.09215071123323966,0.013286992819955051,0.3586039300216352,0.01658364167152664,0.23196337178068158,0.0929532075425613,0.2449961081180849,0.13463598918121183,0.02198734317292076,0.1055048836670999,0.08122308816880243,0.29165634483514324,-0.0008834919531604989,0.2746132977278444,0.03871079163882428,-0.12621563172746258,-0.3400241694096847,-0.007134848115486097,-0.07950701630264916,-0.32786611671792454,-0.1530700855377772,-0.2011138114151887,-0.032959099655344846,2.6645352591003757e-15,0.49999928559990103,1.675664154052757,0.00011290275359250013
-0.07135577875334112,-0.0886448327824387,0.00995044822356183,0.3502002977254017,0.007167927125910716,0.22129633193412693,0.07828415340999269,0.23847018192203082,0.13138277199489812,0.027377036183546262,0.11005590728546877,0.06906976883120058,0.29178500919852485,-0.008015142714550304,0.25963087387866596,0.028638333993684633,-0.13263715141851773,-0.3501850841917486,-0.027433108290899347,-0.0709244388426421,-0.33435384935123463,-0.15434310997928832,-0.20675469557808934,-0.04684795089553819,6.217248937900877e-15,0.4999995806262679,1.6759481325838623,0.00039238029305795443
-0.06328195476369423,-0.09655998056143159,0.013353017635782788,0.3604615540652592,0.029456998898298038,0.22106319505464353,0.0766427238004583,0.2426927341844222,0.13885265384122203,0.020134130381586592,0.10720410321596537,0.07492390990363111,0.2950626648791058,0.010792772971757016,0.265713323042289,0.030144555836734414,-0.1367127519468425,-0.33871739862032174,-0.01830254842815484,-0.09017659698743119,-0.3256234144913878,-0.14415045974727725,-0.21636631616220492,-0.02287423552680873,2.6645352591003757e-15,-0.4999906530445306,1.6763529034991442,0.0005554611403439868
-0.06635005420784246,-0.10525741024144807,0.008188046495904627,0.3509254414787443,0.016741580384095525,0.23047461411463532,0.07853905060112694,0.23341451549211834,0.14269564249298444,0.023853321239116078,0.10496762221185832,0.07433039716399378,0.27125148239025954,-0.005501982078197571,0.27895780102395007,0.028178190874987224,-0.14018849260336005,-0.3381202479030211,-0.006761981083985037,-0.09761963213503502,-0.33119804233421984,-0.16592765208050783,-0.20449255425711874,-0.025503116077253054,1.865174681370263e-14,0.4999993672954007,1.67690539291702,0.00041056325370221903
-0.06356113861514447,-0.09160071884521347,0.01911398253837386,0.359203638180194,0.010057759883967555,0.22876080277598282,0.09479159991861377,0.24033284602439556,0.13216695799504521,0.042152542059222926,0.11342822156512922,0.07119136354813951,0.29012502506389826,-0.00513871182529831,0.2729005258529709,0.02855321014619731,-0.1488112885717678,-0.3339376441579875,-0.013518976577165468,-0.09001222200037179,-0.32619929333137165,-0.16121192758109057,-0.19558012300090158,-0.025233421336660535,3.907985046680551e-14,0.4999935890441691,1.6773449174433712,0.0003197833945091618
-0.06119981877965005,-0.09533370315372247,0.010031642573272404,0.37680321460293464,0.013004179553360586,0.21087920391180698,0.10142059312214745,0.23580540257245955,0.13987692025484263,0.03330486522875234,0.096898475707716,0.08437252719579999,0.3004000471234862,-0.002388915420584662,0.2613471824752595,0.019838919329658904,-0.1353910367208922,-0.3406636520140278,-0.0029323610319348823,-0.10991980924722218,-0.33458218474983403,-0.1539919636966619,-0.2147624276260212,-0.011352039643675142,4.440892098500626e-15,-0.4999979606883699,1.6783864928350707,0.0004909340686876513
-0.06773746314198976,-0.09468301044906235,0.006073148782878638,0.3564464600631335,0.017921356382116473,0.22099334323200104,0.09365836285595033,0.238565430211563,0.13204868190668717,0.02984601592365208,0.10491679524990881,0.0732599561711611,0.28318373273900044,-0.008209066595855668,0.2714427773788976,0.024246919186982352,-0.14792593379061164,-0.3384668758495292,-0.021846486884882266,-0.09328758108828877,-0.328412718658972,-0.15945200136544024,-0.21001584656876898,-0.028362697939173627,4.440892098500626e-15,-0.4999979726621634,1.679418528034371,0.0009830377927180012
-0.06350996871631562,-0.09186814363383296,-0.001460200224517322,0.3668577136755772,0.009647492904912425,0.21649137661171056,0.09926923266381248,0.23555046667464516,0.1400621716426543,0.03461060119447544,0.10310859498771152,0.07261142674318642,0.2961056731704164,-0.012693094285648115,0.2640114446494531,0.026589299916625186,-0.13843033563077062,-0.34429377259552746,-0.011039301555297282,-0.09401883624563767,-0.33447554161068765,-0.15376174122697672,-0.20986295262209814,-0.02723874466348521,3.552713678800501e-15,0.49999740514034535,1.6794418379714533,0.0018875595899116603
-0.07144977657079515,-0.09031111190932242,-0.0014299952023393908,0.3523631967894894,0.02310305950265486,0.23076327062566257,0.08474860323782356,0.24847311024132826,0.1440393275999065,0.02549598535518126,0.11267962390085537,0.07271300925258739,0.28014339811611727,0.004806238993667559,0.27694247772118064,0.023237039911209883,-0.14303495875066974,-0.3313902920440068,-0.019518580613436882,-0.09035159666126792,-0.32242996043101496,-0.16949534038730438,-0.19280478508802434,-0.021137354654529063,1.6608936448392342e-13,-0.4999901918143451,1.6796007655181706,0.001524640316651886
-0.06527619338296894,-0.08908038865371032,0.015832782515541124,0.35397610426196524,0.010646493359938348,0.2249527768229434,0.07673070412130172,0.2350321341555258,0.13283166420222078,0.03338355975856936,0.10621050059824734,0.07507195573971596,0.2945609790217813,-0.0039790923198707575,0.26190626397805655,0.03820634656072968,-0.1381571577196341,-0.3498210476843577,-0.005779014010082321,-0.09058906871843167,-0.33913454452872316,-0.14767661869400486,-0.21851201210172555,-0.04192007470056925,2.318145675417327e-13,-0.4999953172474575,1.6809914544339597,0.0017516750608497272
-0.06213206234028567,-0.09220232281267113,0.01939260724495817,0.36099494872981697,0.018120363258982725,0.22544913694317478,0.07885112270979049,0.24176638009544446,0.14122667243655312,0.02558575174776731,0.11447586970671673,0.07399976335717173,0.3095188167487276,-0.0012379474618856442,0.2594955240968367,0.029376973168159196,-0.12157742090472523,-0.34472867326349793,-0.0041793960912006505,-0.07929363556852229,-0.3357017893522457,-0.14927220392361784,-0.20310984524766848,-0.02820897759676187,1.7763568394002505e-14,-0.4999951200758005,1.6816263379410206,0.00017404886569597202
-0.06871872307900675,-0.08706974434470216,0.013727533222630383,0.35730333628437605,0.0024245750654957707,0.22845938156202347,0.10102415901661776,0.2348194059897596,0.1327576180088881,0.04187166407060573,0.10309008940703712,0.07893338047711232,0.29116126856140107,-0.018023900464518752,0.2724002607706485,0.026292997196405227,-0.156494179273658,-0.3355079710007005,-0.013692240607498263,-0.10517415023362373,-0.3272288613765138,-0.16397453731182995,-0.20966130379215098,-0.025007031093818716,4.440892098500626e-15,0.4999940491887636,1.6826305121185525,0.0008797772775555123
-0.06834613490394058,-0.09643889867266309,0.02051357305681612,0.3538496152500863,0.012420820486780039,0.22984017814240512,0.08082187380460014,0.23636111857223288,0.13395655693957353,0.026051419643131766,0.10128048594618032,0.08081615824839254,0.29011586514765203,-0.0026404029541621118,0.2699945962402083,0.03013020078438432,-0.14539319598146028,-0.3389132276048048,-0.0076890659080272004,-0.10224546353662818,-0.33066986231073275,-0.15823555066127745,-0.21571468684405923,-0.02716547751822385,1.509903313490213e-14,-0.4999990353496715,1.6829557861276707,0.0021812371515779485
-0.07539858649542577,-0.09157292413402171,0.015986134210460797,0.35127973775184823,0.002516133949328152,0.2281531833503217,0.08267026279696642,0.23228602242148386,0.13836838411593114,0.022598817564954205,0.09678224636985008,0.08179108663612919,0.28654759443615146,-0.010316408069706294,0.2697427709263351,0.02572224497047413,-0.1471892505394363,-0.34020652788943223,-0.02083401156686422,-0.10152205201975038,-0.32761051388611195,-0.15852871743875324,-0.22308323234300206,-0.02928012085875621,1.1546319456101628e-14,-0.4999942117990026,1.683099342124593,0.0003640800147983838
-0.06030365693445387,-0.08551121264445438,0.03178082796690604,0.36173013780605556,0.025100281694253147,0.2241689148413568,0.08622620537523945,0.2446034293806985,0.13211711231158982,0.0396477882526774,0.11941801046362524,0.07536118222726773,0.29786170862720884,0.006758856124759614,0.26751127803208335,0.02830135089757999,-0.14070989244657248,-0.3360914572506982,-0.015247873813743472,-0.08698438688954795,-0.3269141778774502,-0.14908105141125283,-0.2057859913823325,-0.023002449184797366,1.5987211554602254e-14,-0.4999976541008867,1.683187116250787,0.0010609878381499353
-0.07865218576967524,-0.07640302502372867,0.022747907956270533,0.34744902725565296,0.004403065407847931,0.2289149455714051,0.08150996024131035,0.23954904905005933,0.13571453193914745,0.03129167805998272,0.11496007603304191,0.07303339813537006,0.28847136305997123,-0.007440829281192176,0.2668926652148307,0.019559238608717038,-0.14708580899948356,-0.33860135511089423,-0.02347423465669839,-0.09286125776053201,-0.32928264023683823,-0.16085200029193805,-0.21085561120751267,-0.026543323687209883,1.9539925233402755e-14,0.49999701330463,1.6832098207352828,0.0020507353159440293
-0.06648616540486155,-0.09747130742356228,0.025471684236299672,0.3612715037096341,0.014812187335168784,0.228407238522914,0.0764997902824458,0.24082230020029355,0.14376495557959587,0.024103639554288285,0.10129332437058196,0.08801060305118817,0.3157611558680998,0.001251678057577368,0.26006466593967853,0.022860564145538532,-0.13683671816099507,-0.3342716356709617,-0.02106099414561555,-0.09256545711842999,-0.3197574393800771,-0.15642572873779226,-0.2120792173374967,-0.018588935924791248,1.7763568394002505e-15,0.49999449560266507,1.6832813604287076,0.0022271669592264787
-0.06234870395122429,-0.08766631485675869,0.022208228764585437,0.35487346464145236,0.0186910281951914,0.23005098573583999,0.07891631417612707,0.23848095337124972,0.14198607704985897,0.0401007386592331,0.11855515745358496,0.07442555787969217,0.2917830404261435,-0.0037310204708657,0.27026706417452323,0.03184192463341891,-0.13545519326342137,-0.3412098971655681,-0.0051793108404955684,-0.08954541877003626,-0.3328251069299601,-0.15632647590540158,-0.20294927686319608,-0.02830869028970297,3.552713678800501e-15,-0.49999026190701357,1.6840129519325873,0.00038757460825152886
-0.05699463949681711,-0.10083358251763085,0.02194859415925222,0.36401723259588575,0.03397571871339023,0.22208050829632772,0.08943398912871506,0.24038555928143446,0.13500723205999654,0.0242686379072773,0.10645956091214856,0.0812575637994127,0.2911040348298685,0.003098789747799981,0.2729369494920275,0.028714135269753555,-0.13377961834589674,-0.3377259568768371,-0.004641860001518534,-0.10055069250501435,-0.3293204608771,-0.15024517534595513,-0.21353586352019313,-0.016784976857385486,3.6415315207705135e-14,-0.49999174471315544,1.6842711558043104,0.0012856743724950356
-0.06847236951331848,-0.10080017526251107,0.019634868270856462,0.3458586984253094,0.02189896799834445,0.232333674450676,0.07018273011767091,0.23890293969413384,0.1303446907001463,0.016376555852897705,0.10051938224544682,0.08091099187931024,0.2909240665690892,-0.0008480781772993556,0.2688589684354809,0.03416783637812345,-0.13823311813816658,-0.34305900822701607,-0.011292416541736508,-0.0905584208903157,-0.33222343449757513,-0.1548579168050708,-0.21808977301357294,-0.03852489409128022,3.552713678800501e-15,-0.49999007048235866,1.6857545164360799,0.0008309983398212069
-0.06413357358552946,-0.09916229097555254,-0.003623682959770996,0.3584679916710605,0.013932079122180524,0.2333704540522685,0.09188294402687076,0.24574994517182822,0.13228989444729486,0.023852087553579128,0.09752327246840713,0.07235760894781455,0.30245846405595955,-0.00013644982257654794,0.26887572505754503,0.03973310749117168,-0.1486243169846063,-0.337614128640682,-0.0037828317993426532,-0.0956319497330765,-0.3285292412900921,-0.15599462282628154,-0.2054214461966672,-0.03352194190435327,3.552713678800501e-15,0.4999963596403581,1.6858965487988748,0.00044580499803403454
-0.06783934145473046,-0.10075443309719614,0.023638219737171035,0.34655582940497787,0.027248827876986854,0.22689073774535,0.087077401876065,0.23507346991619216,0.1180695633421423,0.027938867576148853,0.10289728812318373,0.07449858119175609,0.2657219967044291,-0.0003728279618719494,0.2809789735645771,0.029393144357571347,-0.16657255350115202,-0.33356972927590994,-0.014579553001871718,-0.11273816642198943,-0.32905401788161975,-0.15834747938753393,-0.224222732379119,-0.027546422083386143,7.105427357601002e-15,-0.49999797721732964,1.6871348781934352,0.001425781592059176
-0.06452111313095815,-0.09994455095575466,0.007404687099467542,0.3622919404737341,0.016238676504240723,0.22200788692693724,0.08282722181552182,0.23902565674044388,0.14269318984866547,0.0291499190016761,0.10438694514839597,0.07392179731551243,0.30001075700105856,0.00015033642061382555,0.262865790527092,0.021909808027668145,-0.14255663222104215,-0.3384990533662673,-0.01395724218830012,-0.10211273957592566,-0.32864588856792,-0.16373943872242275,-0.20444281290779728,-0.019973367880540098,3.552713678800501e-15,0.49999205968006905,1.687144567379051,0.0018702059158289999
-0.05380967034281667,-0.10365512269280812,0.016325207452005948,0.37096084597072904,0.017268532209477404,0.22581089946345792,0.10388870977917981,0.2356765990657407,0.1406973617447165,0.03409547546619867,0.09930704392776886,0.08206070584646374,0.29867861380050476,-0.00866449877254958,0.27596863849991976,0.03276835261834292,-0.14037961697132884,-0.33436112226374465,-0.010556363073312182,-0.09204354716938909,-0.32329077640279696,-0.148174586048328,-0.21164452169963818,-0.022284339550169455,5.329070518200751e-15,-0.49999275757890116,1.6874833169267467,0.0018955992242478611
-0.05905209316560367,-0.09136646074616706,0.025932617240232495,0.36598358158194816,0.01043929734054991,0.23357511153677407,0.10280834756248941,0.2327763203165163,0.14748555576191494,0.0401544297546775,0.10808256394636216,0.08143860141697672,0.28387090389193026,-0.008228982990816418,0.2858526987700619,0.033215820769678675,-0.14474770703851395,-0.3302503997477599,-0.004462000695419639,-0.09733006671873619,-0.32341032267592923,-0.14647642466680655,-0.21441566009558058,-0.016126865948176857,5.329070518200751e-15,0.49999885840424846,1.6876038536490139,0.0007732184560022579
-0.061930193971472085,-0.09471394348932755,0.02110502498240707,0.35957862806864005,0.014183905167917283,0.235806030116094,0.08150326760025177,0.23840989640192264,0.1461987553840692,0.028158841840331645,0.10723793890815667,0.07837335135425025,0.30084603221854045,0.0004986560712740216,0.2727468006907453,0.037162770728857965,-0.13816274920675659,-0.3360963288118,-0.0048493177441952156,-0.09358848660577501,-0.32527689276154625,-0.14782832589071165,-0.21223472007199468,-0.023766662061539684,4.440892098500626e-15,0.49999490424298826,1.6879387636246879,0.0007728972988433103
-0.06451679028274468,-0.10294970244137822,0.0043995121020589,0.35915865978090034,0.009927624672233605,0.22345467196724308,0.09212035350179139,0.23114829290645,0.14001370531212864,0.03204739363048829,0.09730278618944858,0.07430871520338171,0.2842884972520398,-0.011947060467623293,0.2727351140348618,0.026220353201365794,-0.15072541972780595,-0.33920639531064967,-0.016431305415847756,-0.09801315871726034,-0.33015204330066933,-0.15850718729149527,-0.21532635998903263,-0.03022395643964522,5.329070518200751e-15,0.49999981486397543,1.688012910414768,0.0011007214037375762
-0.07035596681381577,-0.07861426754126782,0.028136004130062345,0.3555327434986195,0.010875521962154243,0.23263251425451037,0.08200689194514112,0.24031244185834463,0.14458702922772246,0.03012706107328104,0.11572908068275714,0.07842300987766362,0.3035641693569577,-0.0051765718506109944,0.2671250238979062,0.02728338607588998,-0.13610372196623727,-0.33816027311983976,-0.011908364418074071,-0.09504956531487559,-0.32701247592222693,-0.1517621795917325,-0.2124282464298999,-0.020263520972090616,3.552713678800501e-15,-0.4999988777062431,1.6889177193619969,0.0002462549864171202
-0.06445097979298046,-0.0931160451636209,0.010091382835319237,0.35989083556765744,0.017400045599909767,0.22813793554447037,0.0879557892450796,0.2417636448931178,0.14478728444282715,0.03148210747287168,0.10961931162469507,0.07759719011115673,0.28798317317942573,0.000892791366619158,0.27269436173000744,0.025366385522659487,-0.13476407216370578,-0.3380155060738059,-0.006427438955093526,-0.09684701058462775,-0.33046508892434884,-0.1663266160414039,-0.19698594897034094,-0.022205518204179812,5.329070518200751e-15,0.4999963682194137,1.6892121588546685,0.0012214466722858955
-0.050125043986377224,-0.10841031588383152,-0.007537301465319154,0.3683474741808201,0.02780098917442762,0.22466052202673745,0.09595608265689325,0.23442563256394444,0.14321519136826233,0.033725853398696146,0.09610611403828889,0.06874374126654956,0.29215662652997676,-0.0027721200064120743,0.27666752169150133,0.044648454535586635,-0.1554224375565345,-0.3367979719656923,-0.0007624301975522584,-0.10188459979840761,-0.3289302668007429,-0.1342019613217835,-0.22666636676319557,-0.027742648163542487,3.552713678800501e-15,-0.4999964909699449,1.6894407774891191,0.000204037120074026
-0.06567295177855031,-0.09542041465965148,0.011904867642652951,0.34682621476142855,0.03298851240449965,0.2332012047718361,0.07731476678211671,0.2507148692812756,0.11969711741670898,0.017152815889229043,0.10925939860624949,0.06644383029522405,0.28955392667570473,0.014389748896690317,0.2710316838605875,0.04270508608262374,-0.1485698905145046,-0.3393646228407717,-0.013174477267322165,-0.09152624647396201,-0.32824367111255154,-0.14993652929294204,-0.2103637277634827,-0.03878356425615698,4.440892098500626e-15,-0.4999982605894191,1.6899446840495758,0.0017792756421215945
-0.07664749581169367,-0.07352597231308831,0.009508585596247855,0.34891953136045006,0.0028472497684558598,0.22521990389074925,0.09188422011051056,0.24163132111822905,0.13293751754864022,0.033244664310264446,0.10993848920110706,0.07285197103614907,0.28200706106096834,-0.0066793887997802885,0.26799301267536135,0.024549885795516906,-0.14482767343485567,-0.34421022868243506,-0.030526140688632384,-0.08040892679709913,-0.33158063946896865,-0.1587226473247739,-0.2102138592027284,-0.04354402634486291,3.552713678800501e-15,-0.49999606673619124,1.6905197116571269,0.0005774270136865847
-0.06641425140545702,-0.09509622332091956,0.03250054272947492,0.3566445528164258,0.021837541013343356,0.23096604149788522,0.06995036922580403,0.24519814589035388,0.13701588304442824,0.021474883574395358,0.1136914366689153,0.0755577055567129,0.3149627312196259,0.009430916492960763,0.2589323029966541,0.02356308608201251,-0.13832692659876217,-0.3351807642006671,-0.012517862920500973,-0.10006907673795609,-0.3244902332467258,-0.15972294379514046,-0.20371431451138536,-0.015109399386675625,6.217248937900877e-15,0.49999212967802575,1.6906662576581708,0.0018789599843668438
-0.06527748030254249,-0.09813867732924059,0.013332294120666681,0.35235469992253426,0.011965718406148558,0.23600065195234576,0.08539033807221744,0.23352384340491159,0.13990098400648215,0.031416538964645274,0.09639192993938356,0.08578635746785551,0.2817187746462543,-0.008162815353380858,0.27875120330437614,0.03622262148096375,-0.14707575587534835,-0.3389114246894412,0.003401159165328078,-0.10595671170338405,-0.33331684747350354,-0.1603441381883411,-0.21723403321940524,-0.03251849022843632,7.105427357601002e-15,0.4999941047451317,1.6912455201768861,0.0005694009811508772
-0.0683547370205195,-0.09344691716512364,0.024404609460583843,0.3516373161459679,0.010847954536488543,0.22720844050551003,0.07764736042888086,0.2342887123851875,0.13391627295336045,0.03011950063513454,0.10406675544847309,0.08096025358877744,0.29606010039520697,-0.009705722098972075,0.26351759821709386,0.02633107945657842,-0.13888059921277382,-0.3456257773987391,-0.007955520902535297,-0.09420520597664336,-0.3381708572948542,-0.1586198960951769,-0.21626734606159861,-0.036050399886444116,2.042810365310288e-14,0.49999753862437435,1.6913415905977933,0.00013340110454489144
-0.046483738219382224,-0.1240147365521973,0.01498256667650813,0.366553638079372,0.026689468084964373,0.23364031973444935,0.08488626377268613,0.23043878828239853,0.1491068276008965,0.023946872541898773,0.09087278609373163,0.08344271249036873,0.29785395039285795,-0.0034773077595395157,0.28017078101853327,0.03904819638638524,-0.1414720215502387,-0.3322598257183305,-0.00034377292016812095,-0.10046977193719422,-0.3223110304188385,-0.1470604432794986,-0.21861142786799465,-0.020420289586816687,1.9539925233402755e-14,-0.49999715259750377,1.691849661820905,0.00013726812496395852
-0.06953638342213514,-0.09632646092790802,0.02033923088091559,0.3485236351945667,0.012711242987451006,0.23091153902642347,0.0932275508044027,0.23195817045624773,0.13252120688814562,0.02870064865558226,0.09855790629018639,0.0847607752559297,0.2694886507938618,-0.01427059853177081,0.2824277743652049,0.027330707676722434,-0.1473412112766211,-0.33872973247023996,-0.015997972971383053,-0.092702358171873,-0.33151407044492687,-0.1599266233922772,-0.21966519767057743,-0.03736161228681532,5.417888360170764e-14,-0.4999915830227306,1.6920211058224315,0.001322462213960459
-0.06706878121883161,-0.0882024909628966,0.021138929269933358,0.36025620873741154,0.02263125634752563,0.2181650090613893,0.09401033061024042,0.2417731686026527,0.1311321846326454,0.023928988713663026,0.11004418176850304,0.07712042228887228,0.2828744980595652,0.002178741458970373,0.2697288313013534,0.020289600457508206,-0.13170080018906952,-0.34311442976410195,-0.014685629548409507,-0.09496678787182689,-0.33454461804513413,-0.15750107315913192,-0.20966545200486264,-0.02459550092798845,4.432010314303625e-13,0.4999997889111112,1.6921129510864013,0.0005697597313707507
-0.06636058695876904,-0.09629136264617838,0.0046909146126046086,0.3641011341018263,0.00006606660067128534,0.22572659734199466,0.09460224809240855,0.23177504584609554,0.15348222803474817,0.027920275464480063,0.09774683080934818,0.08055555530230142,0.30555762970193184,-0.02076374751851128,0.2655549675033532,0.022732419898539552,-0.13076920957814298,-0.34165296817559193,-0.018824326093135096,-0.08658477616657781,-0.32740797492484813,-0.15897377466012977,-0.20873582391284104,-0.0282240567529375,2.6645352591003757e-15,-0.499992565404331,1.6926134693952208,0.0016042704316392151
-0.066932728483811,-0.07516034161200885,0.011151572851965063,0.35546818921931145,0.01251529858258637,0.23277540729660276,0.10985982871823063,0.2489202660018887,0.12208172761203287,0.037113986408409905,0.11712019795841283,0.06530129009901856,0.2821654898796991,0.0012014975224013981,0.27771479665776655,0.037923597366617816,-0.14881474664821442,-0.3382859947430916,-0.007887274811315565,-0.09274557665961208,-0.3308007572653373,-0.1581327801038464,-0.1952526585787893,-0.0348909489213214,1.4210854715202004e-14,0.4999924009522797,1.6932694533038055,0.0016270797986667471
-0.06514680970552128,-0.0995594706185384,0.01679648765241241,0.3555113850602805,0.010002492540058484,0.23417532008559847,0.09564200522807317,0.23159949849827624,0.14393591155764968,0.02968604283098053,0.1002374218955384,0.08238154822669783,0.28302684960616625,-0.018052979357642374,0.2819542755010627,0.027880347318424273,-0.14308777076410448,-0.33547777115645233,-0.010912951915183438,-0.09245331541878479,-0.3277227889251699,-0.15788265702087004,-0.2140102803966813,-0.028560338193147072,4.440892098500626e-15,0.4999920134070005,1.6936610877829519,0.0006595207459657853
-0.06844438669508028,-0.08588217086713927,0.023100212801172824,0.3614705762896868,0.018503069205216147,0.2347183381867008,0.08455535564998706,0.2508268819824849,0.14923592302911903,0.02434697956125904,0.11170380584899701,0.08595988693077496,0.31150950520589765,0.0079662410147146,0.2676228396129326,0.021641980448576573,-0.13080343148421372,-0.33002031504303736,-0.016487744585419985,-0.0891155140348753,-0.3184244192578392,-0.16222264841633272,-0.1970015332756473,-0.013703750416605757,3.552713678800501e-15,0.4999944155700461,1.6936911991205672,0.0007491094208449755
-0.06499551547944209,-0.09938946352132486,0.009015867875749175,0.34991518464158333,0.020943069909074758,0.2318262276076413,0.07903498185227902,0.2393123842293871,0.13489166336317027,0.03115704903984741,0.10595251373151587,0.07126897466228407,0.28578996135207085,-0.0009757181128542983,0.2727565906747349,0.03232245598986207,-0.15266861154801423,-0.33859340110997554,-0.00790504499788252,-0.10084479333946478,-0.3317828125906435,-0.16170911844063732,-0.20944039450767113,-0.03330874193797322,1.936228954946273e-13,-0.4999985000863463,1.693957790093865,0.0001544887452194775
-0.06905004484633216,-0.0933135196257267,0.019882297571825355,0.3465641255950867,0.017512687007781174,0.2269494772683931,0.0811676585100105,0.2428585250143821,0.11416307490817156,0.021617171887638086,0.1077725787735597,0.07097794881118134,0.2874619296723374,0.0003776928000507128,0.2629537176289444,0.03298544657696838,-0.1359932665956304,-0.35241772471650495,0.0011649794708278067,-0.10075850165411614,-0.3454690310510105,-0.16897526976097074,-0.20163996573018644,-0.044814667370525516,8.881784197001252e-15,0.4999991954121967,1.696742106613474,0.00033791732734438936
-0.0806269459915279,-0.0666003847325123,0.018218016046987775,0.3416271581624968,-0.0012007963785647625,0.23842899423864738,0.06725610376040558,0.2440518026259591,0.14900152392416577,0.028584750050951426,0.12117553090672742,0.07409624723936448,0.3033790592342093,-0.004229010897167171,0.25924910679955443,0.026829235834354516,-0.12479000932362191,-0.34867087175204453,-0.001841298237132535,-0.08857114909485554,-0.34092280907753014,-0.16687396066020552,-0.19896435767814152,-0.03604891250623105,5.329070518200751e-15,-0.4999902819447948,1.6971167248778323,0.000525964305348832
-0.05630946282461571,-0.09406151268054551,0.01807101941033365,0.36816683380286813,0.019837075186505022,0.23371592121650567,0.10448871862974198,0.24111803200416596,0.1418269108055586,0.037669005828414155,0.10359413620582247,0.08150625000685191,0.30105714839116715,-0.0025758549916828698,0.2802528805328367,0.03680561377803358,-0.15194004797107807,-0.3282253177755629,-0.01043698651963903,-0.1029629151289499,-0.3165544560136364,-0.14834687741054112,-0.21298276340148103,-0.01732891288996132,2.6645352591003757e-15,0.4999922460871699,1.697229889323642,0.00019360084116464853
-0.06405017939904514,-0.10256485084164707,0.021940749939892812,0.3506818044322906,0.015676366076438523,0.23024087533694254,0.08405897199221199,0.23681571492314268,0.12415496825643765,0.03000407842773511,0.1063676678068475,0.06760150398338997,0.2865940161006512,-0.0032843743276246193,0.27137127711157344,0.03124093059092402,-0.15334542163981457,-0.34052480190164897,-0.012532227626984603,-0.10040258560894666,-0.3321358772169842,-0.16317021628627512,-0.20685985306066834,-0.035910070412883674,4.440892098500626e-15,0.49999561728301,1.6983479633089318,0.0014701658020247364
-0.053247877541963154,-0.10528723323577713,0.013000804952989387,0.3659553413744143,0.016300186124968894,0.23259801881831638,0.10054132927549472,0.23614955250401554,0.1368407775232054,0.03164142628700717,0.09544666472693512,0.07777665090477959,0.29651681574380445,-0.00463266998860467,0.27836334617750236,0.043835976456266516,-0.1476975637399343,-0.3367945027941038,-0.004633883849866773,-0.09650574826656759,-0.3256862090543823,-0.1444639431778082,-0.21716650862782064,-0.032672922810610634,7.105427357601002e-15,-0.49999795528935675,1.6985855194853519,0.0015634316329970008
-0.052990426809877436,-0.08447008990860272,0.022286372382750275,0.36608926480887144,0.034868205217877805,0.2251681117635509,0.0887454988990107,0.2448851466297191,0.1448773110972414,0.04577455713563081,0.11065156485324837,0.09131174782573526,0.2959314328988268,0.009395557187714662,0.2723457129141507,0.03489961363791056,-0.13109611111915428,-0.3400095310691932,-0.004402242292199828,-0.0849567370353213,-0.33162329056214396,-0.14416917805428434,-0.21454503877137546,-0.0321302854725281,3.552713678800501e-14,-0.4999959797875543,1.6989213505688157,0.00034942067466557094
-0.06797436415370098,-0.08983518629526693,-0.0008699044257409326,0.3639725247770394,0.022647785511751218,0.21696101284246028,0.09424450945636896,0.24623080500131297,0.13733158903008086,0.021516541574858706,0.10672123248038984,0.070911176558335,0.2973816998800007,0.0023799603636500736,0.26100061929035584,0.01844206659280275,-0.13290048362731793,-0.344992573191482,-0.005206944877695213,-0.10484787251909473,-0.3392108926757591,-0.16384055407820405,-0.20332759498600791,-0.021823319941139965,2.1316282072803006e-14,-0.4999931012498462,1.7004661013835738,0.0009769733478218424
-0.07308026555626318,-0.09110009205044046,0.01700665113371884,0.3499794921393806,0.006439940816422661,0.24391844384277214,0.07620462863224406,0.23864891055251655,0.15457880462442405,0.022174910192098645,0.11146881249816593,0.06924799154762727,0.3045643524103825,-0.007146171741367977,0.2735418695187154,0.02697230804527121,-0.14786575441485902,-0.33071647438114243,-0.017094069814550663,-0.0963617133837631,-0.31920339162992595,-0.15548507530740294,-0.21041772234122935,-0.01788194849935097,3.552713678800501e-15,0.49999100955850795,1.70056469355581,0.0013338149417382822
-0.059712002348494046,-0.09504363312044486,0.025796006930245415,0.369897741948823,0.013215851119808027,0.21260862035003586,0.09990492549779559,0.23283118577774972,0.13559823628899023,0.031001372061291964,0.10172855938327487,0.082797541043173,0.2947207462145113,-0.007994185603043432,0.26354766951747105,0.017983425370200926,-0.12514417011346765,-0.3480885637923192,-0.011268530237507594,-0.09224881805741605,-0.3400969063084164,-0.15290638424116101,-0.21606226069499576,-0.028750495259417294,7.105427357601002e-15,-0.4999986306518561,1.7006615538423713,0.001647940752231195
-0.051847851684676725,-0.0969991974211457,-0.0043969609458252845,0.37579411428598614,0.013529966269325512,0.22353448744936005,0.10166630039661056,0.22760086291236392,0.15701881191288208,0.04427096154003734,0.09793521759791014,0.07154732931787466,0.2882543527988669,-0.003342402990017601,0.27764936025449166,0.039977792645814955,-0.15323833597183673,-0.338735115169496,0.005297098576556759,-0.11579287977628204,-0.3316048326552315,-0.1372615329024061,-0.22874125954908953,-0.01965313597654636,7.105427357601002e-15,-0.4999946584920225,1.7018614354790274,0.00022661507135265008
-0.07192000630942735,-0.09199700129932077,0.009780603984885249,0.3510645323317979,0.017294593989151338,0.2274732772872254,0.09116588240873333,0.2404788607313225,0.13375275656151023,0.02051927386707021,0.10445143530461856,0.07343265283770987,0.2822846338410693,-0.006263337219101875,0.2731114596781097,0.023054495174673367,-0.14270576950640362,-0.3417263981703688,-0.0157618497532574,-0.0964176666183551,-0.33371383265855276,-0.16266167204393933,-0.21164873623299235,-0.032724137635810176,5.417888360170764e-14,0.4999971072112991,1.7021759544535422,0.0013444609015581495
-0.06606252916009382,-0.09266949992557519,0.009251763873029027,0.35562981507632463,0.02683212071450621,0.22618722364444793,0.08970797697941729,0.23885238167740783,0.14166464784566277,0.02391139597952035,0.10252899276646449,0.08126317285195132,0.2735019027307316,0.0009243455186741455,0.2787497856787068,0.027081018047699135,-0.13740915342477572,-0.3420661800446867,-0.004730580638474443,-0.10360585787837438,-0.33556578397834136,-0.1574796559234498,-0.2185093470214995,-0.028303832995541504,2.6645352591003757e-15,-0.4999970358532351,1.7032421925982142,0.0019216739511512418
-0.0637215135663065,-0.09071883415831364,0.02424069946168005,0.3590792996739796,0.019322427323923155,0.22513524965704135,0.08372253019644527,0.23912226038353993,0.13816907935698702,0.03159677112403483,0.10625702275411024,0.07981090185501809,0.3002220675851729,0.00045356958023421877,0.2651960548461067,0.026302635335633633,-0.1411284972604424,-0.3416524214178494,-0.015653563857174337,-0.0951044173996787,-0.33104018216109177,-0.1516616601384991,-0.21838085593666373,-0.03057445284094399,5.329070518200751e-15,-0.499990587935623,1.7034268524207057,0.00269231708255973
-0.06664098022501627,-0.08752268578651372,0.026264941138622978,0.3574785719191926,0.013998026893282027,0.23731599765860345,0.09073045466554173,0.24164855274924266,0.14372590765085136,0.02473929073272197,0.10387797333955963,0.08609668679843172,0.297307990930473,-0.00196564852657711,0.2763264445349032,0.03129183923141717,-0.13583581931712813,-0.3360050718917429,-0.008077167496863052,-0.08516632875552146,-0.32832487481501765,-0.14608986463071785,-0.21840176128172878,-0.030812524364389537,5.3290705182007514e-14,-0.4999977382326213,1.7041296588897183,0.00031537866346210205
-0.07195733395342226,-0.09500628495576177,0.007492608518963575,0.3551071857043421,0.012125782623601896,0.2268447172985729,0.08486715451758729,0.23714085415976685,0.14930382647129284,0.023599048315816107,0.1053587344987596,0.07070385846364576,0.28532618256617925,-0.0029071937760583037,0.2725234612910241,0.016563722574436137,-0.1462882529035952,-0.3363368238964039,-0.027301449057657187,-0.09551636587648303,-0.32552987381409926,-0.1635131092744861,-0.2102828783702033,-0.02438913174341993,1.2434497875801753e-14,-0.49999313772346154,1.7042733404422028,0.00016647127464360762
-0.05352831715218794,-0.10207748231296514,0.026949993197492285,0.35809226232586194,0.0385003547388688,0.22656010677210392,0.08115843410617653,0.2392269284869073,0.14113169532051864,0.02652807650691275,0.10247712118903499,0.09174046869803121,0.2789681703373015,0.008520811260357228,0.2789007006475119,0.03172878272691577,-0.12299308606253116,-0.3431372134865472,-0.008529091363854673,-0.08626798632564844,-0.3327255969094724,-0.15209227033499392,-0.21592489579669202,-0.035997995859662374,3.552713678800501e-15,-0.4999950641706453,1.7050667004061133,0.000785517630099411
-0.05542539441396155,-0.1030457685494792,0.01558091507560352,0.3608768401134907,0.019636113253052766,0.2407120427342414,0.09944189027908124,0.23261589516529121,0.1473201294278829,0.03045982138456328,0.0953049116713997,0.08664691845775746,0.2828424474941141,-0.009786755637459827,0.28990007652444355,0.04267881083760709,-0.143785257779165,-0.3344108998931453,0.011166311351595218,-0.10511862614763169,-0.32945174881991895,-0.1470161462841183,-0.22281260812406697,-0.026824062701408132,3.375077994860476e-14,-0.49999374373157435,1.7051555237512885,0.0005239551298669417
-0.07465460952453003,-0.08396412281697994,0.023220528431081622,0.351898893866145,0.011249710008371652,0.23599184426316436,0.07682145018540248,0.242968388887081,0.14217904514270024,0.021506547533372833,0.0991678366484161,0.08970934880485605,0.3133354177209782,-0.001281827308939675,0.2620158781232591,0.026025044086004416,-0.14290381598308616,-0.3384675181162671,-0.012843925844189242,-0.10266408636098101,-0.3273503664163316,-0.15709938506641075,-0.22309925851938875,-0.02799233921921093,4.440892098500626e-15,-0.4999933037354024,1.705379776270786,0.00029782335364544345
-0.06739653684836197,-0.09069220887752345,0.004313667025407618,0.3517556935157069,0.024611439379225317,0.22641988964869303,0.07636741865155683,0.24215331714725438,0.13777538668979877,0.0271919401946586,0.10749896386903893,0.06564321568662389,0.28810111344647427,0.008554448410094204,0.2672602459836856,0.03144278410309003,-0.1528518409632886,-0.3424408003711619,-0.013931242929951059,-0.09785840428836863,-0.3347888302768928,-0.14815662619078696,-0.222053116671224,-0.0366517608118687,1.7763568394002505e-15,0.49999397701404613,1.7061066298220762,0.00040795868412039194
-0.06457512746540818,-0.10124643726924996,0.011752332852487016,0.3550218951174705,0.006317038368302181,0.22874536779091081,0.0894103624357024,0.2294964450110962,0.13807488740202933,0.03163776030290769,0.09030212670658777,0.08324155181307197,0.2832524300040696,-0.011134067845449071,0.2734078656568633,0.03191566149938432,-0.14737118629872253,-0.34526541988258513,-0.009318358586881665,-0.10174521336376277,-0.3360018821132755,-0.16028235092157808,-0.22189961077866682,-0.04276343044831842,8.881784197001252e-15,-0.49999112502153786,1.7064682494143344,0.0017884878352565996
-0.06569237021216599,-0.09219491934688419,0.011863813011628713,0.35789211445758046,0.012445787740305445,0.23073094939978014,0.09511337122078062,0.23622791135217502,0.13997364422998854,0.028118226264878476,0.09960012703964481,0.07895770052758273,0.2865498161127734,-0.006324027578284083,0.27570842949525554,0.031595048224998916,-0.14411021552911743,-0.341558748581613,-0.003234274143418132,-0.10672373389093,-0.33374633937690446,-0.15705139639669569,-0.2177631475520502,-0.030436076449163074,1.0658141036401503e-14,0.4999953425860055,1.7067422049168754,0.002122196721027394
-0.05247146412161938,-0.1037606919256203,0.023361977302474645,0.3668953224639784,0.02249356873752927,0.22635571727793138,0.10030086827088243,0.23779928473426928,0.13545737545958358,0.033082420081587224,0.10234141130702219,0.08135579362025894,0.29345800192092214,-0.0028229168102318334,0.2755269862273095,0.031032774995284677,-0.13524475408874892,-0.33991179446580444,-0.006642060546892688,-0.09501399231130066,-0.3303226663695664,-0.15674630599454467,-0.20631220669453357,-0.02932825577368524,5.329070518200751e-15,-0.4999929898500979,1.7068495261753536,0.0020483660929612396
-0.054282305321463005,-0.11140454377427196,0.0063608173163881634,0.36381460687400596,0.021779775916708467,0.22634356445301543,0.08576750893365907,0.23019926669736424,0.15672951023357878,0.03449900362556055,0.09185643995626673,0.08913181944343962,0.2857820515702999,-0.005029474179860528,0.27741074113797043,0.026196185439017167,-0.13615405462887636,-0.33915344051626967,-0.013187484720453118,-0.09559397476219267,-0.32808596044733607,-0.16283546866904874,-0.21319380766967005,-0.030941431988806608,5.329070518200751e-15,0.4999969307857895,1.7069785454012527,0.0009434283984565475
-0.06786132000512995,-0.09633969518194663,-0.008971513469722919,0.36088313111163695,0.021473528615529442,0.2221098843482235,0.09762891488502788,0.24590869499334717,0.13995058702091345,0.01975188865924502,0.10047503205753078,0.07114702126532711,0.2909534682674556,-0.00045382369108963773,0.2685609382768681,0.01994448154127128,-0.13818122750666367,-0.3416067297504537,-0.013114986156683434,-0.09435183796412036,-0.33481904587584016,-0.16558962853386722,-0.2025410485180043,-0.030373668147775406,6.217248937900877e-15,-0.4999917664315028,1.707322309090462,0.0003292275549243626
-0.06901102527573057,-0.10193197252489604,0.015436516421058316,0.3524817625646893,0.00957534165626409,0.24468716997944434,0.08281077073699923,0.2398758697084604,0.14630909215354562,0.01187915133580545,0.0952819669229302,0.07987733660176688,0.30948039875984773,-0.00795831980065422,0.2735841641419377,0.03314662642932083,-0.14175065842389192,-0.33432232480764407,-0.00870482542181492,-0.09056585704950892,-0.32437250516407484,-0.15103828948634135,-0.2179365833269211,-0.030494893496952866,4.440892098500626e-15,-0.49999401638150387,1.707740348613084,0.00022796586192462315
-0.06656585448435864,-0.09760056433062027,0.002764465043593742,0.3488153829493917,0.015486537133512791,0.2326072348436052,0.08112710254821458,0.23341328316701035,0.14706085432085506,0.029423418272864665,0.1016943222718163,0.07329605464831186,0.2711404802534406,-0.00421729710709204,0.279722973620101,0.03169944264703638,-0.14751718910646078,-0.3424696645511616,-0.012011766425043416,-0.10019106443749831,-0.3332628393083981,-0.16299333265543955,-0.21454045436896527,-0.039189121286221575,4.440892098500626e-15,-0.49999835182959196,1.7087599058436507,0.000293980258750858
-0.06590106523562483,-0.08477869302469349,0.01666052903849439,0.35572835200753117,0.006421919481160582,0.22718972103000068,0.09273822340192231,0.23657423333958047,0.14135910990800166,0.038202495613390036,0.11224675156955999,0.0766558082168068,0.2923880105076405,-0.015878713320715665,0.2664534346385665,0.023560152646488752,-0.12572265280687414,-0.350420764557354,-0.002145350582000671,-0.09413163458311433,-0.3434213935549981,-0.1717032318335621,-0.1954268083052405,-0.03714619344243361,6.661338147750939e-14,-0.4999937912620772,1.7089253031581557,0.0005016692484358352
-0.0686514306266399,-0.10347726122437002,0.014082512075862473,0.35314995927216186,0.022553168131691087,0.22236995583595012,0.09262381758076771,0.2360852893929937,0.1288853164508045,0.01927382742721725,0.0994480407804695,0.07003382840804631,0.2737125538306217,-0.001501016359474235,0.27655133674149696,0.019415934548043856,-0.15586334819407538,-0.3379093842369094,-0.02402322750426897,-0.10700403393504226,-0.3297981117526056,-0.1619753759067868,-0.21970043831551941,-0.0282670128006269,1.2256862191861728e-13,-0.4999986382036925,1.7089293282339024,0.0001610597920292025
-0.06626293736496472,-0.09923053938781215,0.013969790095455984,0.3514603646949836,0.01742300158866492,0.23616451638998057,0.08420812358702129,0.23706831088942296,0.14417538500416882,0.025612123788149477,0.10274804023598266,0.07337901953096099,0.2864189473681574,-0.003823891217060894,0.27926695058929935,0.029754512183681785,-0.1525614572244461,-0.33444218746291976,-0.01864744150571511,-0.0922193486788122,-0.3255569049354053,-0.1517596773021163,-0.21954699641215814,-0.03298210677298338,1.4210854715202004e-14,0.4999917446838788,1.7091317468448368,0.0009958427012467864
-0.05011106401870728,-0.11622877150684507,0.005623444164075238,0.3694984810043122,0.024104998426178942,0.2267568574828728,0.08942248395678883,0.23011239399943856,0.15051117252878968,0.02745017225936132,0.09072637439991614,0.07638840016777693,0.29265876938778024,0.0014754959015114426,0.27659534012529324,0.035954527224737284,-0.1480316657501438,-0.3375569446125135,0.00015958351923351825,-0.11331079127565935,-0.32864854807318655,-0.14691074831656772,-0.2248991364014965,-0.022039783000216726,6.750155989720952e-14,0.4999956639774942,1.7091873259147585,0.00031287792927456776
-0.06230350831774604,-0.09606357847877053,0.020996304023258004,0.3587805006502216,0.02148116455295452,0.2306624913891832,0.09496605298425882,0.24143179735499873,0.1430671360562586,0.02357149664995743,0.10029617450118848,0.08870742666981407,0.289389164891023,-0.0037276005756254793,0.27788970661374657,0.0258703011151251,-0.12629884671748376,-0.3396507685156831,-0.019113825902753085,-0.07476466433103388,-0.3284127204397184,-0.15453406581504703,-0.21079639100936384,-0.03840158343087088,5.5067062021407764e-14,0.4999996177438178,1.7106509819320646,0.0003353348832885531
-0.05484714442136678,-0.10477265541338042,-0.0006724829999990244,0.36163466510849906,0.02404748437044798,0.22540332970122345,0.08606613178178837,0.23126883495041373,0.1465638950966476,0.02991027872325286,0.09952003774607841,0.06479802828875411,0.2848668776818447,-0.00019315288703442498,0.27477196792717634,0.039727914550056725,-0.15028805955734856,-0.34426584368726926,-0.0031229999207744636,-0.10238605506408288,-0.3362649566223806,-0.1383727357339125,-0.22914317213975013,-0.03586550525257089,6.217248937900877e-15,0.4999988211763614,1.7113957328960858,0.0005974614750401836
-0.0665553090971127,-0.09050087917501638,0.018452694651262463,0.35060318327909706,0.011333074785788525,0.23804964718302318,0.07634776651589745,0.24090667161685278,0.13893241221730152,0.02645188944289445,0.10725214498162856,0.07277430916468537,0.3067164886836827,-0.0012714015312097295,0.26505760670542416,0.03681148397230337,-0.13941691631840308,-0.3453831889399844,0.0004206644503707618,-0.09389678598788642,-0.3374153745443391,-0.15348748089547143,-0.21264583088853517,-0.04047581943035103,1.687538997430238e-14,-0.4999954794277055,1.7118026987220962,0.0009978114353358792
-0.06309968062982876,-0.09774548211771607,-0.0006313374172483708,0.3638178944958991,0.013944766938670413,0.22729486768239052,0.09931357899659347,0.23650064706157362,0.1460949407871679,0.02757572871858827,0.09529907359646693,0.07648666287711331,0.29486248354564265,-0.00878980584957248,0.2726709174299954,0.02783952191038588,-0.144269601119661,-0.3407098175965525,-0.0044650392470951825,-0.10296359828294543,-0.33413037264690043,-0.15509305320498792,-0.21759441897155374,-0.029426140751399172,2.6645352591003757e-15,0.49999940268822873,1.7118109537742527,0.00042654383178194913
-0.07177770769937777,-0.08689005711154278,0.023261848104911973,0.3524966254251746,0.014202112545673497,0.23584779116465754,0.07533948833584928,0.24174833411688293,0.14955125843163913,0.021396651342760736,0.10472718622014678,0.08321363948523496,0.3070940083622938,0.001242497972528269,0.2666702046131351,0.024941854593843266,-0.13898221947921233,-0.33782793862833355,-0.025067859088331222,-0.08984965020486611,-0.32265538819258155,-0.15220620644332694,-0.22026430870816957,-0.03048640122016848,3.552713678800501e-15,-0.49999212423218264,1.7122029618719738,0.0024489409389859087
-0.05952273427147961,-0.10776762943715706,0.0012974653789188837,0.35884768027984765,0.017045977116399987,0.2374200264093513,0.09034630241689473,0.23640183104590132,0.15422277040815513,0.034201009284062285,0.09577693280629436,0.08090755379507024,0.2867693162859186,-0.003931764278043533,0.28294727733654096,0.02902105096561419,-0.15256769443908227,-0.3311959677388488,-0.010818159252726016,-0.10551768735325248,-0.32228184085374545,-0.16974288079829356,-0.2046270212258443,-0.026815186632184313,4.440892098500626e-15,0.4999911864718174,1.7140195376919296,0.001364467807689293
-0.060399016067430124,-0.08985428286190826,0.021941015173102468,0.3569345967832151,0.007134192638971473,0.2346715702588283,0.10660970842415382,0.24086908754241798,0.12368998183950967,0.035388953472361,0.11630003993763587,0.061885424605303524,0.2909142774300486,-0.010413542069057268,0.2738262501125159,0.036594415409987514,-0.1357392672992087,-0.34741195911021633,0.009619380259354778,-0.09737548397953731,-0.3428136298820195,-0.1652237889160537,-0.18744176511908617,-0.03951068686156834,7.105427357601002e-15,-0.49999172689490856,1.714302363153361,0.0008732256978219535
-0.07183269549406465,-0.08936597133326094,0.021980570566005636,0.35327849790992477,0.016293873807841884,0.22676306316447384,0.08834579069474661,0.239212880993961,0.14111145754874796,0.026381028515194152,0.1023099724112034,0.08613090696700174,0.2919432117579691,-0.007964432513721538,0.2692975147870821,0.013453048652370039,-0.13880437823448816,-0.3404508915932464,-0.02193303987456976,-0.0941261189209454,-0.33223418336327615,-0.16630669164342793,-0.2150970201677515,-0.031406638036032636,5.329070518200751e-15,-0.49999157237661207,1.715413568180735,0.0010831048283636263
-0.07662403785863776,-0.08730553289729495,0.016662095971417688,0.356005200420668,0.002331035376055432,0.23662598712696287,0.08984261715011617,0.24407586797838368,0.14010788965754173,0.01395130553583197,0.0948933066295928,0.08113645510878842,0.3174065516304533,-0.004235874107741288,0.26200221992784584,0.023439646293508875,-0.14706947896496061,-0.33698220975823645,-0.017689103627001167,-0.10306217130907161,-0.32512605815804985,-0.15752877928516415,-0.22026134746998255,-0.027050967329024997,9.947598300641403e-14,-0.49999423625791173,1.7168391332792026,0.0009979363197682948
-0.06291781865334051,-0.07068190651216184,0.030904584588722236,0.35969164596223624,0.041600462866448695,0.21819988017760994,0.09821736906238832,0.24988075386756764,0.13681107265327622,0.04403415157640801,0.12170888677464549,0.08586726232754675,0.275919735719466,0.012967000419453513,0.2776416380248586,0.01508497349918958,-0.137813787465024,-0.33724053535194604,-0.025644638839198437,-0.08963078970674385,-0.329895453933171,-0.1563060008916791,-0.21223344930575694,-0.02674130392700868,1.7763568394002505e-15,-0.4999924782565387,1.7185195859639275,0.000533452959593781
-0.054361850294573764,-0.09840745789024578,0.010110634926209327,0.3728533593343465,0.020286305488539207,0.2240485832655919,0.10273404430778965,0.2347715144921364,0.15285486789708658,0.037477558549460936,0.10106559250249607,0.07729349986959085,0.2882974020895794,0.002253432360917014,0.27864371856537445,0.027304475626502827,-0.14447786745549454,-0.3366176391607461,-0.007029830691491264,-0.10721522738082458,-0.3287319531750661,-0.15087160600383823,-0.21702699311838863,-0.02015943712569692,5.3290705182007514e-14,-0.49999201516161684,1.719314105133417,0.0003148470664096177
-0.05978205751651214,-0.10564969180824517,0.031056055984091443,0.35995020929216404,0.011306327043564423,0.2284875044552856,0.08309704341802789,0.23120508505740645,0.14079455954383924,0.0255432953950214,0.10248567658934883,0.07536709660995851,0.29922289557011394,-0.00533393401177601,0.26709996330847713,0.02329805883715987,-0.13567316441334756,-0.3444051390669952,-0.00519533594425694,-0.09964042947078586,-0.33774665925488656,-0.15873756734320402,-0.2135639003075278,-0.030798798257902365,7.993605777301127e-15,-0.49999804587738683,1.7195658744540818,0.00015654814352042832
-0.06377572555172321,-0.09264615813083166,0.0064346218136765556,0.3578727919835477,0.012191270579553343,0.23164873789193516,0.08520818938747302,0.2381168093398373,0.15454102873851255,0.03216523839655007,0.11414421357130844,0.06304235917344975,0.2939033904696808,-0.002894846539892431,0.27108822083678086,0.024755368761425596,-0.1374487998891573,-0.34221557089443844,-0.01068970834525608,-0.0937740243819522,-0.33334316237434536,-0.16237101751151503,-0.19943932576213286,-0.02960064113279961,4.440892098500626e-15,0.499996909210739,1.7196979687623795,0.0007166490970079702
-0.06374943204175838,-0.09745960222629978,0.027685460885465748,0.3577572267326461,0.028357795811334963,0.23339901345023395,0.08927857403201542,0.2460410697945857,0.13513012271369315,0.030021413116786938,0.09859018873885594,0.08998047919465103,0.2973194334812439,0.00962129194574302,0.27545541031351406,0.023040722061388866,-0.15656320658164283,-0.3280673941826637,-0.020051240833135486,-0.10630768005653826,-0.31952703586139725,-0.16320101363168274,-0.2159853086793834,-0.023402967555461826,5.329070518200751e-15,-0.4999997743599194,1.7199043965245615,0.0007992663776113817
-0.06266157520901962,-0.08506544019051285,0.022402115854867708,0.3603614993455161,0.02269849556060095,0.21658087448357902,0.07956471058750762,0.2430640727211333,0.1449257132479296,0.03877404335150253,0.1132077452055191,0.08160174806018046,0.30326693197097787,0.004744810420635308,0.2554218627655576,0.013671926709894743,-0.12291109388791824,-0.3500285753445511,-0.02581800276960017,-0.08118897361647824,-0.33693724521957197,-0.1667335238738729,-0.20153821017481452,-0.03911273901032369,1.3322676295501878e-14,-0.49999771614653166,1.7199090441966216,0.0014343509611126073
-0.05605438003197122,-0.09365974981643231,0.004859936765922899,0.3652244432959402,0.02834532320919274,0.2318457527746413,0.09952821344769643,0.24234528777105976,0.15597029101957063,0.028600215674454022,0.10436562713509724,0.0861583832062842,0.2825721522226141,0.0009935565649239557,0.2830529018574338,0.030130546288210696,-0.11805895544284863,-0.34234284013155103,0.005491613712119092,-0.09245947995192422,-0.3360126033944066,-0.16067605998685414,-0.20189522956111933,-0.02942904156923098,1.0658141036401503e-14,-0.4999905391480418,1.7201969533485706,0.0016027097260353795
-0.0629403214484692,-0.09373588698529622,0.011258257371791362,0.3537830510310123,0.018891576423713217,0.23487758968726027,0.08345326003171492,0.241561616223501,0.1457830424867134,0.0291504333477094,0.11272317910241583,0.06452451504620205,0.29237022544388624,0.0013225021185739214,0.27364868336112547,0.03109336461052736,-0.14176245690389966,-0.3412814515109795,-0.01119342608593677,-0.08951301804314328,-0.3323228251936587,-0.15601167323381174,-0.20539001745504554,-0.036320517206956254,5.1514348342607263e-14,0.49999214092686367,1.7202656895687678,0.0009578500127558995
-0.06327492318760473,-0.09779675596225286,0.030449150851266305,0.3577560120659304,0.02167236045108556,0.24124523246295662,0.08143811235223532,0.24871726669126548,0.1417872342767644,0.020540512618719343,0.10823815018160526,0.07901498823037417,0.31503613258922314,0.00943329305586341,0.2690859008048501,0.026555552271803257,-0.1395734213257444,-0.33202863331511095,-0.006777115322125848,-0.10157803809274851,-0.3231907649288007,-0.16458863611352278,-0.19985153653104842,-0.020229367947780453,5.329070518200751e-15,0.4999926489006513,1.7213374856097852,0.0015622510643797652
-0.05690654442371339,-0.0897355281711338,0.02771156984519729,0.3645675681500131,0.020586929301786797,0.2304150992417242,0.10064787760118989,0.24044510431243402,0.1449734159419394,0.034496017419117814,0.11122404273936963,0.08343202881536795,0.2976238530522239,-0.006772584156206714,0.27460070971213923,0.025362090943943462,-0.12295540559045177,-0.34285397485223296,-0.0005782213245769492,-0.09061578273784061,-0.33652799679357,-0.15922506569959302,-0.20252453023298547,-0.029554422545879158,6.306066779870889e-14,-0.4999919432930975,1.7234815858895451,0.0006142193068198979
-0.06108333953437095,-0.09009661723168155,0.029373102753860396,0.35571380756043675,0.03259061586577667,0.23080666239100567,0.07983447721879469,0.2389809551951865,0.15861508957550305,0.03482422762491298,0.10509457370313285,0.10096056003658932,0.2878389266162459,0.0007069237194205599,0.278069435193696,0.018756728903743594,-0.1241581297461522,-0.3388789088140164,-0.021383271189039557,-0.08400326643539717,-0.32717999760046584,-0.16096513050058855,-0.2160310500961628,-0.033032223975273535,1.7763568394002505e-15,-0.4999942209835254,1.7237508353498627,0.000848323288976216
-0.06405582373979844,-0.09345501279099128,0.02095769984279624,0.3540120285137269,0.03729236535086662,0.2254508237863637,0.08169084451775536,0.2392843142360624,0.1408376235444394,0.02932351799732514,0.10590128658629482,0.07963338587447001,0.2760257562151947,0.010598259957134634,0.2776864241354067,0.022523316523341694,-0.15375851403146001,-0.33739927189922153,-0.009443870812069996,-0.12038017407577514,-0.3316070727903527,-0.15753026784814614,-0.2277113670832806,-0.02158947495168531,3.4638958368304884e-13,-0.49999310525929586,1.7242611730934456,0.0005832716125522312
-0.06349612201619631,-0.08612610697206435,0.028870684813225404,0.36226273159831,0.016391880213122233,0.2380903141902017,0.10310602574747212,0.24311575110049,0.1426610863761507,0.026174238902341045,0.10495702862444942,0.08728012706447401,0.30164363702987734,-0.004804744640368606,0.2778876898809548,0.02875395474425555,-0.13320129748470738,-0.3370194716608115,0.0031044554593312977,-0.10670055880433975,-0.33022473342670194,-0.1594519683747749,-0.20973582399688578,-0.021953665757412016,4.440892098500626e-15,0.4999941963154678,1.7243411326201163,0.0006548392727135666
-0.0638579949966424,-0.08643903348290957,0.011461819638529751,0.36704843604050175,0.020777375318248636,0.2264167462613264,0.09697152239402242,0.24233130186476776,0.15509893771794434,0.033043494925629045,0.10966040841441736,0.07467338908465235,0.2993838484430388,0.0028764686339803613,0.2724542075210227,0.018218765596236943,-0.14401848775679657,-0.33399084090732006,-0.017982049750097366,-0.10531440499395815,-0.3241329479525845,-0.15723856589910704,-0.21116388192191105,-0.015072495202061704,1.2079226507921703e-13,-0.49999748830603097,1.7243441677131577,0.00011965271753770296
-0.06929446039952258,-0.09142329465173904,0.014675443970594183,0.3421600780229488,0.022184330458987954,0.246774681419033,0.08539158084512935,0.24596254589512823,0.1390495076155803,0.023543267825071445,0.10822008109898457,0.0732184568143072,0.27647302942489593,0.004220280723901009,0.2871581553263458,0.035753737779513815,-0.1517534558773628,-0.3340412642594764,-0.0125729607535392,-0.09640198580687472,-0.3258292555257387,-0.16399211716442721,-0.2068342340391066,-0.039185065790763834,8.881784197001252e-15,-0.4999985938930217,1.7244579414527146,0.0023331187856974367
-0.053612102551588825,-0.11311008606807826,0.0035446318178167712,0.35796957852873384,0.017105194066859584,0.2392549803454482,0.09028825271886232,0.2214938676198907,0.1602111795317888,0.03187311592560512,0.08294569737097532,0.08684292600426809,0.2731215048141717,-0.013639683891031507,0.29198564773045393,0.04256301071084516,-0.15143712751252844,-0.3385868484943221,0.002709660346538742,-0.10733622511859055,-0.3315127157914617,-0.14442774553947083,-0.23901233799085472,-0.038984428316096616,2.6645352591003757e-15,0.49999565733933393,1.7248570144780604,0.0006776450196779598
-0.05963983629224001,-0.10388862489916349,0.021636552149057076,0.3583784817459799,0.0227529947751612,0.22882750187296133,0.0847657775458541,0.23108173753508446,0.1546837438333485,0.02667296644034137,0.10267035763123185,0.07879125017155238,0.2822053012944107,-0.0033040960384519867,0.2800045805900806,0.021393597203720978,-0.1383204139731366,-0.338786527385328,-0.020874505506831204,-0.09136744663562134,-0.3286359378702733,-0.15325554231067912,-0.2209420945088426,-0.030773811979986347,3.552713678800501e-15,0.4999985135824387,1.7251461818214089,0.0012547588214622263
-0.07776760694337212,-0.08562681851876755,0.018208994223616142,0.3457334008029764,0.003176418230254246,0.23369312878526485,0.07532156760629974,0.23144467460132997,0.15510393145962734,0.025563048413780688,0.10305844830209082,0.08053097450391161,0.28395058606864887,-0.009642749952518598,0.27140241469213255,0.015496459657380333,-0.14126328027002474,-0.34404534865679004,-0.0178773232487528,-0.10323670081030242,-0.33563542669398244,-0.16897223097070574,-0.22027723399123714,-0.033938405261164914,9.769962616701378e-15,-0.4999967125103397,1.725639804410222,0.0017534046479410553
-0.055897800797412016,-0.09972427726363126,0.016972701944053762,0.36209282409543236,0.03850156190434556,0.22071919717213473,0.09603415903311727,0.24449835231784883,0.12865132679652788,0.03412955544619852,0.10349837895647655,0.07794648181555519,0.2798932357378763,0.014557474317838286,0.2752534905999791,0.02530462217704507,-0.15080680807223082,-0.339404794429014,-0.00855200016735103,-0.11429112598664437,-0.3332083342294968,-0.16404526714789783,-0.211873447966978,-0.028474579175542025,1.2168044349891716e-13,0.4999999867745889,1.7256466620481723,0.0019746059740596614
-0.0670326689169399,-0.1000596162615708,0.009763256364240393,0.3514046596617198,0.015554263131259937,0.2343665781156961,0.08668016645392955,0.2380021418422257,0.14542521023455177,0.021155666137764265,0.09630145663312692,0.07812119481210067,0.2928766988526639,-0.007506963212565932,0.2747826950127785,0.026491579972464117,-0.14364164378448138,-0.34067615087778447,-0.027723968929421604,-0.0843091482933748,-0.3266791566660412,-0.15646761796266054,-0.21847709402100285,-0.044293413017000835,3.552713678800501e-15,0.499991792531335,1.7256599575701765,0.000993304959275587
-0.06995919368621804,-0.08535056504818128,0.009706229089754447,0.3470577109270439,0.015200026756348134,0.24489504822039665,0.07641006073955751,0.24559549125937394,0.14798966277748596,0.025967205729703464,0.1095568171112223,0.0697042962285021,0.2974649591228355,0.006594692090062151,0.2738376257061538,0.035530087477674666,-0.14893068878845386,-0.33847786565407506,-0.0033312877310726374,-0.1016744205123061,-0.3310645745435089,-0.15769312223339596,-0.211684732155004,-0.03524022585213572,3.552713678800501e-14,-0.4999991291628908,1.726486330147482,0.0012923680924875
-0.06761594158881634,-0.09035026779482679,0.027947319597563764,0.35530449427253075,0.03046523546518274,0.23697771961018138,0.08480457454484333,0.2496804923327406,0.15042601275223813,0.019037245970437107,0.11066984908162104,0.08467783753259542,0.29539842881608297,0.010691740215042291,0.27863431216760703,0.017432874353394672,-0.1355396000086078,-0.32976568102532905,-0.026814960096265474,-0.09168620067892913,-0.317113126745719,-0.16437286226324369,-0.20505915769815822,-0.01988011913194531,7.638334409421077e-14,-0.49999619608040824,1.727054390228697,0.0010722553272658319
-0.0694846790963173,-0.08780195926655304,-0.014470662226559336,0.3454946400861045,0.03279458922239339,0.24583267727953004,0.07300528172605135,0.24714175094772306,0.167561809951646,0.021093700055711078,0.10924442909408179,0.07358720396907363,0.27528355789357006,0.01131353778173046,0.28756754529354517,0.03152791880996695,-0.14456110504619396,-0.33324557692624546,-0.002314767945963817,-0.10961936311000874,-0.32607798166996893,-0.1675383489235916,-0.207620752550654,-0.02506763633638049,7.993605777301127e-15,-0.49999212084997213,1.7288093421531887,0.0002853406232078725
-0.06268909980008823,-0.09782788813018699,0.014079963570133953,0.3543795369573139,0.005709714725637071,0.23863625688436257,0.10024621779771936,0.23979734342857048,0.12531960264333689,0.03742195410906796,0.09732733217885092,0.06900518905590768,0.3026140891415609,-0.006837945791086789,0.27236238142401686,0.037202824289294105,-0.1684562662839741,-0.3376024142891231,-0.016684909076010904,-0.10425188603373653,-0.3267682895084859,-0.1602474166065691,-0.21197268282211626,-0.04479656853614465,3.552713678800501e-15,-0.49999516430145097,1.729033295806278,0.0014709574728674138
-0.06138682557945498,-0.09267079754212622,0.011145855827010146,0.3567498985123684,0.018218072332141434,0.2263111187087347,0.09449362028714169,0.23813884830912205,0.13991126906105117,0.04659766425983621,0.10018436744164469,0.0800892717922091,0.28490937741182865,-0.0022231973726379185,0.27421985840390106,0.02461448143090215,-0.15719236779169285,-0.3401898701617079,-0.025302572899906804,-0.09356103952376574,-0.33090666189594087,-0.1626446092863446,-0.21544530153955546,-0.045617127855837554,1.7763568394002505e-15,0.4999912554610202,1.7292667755846667,0.0010330009956348158
-0.06427702168955433,-0.08229876695525584,0.00981421935800536,0.36055343242747406,0.0262446991842966,0.2320030246036395,0.09919428033003969,0.24907713909303214,0.14246753147058108,0.0267529515450473,0.10523388037721722,0.08075136187447195,0.2985522038979389,0.00431901758468393,0.27371319341416905,0.030090386516203375,-0.1377908133704209,-0.34078095768024613,-0.00611540312201968,-0.10308234670843731,-0.3310677572325078,-0.1573206194174673,-0.21202773537076364,-0.030604422858587426,1.5987211554602254e-14,-0.49999434924434794,1.7293029344831983,0.0006762262833313712
-0.06294982331393968,-0.09561108789849224,0.018024889266813154,0.3545658301493324,0.030566042520072858,0.23573232725416896,0.0978595547925856,0.24315091303414596,0.13593119845389084,0.024949401646869148,0.09774215449248629,0.08270739245478557,0.2854018881436473,0.002028629144681866,0.283543148450821,0.03075778999218784,-0.1539071521892416,-0.3342011291480072,-0.009085037210521112,-0.10167660827758487,-0.32960041612307134,-0.1493843444566946,-0.2274589017247921,-0.03413254340822712,5.329070518200751e-15,0.4999902471390981,1.7313177279466563,0.0003247798488100424
-0.05941390264379747,-0.09851514974715485,0.01179420110388459,0.3504406843043728,0.03100065582295414,0.24470283490578773,0.0862957404261375,0.2457971794279225,0.14175339491057223,0.028284504872444934,0.10049667585720866,0.0795985493003187,0.2882940807817624,0.007747465659046286,0.2847328042474382,0.04131038046377547,-0.1539032934189711,-0.3337538928100737,-0.0026529492541075687,-0.09822037998937035,-0.3280014865826768,-0.15205307274687618,-0.21824664308324399,-0.040199997841836074,4.440892098500626e-15,0.49999593670207587,1.7314202996695616,0.0005138581424133164
-0.0582979714021057,-0.10903492469726006,0.010661058134224249,0.372140501314489,0.013560633170539406,0.2200575942861317,0.09536893180491991,0.22163675107270583,0.16880084395085226,0.03270841065829931,0.09184743827567324,0.0829147262554416,0.2867205581833853,-0.009068329732401126,0.2775539537236879,0.010643992271760177,-0.14260146999131063,-0.3365241335055839,-0.019256678618938927,-0.11028037787477564,-0.3281694593352195,-0.15700631850156543,-0.22760872354057018,-0.015844488741649152,6.572520305780927e-14,0.4999964898553057,1.7316926542931266,0.0007132959428384703
-0.062315186852502195,-0.09243614025696838,0.026018336460124122,0.3708050083467865,0.012195084430015933,0.22430195384536156,0.10395850901914175,0.2340355652180356,0.14863612588698477,0.03943743002813322,0.0937673681024144,0.089621476216233,0.298414518152903,-0.0014465813734830955,0.2732663227030067,0.014353077181431813,-0.15626421128300824,-0.3319565574304943,-0.016887950834425104,-0.11706749840522686,-0.3257668681631701,-0.1566046758085277,-0.2290523452008855,-0.01664388318076111,7.993605777301127e-15,0.4999935282504911,1.7339525615979763,0.0005894133932001482
-0.06438408935904018,-0.10575121957565768,-0.0018444006986405499,0.35050256953841163,0.02359258897193704,0.24292208111386704,0.09222842857065651,0.2402557963051045,0.15080980621110898,0.01848742928859444,0.09339736661083957,0.07963677771256725,0.2720432728436364,-0.00046197024486674154,0.290304241480478,0.030592091975197574,-0.14621137986705363,-0.3355921414097504,-0.0005860768111853694,-0.10672460121426393,-0.33094944227560574,-0.16972946800807368,-0.20988384611662797,-0.034846959094868124,8.08242361927114e-14,0.4999929176023203,1.7341194190639144,0.00042561367509102934
-0.06076990457783844,-0.08751202951339138,0.021252649463518163,0.36211343993750417,0.025913662289729723,0.23517812034485447,0.09396057442118033,0.2550334534581031,0.1288139583192552,0.02999085325191065,0.10511197255868565,0.07725867054631136,0.31542562179677125,0.017698492420714987,0.2647719607089185,0.03364949048943818,-0.15006858689293587,-0.33704726222975795,-0.0022465448505636313,-0.10469545024722567,-0.33071629457904134,-0.15614524051627546,-0.2084561052676465,-0.03289817854960628,7.37188088351104e-14,-0.49999169940617894,1.7344928404050841,0.00023710739996119388
-0.06711915429011125,-0.08039191414784719,0.020321807926031075,0.3582987142934214,0.016896465829284148,0.23524619641057937,0.08812530757153181,0.2443407309785637,0.14746167842894878,0.025695936013772628,0.10435291756544526,0.07996062050808887,0.3020431870808528,0.00837280729633119,0.27040913835139707,0.030760724634972227,-0.14224024442188707,-0.34115014681277267,-0.010790965098392022,-0.10429949680624766,-0.3296922062044109,-0.14978211182068366,-0.2234202829882514,-0.032129924035332866,6.217248937900877e-15,-0.49999291402225754,1.7358562644001516,0.0002471550545018171
-0.05428858245419214,-0.10237445261472755,0.0031899911331197102,0.369394213310569,0.02129968854962052,0.2229765184288295,0.107728953138543,0.24049390418078867,0.14313611047225058,0.04072118224430496,0.10496371185828865,0.06813569095668959,0.29315580758421234,-0.0016715544877563453,0.27332623025457964,0.02009870591837913,-0.1470237324900491,-0.33950362532154627,-0.011510570093918392,-0.10525398415766571,-0.3328444649900532,-0.1703196677419609,-0.19551306818729366,-0.0287896270507542,6.750155989720952e-14,-0.49999374785277295,1.7360148023632407,0.00032646972157167326
-0.054707716946677934,-0.10204810461165244,0.024479425031909446,0.35746957138267416,0.03565918386317449,0.22232227061482565,0.10231186160653293,0.2363533516368356,0.12848551479011697,0.03737854208021486,0.10364842722795299,0.0765759714109137,0.25998830195645156,0.006932175785583578,0.28614731210744626,0.02484063318241069,-0.15317457066857335,-0.34065255842702674,-0.014527073478429636,-0.10453514022314969,-0.33634617733141364,-0.16007037754321843,-0.21896970619516903,-0.03882754699602485,2.6645352591003757e-15,-0.4999959686885158,1.7365350789340699,0.00041452307325406463
-0.06603870915555028,-0.09599548570721017,0.0125625492955887,0.35725077013335416,0.017426268466047005,0.2312839874775315,0.08647249279521932,0.23501116073016837,0.15547773293407746,0.027548272107204536,0.10015565121251283,0.07934466629610194,0.2852620560654722,-0.0004516646198081498,0.2766824760909134,0.019329609071234852,-0.14383437006824185,-0.339821343480033,-0.011408540524990766,-0.10806939344703433,-0.3330487081357022,-0.16361796401596712,-0.21895202750677067,-0.028290425538944466,3.552713678800501e-15,-0.49999127740486005,1.7366162143554018,0.000845766384412991
-0.04998967803851587,-0.1213088870895616,0.021322190369907144,0.3586099242797056,0.021940701302856868,0.24307384190113615,0.09579145685861767,0.22522683758059484,0.14797649386583708,0.02546917957883941,0.08298014685457253,0.08494495773593887,0.27344342267943883,-0.005554896533329547,0.2962456782435868,0.042641482236806555,-0.1560164673831455,-0.33388680150372796,0.004153644153433825,-0.11188639464806573,-0.32861266331652295,-0.14523931237217727,-0.23657823390155613,-0.03517127005352659,7.993605777301127e-15,0.49999076785954427,1.737349668426004,0.00010674806274165904
-0.05908157347475666,-0.10090962132069402,0.026779655004746866,0.36040147072044343,0.024854172244326678,0.23233943380795444,0.08457812959876461,0.23479405573937587,0.156774021921651,0.03237290549183503,0.10609090796705319,0.08101995666887482,0.28874922408604153,0.002521883590445716,0.27909828102112044,0.01768774908454313,-0.14293522539680223,-0.3348880569548706,-0.011050390681289787,-0.10931405876886104,-0.32836354290564895,-0.16393985809829434,-0.21429995775312652,-0.0196029970662843,8.881784197001252e-15,-0.49999145047030014,1.737434994952712,0.0003830563029241358
-0.05489400216603102,-0.10627151595263509,0.02345427563233332,0.36303364440687524,0.030140776629838974,0.22629875684211925,0.09587904050297262,0.23722642214372716,0.14153188858361213,0.026657352034233653,0.0947215174711402,0.08395127290126739,0.2933292591090264,0.0007139317884314334,0.27691166556979835,0.02432864441735314,-0.14398276063895615,-0.3387558286722793,-0.022691964936009838,-0.0976348486355133,-0.32647080379347293,-0.15250261972981455,-0.22442059128244213,-0.03438469844488074,1.7763568394002505e-15,0.49999903697786474,1.7385157377457394,0.001570889229293095
-0.06266110925105832,-0.10014669708112763,0.018122337696313523,0.3615810451145746,0.015555066130347978,0.22327659419440926,0.0990168434691188,0.23126626863910246,0.14272356179770435,0.025219934552634268,0.09470991930130764,0.07998606249957804,0.28164524170295513,-0.006037771325268028,0.27523937330122716,0.018762395806585994,-0.13858936424492066,-0.34678524535294614,-0.01134682720562824,-0.10756755083805893,-0.33934556484960926,-0.16128401900931352,-0.22292751093298974,-0.034678118765853125,4.440892098500626e-15,-0.4999991151637265,1.739919868109748,0.0009020862387561345
-0.0594672716270297,-0.09631199140699485,0.03201337142942167,0.3608228143484998,0.019832291667403155,0.231258706925492,0.09475652390434752,0.23365700318118396,0.14816645861463026,0.04239599426645783,0.10432468136971533,0.08435256586622013,0.27863272139378825,0.0019149667082921278,0.2831703294317521,0.01783525314707525,-0.15205323911376237,-0.33415262756307595,-0.011804837436920894,-0.116122638490633,-0.328743404680283,-0.1687461003007969,-0.21436903584396247,-0.022300853879760076,1.2434497875801753e-14,0.49999112241039,1.7400066964125875,0.0006196582373279968
-0.06696487192223984,-0.0948076572938874,0.021187040758205485,0.35208808722604246,0.009688930748634592,0.2433165806549624,0.07725045762514363,0.23714775046002512,0.1593394414907529,0.026243687006956118,0.10753259985072083,0.07252871605087967,0.3010467262540959,-0.000983973567411855,0.27463760638904317,0.024676174572273717,-0.14299829358257674,-0.33731757250646505,-0.013710140467213753,-0.09617623903644591,-0.3279125019409968,-0.16056666005891312,-0.2114207062443063,-0.03141533309693869,8.881784197001252e-15,-0.4999907178260149,1.7406921715073085,0.0001782496841251588
-0.06120200051576586,-0.09789657903914024,0.0024119961446918696,0.3475167450000785,0.03632719065344234,0.2309124912222567,0.08456421040431827,0.23930335333373723,0.14606280865567015,0.03475957874779731,0.10041366025117068,0.07906402519273124,0.26797950852690217,0.0031141056267268183,0.28372790399256687,0.028619891646537332,-0.15425753703972447,-0.3413382327352134,-0.018178355046310497,-0.09854078506794668,-0.33427982746323553,-0.16069997663280955,-0.22299636949117435,-0.04782598635426901,3.552713678800501e-15,-0.49999844961362716,1.741425565959839,0.00027483245245173306
-0.057472360116537655,-0.09199518147061263,0.020602052364020754,0.36046406724153907,0.03782332396976615,0.23058914350160592,0.10288000594992756,0.25162365734286585,0.13375595966385895,0.027395950981380084,0.10735292397905404,0.08000011119523297,0.2904374436870739,0.01078691266414829,0.2786171607568231,0.026127295952908677,-0.13677281627615925,-0.3394408795983596,-0.010100365465902868,-0.09068232713288334,-0.3334500233498673,-0.15840240470502248,-0.2067240298779128,-0.037403500369604326,5.5067062021407764e-14,0.4999909353782022,1.7439982140175279,0.0010499418567926602
-0.06539610537988268,-0.09859986069660541,0.023233797229658414,0.3459649882938028,0.01939981975259923,0.23957230329627546,0.08379843863735865,0.2372951744296192,0.13693962789123035,0.02264694261544144,0.11015333589279927,0.0604862952175539,0.28068344092680625,-0.0005718059669294976,0.27968296633926787,0.02981970345212148,-0.15074887766704692,-0.34280064305842045,-0.0044873757977267675,-0.10941559571521248,-0.3370738838946333,-0.1634904254362838,-0.21145059244903094,-0.037397906712627875,1.1546319456101628e-14,-0.4999956309190955,1.744242773050092,0.00028872648316226904
-0.06652222636326266,-0.08149408942026033,0.025908024732831905,0.35136472776567806,0.023743399039061808,0.24296732219990966,0.08601470780759071,0.24589794129500556,0.14379338257938862,0.028169747252860113,0.10547998582650916,0.08154950468396567,0.3014902940186871,0.006938736016357538,0.27644156422787686,0.03365976383252932,-0.15269700241967862,-0.33687049624931353,-0.01126538484296031,-0.10757896484482647,-0.32667078747838696,-0.15051078007243804,-0.22683812911314225,-0.03466229224762441,3.552713678800501e-15,-0.4999999813806628,1.7481160691485207,0.0007453389249001622
-0.062134176332214415,-0.0825442256221369,0.029010797986684034,0.3491464484187353,0.03183425499873017,0.23883444375355908,0.0887793792230959,0.24677829476772298,0.13859680324561915,0.039227470534057625,0.11189152194386608,0.08257059670759372,0.27805522292482815,0.012341614615150341,0.2837778727792128,0.03155861071431562,-0.15002390033533278,-0.3384007224209249,-0.013294501220221052,-0.10145246139599899,-0.3303884255406732,-0.16318790983790335,-0.2123712785216399,-0.04208378955465233,5.062616992290714e-14,-0.499995934517378,1.7491161770209507,0.0003206684938792595
-0.039250082237519836,-0.11598780660343846,0.0007391453257664583,0.37193318484150667,0.014770851619918068,0.23994404430740118,0.09960427170578044,0.2267652006189209,0.15334682095109717,0.041667157224120094,0.0879594531135484,0.06623467658549073,0.3071722072302671,-0.005364842201512074,0.27983761940174073,0.056717470810131586,-0.16085304471345577,-0.3425754626802689,0.017158673039880293,-0.11971638200269337,-0.3341906610019664,-0.13573956979716675,-0.23142292980658277,-0.04056574437288655,2.6645352591003757e-15,0.4999902230461758,1.7517010107561046,0.0022250387958836276
-0.05590431429846917,-0.10141063448650317,0.02883123979909683,0.3661985241044437,0.010752931512710971,0.2321642619105954,0.09575191378633105,0.2327433136478141,0.15631311232236458,0.03073042087783592,0.1007114629341871,0.08014072902066866,0.3085275524587006,-0.00867948255780274,0.2713271693842337,0.019624752125901507,-0.1316185748641388,-0.34268501489698666,-0.01797689756912355,-0.09167454768739099,-0.33066136238217986,-0.1588632021761533,-0.21276854735016826,-0.0351797885845409,1.1546319456101628e-14,0.4999968577776596,1.7571309486324915,0.0022120674095066017
-0.06731403377785504,-0.08259061647341283,0.025552732824694495,0.34599382616892427,0.02834522086843606,0.2418484175202975,0.0886527916142452,0.24637804787334316,0.14227657857834897,0.03344682911860327,0.10754665783864242,0.08543905011261749,0.28265332246534985,0.005578720113633406,0.28295600383794567,0.02576344568689433,-0.15013431044052777,-0.3382090159151197,-0.01182945706676283,-0.10400250414125252,-0.3322802798393214,-0.16715279240358813,-0.21567480588029914,-0.041467059755350186,1.509903313490213e-14,-0.49999959486190826,1.7578827207180188,0.0011018794711330144
-0.050295914730568686,-0.08881081492059466,0.018215026575771787,0.37494987558144166,0.015424132203534141,0.22929642621554872,0.11488730655117488,0.23934506981741463,0.1565096650544895,0.05414793856657143,0.10304441997853885,0.08654953547266578,0.2980473958643337,-0.0008886801369856097,0.2790001266809197,0.023227289932881694,-0.1381443749371831,-0.33924650851376403,-0.011774655636072138,-0.09544411599463552,-0.33056152678493417,-0.16363669580674564,-0.20272117857511168,-0.03496303884089807,1.687538997430238e-14,0.49999638061924034,1.7591385270856965,0.0010249597079497986
-0.0635221799503313,-0.09438702643704731,0.026051781826715692,0.3592679829431026,0.022664092419884634,0.2300276398370609,0.09096874867273366,0.23551193617296037,0.15584865699244532,0.03313426303369834,0.09430266466896937,0.09497472209683497,0.29693614034107985,-0.0042601971252631,0.2744678707025216,0.012084730223075152,-0.14331478286383006,-0.33882257145335676,-0.022042693099042315,-0.10506402184745856,-0.32998875987222337,-0.16419529981924513,-0.2276442386508493,-0.032373737845941296,2.7533531010703882e-14,-0.4999947664540537,1.7592159257945161,0.0013028605408481444
-0.0554645619307887,-0.08556806182195205,0.025391746670794815,0.370985785129664,0.02403333455725931,0.22546819811533417,0.11215291932382047,0.2430799020564595,0.15056453322144103,0.044890280538955024,0.1076682620483144,0.08469981876886774,0.30056444526479786,-0.00082642396639564,0.275501926726336,0.013969665258641106,-0.1375496749874149,-0.33791341790989005,-0.02131063456800941,-0.08998457814406018,-0.3301835348086018,-0.15915966024344086,-0.2098846981405654,-0.03199340345715783,6.350475700855895e-13,-0.49999875912090597,1.7601505110111362,0.00010286068612647306
-0.047351295120357864,-0.10693131515528985,0.024018864201892084,0.364084702942386,0.025793466940505286,0.22946500159722924,0.09113870359804761,0.23628758556326362,0.14119404887023862,0.031923323767984735,0.10002717753598006,0.0726389472730114,0.3057028755948411,0.0016461680941184246,0.2689243172400067,0.0330652152811805,-0.1373236252526604,-0.34990515755005946,-0.005917881966377184,-0.0936083026372509,-0.34041569834854085,-0.14905391435457932,-0.21881263439287077,-0.049103188384110034,1.7763568394002505e-15,-0.4999939270300231,1.76116059758679,0.0008832106086404688
-0.058951073469335,-0.10399319697681815,0.02285889888881672,0.358843657088792,0.017980632052536943,0.2307328404739692,0.09376570826996979,0.23318667542671564,0.14444896463211976,0.029599154127612364,0.09089217906153448,0.08746982103355663,0.2842818601940975,-0.0007928077889028139,0.2768744403647566,0.021580059775290962,-0.13953729423755354,-0.34723634176334495,-0.0046336801861589965,-0.11402276346330471,-0.3404274995975224,-0.17141979397367527,-0.21828789083275618,-0.04102283988457584,4.440892098500626e-15,0.4999928518961446,1.7617124033768194,0.0011607817665390732
-0.04959572076504451,-0.09879711257008578,0.021268744575044015,0.37241028747369587,0.02409552706178563,0.23733751899040434,0.10080466578848625,0.23451147217910717,0.17270919284783337,0.03970328027363488,0.0965605251939263,0.09257809812380319,0.3010253818098936,0.0002608187370318448,0.28552136347908824,0.025712549144415797,-0.13661527521515626,-0.33393185152758575,-0.011188406812818429,-0.09818684192182506,-0.32370687887019656,-0.1506773306714243,-0.22238693824452144,-0.02805465856034551,4.440892098500626e-15,0.499991834354587,1.7661120468087412,0.00207010295007016
-0.07505431836200259,-0.08601689458190856,0.012746602798249716,0.3543015105742232,-0.00002432741553794454,0.2269594536475331,0.10253489320841078,0.23505427827240077,0.143140040777683,0.02215793750582427,0.09236909083277592,0.07577709617046426,0.293897963147108,-0.012863601709501777,0.26728923739304156,0.010896275061943064,-0.14607710175261812,-0.3498549510610293,-0.030374959940106097,-0.09577612356483088,-0.3399434293040419,-0.16376910816940593,-0.22673404299459465,-0.05117103162674186,8.881784197001252e-15,0.4999924237398804,1.7697849510697339,0.0001913223655972583
-0.06300942939010641,-0.09147597815398405,0.029805674481311203,0.3605230860364801,0.015336609233199919,0.23736099370005703,0.09411242348247656,0.2392145213633883,0.15201792244222773,0.027337725564217385,0.1001187459912128,0.08114502557419521,0.3093246406063421,-0.0008441913964836849,0.27217242605203634,0.02021317306150314,-0.14523739859120632,-0.3397829739965624,-0.015511361561415275,-0.10939627356516396,-0.32944452716646333,-0.15976811920053194,-0.22225741217418513,-0.03201375366152182,6.217248937900877e-15,0.4999994519339837,1.7720186570878407,0.0015694924103708302
-0.06152813889127188,-0.09376032255678861,0.021577707460642064,0.35996909349782513,0.01553420359470476,0.23209281780854313,0.09622697076037405,0.23348499657066438,0.15444373852996102,0.03485529289394502,0.09178299442649408,0.0935158228635551,0.2903629091608334,-0.005240511271194142,0.2759509088221292,0.017715899967635052,-0.1361082661087413,-0.3477180818430158,-0.004164062935073697,-0.11416846889569304,-0.34169248752344256,-0.171893943619426,-0.22116858308322346,-0.04056368078543579,3.907985046680551e-14,-0.4999911004816969,1.773791202013854,0.0012005554848199442
-0.06069504250401561,-0.09794260285201291,0.016543477182248422,0.3559714463823329,0.01510114159499477,0.2433539227470126,0.10610532715978926,0.2359424392372595,0.15579218949230478,0.0327297034887403,0.09366608661685026,0.09160061390393408,0.2752367213168515,-0.007560155999667768,0.29161838589541095,0.022664484774317206,-0.13573920940214393,-0.3417327388534563,-0.0011161401303440713,-0.10511633211232294,-0.3373285648224249,-0.17786024281311055,-0.2062387909597674,-0.043326484239194954,5.622169396701793e-13,-0.4999974144282341,1.7755423125744494,0.0006823832885802469
-0.06365014105239805,-0.08356697001490325,0.021464741592252694,0.35728361640070494,0.012108016401216412,0.24863739121188216,0.10277478821812763,0.2467600025518517,0.1561507623201532,0.02505392141953074,0.09947572031552698,0.08905757723471061,0.31240338378672516,-0.006469712428223888,0.2780745100561068,0.029475604234523452,-0.12694754515189652,-0.3426794864960211,-0.004101426435602261,-0.08619537598003707,-0.33393368308621507,-0.16040003497266303,-0.20929031974992046,-0.04749542501682676,5.364597654988756e-13,-0.49999241894123025,1.7767515727492504,0.00035452461397830694
-0.05271758325143408,-0.09417605726591365,-0.000753885887328998,0.36807436259866166,0.03566171891578315,0.2328930387058751,0.11004489840997735,0.2441736844145354,0.16974033349331508,0.04063670538141151,0.10339011683727536,0.0843332986974518,0.28460157813122455,0.004459536384679933,0.28797800970710474,0.014959931330670742,-0.1320079025439276,-0.33946631523389265,-0.013107762817612273,-0.09824879846680389,-0.3328541852028851,-0.17395183818657398,-0.20018218627231196,-0.035807082270362674,1.7763568394002505e-14,0.49999822486353873,1.7927350507704864,0.0004344830298577606
-0.07237971498893317,-0.08745086953778053,0.018617343667641752,0.3408796618297498,0.0035943827138032536,0.2547785066397118,0.09522644192426359,0.23809673232083875,0.15448288160751542,0.038682556823731354,0.09654664727727477,0.08489144183549666,0.28409646066542904,-0.010240028763913073,0.2888891179217509,0.019663676803826743,-0.16499034181659655,-0.335434693510468,-0.01734874328665408,-0.11689858188365755,-0.32878185435638496,-0.1870198868863824,-0.2091961722016117,-0.047259331238512815,4.440892098500626e-15,0.499994629535035,1.7939513476839528,0.0012444559105679622
-0.05577673687804067,-0.09632501843602248,0.021763918964023105,0.36247741859411325,0.016467509264743635,0.23805569915106717,0.1010574126288631,0.23747344078794372,0.15900238327840227,0.03891266905293176,0.09982611079553642,0.08016963617921909,0.29360286183083323,0.0014688408617442182,0.28074114648329845,0.01944313767238226,-0.14232165072652148,-0.3434606122109427,-0.011521097887977713,-0.10532063562625417,-0.33628744652882037,-0.17083261816917575,-0.2099771492355855,-0.04371027641012429,3.552713678800501e-15,-0.49999339136802023,1.799500266123208,0.0005854948571125451
-0.06198334808591943,-0.0894764612596388,0.017736115329797044,0.3494242119200107,0.02020166177192454,0.2521619798857221,0.09208262198535339,0.2430600208398725,0.155933883747709,0.036120455462696995,0.0969307679071097,0.0842479259113469,0.2994824306361844,0.0013652753843602608,0.2844123741282414,0.03146465017881845,-0.1588423679356745,-0.33816465879920093,-0.007741074471297878,-0.10883689808443708,-0.331724418838255,-0.1621810769785152,-0.22422228053423335,-0.05001513258880895,3.552713678800501e-15,0.4999936424939064,1.800364111617075,0.00039359828848414976
-0.058118928708801226,-0.09535646859483615,0.005870806812512312,0.3583608110928627,0.03401742238637251,0.23705264494049427,0.10825130711175125,0.24957783555188176,0.14804499211446617,0.028595322001415367,0.09381195185983564,0.07457828313073199,0.29579028332729923,0.011105574972411178,0.2797987848202828,0.01977911291784138,-0.15410247247038905,-0.34564941360440987,-0.018029955808661922,-0.10937721496059426,-0.3386876252337279,-0.16879276597050186,-0.2191549587080752,-0.05611741896027954,7.993605777301127e-15,0.49999425922439056,1.8386041864560718,0.0009681989224202209
